figure_id	panel_id	source_id	record_id	system	variant	dataset	workload	scope	x_name	x_value	x_unit	metric	value	unit	aggregation	protocol_id	correctness_status	plot_eligibility	verdict	value_provenance	protocol_provenance	caveat
fig1-end-to-end	sf10-scope-limited	w6_sf10_fig1	SemL0-schema:core9:query_ops_per_repeat	SemL0	schema	SF10	outgoing_typed_neighbor	9 core edge types; 1000 samples/type; 9000 ops/repeat; 3 same-store repeats				query_ops_per_repeat	9000	operations	protocol_count	w6_sf10_core_typed	PASS (9,000)	CONTEXT_ONLY_NOT_MATCHED	RERUN	cidr-experiments/data/source-cache/w6-sf10-priority-20260709-summary.md#Aggregate Matrix row=schema column=ops/repeat	cidr-experiments/data/source-cache/w6-sf10-priority-20260709-summary.md#Aggregate Matrix; lsmgraph-rs/baseline/run_w6_sf100_matrix_20260613.sh#bench_variant	Not directly comparable with external rows: SemL0 uses 9 core types and 9000 ops/repeat; external protocols use different type sets, operation counts, APIs, and timing boundaries.
fig1-end-to-end	sf10-scope-limited	w6_sf10_fig1	SemL0-schema:core9:avg_latency_us	SemL0	schema	SF10	outgoing_typed_neighbor	9 core edge types; 1000 samples/type; 9000 ops/repeat; 3 same-store repeats				avg_latency_us	749.8	us_per_operation	mean_across_same_store_repeats	w6_sf10_core_typed	PASS (9,000)	CONTEXT_ONLY_NOT_MATCHED	RERUN	cidr-experiments/data/source-cache/w6-sf10-priority-20260709-summary.md#Aggregate Matrix row=schema column=avg us mean+/-std	cidr-experiments/data/source-cache/w6-sf10-priority-20260709-summary.md#Aggregate Matrix; lsmgraph-rs/baseline/run_w6_sf100_matrix_20260613.sh#bench_variant	Not directly comparable with external rows: SemL0 uses 9 core types and 9000 ops/repeat; external protocols use different type sets, operation counts, APIs, and timing boundaries.
fig1-end-to-end	sf10-scope-limited	w6_sf10_fig1	SemL0-schema:core9:p50_us_edge_mean	SemL0	schema	SF10	outgoing_typed_neighbor	9 core edge types; 1000 samples/type; 9000 ops/repeat; 3 same-store repeats				p50_us_edge_mean	1048	us	mean_of_per_edge_type_percentiles	w6_sf10_core_typed	PASS (9,000)	CONTEXT_ONLY_NOT_MATCHED	RERUN	cidr-experiments/data/source-cache/w6-sf10-priority-20260709-summary.md#Aggregate Matrix row=schema column=p50/p90/p99 edge-mean us	cidr-experiments/data/source-cache/w6-sf10-priority-20260709-summary.md#Aggregate Matrix; lsmgraph-rs/baseline/run_w6_sf100_matrix_20260613.sh#bench_variant	Not directly comparable with external rows: SemL0 uses 9 core types and 9000 ops/repeat; external protocols use different type sets, operation counts, APIs, and timing boundaries.
fig1-end-to-end	sf10-scope-limited	w6_sf10_fig1	SemL0-schema:core9:p90_us_edge_mean	SemL0	schema	SF10	outgoing_typed_neighbor	9 core edge types; 1000 samples/type; 9000 ops/repeat; 3 same-store repeats				p90_us_edge_mean	1248	us	mean_of_per_edge_type_percentiles	w6_sf10_core_typed	PASS (9,000)	CONTEXT_ONLY_NOT_MATCHED	RERUN	cidr-experiments/data/source-cache/w6-sf10-priority-20260709-summary.md#Aggregate Matrix row=schema column=p50/p90/p99 edge-mean us	cidr-experiments/data/source-cache/w6-sf10-priority-20260709-summary.md#Aggregate Matrix; lsmgraph-rs/baseline/run_w6_sf100_matrix_20260613.sh#bench_variant	Not directly comparable with external rows: SemL0 uses 9 core types and 9000 ops/repeat; external protocols use different type sets, operation counts, APIs, and timing boundaries.
fig1-end-to-end	sf10-scope-limited	w6_sf10_fig1	SemL0-schema:core9:p99_us_edge_mean	SemL0	schema	SF10	outgoing_typed_neighbor	9 core edge types; 1000 samples/type; 9000 ops/repeat; 3 same-store repeats				p99_us_edge_mean	1407	us	mean_of_per_edge_type_percentiles	w6_sf10_core_typed	PASS (9,000)	CONTEXT_ONLY_NOT_MATCHED	RERUN	cidr-experiments/data/source-cache/w6-sf10-priority-20260709-summary.md#Aggregate Matrix row=schema column=p50/p90/p99 edge-mean us	cidr-experiments/data/source-cache/w6-sf10-priority-20260709-summary.md#Aggregate Matrix; lsmgraph-rs/baseline/run_w6_sf100_matrix_20260613.sh#bench_variant	Not directly comparable with external rows: SemL0 uses 9 core types and 9000 ops/repeat; external protocols use different type sets, operation counts, APIs, and timing boundaries.
fig1-end-to-end	sf10-scope-limited	w6_sf10_fig1	SemL0-schema:core9:load_import_s	SemL0	schema	SF10	outgoing_typed_neighbor	9 core edge types; 1000 samples/type; 9000 ops/repeat; 3 same-store repeats				load_import_s	199.49	seconds	single_import_wall_clock	w6_sf10_core_typed	PASS (9,000)	CONTEXT_ONLY_NOT_MATCHED	RERUN	cidr-experiments/data/source-cache/w6-sf10-priority-20260709/schema-import.stderr#/usr/bin/time Elapsed raw=3:19.49	cidr-experiments/data/source-cache/w6-sf10-priority-20260709-summary.md#Aggregate Matrix; lsmgraph-rs/baseline/run_w6_sf100_matrix_20260613.sh#bench_variant	Not directly comparable with external rows: SemL0 uses 9 core types and 9000 ops/repeat; external protocols use different type sets, operation counts, APIs, and timing boundaries.
fig1-end-to-end	sf10-scope-limited	w6_sf10_fig1	SemL0-schema:core9:peak_import_rss_kb	SemL0	schema	SF10	outgoing_typed_neighbor	9 core edge types; 1000 samples/type; 9000 ops/repeat; 3 same-store repeats				peak_import_rss_kb	2226668	kbytes_time_v	single_import	w6_sf10_core_typed	PASS (9,000)	CONTEXT_ONLY_NOT_MATCHED	RERUN	cidr-experiments/data/source-cache/w6-sf10-priority-20260709/schema-import.stderr#/usr/bin/time Maximum resident set size	cidr-experiments/data/source-cache/w6-sf10-priority-20260709-summary.md#Aggregate Matrix; lsmgraph-rs/baseline/run_w6_sf100_matrix_20260613.sh#bench_variant	Not directly comparable with external rows: SemL0 uses 9 core types and 9000 ops/repeat; external protocols use different type sets, operation counts, APIs, and timing boundaries.
fig1-end-to-end	sf10-scope-limited	w6_sf10_fig1	SemL0-schema:core9:disk_total_bytes	SemL0	schema	SF10	outgoing_typed_neighbor	9 core edge types; 1000 samples/type; 9000 ops/repeat; 3 same-store repeats				disk_total_bytes	14306705264	bytes	du_-sb_after_import	w6_sf10_core_typed	PASS (9,000)	CONTEXT_ONLY_NOT_MATCHED	RERUN	cidr-experiments/data/source-cache/w6-sf10-priority-20260709/manifest.tsv row=schema/import column=store_size_bytes	cidr-experiments/data/source-cache/w6-sf10-priority-20260709-summary.md#Aggregate Matrix; lsmgraph-rs/baseline/run_w6_sf100_matrix_20260613.sh#bench_variant	Not directly comparable with external rows: SemL0 uses 9 core types and 9000 ops/repeat; external protocols use different type sets, operation counts, APIs, and timing boundaries.
fig1-end-to-end	sf10-scope-limited	w6_sf10_fig1	SemL0-budg-b64:core9:query_ops_per_repeat	SemL0	budg-b64	SF10	outgoing_typed_neighbor	9 core edge types; 1000 samples/type; 9000 ops/repeat; 3 same-store repeats				query_ops_per_repeat	9000	operations	protocol_count	w6_sf10_core_typed	PASS (9,000)	CONTEXT_ONLY_NOT_MATCHED	RERUN	cidr-experiments/data/source-cache/w6-sf10-priority-20260709-summary.md#Aggregate Matrix row=budg-b64 column=ops/repeat	cidr-experiments/data/source-cache/w6-sf10-priority-20260709-summary.md#Aggregate Matrix; lsmgraph-rs/baseline/run_w6_sf100_matrix_20260613.sh#bench_variant	Not directly comparable with external rows: SemL0 uses 9 core types and 9000 ops/repeat; external protocols use different type sets, operation counts, APIs, and timing boundaries.
fig1-end-to-end	sf10-scope-limited	w6_sf10_fig1	SemL0-budg-b64:core9:avg_latency_us	SemL0	budg-b64	SF10	outgoing_typed_neighbor	9 core edge types; 1000 samples/type; 9000 ops/repeat; 3 same-store repeats				avg_latency_us	525.4	us_per_operation	mean_across_same_store_repeats	w6_sf10_core_typed	PASS (9,000)	CONTEXT_ONLY_NOT_MATCHED	RERUN	cidr-experiments/data/source-cache/w6-sf10-priority-20260709-summary.md#Aggregate Matrix row=budg-b64 column=avg us mean+/-std	cidr-experiments/data/source-cache/w6-sf10-priority-20260709-summary.md#Aggregate Matrix; lsmgraph-rs/baseline/run_w6_sf100_matrix_20260613.sh#bench_variant	Not directly comparable with external rows: SemL0 uses 9 core types and 9000 ops/repeat; external protocols use different type sets, operation counts, APIs, and timing boundaries.
fig1-end-to-end	sf10-scope-limited	w6_sf10_fig1	SemL0-budg-b64:core9:p50_us_edge_mean	SemL0	budg-b64	SF10	outgoing_typed_neighbor	9 core edge types; 1000 samples/type; 9000 ops/repeat; 3 same-store repeats				p50_us_edge_mean	706	us	mean_of_per_edge_type_percentiles	w6_sf10_core_typed	PASS (9,000)	CONTEXT_ONLY_NOT_MATCHED	RERUN	cidr-experiments/data/source-cache/w6-sf10-priority-20260709-summary.md#Aggregate Matrix row=budg-b64 column=p50/p90/p99 edge-mean us	cidr-experiments/data/source-cache/w6-sf10-priority-20260709-summary.md#Aggregate Matrix; lsmgraph-rs/baseline/run_w6_sf100_matrix_20260613.sh#bench_variant	Not directly comparable with external rows: SemL0 uses 9 core types and 9000 ops/repeat; external protocols use different type sets, operation counts, APIs, and timing boundaries.
fig1-end-to-end	sf10-scope-limited	w6_sf10_fig1	SemL0-budg-b64:core9:p90_us_edge_mean	SemL0	budg-b64	SF10	outgoing_typed_neighbor	9 core edge types; 1000 samples/type; 9000 ops/repeat; 3 same-store repeats				p90_us_edge_mean	989	us	mean_of_per_edge_type_percentiles	w6_sf10_core_typed	PASS (9,000)	CONTEXT_ONLY_NOT_MATCHED	RERUN	cidr-experiments/data/source-cache/w6-sf10-priority-20260709-summary.md#Aggregate Matrix row=budg-b64 column=p50/p90/p99 edge-mean us	cidr-experiments/data/source-cache/w6-sf10-priority-20260709-summary.md#Aggregate Matrix; lsmgraph-rs/baseline/run_w6_sf100_matrix_20260613.sh#bench_variant	Not directly comparable with external rows: SemL0 uses 9 core types and 9000 ops/repeat; external protocols use different type sets, operation counts, APIs, and timing boundaries.
fig1-end-to-end	sf10-scope-limited	w6_sf10_fig1	SemL0-budg-b64:core9:p99_us_edge_mean	SemL0	budg-b64	SF10	outgoing_typed_neighbor	9 core edge types; 1000 samples/type; 9000 ops/repeat; 3 same-store repeats				p99_us_edge_mean	1170	us	mean_of_per_edge_type_percentiles	w6_sf10_core_typed	PASS (9,000)	CONTEXT_ONLY_NOT_MATCHED	RERUN	cidr-experiments/data/source-cache/w6-sf10-priority-20260709-summary.md#Aggregate Matrix row=budg-b64 column=p50/p90/p99 edge-mean us	cidr-experiments/data/source-cache/w6-sf10-priority-20260709-summary.md#Aggregate Matrix; lsmgraph-rs/baseline/run_w6_sf100_matrix_20260613.sh#bench_variant	Not directly comparable with external rows: SemL0 uses 9 core types and 9000 ops/repeat; external protocols use different type sets, operation counts, APIs, and timing boundaries.
fig1-end-to-end	sf10-scope-limited	w6_sf10_fig1	SemL0-budg-b64:core9:load_import_s	SemL0	budg-b64	SF10	outgoing_typed_neighbor	9 core edge types; 1000 samples/type; 9000 ops/repeat; 3 same-store repeats				load_import_s	195.51	seconds	single_import_wall_clock	w6_sf10_core_typed	PASS (9,000)	CONTEXT_ONLY_NOT_MATCHED	RERUN	cidr-experiments/data/source-cache/w6-sf10-priority-20260709/budg-b64-import.stderr#/usr/bin/time Elapsed raw=3:15.51	cidr-experiments/data/source-cache/w6-sf10-priority-20260709-summary.md#Aggregate Matrix; lsmgraph-rs/baseline/run_w6_sf100_matrix_20260613.sh#bench_variant	Not directly comparable with external rows: SemL0 uses 9 core types and 9000 ops/repeat; external protocols use different type sets, operation counts, APIs, and timing boundaries.
fig1-end-to-end	sf10-scope-limited	w6_sf10_fig1	SemL0-budg-b64:core9:peak_import_rss_kb	SemL0	budg-b64	SF10	outgoing_typed_neighbor	9 core edge types; 1000 samples/type; 9000 ops/repeat; 3 same-store repeats				peak_import_rss_kb	2366196	kbytes_time_v	single_import	w6_sf10_core_typed	PASS (9,000)	CONTEXT_ONLY_NOT_MATCHED	RERUN	cidr-experiments/data/source-cache/w6-sf10-priority-20260709/budg-b64-import.stderr#/usr/bin/time Maximum resident set size	cidr-experiments/data/source-cache/w6-sf10-priority-20260709-summary.md#Aggregate Matrix; lsmgraph-rs/baseline/run_w6_sf100_matrix_20260613.sh#bench_variant	Not directly comparable with external rows: SemL0 uses 9 core types and 9000 ops/repeat; external protocols use different type sets, operation counts, APIs, and timing boundaries.
fig1-end-to-end	sf10-scope-limited	w6_sf10_fig1	SemL0-budg-b64:core9:disk_total_bytes	SemL0	budg-b64	SF10	outgoing_typed_neighbor	9 core edge types; 1000 samples/type; 9000 ops/repeat; 3 same-store repeats				disk_total_bytes	14312304486	bytes	du_-sb_after_import	w6_sf10_core_typed	PASS (9,000)	CONTEXT_ONLY_NOT_MATCHED	RERUN	cidr-experiments/data/source-cache/w6-sf10-priority-20260709/manifest.tsv row=budg-b64/import column=store_size_bytes	cidr-experiments/data/source-cache/w6-sf10-priority-20260709-summary.md#Aggregate Matrix; lsmgraph-rs/baseline/run_w6_sf100_matrix_20260613.sh#bench_variant	Not directly comparable with external rows: SemL0 uses 9 core types and 9000 ops/repeat; external protocols use different type sets, operation counts, APIs, and timing boundaries.
fig1-end-to-end	sf10-scope-limited	w6_sf10_fig1	SemL0-semantic:core9:query_ops_per_repeat	SemL0	semantic	SF10	outgoing_typed_neighbor	9 core edge types; 1000 samples/type; 9000 ops/repeat; 3 same-store repeats				query_ops_per_repeat	9000	operations	protocol_count	w6_sf10_core_typed	PASS (9,000)	CONTEXT_ONLY_NOT_MATCHED	RERUN	cidr-experiments/data/source-cache/w6-sf10-priority-20260709-summary.md#Aggregate Matrix row=semantic column=ops/repeat	cidr-experiments/data/source-cache/w6-sf10-priority-20260709-summary.md#Aggregate Matrix; lsmgraph-rs/baseline/run_w6_sf100_matrix_20260613.sh#bench_variant	Not directly comparable with external rows: SemL0 uses 9 core types and 9000 ops/repeat; external protocols use different type sets, operation counts, APIs, and timing boundaries.
fig1-end-to-end	sf10-scope-limited	w6_sf10_fig1	SemL0-semantic:core9:avg_latency_us	SemL0	semantic	SF10	outgoing_typed_neighbor	9 core edge types; 1000 samples/type; 9000 ops/repeat; 3 same-store repeats				avg_latency_us	509.1	us_per_operation	mean_across_same_store_repeats	w6_sf10_core_typed	PASS (9,000)	CONTEXT_ONLY_NOT_MATCHED	RERUN	cidr-experiments/data/source-cache/w6-sf10-priority-20260709-summary.md#Aggregate Matrix row=semantic column=avg us mean+/-std	cidr-experiments/data/source-cache/w6-sf10-priority-20260709-summary.md#Aggregate Matrix; lsmgraph-rs/baseline/run_w6_sf100_matrix_20260613.sh#bench_variant	Not directly comparable with external rows: SemL0 uses 9 core types and 9000 ops/repeat; external protocols use different type sets, operation counts, APIs, and timing boundaries.
fig1-end-to-end	sf10-scope-limited	w6_sf10_fig1	SemL0-semantic:core9:p50_us_edge_mean	SemL0	semantic	SF10	outgoing_typed_neighbor	9 core edge types; 1000 samples/type; 9000 ops/repeat; 3 same-store repeats				p50_us_edge_mean	702	us	mean_of_per_edge_type_percentiles	w6_sf10_core_typed	PASS (9,000)	CONTEXT_ONLY_NOT_MATCHED	RERUN	cidr-experiments/data/source-cache/w6-sf10-priority-20260709-summary.md#Aggregate Matrix row=semantic column=p50/p90/p99 edge-mean us	cidr-experiments/data/source-cache/w6-sf10-priority-20260709-summary.md#Aggregate Matrix; lsmgraph-rs/baseline/run_w6_sf100_matrix_20260613.sh#bench_variant	Not directly comparable with external rows: SemL0 uses 9 core types and 9000 ops/repeat; external protocols use different type sets, operation counts, APIs, and timing boundaries.
fig1-end-to-end	sf10-scope-limited	w6_sf10_fig1	SemL0-semantic:core9:p90_us_edge_mean	SemL0	semantic	SF10	outgoing_typed_neighbor	9 core edge types; 1000 samples/type; 9000 ops/repeat; 3 same-store repeats				p90_us_edge_mean	744	us	mean_of_per_edge_type_percentiles	w6_sf10_core_typed	PASS (9,000)	CONTEXT_ONLY_NOT_MATCHED	RERUN	cidr-experiments/data/source-cache/w6-sf10-priority-20260709-summary.md#Aggregate Matrix row=semantic column=p50/p90/p99 edge-mean us	cidr-experiments/data/source-cache/w6-sf10-priority-20260709-summary.md#Aggregate Matrix; lsmgraph-rs/baseline/run_w6_sf100_matrix_20260613.sh#bench_variant	Not directly comparable with external rows: SemL0 uses 9 core types and 9000 ops/repeat; external protocols use different type sets, operation counts, APIs, and timing boundaries.
fig1-end-to-end	sf10-scope-limited	w6_sf10_fig1	SemL0-semantic:core9:p99_us_edge_mean	SemL0	semantic	SF10	outgoing_typed_neighbor	9 core edge types; 1000 samples/type; 9000 ops/repeat; 3 same-store repeats				p99_us_edge_mean	1170	us	mean_of_per_edge_type_percentiles	w6_sf10_core_typed	PASS (9,000)	CONTEXT_ONLY_NOT_MATCHED	RERUN	cidr-experiments/data/source-cache/w6-sf10-priority-20260709-summary.md#Aggregate Matrix row=semantic column=p50/p90/p99 edge-mean us	cidr-experiments/data/source-cache/w6-sf10-priority-20260709-summary.md#Aggregate Matrix; lsmgraph-rs/baseline/run_w6_sf100_matrix_20260613.sh#bench_variant	Not directly comparable with external rows: SemL0 uses 9 core types and 9000 ops/repeat; external protocols use different type sets, operation counts, APIs, and timing boundaries.
fig1-end-to-end	sf10-scope-limited	w6_sf10_fig1	SemL0-semantic:core9:load_import_s	SemL0	semantic	SF10	outgoing_typed_neighbor	9 core edge types; 1000 samples/type; 9000 ops/repeat; 3 same-store repeats				load_import_s	204.2	seconds	single_import_wall_clock	w6_sf10_core_typed	PASS (9,000)	CONTEXT_ONLY_NOT_MATCHED	RERUN	cidr-experiments/data/source-cache/w6-sf10-priority-20260709/semantic-import.stderr#/usr/bin/time Elapsed raw=3:24.20	cidr-experiments/data/source-cache/w6-sf10-priority-20260709-summary.md#Aggregate Matrix; lsmgraph-rs/baseline/run_w6_sf100_matrix_20260613.sh#bench_variant	Not directly comparable with external rows: SemL0 uses 9 core types and 9000 ops/repeat; external protocols use different type sets, operation counts, APIs, and timing boundaries.
fig1-end-to-end	sf10-scope-limited	w6_sf10_fig1	SemL0-semantic:core9:peak_import_rss_kb	SemL0	semantic	SF10	outgoing_typed_neighbor	9 core edge types; 1000 samples/type; 9000 ops/repeat; 3 same-store repeats				peak_import_rss_kb	8783744	kbytes_time_v	single_import	w6_sf10_core_typed	PASS (9,000)	CONTEXT_ONLY_NOT_MATCHED	RERUN	cidr-experiments/data/source-cache/w6-sf10-priority-20260709/semantic-import.stderr#/usr/bin/time Maximum resident set size	cidr-experiments/data/source-cache/w6-sf10-priority-20260709-summary.md#Aggregate Matrix; lsmgraph-rs/baseline/run_w6_sf100_matrix_20260613.sh#bench_variant	Not directly comparable with external rows: SemL0 uses 9 core types and 9000 ops/repeat; external protocols use different type sets, operation counts, APIs, and timing boundaries.
fig1-end-to-end	sf10-scope-limited	w6_sf10_fig1	SemL0-semantic:core9:disk_total_bytes	SemL0	semantic	SF10	outgoing_typed_neighbor	9 core edge types; 1000 samples/type; 9000 ops/repeat; 3 same-store repeats				disk_total_bytes	15716350769	bytes	du_-sb_after_import	w6_sf10_core_typed	PASS (9,000)	CONTEXT_ONLY_NOT_MATCHED	RERUN	cidr-experiments/data/source-cache/w6-sf10-priority-20260709/manifest.tsv row=semantic/import column=store_size_bytes	cidr-experiments/data/source-cache/w6-sf10-priority-20260709-summary.md#Aggregate Matrix; lsmgraph-rs/baseline/run_w6_sf100_matrix_20260613.sh#bench_variant	Not directly comparable with external rows: SemL0 uses 9 core types and 9000 ops/repeat; external protocols use different type sets, operation counts, APIs, and timing boundaries.
fig1-end-to-end	sf10-scope-limited	w6_sf10_fig1	SemL0-naive:core9:query_ops_per_repeat	SemL0	naive	SF10	outgoing_typed_neighbor	9 core edge types; 1000 samples/type; 9000 ops/repeat; 3 same-store repeats				query_ops_per_repeat	9000	operations	protocol_count	w6_sf10_core_typed	ANCHOR	CONTEXT_ONLY_NOT_MATCHED	RERUN	cidr-experiments/data/source-cache/w6-sf10-priority-20260709-summary.md#Aggregate Matrix row=naive column=ops/repeat	cidr-experiments/data/source-cache/w6-sf10-priority-20260709-summary.md#Aggregate Matrix; lsmgraph-rs/baseline/run_w6_sf100_matrix_20260613.sh#bench_variant	Not directly comparable with external rows: SemL0 uses 9 core types and 9000 ops/repeat; external protocols use different type sets, operation counts, APIs, and timing boundaries.
fig1-end-to-end	sf10-scope-limited	w6_sf10_fig1	SemL0-naive:core9:avg_latency_us	SemL0	naive	SF10	outgoing_typed_neighbor	9 core edge types; 1000 samples/type; 9000 ops/repeat; 3 same-store repeats				avg_latency_us	4177.3	us_per_operation	mean_across_same_store_repeats	w6_sf10_core_typed	ANCHOR	CONTEXT_ONLY_NOT_MATCHED	RERUN	cidr-experiments/data/source-cache/w6-sf10-priority-20260709-summary.md#Aggregate Matrix row=naive column=avg us mean+/-std	cidr-experiments/data/source-cache/w6-sf10-priority-20260709-summary.md#Aggregate Matrix; lsmgraph-rs/baseline/run_w6_sf100_matrix_20260613.sh#bench_variant	Not directly comparable with external rows: SemL0 uses 9 core types and 9000 ops/repeat; external protocols use different type sets, operation counts, APIs, and timing boundaries.
fig1-end-to-end	sf10-scope-limited	w6_sf10_fig1	SemL0-naive:core9:p50_us_edge_mean	SemL0	naive	SF10	outgoing_typed_neighbor	9 core edge types; 1000 samples/type; 9000 ops/repeat; 3 same-store repeats				p50_us_edge_mean	5713	us	mean_of_per_edge_type_percentiles	w6_sf10_core_typed	ANCHOR	CONTEXT_ONLY_NOT_MATCHED	RERUN	cidr-experiments/data/source-cache/w6-sf10-priority-20260709-summary.md#Aggregate Matrix row=naive column=p50/p90/p99 edge-mean us	cidr-experiments/data/source-cache/w6-sf10-priority-20260709-summary.md#Aggregate Matrix; lsmgraph-rs/baseline/run_w6_sf100_matrix_20260613.sh#bench_variant	Not directly comparable with external rows: SemL0 uses 9 core types and 9000 ops/repeat; external protocols use different type sets, operation counts, APIs, and timing boundaries.
fig1-end-to-end	sf10-scope-limited	w6_sf10_fig1	SemL0-naive:core9:p90_us_edge_mean	SemL0	naive	SF10	outgoing_typed_neighbor	9 core edge types; 1000 samples/type; 9000 ops/repeat; 3 same-store repeats				p90_us_edge_mean	7426	us	mean_of_per_edge_type_percentiles	w6_sf10_core_typed	ANCHOR	CONTEXT_ONLY_NOT_MATCHED	RERUN	cidr-experiments/data/source-cache/w6-sf10-priority-20260709-summary.md#Aggregate Matrix row=naive column=p50/p90/p99 edge-mean us	cidr-experiments/data/source-cache/w6-sf10-priority-20260709-summary.md#Aggregate Matrix; lsmgraph-rs/baseline/run_w6_sf100_matrix_20260613.sh#bench_variant	Not directly comparable with external rows: SemL0 uses 9 core types and 9000 ops/repeat; external protocols use different type sets, operation counts, APIs, and timing boundaries.
fig1-end-to-end	sf10-scope-limited	w6_sf10_fig1	SemL0-naive:core9:p99_us_edge_mean	SemL0	naive	SF10	outgoing_typed_neighbor	9 core edge types; 1000 samples/type; 9000 ops/repeat; 3 same-store repeats				p99_us_edge_mean	7833	us	mean_of_per_edge_type_percentiles	w6_sf10_core_typed	ANCHOR	CONTEXT_ONLY_NOT_MATCHED	RERUN	cidr-experiments/data/source-cache/w6-sf10-priority-20260709-summary.md#Aggregate Matrix row=naive column=p50/p90/p99 edge-mean us	cidr-experiments/data/source-cache/w6-sf10-priority-20260709-summary.md#Aggregate Matrix; lsmgraph-rs/baseline/run_w6_sf100_matrix_20260613.sh#bench_variant	Not directly comparable with external rows: SemL0 uses 9 core types and 9000 ops/repeat; external protocols use different type sets, operation counts, APIs, and timing boundaries.
fig1-end-to-end	sf10-scope-limited	w6_sf10_fig1	SemL0-naive:core9:load_import_s	SemL0	naive	SF10	outgoing_typed_neighbor	9 core edge types; 1000 samples/type; 9000 ops/repeat; 3 same-store repeats				load_import_s	193.52	seconds	single_import_wall_clock	w6_sf10_core_typed	ANCHOR	CONTEXT_ONLY_NOT_MATCHED	RERUN	cidr-experiments/data/source-cache/w6-sf10-priority-20260709/naive-import.stderr#/usr/bin/time Elapsed raw=3:13.52	cidr-experiments/data/source-cache/w6-sf10-priority-20260709-summary.md#Aggregate Matrix; lsmgraph-rs/baseline/run_w6_sf100_matrix_20260613.sh#bench_variant	Not directly comparable with external rows: SemL0 uses 9 core types and 9000 ops/repeat; external protocols use different type sets, operation counts, APIs, and timing boundaries.
fig1-end-to-end	sf10-scope-limited	w6_sf10_fig1	SemL0-naive:core9:peak_import_rss_kb	SemL0	naive	SF10	outgoing_typed_neighbor	9 core edge types; 1000 samples/type; 9000 ops/repeat; 3 same-store repeats				peak_import_rss_kb	2330236	kbytes_time_v	single_import	w6_sf10_core_typed	ANCHOR	CONTEXT_ONLY_NOT_MATCHED	RERUN	cidr-experiments/data/source-cache/w6-sf10-priority-20260709/naive-import.stderr#/usr/bin/time Maximum resident set size	cidr-experiments/data/source-cache/w6-sf10-priority-20260709-summary.md#Aggregate Matrix; lsmgraph-rs/baseline/run_w6_sf100_matrix_20260613.sh#bench_variant	Not directly comparable with external rows: SemL0 uses 9 core types and 9000 ops/repeat; external protocols use different type sets, operation counts, APIs, and timing boundaries.
fig1-end-to-end	sf10-scope-limited	w6_sf10_fig1	SemL0-naive:core9:disk_total_bytes	SemL0	naive	SF10	outgoing_typed_neighbor	9 core edge types; 1000 samples/type; 9000 ops/repeat; 3 same-store repeats				disk_total_bytes	14399256549	bytes	du_-sb_after_import	w6_sf10_core_typed	ANCHOR	CONTEXT_ONLY_NOT_MATCHED	RERUN	cidr-experiments/data/source-cache/w6-sf10-priority-20260709/manifest.tsv row=naive/import column=store_size_bytes	cidr-experiments/data/source-cache/w6-sf10-priority-20260709-summary.md#Aggregate Matrix; lsmgraph-rs/baseline/run_w6_sf100_matrix_20260613.sh#bench_variant	Not directly comparable with external rows: SemL0 uses 9 core types and 9000 ops/repeat; external protocols use different type sets, operation counts, APIs, and timing boundaries.
fig1-end-to-end	sf10-scope-limited	w6_sf10_fig1	SemL0-kv-lsm:core9:query_ops_per_repeat	SemL0	kv-lsm	SF10	outgoing_typed_neighbor	9 core edge types; 1000 samples/type; 9000 ops/repeat; 3 same-store repeats				query_ops_per_repeat	9000	operations	protocol_count	w6_sf10_core_typed	PASS (9,000)	CONTEXT_ONLY_NOT_MATCHED	RERUN	cidr-experiments/data/source-cache/w6-sf10-priority-20260709-summary.md#Aggregate Matrix row=kv-lsm column=ops/repeat	cidr-experiments/data/source-cache/w6-sf10-priority-20260709-summary.md#Aggregate Matrix; lsmgraph-rs/baseline/run_w6_sf100_matrix_20260613.sh#bench_variant	Not directly comparable with external rows: SemL0 uses 9 core types and 9000 ops/repeat; external protocols use different type sets, operation counts, APIs, and timing boundaries.
fig1-end-to-end	sf10-scope-limited	w6_sf10_fig1	SemL0-kv-lsm:core9:avg_latency_us	SemL0	kv-lsm	SF10	outgoing_typed_neighbor	9 core edge types; 1000 samples/type; 9000 ops/repeat; 3 same-store repeats				avg_latency_us	4111.1	us_per_operation	mean_across_same_store_repeats	w6_sf10_core_typed	PASS (9,000)	CONTEXT_ONLY_NOT_MATCHED	RERUN	cidr-experiments/data/source-cache/w6-sf10-priority-20260709-summary.md#Aggregate Matrix row=kv-lsm column=avg us mean+/-std	cidr-experiments/data/source-cache/w6-sf10-priority-20260709-summary.md#Aggregate Matrix; lsmgraph-rs/baseline/run_w6_sf100_matrix_20260613.sh#bench_variant	Not directly comparable with external rows: SemL0 uses 9 core types and 9000 ops/repeat; external protocols use different type sets, operation counts, APIs, and timing boundaries.
fig1-end-to-end	sf10-scope-limited	w6_sf10_fig1	SemL0-kv-lsm:core9:p50_us_edge_mean	SemL0	kv-lsm	SF10	outgoing_typed_neighbor	9 core edge types; 1000 samples/type; 9000 ops/repeat; 3 same-store repeats				p50_us_edge_mean	5676	us	mean_of_per_edge_type_percentiles	w6_sf10_core_typed	PASS (9,000)	CONTEXT_ONLY_NOT_MATCHED	RERUN	cidr-experiments/data/source-cache/w6-sf10-priority-20260709-summary.md#Aggregate Matrix row=kv-lsm column=p50/p90/p99 edge-mean us	cidr-experiments/data/source-cache/w6-sf10-priority-20260709-summary.md#Aggregate Matrix; lsmgraph-rs/baseline/run_w6_sf100_matrix_20260613.sh#bench_variant	Not directly comparable with external rows: SemL0 uses 9 core types and 9000 ops/repeat; external protocols use different type sets, operation counts, APIs, and timing boundaries.
fig1-end-to-end	sf10-scope-limited	w6_sf10_fig1	SemL0-kv-lsm:core9:p90_us_edge_mean	SemL0	kv-lsm	SF10	outgoing_typed_neighbor	9 core edge types; 1000 samples/type; 9000 ops/repeat; 3 same-store repeats				p90_us_edge_mean	6296	us	mean_of_per_edge_type_percentiles	w6_sf10_core_typed	PASS (9,000)	CONTEXT_ONLY_NOT_MATCHED	RERUN	cidr-experiments/data/source-cache/w6-sf10-priority-20260709-summary.md#Aggregate Matrix row=kv-lsm column=p50/p90/p99 edge-mean us	cidr-experiments/data/source-cache/w6-sf10-priority-20260709-summary.md#Aggregate Matrix; lsmgraph-rs/baseline/run_w6_sf100_matrix_20260613.sh#bench_variant	Not directly comparable with external rows: SemL0 uses 9 core types and 9000 ops/repeat; external protocols use different type sets, operation counts, APIs, and timing boundaries.
fig1-end-to-end	sf10-scope-limited	w6_sf10_fig1	SemL0-kv-lsm:core9:p99_us_edge_mean	SemL0	kv-lsm	SF10	outgoing_typed_neighbor	9 core edge types; 1000 samples/type; 9000 ops/repeat; 3 same-store repeats				p99_us_edge_mean	7833	us	mean_of_per_edge_type_percentiles	w6_sf10_core_typed	PASS (9,000)	CONTEXT_ONLY_NOT_MATCHED	RERUN	cidr-experiments/data/source-cache/w6-sf10-priority-20260709-summary.md#Aggregate Matrix row=kv-lsm column=p50/p90/p99 edge-mean us	cidr-experiments/data/source-cache/w6-sf10-priority-20260709-summary.md#Aggregate Matrix; lsmgraph-rs/baseline/run_w6_sf100_matrix_20260613.sh#bench_variant	Not directly comparable with external rows: SemL0 uses 9 core types and 9000 ops/repeat; external protocols use different type sets, operation counts, APIs, and timing boundaries.
fig1-end-to-end	sf10-scope-limited	w6_sf10_fig1	SemL0-kv-lsm:core9:load_import_s	SemL0	kv-lsm	SF10	outgoing_typed_neighbor	9 core edge types; 1000 samples/type; 9000 ops/repeat; 3 same-store repeats				load_import_s	198.85	seconds	single_import_wall_clock	w6_sf10_core_typed	PASS (9,000)	CONTEXT_ONLY_NOT_MATCHED	RERUN	cidr-experiments/data/source-cache/w6-sf10-priority-20260709/kv-lsm-import.stderr#/usr/bin/time Elapsed raw=3:18.85	cidr-experiments/data/source-cache/w6-sf10-priority-20260709-summary.md#Aggregate Matrix; lsmgraph-rs/baseline/run_w6_sf100_matrix_20260613.sh#bench_variant	Not directly comparable with external rows: SemL0 uses 9 core types and 9000 ops/repeat; external protocols use different type sets, operation counts, APIs, and timing boundaries.
fig1-end-to-end	sf10-scope-limited	w6_sf10_fig1	SemL0-kv-lsm:core9:peak_import_rss_kb	SemL0	kv-lsm	SF10	outgoing_typed_neighbor	9 core edge types; 1000 samples/type; 9000 ops/repeat; 3 same-store repeats				peak_import_rss_kb	2439460	kbytes_time_v	single_import	w6_sf10_core_typed	PASS (9,000)	CONTEXT_ONLY_NOT_MATCHED	RERUN	cidr-experiments/data/source-cache/w6-sf10-priority-20260709/kv-lsm-import.stderr#/usr/bin/time Maximum resident set size	cidr-experiments/data/source-cache/w6-sf10-priority-20260709-summary.md#Aggregate Matrix; lsmgraph-rs/baseline/run_w6_sf100_matrix_20260613.sh#bench_variant	Not directly comparable with external rows: SemL0 uses 9 core types and 9000 ops/repeat; external protocols use different type sets, operation counts, APIs, and timing boundaries.
fig1-end-to-end	sf10-scope-limited	w6_sf10_fig1	SemL0-kv-lsm:core9:disk_total_bytes	SemL0	kv-lsm	SF10	outgoing_typed_neighbor	9 core edge types; 1000 samples/type; 9000 ops/repeat; 3 same-store repeats				disk_total_bytes	14399256579	bytes	du_-sb_after_import	w6_sf10_core_typed	PASS (9,000)	CONTEXT_ONLY_NOT_MATCHED	RERUN	cidr-experiments/data/source-cache/w6-sf10-priority-20260709/manifest.tsv row=kv-lsm/import column=store_size_bytes	cidr-experiments/data/source-cache/w6-sf10-priority-20260709-summary.md#Aggregate Matrix; lsmgraph-rs/baseline/run_w6_sf100_matrix_20260613.sh#bench_variant	Not directly comparable with external rows: SemL0 uses 9 core types and 9000 ops/repeat; external protocols use different type sets, operation counts, APIs, and timing boundaries.
fig1-end-to-end	sf10-scope-limited	external_livegraph_fig1	LiveGraph:all-types-summary:query_ops	LiveGraph		SF10	outgoing_typed_neighbor	all-types-summary				query_ops	32140	operations	reported_system_summary	external_livegraph_sf10_s1000	PASS	CONTEXT_ONLY_NOT_MATCHED	RERUN	baseline/external-baselines-20260626/3plus3-baselines/metrics.tsv row=LiveGraph/SF10/all-types-summary column=ops	baseline/external-baselines-20260626/3plus3-baselines/run-config.json#workload plus baseline/external-baselines-20260626/3plus3-baselines/metrics.tsv row=LiveGraph/SF10/all-types-summary	Scope-limited external row. Operation counts, edge-type coverage, API layer, client/server boundary, and percentile aggregation differ from SemL0 W6; do not use for a ranked matched-system figure.
fig1-end-to-end	sf10-scope-limited	external_livegraph_fig1	LiveGraph:all-types-summary:avg_latency_us	LiveGraph		SF10	outgoing_typed_neighbor	all-types-summary				avg_latency_us	391.062912	us_per_operation	reported_system_summary	external_livegraph_sf10_s1000	PASS	CONTEXT_ONLY_NOT_MATCHED	RERUN	baseline/external-baselines-20260626/3plus3-baselines/metrics.tsv row=LiveGraph/SF10/all-types-summary column=avg_us	baseline/external-baselines-20260626/3plus3-baselines/run-config.json#workload plus baseline/external-baselines-20260626/3plus3-baselines/metrics.tsv row=LiveGraph/SF10/all-types-summary	Scope-limited external row. Operation counts, edge-type coverage, API layer, client/server boundary, and percentile aggregation differ from SemL0 W6; do not use for a ranked matched-system figure.
fig1-end-to-end	sf10-scope-limited	external_livegraph_fig1	LiveGraph:all-types-summary:load_s	LiveGraph		SF10	outgoing_typed_neighbor	all-types-summary				load_s	1457.36	seconds	reported_system_summary	external_livegraph_sf10_s1000	PASS	CONTEXT_ONLY_NOT_MATCHED	RERUN	baseline/external-baselines-20260626/3plus3-baselines/metrics.tsv row=LiveGraph/SF10/all-types-summary column=load_s	baseline/external-baselines-20260626/3plus3-baselines/run-config.json#workload plus baseline/external-baselines-20260626/3plus3-baselines/metrics.tsv row=LiveGraph/SF10/all-types-summary	Scope-limited external row. Operation counts, edge-type coverage, API layer, client/server boundary, and percentile aggregation differ from SemL0 W6; do not use for a ranked matched-system figure.
fig1-end-to-end	sf10-scope-limited	external_livegraph_fig1	LiveGraph:all-types-summary:peak_rss_kb	LiveGraph		SF10	outgoing_typed_neighbor	all-types-summary				peak_rss_kb	47908544	kbytes_reported	reported_system_summary	external_livegraph_sf10_s1000	PASS	CONTEXT_ONLY_NOT_MATCHED	RERUN	baseline/external-baselines-20260626/3plus3-baselines/metrics.tsv row=LiveGraph/SF10/all-types-summary column=peak_rss_kb	baseline/external-baselines-20260626/3plus3-baselines/run-config.json#workload plus baseline/external-baselines-20260626/3plus3-baselines/metrics.tsv row=LiveGraph/SF10/all-types-summary	Scope-limited external row. Operation counts, edge-type coverage, API layer, client/server boundary, and percentile aggregation differ from SemL0 W6; do not use for a ranked matched-system figure.
fig1-end-to-end	sf10-scope-limited	external_livegraph_fig1	LiveGraph:all-types-summary:disk_total_bytes	LiveGraph		SF10	outgoing_typed_neighbor	all-types-summary				disk_total_bytes	38654705664	bytes	reported_system_summary	external_livegraph_sf10_s1000	PASS	CONTEXT_ONLY_NOT_MATCHED	RERUN	baseline/external-baselines-20260626/3plus3-baselines/metrics.tsv row=LiveGraph/SF10/all-types-summary column=disk_total_bytes	baseline/external-baselines-20260626/3plus3-baselines/run-config.json#workload plus baseline/external-baselines-20260626/3plus3-baselines/metrics.tsv row=LiveGraph/SF10/all-types-summary	Scope-limited external row. Operation counts, edge-type coverage, API layer, client/server boundary, and percentile aggregation differ from SemL0 W6; do not use for a ranked matched-system figure.
fig1-end-to-end	sf10-scope-limited	external_livegraph_fig1	LiveGraph:positive-edge-types-summary:query_ops	LiveGraph		SF10	outgoing_typed_neighbor	positive-edge-types-summary				query_ops	16070	operations	reported_system_summary	external_livegraph_sf10_s1000	PASS	CONTEXT_ONLY_NOT_MATCHED	RERUN	baseline/external-baselines-20260626/3plus3-baselines/metrics.tsv row=LiveGraph/SF10/positive-edge-types-summary column=ops	baseline/external-baselines-20260626/3plus3-baselines/run-config.json#workload plus baseline/external-baselines-20260626/3plus3-baselines/metrics.tsv row=LiveGraph/SF10/positive-edge-types-summary	Scope-limited external row. Operation counts, edge-type coverage, API layer, client/server boundary, and percentile aggregation differ from SemL0 W6; do not use for a ranked matched-system figure.
fig1-end-to-end	sf10-scope-limited	external_livegraph_fig1	LiveGraph:positive-edge-types-summary:avg_latency_us	LiveGraph		SF10	outgoing_typed_neighbor	positive-edge-types-summary				avg_latency_us	2.089441	us_per_operation	reported_system_summary	external_livegraph_sf10_s1000	PASS	CONTEXT_ONLY_NOT_MATCHED	RERUN	baseline/external-baselines-20260626/3plus3-baselines/metrics.tsv row=LiveGraph/SF10/positive-edge-types-summary column=avg_us	baseline/external-baselines-20260626/3plus3-baselines/run-config.json#workload plus baseline/external-baselines-20260626/3plus3-baselines/metrics.tsv row=LiveGraph/SF10/positive-edge-types-summary	Scope-limited external row. Operation counts, edge-type coverage, API layer, client/server boundary, and percentile aggregation differ from SemL0 W6; do not use for a ranked matched-system figure.
fig1-end-to-end	sf10-scope-limited	external_livegraph_fig1	LiveGraph:positive-edge-types-summary:load_s	LiveGraph		SF10	outgoing_typed_neighbor	positive-edge-types-summary				load_s	1457.36	seconds	reported_system_summary	external_livegraph_sf10_s1000	PASS	CONTEXT_ONLY_NOT_MATCHED	RERUN	baseline/external-baselines-20260626/3plus3-baselines/metrics.tsv row=LiveGraph/SF10/positive-edge-types-summary column=load_s	baseline/external-baselines-20260626/3plus3-baselines/run-config.json#workload plus baseline/external-baselines-20260626/3plus3-baselines/metrics.tsv row=LiveGraph/SF10/positive-edge-types-summary	Scope-limited external row. Operation counts, edge-type coverage, API layer, client/server boundary, and percentile aggregation differ from SemL0 W6; do not use for a ranked matched-system figure.
fig1-end-to-end	sf10-scope-limited	external_livegraph_fig1	LiveGraph:positive-edge-types-summary:peak_rss_kb	LiveGraph		SF10	outgoing_typed_neighbor	positive-edge-types-summary				peak_rss_kb	47908544	kbytes_reported	reported_system_summary	external_livegraph_sf10_s1000	PASS	CONTEXT_ONLY_NOT_MATCHED	RERUN	baseline/external-baselines-20260626/3plus3-baselines/metrics.tsv row=LiveGraph/SF10/positive-edge-types-summary column=peak_rss_kb	baseline/external-baselines-20260626/3plus3-baselines/run-config.json#workload plus baseline/external-baselines-20260626/3plus3-baselines/metrics.tsv row=LiveGraph/SF10/positive-edge-types-summary	Scope-limited external row. Operation counts, edge-type coverage, API layer, client/server boundary, and percentile aggregation differ from SemL0 W6; do not use for a ranked matched-system figure.
fig1-end-to-end	sf10-scope-limited	external_livegraph_fig1	LiveGraph:positive-edge-types-summary:disk_total_bytes	LiveGraph		SF10	outgoing_typed_neighbor	positive-edge-types-summary				disk_total_bytes	38654705664	bytes	reported_system_summary	external_livegraph_sf10_s1000	PASS	CONTEXT_ONLY_NOT_MATCHED	RERUN	baseline/external-baselines-20260626/3plus3-baselines/metrics.tsv row=LiveGraph/SF10/positive-edge-types-summary column=disk_total_bytes	baseline/external-baselines-20260626/3plus3-baselines/run-config.json#workload plus baseline/external-baselines-20260626/3plus3-baselines/metrics.tsv row=LiveGraph/SF10/positive-edge-types-summary	Scope-limited external row. Operation counts, edge-type coverage, API layer, client/server boundary, and percentile aggregation differ from SemL0 W6; do not use for a ranked matched-system figure.
fig1-end-to-end	sf10-scope-limited	external_livegraph_fig1	LiveGraph:negative-edge-types-summary:query_ops	LiveGraph		SF10	outgoing_typed_neighbor	negative-edge-types-summary				query_ops	16070	operations	reported_system_summary	external_livegraph_sf10_s1000	PASS	CONTEXT_ONLY_NOT_MATCHED	RERUN	baseline/external-baselines-20260626/3plus3-baselines/metrics.tsv row=LiveGraph/SF10/negative-edge-types-summary column=ops	baseline/external-baselines-20260626/3plus3-baselines/run-config.json#workload plus baseline/external-baselines-20260626/3plus3-baselines/metrics.tsv row=LiveGraph/SF10/negative-edge-types-summary	Scope-limited external row. Operation counts, edge-type coverage, API layer, client/server boundary, and percentile aggregation differ from SemL0 W6; do not use for a ranked matched-system figure.
fig1-end-to-end	sf10-scope-limited	external_livegraph_fig1	LiveGraph:negative-edge-types-summary:avg_latency_us	LiveGraph		SF10	outgoing_typed_neighbor	negative-edge-types-summary				avg_latency_us	780.036382	us_per_operation	reported_system_summary	external_livegraph_sf10_s1000	PASS	CONTEXT_ONLY_NOT_MATCHED	RERUN	baseline/external-baselines-20260626/3plus3-baselines/metrics.tsv row=LiveGraph/SF10/negative-edge-types-summary column=avg_us	baseline/external-baselines-20260626/3plus3-baselines/run-config.json#workload plus baseline/external-baselines-20260626/3plus3-baselines/metrics.tsv row=LiveGraph/SF10/negative-edge-types-summary	Scope-limited external row. Operation counts, edge-type coverage, API layer, client/server boundary, and percentile aggregation differ from SemL0 W6; do not use for a ranked matched-system figure.
fig1-end-to-end	sf10-scope-limited	external_livegraph_fig1	LiveGraph:negative-edge-types-summary:load_s	LiveGraph		SF10	outgoing_typed_neighbor	negative-edge-types-summary				load_s	1457.36	seconds	reported_system_summary	external_livegraph_sf10_s1000	PASS	CONTEXT_ONLY_NOT_MATCHED	RERUN	baseline/external-baselines-20260626/3plus3-baselines/metrics.tsv row=LiveGraph/SF10/negative-edge-types-summary column=load_s	baseline/external-baselines-20260626/3plus3-baselines/run-config.json#workload plus baseline/external-baselines-20260626/3plus3-baselines/metrics.tsv row=LiveGraph/SF10/negative-edge-types-summary	Scope-limited external row. Operation counts, edge-type coverage, API layer, client/server boundary, and percentile aggregation differ from SemL0 W6; do not use for a ranked matched-system figure.
fig1-end-to-end	sf10-scope-limited	external_livegraph_fig1	LiveGraph:negative-edge-types-summary:peak_rss_kb	LiveGraph		SF10	outgoing_typed_neighbor	negative-edge-types-summary				peak_rss_kb	47908544	kbytes_reported	reported_system_summary	external_livegraph_sf10_s1000	PASS	CONTEXT_ONLY_NOT_MATCHED	RERUN	baseline/external-baselines-20260626/3plus3-baselines/metrics.tsv row=LiveGraph/SF10/negative-edge-types-summary column=peak_rss_kb	baseline/external-baselines-20260626/3plus3-baselines/run-config.json#workload plus baseline/external-baselines-20260626/3plus3-baselines/metrics.tsv row=LiveGraph/SF10/negative-edge-types-summary	Scope-limited external row. Operation counts, edge-type coverage, API layer, client/server boundary, and percentile aggregation differ from SemL0 W6; do not use for a ranked matched-system figure.
fig1-end-to-end	sf10-scope-limited	external_livegraph_fig1	LiveGraph:negative-edge-types-summary:disk_total_bytes	LiveGraph		SF10	outgoing_typed_neighbor	negative-edge-types-summary				disk_total_bytes	38654705664	bytes	reported_system_summary	external_livegraph_sf10_s1000	PASS	CONTEXT_ONLY_NOT_MATCHED	RERUN	baseline/external-baselines-20260626/3plus3-baselines/metrics.tsv row=LiveGraph/SF10/negative-edge-types-summary column=disk_total_bytes	baseline/external-baselines-20260626/3plus3-baselines/run-config.json#workload plus baseline/external-baselines-20260626/3plus3-baselines/metrics.tsv row=LiveGraph/SF10/negative-edge-types-summary	Scope-limited external row. Operation counts, edge-type coverage, API layer, client/server boundary, and percentile aggregation differ from SemL0 W6; do not use for a ranked matched-system figure.
fig1-end-to-end	sf10-scope-limited	external_aster_rocksgraph_fig1	Aster RocksGraph:all-types-summary:query_ops	Aster RocksGraph		SF10	outgoing_typed_neighbor	all-types-summary				query_ops	1700	operations	reported_system_summary	external_truth_s50_seed42	PASS	CONTEXT_ONLY_NOT_MATCHED	RERUN	baseline/external-baselines-20260626/3plus3-baselines/metrics.tsv row=Aster RocksGraph/SF10/all-types-summary column=ops	baseline/external-baselines-20260626/3plus3-baselines/run-config.json#workload plus baseline/external-baselines-20260626/3plus3-baselines/metrics.tsv row=Aster RocksGraph/SF10/all-types-summary	Scope-limited external row. Operation counts, edge-type coverage, API layer, client/server boundary, and percentile aggregation differ from SemL0 W6; do not use for a ranked matched-system figure.
fig1-end-to-end	sf10-scope-limited	external_aster_rocksgraph_fig1	Aster RocksGraph:all-types-summary:avg_latency_us	Aster RocksGraph		SF10	outgoing_typed_neighbor	all-types-summary				avg_latency_us	1408.27	us_per_operation	reported_system_summary	external_truth_s50_seed42	PASS	CONTEXT_ONLY_NOT_MATCHED	RERUN	baseline/external-baselines-20260626/3plus3-baselines/metrics.tsv row=Aster RocksGraph/SF10/all-types-summary column=avg_us	baseline/external-baselines-20260626/3plus3-baselines/run-config.json#workload plus baseline/external-baselines-20260626/3plus3-baselines/metrics.tsv row=Aster RocksGraph/SF10/all-types-summary	Scope-limited external row. Operation counts, edge-type coverage, API layer, client/server boundary, and percentile aggregation differ from SemL0 W6; do not use for a ranked matched-system figure.
fig1-end-to-end	sf10-scope-limited	external_aster_rocksgraph_fig1	Aster RocksGraph:all-types-summary:p50_us	Aster RocksGraph		SF10	outgoing_typed_neighbor	all-types-summary				p50_us	580.529	us	reported_system_summary	external_truth_s50_seed42	PASS	CONTEXT_ONLY_NOT_MATCHED	RERUN	baseline/external-baselines-20260626/3plus3-baselines/metrics.tsv row=Aster RocksGraph/SF10/all-types-summary column=p50_us	baseline/external-baselines-20260626/3plus3-baselines/run-config.json#workload plus baseline/external-baselines-20260626/3plus3-baselines/metrics.tsv row=Aster RocksGraph/SF10/all-types-summary	Scope-limited external row. Operation counts, edge-type coverage, API layer, client/server boundary, and percentile aggregation differ from SemL0 W6; do not use for a ranked matched-system figure.
fig1-end-to-end	sf10-scope-limited	external_aster_rocksgraph_fig1	Aster RocksGraph:all-types-summary:p90_us	Aster RocksGraph		SF10	outgoing_typed_neighbor	all-types-summary				p90_us	1061.24	us	reported_system_summary	external_truth_s50_seed42	PASS	CONTEXT_ONLY_NOT_MATCHED	RERUN	baseline/external-baselines-20260626/3plus3-baselines/metrics.tsv row=Aster RocksGraph/SF10/all-types-summary column=p90_us	baseline/external-baselines-20260626/3plus3-baselines/run-config.json#workload plus baseline/external-baselines-20260626/3plus3-baselines/metrics.tsv row=Aster RocksGraph/SF10/all-types-summary	Scope-limited external row. Operation counts, edge-type coverage, API layer, client/server boundary, and percentile aggregation differ from SemL0 W6; do not use for a ranked matched-system figure.
fig1-end-to-end	sf10-scope-limited	external_aster_rocksgraph_fig1	Aster RocksGraph:all-types-summary:p99_us	Aster RocksGraph		SF10	outgoing_typed_neighbor	all-types-summary				p99_us	15809.6	us	reported_system_summary	external_truth_s50_seed42	PASS	CONTEXT_ONLY_NOT_MATCHED	RERUN	baseline/external-baselines-20260626/3plus3-baselines/metrics.tsv row=Aster RocksGraph/SF10/all-types-summary column=p99_us	baseline/external-baselines-20260626/3plus3-baselines/run-config.json#workload plus baseline/external-baselines-20260626/3plus3-baselines/metrics.tsv row=Aster RocksGraph/SF10/all-types-summary	Scope-limited external row. Operation counts, edge-type coverage, API layer, client/server boundary, and percentile aggregation differ from SemL0 W6; do not use for a ranked matched-system figure.
fig1-end-to-end	sf10-scope-limited	external_aster_rocksgraph_fig1	Aster RocksGraph:all-types-summary:load_s	Aster RocksGraph		SF10	outgoing_typed_neighbor	all-types-summary				load_s	794.261865	seconds	reported_system_summary	external_truth_s50_seed42	PASS	CONTEXT_ONLY_NOT_MATCHED	RERUN	baseline/external-baselines-20260626/3plus3-baselines/metrics.tsv row=Aster RocksGraph/SF10/all-types-summary column=load_s	baseline/external-baselines-20260626/3plus3-baselines/run-config.json#workload plus baseline/external-baselines-20260626/3plus3-baselines/metrics.tsv row=Aster RocksGraph/SF10/all-types-summary	Scope-limited external row. Operation counts, edge-type coverage, API layer, client/server boundary, and percentile aggregation differ from SemL0 W6; do not use for a ranked matched-system figure.
fig1-end-to-end	sf10-scope-limited	external_aster_rocksgraph_fig1	Aster RocksGraph:all-types-summary:peak_rss_kb	Aster RocksGraph		SF10	outgoing_typed_neighbor	all-types-summary				peak_rss_kb	15621088	kbytes_reported	reported_system_summary	external_truth_s50_seed42	PASS	CONTEXT_ONLY_NOT_MATCHED	RERUN	baseline/external-baselines-20260626/3plus3-baselines/metrics.tsv row=Aster RocksGraph/SF10/all-types-summary column=peak_rss_kb	baseline/external-baselines-20260626/3plus3-baselines/run-config.json#workload plus baseline/external-baselines-20260626/3plus3-baselines/metrics.tsv row=Aster RocksGraph/SF10/all-types-summary	Scope-limited external row. Operation counts, edge-type coverage, API layer, client/server boundary, and percentile aggregation differ from SemL0 W6; do not use for a ranked matched-system figure.
fig1-end-to-end	sf10-scope-limited	external_aster_rocksgraph_fig1	Aster RocksGraph:all-types-summary:disk_total_bytes	Aster RocksGraph		SF10	outgoing_typed_neighbor	all-types-summary				disk_total_bytes	10401409041	bytes	reported_system_summary	external_truth_s50_seed42	PASS	CONTEXT_ONLY_NOT_MATCHED	RERUN	baseline/external-baselines-20260626/3plus3-baselines/metrics.tsv row=Aster RocksGraph/SF10/all-types-summary column=disk_total_bytes	baseline/external-baselines-20260626/3plus3-baselines/run-config.json#workload plus baseline/external-baselines-20260626/3plus3-baselines/metrics.tsv row=Aster RocksGraph/SF10/all-types-summary	Scope-limited external row. Operation counts, edge-type coverage, API layer, client/server boundary, and percentile aggregation differ from SemL0 W6; do not use for a ranked matched-system figure.
fig1-end-to-end	sf10-scope-limited	external_aster_rocksgraph_fig1	Aster RocksGraph:positive-edge-types-summary:query_ops	Aster RocksGraph		SF10	outgoing_typed_neighbor	positive-edge-types-summary				query_ops	850	operations	reported_system_summary	external_truth_s50_seed42	PASS	CONTEXT_ONLY_NOT_MATCHED	RERUN	baseline/external-baselines-20260626/3plus3-baselines/metrics.tsv row=Aster RocksGraph/SF10/positive-edge-types-summary column=ops	baseline/external-baselines-20260626/3plus3-baselines/run-config.json#workload plus baseline/external-baselines-20260626/3plus3-baselines/metrics.tsv row=Aster RocksGraph/SF10/positive-edge-types-summary	Scope-limited external row. Operation counts, edge-type coverage, API layer, client/server boundary, and percentile aggregation differ from SemL0 W6; do not use for a ranked matched-system figure.
fig1-end-to-end	sf10-scope-limited	external_aster_rocksgraph_fig1	Aster RocksGraph:positive-edge-types-summary:avg_latency_us	Aster RocksGraph		SF10	outgoing_typed_neighbor	positive-edge-types-summary				avg_latency_us	564.505	us_per_operation	reported_system_summary	external_truth_s50_seed42	PASS	CONTEXT_ONLY_NOT_MATCHED	RERUN	baseline/external-baselines-20260626/3plus3-baselines/metrics.tsv row=Aster RocksGraph/SF10/positive-edge-types-summary column=avg_us	baseline/external-baselines-20260626/3plus3-baselines/run-config.json#workload plus baseline/external-baselines-20260626/3plus3-baselines/metrics.tsv row=Aster RocksGraph/SF10/positive-edge-types-summary	Scope-limited external row. Operation counts, edge-type coverage, API layer, client/server boundary, and percentile aggregation differ from SemL0 W6; do not use for a ranked matched-system figure.
fig1-end-to-end	sf10-scope-limited	external_aster_rocksgraph_fig1	Aster RocksGraph:positive-edge-types-summary:p50_us	Aster RocksGraph		SF10	outgoing_typed_neighbor	positive-edge-types-summary				p50_us	558.747	us	reported_system_summary	external_truth_s50_seed42	PASS	CONTEXT_ONLY_NOT_MATCHED	RERUN	baseline/external-baselines-20260626/3plus3-baselines/metrics.tsv row=Aster RocksGraph/SF10/positive-edge-types-summary column=p50_us	baseline/external-baselines-20260626/3plus3-baselines/run-config.json#workload plus baseline/external-baselines-20260626/3plus3-baselines/metrics.tsv row=Aster RocksGraph/SF10/positive-edge-types-summary	Scope-limited external row. Operation counts, edge-type coverage, API layer, client/server boundary, and percentile aggregation differ from SemL0 W6; do not use for a ranked matched-system figure.
fig1-end-to-end	sf10-scope-limited	external_aster_rocksgraph_fig1	Aster RocksGraph:positive-edge-types-summary:p90_us	Aster RocksGraph		SF10	outgoing_typed_neighbor	positive-edge-types-summary				p90_us	917.97	us	reported_system_summary	external_truth_s50_seed42	PASS	CONTEXT_ONLY_NOT_MATCHED	RERUN	baseline/external-baselines-20260626/3plus3-baselines/metrics.tsv row=Aster RocksGraph/SF10/positive-edge-types-summary column=p90_us	baseline/external-baselines-20260626/3plus3-baselines/run-config.json#workload plus baseline/external-baselines-20260626/3plus3-baselines/metrics.tsv row=Aster RocksGraph/SF10/positive-edge-types-summary	Scope-limited external row. Operation counts, edge-type coverage, API layer, client/server boundary, and percentile aggregation differ from SemL0 W6; do not use for a ranked matched-system figure.
fig1-end-to-end	sf10-scope-limited	external_aster_rocksgraph_fig1	Aster RocksGraph:positive-edge-types-summary:p99_us	Aster RocksGraph		SF10	outgoing_typed_neighbor	positive-edge-types-summary				p99_us	1123.39	us	reported_system_summary	external_truth_s50_seed42	PASS	CONTEXT_ONLY_NOT_MATCHED	RERUN	baseline/external-baselines-20260626/3plus3-baselines/metrics.tsv row=Aster RocksGraph/SF10/positive-edge-types-summary column=p99_us	baseline/external-baselines-20260626/3plus3-baselines/run-config.json#workload plus baseline/external-baselines-20260626/3plus3-baselines/metrics.tsv row=Aster RocksGraph/SF10/positive-edge-types-summary	Scope-limited external row. Operation counts, edge-type coverage, API layer, client/server boundary, and percentile aggregation differ from SemL0 W6; do not use for a ranked matched-system figure.
fig1-end-to-end	sf10-scope-limited	external_aster_rocksgraph_fig1	Aster RocksGraph:positive-edge-types-summary:load_s	Aster RocksGraph		SF10	outgoing_typed_neighbor	positive-edge-types-summary				load_s	794.261865	seconds	reported_system_summary	external_truth_s50_seed42	PASS	CONTEXT_ONLY_NOT_MATCHED	RERUN	baseline/external-baselines-20260626/3plus3-baselines/metrics.tsv row=Aster RocksGraph/SF10/positive-edge-types-summary column=load_s	baseline/external-baselines-20260626/3plus3-baselines/run-config.json#workload plus baseline/external-baselines-20260626/3plus3-baselines/metrics.tsv row=Aster RocksGraph/SF10/positive-edge-types-summary	Scope-limited external row. Operation counts, edge-type coverage, API layer, client/server boundary, and percentile aggregation differ from SemL0 W6; do not use for a ranked matched-system figure.
fig1-end-to-end	sf10-scope-limited	external_aster_rocksgraph_fig1	Aster RocksGraph:positive-edge-types-summary:peak_rss_kb	Aster RocksGraph		SF10	outgoing_typed_neighbor	positive-edge-types-summary				peak_rss_kb	15621088	kbytes_reported	reported_system_summary	external_truth_s50_seed42	PASS	CONTEXT_ONLY_NOT_MATCHED	RERUN	baseline/external-baselines-20260626/3plus3-baselines/metrics.tsv row=Aster RocksGraph/SF10/positive-edge-types-summary column=peak_rss_kb	baseline/external-baselines-20260626/3plus3-baselines/run-config.json#workload plus baseline/external-baselines-20260626/3plus3-baselines/metrics.tsv row=Aster RocksGraph/SF10/positive-edge-types-summary	Scope-limited external row. Operation counts, edge-type coverage, API layer, client/server boundary, and percentile aggregation differ from SemL0 W6; do not use for a ranked matched-system figure.
fig1-end-to-end	sf10-scope-limited	external_aster_rocksgraph_fig1	Aster RocksGraph:positive-edge-types-summary:disk_total_bytes	Aster RocksGraph		SF10	outgoing_typed_neighbor	positive-edge-types-summary				disk_total_bytes	10401409041	bytes	reported_system_summary	external_truth_s50_seed42	PASS	CONTEXT_ONLY_NOT_MATCHED	RERUN	baseline/external-baselines-20260626/3plus3-baselines/metrics.tsv row=Aster RocksGraph/SF10/positive-edge-types-summary column=disk_total_bytes	baseline/external-baselines-20260626/3plus3-baselines/run-config.json#workload plus baseline/external-baselines-20260626/3plus3-baselines/metrics.tsv row=Aster RocksGraph/SF10/positive-edge-types-summary	Scope-limited external row. Operation counts, edge-type coverage, API layer, client/server boundary, and percentile aggregation differ from SemL0 W6; do not use for a ranked matched-system figure.
fig1-end-to-end	sf10-scope-limited	external_aster_rocksgraph_fig1	Aster RocksGraph:negative-edge-types-summary:query_ops	Aster RocksGraph		SF10	outgoing_typed_neighbor	negative-edge-types-summary				query_ops	850	operations	reported_system_summary	external_truth_s50_seed42	PASS	CONTEXT_ONLY_NOT_MATCHED	RERUN	baseline/external-baselines-20260626/3plus3-baselines/metrics.tsv row=Aster RocksGraph/SF10/negative-edge-types-summary column=ops	baseline/external-baselines-20260626/3plus3-baselines/run-config.json#workload plus baseline/external-baselines-20260626/3plus3-baselines/metrics.tsv row=Aster RocksGraph/SF10/negative-edge-types-summary	Scope-limited external row. Operation counts, edge-type coverage, API layer, client/server boundary, and percentile aggregation differ from SemL0 W6; do not use for a ranked matched-system figure.
fig1-end-to-end	sf10-scope-limited	external_aster_rocksgraph_fig1	Aster RocksGraph:negative-edge-types-summary:avg_latency_us	Aster RocksGraph		SF10	outgoing_typed_neighbor	negative-edge-types-summary				avg_latency_us	2252.04	us_per_operation	reported_system_summary	external_truth_s50_seed42	PASS	CONTEXT_ONLY_NOT_MATCHED	RERUN	baseline/external-baselines-20260626/3plus3-baselines/metrics.tsv row=Aster RocksGraph/SF10/negative-edge-types-summary column=avg_us	baseline/external-baselines-20260626/3plus3-baselines/run-config.json#workload plus baseline/external-baselines-20260626/3plus3-baselines/metrics.tsv row=Aster RocksGraph/SF10/negative-edge-types-summary	Scope-limited external row. Operation counts, edge-type coverage, API layer, client/server boundary, and percentile aggregation differ from SemL0 W6; do not use for a ranked matched-system figure.
fig1-end-to-end	sf10-scope-limited	external_aster_rocksgraph_fig1	Aster RocksGraph:negative-edge-types-summary:p50_us	Aster RocksGraph		SF10	outgoing_typed_neighbor	negative-edge-types-summary				p50_us	710.325	us	reported_system_summary	external_truth_s50_seed42	PASS	CONTEXT_ONLY_NOT_MATCHED	RERUN	baseline/external-baselines-20260626/3plus3-baselines/metrics.tsv row=Aster RocksGraph/SF10/negative-edge-types-summary column=p50_us	baseline/external-baselines-20260626/3plus3-baselines/run-config.json#workload plus baseline/external-baselines-20260626/3plus3-baselines/metrics.tsv row=Aster RocksGraph/SF10/negative-edge-types-summary	Scope-limited external row. Operation counts, edge-type coverage, API layer, client/server boundary, and percentile aggregation differ from SemL0 W6; do not use for a ranked matched-system figure.
fig1-end-to-end	sf10-scope-limited	external_aster_rocksgraph_fig1	Aster RocksGraph:negative-edge-types-summary:p90_us	Aster RocksGraph		SF10	outgoing_typed_neighbor	negative-edge-types-summary				p90_us	1782.86	us	reported_system_summary	external_truth_s50_seed42	PASS	CONTEXT_ONLY_NOT_MATCHED	RERUN	baseline/external-baselines-20260626/3plus3-baselines/metrics.tsv row=Aster RocksGraph/SF10/negative-edge-types-summary column=p90_us	baseline/external-baselines-20260626/3plus3-baselines/run-config.json#workload plus baseline/external-baselines-20260626/3plus3-baselines/metrics.tsv row=Aster RocksGraph/SF10/negative-edge-types-summary	Scope-limited external row. Operation counts, edge-type coverage, API layer, client/server boundary, and percentile aggregation differ from SemL0 W6; do not use for a ranked matched-system figure.
fig1-end-to-end	sf10-scope-limited	external_aster_rocksgraph_fig1	Aster RocksGraph:negative-edge-types-summary:p99_us	Aster RocksGraph		SF10	outgoing_typed_neighbor	negative-edge-types-summary				p99_us	65524.1	us	reported_system_summary	external_truth_s50_seed42	PASS	CONTEXT_ONLY_NOT_MATCHED	RERUN	baseline/external-baselines-20260626/3plus3-baselines/metrics.tsv row=Aster RocksGraph/SF10/negative-edge-types-summary column=p99_us	baseline/external-baselines-20260626/3plus3-baselines/run-config.json#workload plus baseline/external-baselines-20260626/3plus3-baselines/metrics.tsv row=Aster RocksGraph/SF10/negative-edge-types-summary	Scope-limited external row. Operation counts, edge-type coverage, API layer, client/server boundary, and percentile aggregation differ from SemL0 W6; do not use for a ranked matched-system figure.
fig1-end-to-end	sf10-scope-limited	external_aster_rocksgraph_fig1	Aster RocksGraph:negative-edge-types-summary:load_s	Aster RocksGraph		SF10	outgoing_typed_neighbor	negative-edge-types-summary				load_s	794.261865	seconds	reported_system_summary	external_truth_s50_seed42	PASS	CONTEXT_ONLY_NOT_MATCHED	RERUN	baseline/external-baselines-20260626/3plus3-baselines/metrics.tsv row=Aster RocksGraph/SF10/negative-edge-types-summary column=load_s	baseline/external-baselines-20260626/3plus3-baselines/run-config.json#workload plus baseline/external-baselines-20260626/3plus3-baselines/metrics.tsv row=Aster RocksGraph/SF10/negative-edge-types-summary	Scope-limited external row. Operation counts, edge-type coverage, API layer, client/server boundary, and percentile aggregation differ from SemL0 W6; do not use for a ranked matched-system figure.
fig1-end-to-end	sf10-scope-limited	external_aster_rocksgraph_fig1	Aster RocksGraph:negative-edge-types-summary:peak_rss_kb	Aster RocksGraph		SF10	outgoing_typed_neighbor	negative-edge-types-summary				peak_rss_kb	15621088	kbytes_reported	reported_system_summary	external_truth_s50_seed42	PASS	CONTEXT_ONLY_NOT_MATCHED	RERUN	baseline/external-baselines-20260626/3plus3-baselines/metrics.tsv row=Aster RocksGraph/SF10/negative-edge-types-summary column=peak_rss_kb	baseline/external-baselines-20260626/3plus3-baselines/run-config.json#workload plus baseline/external-baselines-20260626/3plus3-baselines/metrics.tsv row=Aster RocksGraph/SF10/negative-edge-types-summary	Scope-limited external row. Operation counts, edge-type coverage, API layer, client/server boundary, and percentile aggregation differ from SemL0 W6; do not use for a ranked matched-system figure.
fig1-end-to-end	sf10-scope-limited	external_aster_rocksgraph_fig1	Aster RocksGraph:negative-edge-types-summary:disk_total_bytes	Aster RocksGraph		SF10	outgoing_typed_neighbor	negative-edge-types-summary				disk_total_bytes	10401409041	bytes	reported_system_summary	external_truth_s50_seed42	PASS	CONTEXT_ONLY_NOT_MATCHED	RERUN	baseline/external-baselines-20260626/3plus3-baselines/metrics.tsv row=Aster RocksGraph/SF10/negative-edge-types-summary column=disk_total_bytes	baseline/external-baselines-20260626/3plus3-baselines/run-config.json#workload plus baseline/external-baselines-20260626/3plus3-baselines/metrics.tsv row=Aster RocksGraph/SF10/negative-edge-types-summary	Scope-limited external row. Operation counts, edge-type coverage, API layer, client/server boundary, and percentile aggregation differ from SemL0 W6; do not use for a ranked matched-system figure.
fig1-end-to-end	sf10-scope-limited	external_neo4j_community_fig1	Neo4j Community:all-types-summary:query_ops	Neo4j Community		SF10	outgoing_typed_neighbor	all-types-summary				query_ops	1700	operations	reported_system_summary	external_truth_s50_seed42	PASS	CONTEXT_ONLY_NOT_MATCHED	RERUN	baseline/external-baselines-20260626/3plus3-baselines/metrics.tsv row=Neo4j Community/SF10/all-types-summary column=ops	baseline/external-baselines-20260626/3plus3-baselines/run-config.json#workload plus baseline/external-baselines-20260626/3plus3-baselines/metrics.tsv row=Neo4j Community/SF10/all-types-summary	Scope-limited external row. Operation counts, edge-type coverage, API layer, client/server boundary, and percentile aggregation differ from SemL0 W6; do not use for a ranked matched-system figure.
fig1-end-to-end	sf10-scope-limited	external_neo4j_community_fig1	Neo4j Community:all-types-summary:avg_latency_us	Neo4j Community		SF10	outgoing_typed_neighbor	all-types-summary				avg_latency_us	1974806.0859911756	us_per_operation	reported_system_summary	external_truth_s50_seed42	PASS	CONTEXT_ONLY_NOT_MATCHED	RERUN	baseline/external-baselines-20260626/3plus3-baselines/metrics.tsv row=Neo4j Community/SF10/all-types-summary column=avg_us	baseline/external-baselines-20260626/3plus3-baselines/run-config.json#workload plus baseline/external-baselines-20260626/3plus3-baselines/metrics.tsv row=Neo4j Community/SF10/all-types-summary	Scope-limited external row. Operation counts, edge-type coverage, API layer, client/server boundary, and percentile aggregation differ from SemL0 W6; do not use for a ranked matched-system figure.
fig1-end-to-end	sf10-scope-limited	external_neo4j_community_fig1	Neo4j Community:all-types-summary:p50_us	Neo4j Community		SF10	outgoing_typed_neighbor	all-types-summary				p50_us	3442.775	us	reported_system_summary	external_truth_s50_seed42	PASS	CONTEXT_ONLY_NOT_MATCHED	RERUN	baseline/external-baselines-20260626/3plus3-baselines/metrics.tsv row=Neo4j Community/SF10/all-types-summary column=p50_us	baseline/external-baselines-20260626/3plus3-baselines/run-config.json#workload plus baseline/external-baselines-20260626/3plus3-baselines/metrics.tsv row=Neo4j Community/SF10/all-types-summary	Scope-limited external row. Operation counts, edge-type coverage, API layer, client/server boundary, and percentile aggregation differ from SemL0 W6; do not use for a ranked matched-system figure.
fig1-end-to-end	sf10-scope-limited	external_neo4j_community_fig1	Neo4j Community:all-types-summary:p90_us	Neo4j Community		SF10	outgoing_typed_neighbor	all-types-summary				p90_us	70662.558	us	reported_system_summary	external_truth_s50_seed42	PASS	CONTEXT_ONLY_NOT_MATCHED	RERUN	baseline/external-baselines-20260626/3plus3-baselines/metrics.tsv row=Neo4j Community/SF10/all-types-summary column=p90_us	baseline/external-baselines-20260626/3plus3-baselines/run-config.json#workload plus baseline/external-baselines-20260626/3plus3-baselines/metrics.tsv row=Neo4j Community/SF10/all-types-summary	Scope-limited external row. Operation counts, edge-type coverage, API layer, client/server boundary, and percentile aggregation differ from SemL0 W6; do not use for a ranked matched-system figure.
fig1-end-to-end	sf10-scope-limited	external_neo4j_community_fig1	Neo4j Community:all-types-summary:p99_us	Neo4j Community		SF10	outgoing_typed_neighbor	all-types-summary				p99_us	34522340.128	us	reported_system_summary	external_truth_s50_seed42	PASS	CONTEXT_ONLY_NOT_MATCHED	RERUN	baseline/external-baselines-20260626/3plus3-baselines/metrics.tsv row=Neo4j Community/SF10/all-types-summary column=p99_us	baseline/external-baselines-20260626/3plus3-baselines/run-config.json#workload plus baseline/external-baselines-20260626/3plus3-baselines/metrics.tsv row=Neo4j Community/SF10/all-types-summary	Scope-limited external row. Operation counts, edge-type coverage, API layer, client/server boundary, and percentile aggregation differ from SemL0 W6; do not use for a ranked matched-system figure.
fig1-end-to-end	sf10-scope-limited	external_neo4j_community_fig1	Neo4j Community:all-types-summary:load_s	Neo4j Community		SF10	outgoing_typed_neighbor	all-types-summary				load_s	216.84547472000122	seconds	reported_system_summary	external_truth_s50_seed42	PASS	CONTEXT_ONLY_NOT_MATCHED	RERUN	baseline/external-baselines-20260626/3plus3-baselines/metrics.tsv row=Neo4j Community/SF10/all-types-summary column=load_s	baseline/external-baselines-20260626/3plus3-baselines/run-config.json#workload plus baseline/external-baselines-20260626/3plus3-baselines/metrics.tsv row=Neo4j Community/SF10/all-types-summary	Scope-limited external row. Operation counts, edge-type coverage, API layer, client/server boundary, and percentile aggregation differ from SemL0 W6; do not use for a ranked matched-system figure.
fig1-end-to-end	sf10-scope-limited	external_neo4j_community_fig1	Neo4j Community:all-types-summary:disk_total_bytes	Neo4j Community		SF10	outgoing_typed_neighbor	all-types-summary				disk_total_bytes	16664449041	bytes	reported_system_summary	external_truth_s50_seed42	PASS	CONTEXT_ONLY_NOT_MATCHED	RERUN	baseline/external-baselines-20260626/3plus3-baselines/metrics.tsv row=Neo4j Community/SF10/all-types-summary column=disk_total_bytes	baseline/external-baselines-20260626/3plus3-baselines/run-config.json#workload plus baseline/external-baselines-20260626/3plus3-baselines/metrics.tsv row=Neo4j Community/SF10/all-types-summary	Scope-limited external row. Operation counts, edge-type coverage, API layer, client/server boundary, and percentile aggregation differ from SemL0 W6; do not use for a ranked matched-system figure.
fig1-end-to-end	sf10-scope-limited	external_neo4j_community_fig1	Neo4j Community:positive-edge-types-summary:query_ops	Neo4j Community		SF10	outgoing_typed_neighbor	positive-edge-types-summary				query_ops	850	operations	reported_system_summary	external_truth_s50_seed42	PASS	CONTEXT_ONLY_NOT_MATCHED	RERUN	baseline/external-baselines-20260626/3plus3-baselines/metrics.tsv row=Neo4j Community/SF10/positive-edge-types-summary column=ops	baseline/external-baselines-20260626/3plus3-baselines/run-config.json#workload plus baseline/external-baselines-20260626/3plus3-baselines/metrics.tsv row=Neo4j Community/SF10/positive-edge-types-summary	Scope-limited external row. Operation counts, edge-type coverage, API layer, client/server boundary, and percentile aggregation differ from SemL0 W6; do not use for a ranked matched-system figure.
fig1-end-to-end	sf10-scope-limited	external_neo4j_community_fig1	Neo4j Community:positive-edge-types-summary:avg_latency_us	Neo4j Community		SF10	outgoing_typed_neighbor	positive-edge-types-summary				avg_latency_us	6444.488203529413	us_per_operation	reported_system_summary	external_truth_s50_seed42	PASS	CONTEXT_ONLY_NOT_MATCHED	RERUN	baseline/external-baselines-20260626/3plus3-baselines/metrics.tsv row=Neo4j Community/SF10/positive-edge-types-summary column=avg_us	baseline/external-baselines-20260626/3plus3-baselines/run-config.json#workload plus baseline/external-baselines-20260626/3plus3-baselines/metrics.tsv row=Neo4j Community/SF10/positive-edge-types-summary	Scope-limited external row. Operation counts, edge-type coverage, API layer, client/server boundary, and percentile aggregation differ from SemL0 W6; do not use for a ranked matched-system figure.
fig1-end-to-end	sf10-scope-limited	external_neo4j_community_fig1	Neo4j Community:positive-edge-types-summary:p50_us	Neo4j Community		SF10	outgoing_typed_neighbor	positive-edge-types-summary				p50_us	1459.891	us	reported_system_summary	external_truth_s50_seed42	PASS	CONTEXT_ONLY_NOT_MATCHED	RERUN	baseline/external-baselines-20260626/3plus3-baselines/metrics.tsv row=Neo4j Community/SF10/positive-edge-types-summary column=p50_us	baseline/external-baselines-20260626/3plus3-baselines/run-config.json#workload plus baseline/external-baselines-20260626/3plus3-baselines/metrics.tsv row=Neo4j Community/SF10/positive-edge-types-summary	Scope-limited external row. Operation counts, edge-type coverage, API layer, client/server boundary, and percentile aggregation differ from SemL0 W6; do not use for a ranked matched-system figure.
fig1-end-to-end	sf10-scope-limited	external_neo4j_community_fig1	Neo4j Community:positive-edge-types-summary:p90_us	Neo4j Community		SF10	outgoing_typed_neighbor	positive-edge-types-summary				p90_us	15364.28	us	reported_system_summary	external_truth_s50_seed42	PASS	CONTEXT_ONLY_NOT_MATCHED	RERUN	baseline/external-baselines-20260626/3plus3-baselines/metrics.tsv row=Neo4j Community/SF10/positive-edge-types-summary column=p90_us	baseline/external-baselines-20260626/3plus3-baselines/run-config.json#workload plus baseline/external-baselines-20260626/3plus3-baselines/metrics.tsv row=Neo4j Community/SF10/positive-edge-types-summary	Scope-limited external row. Operation counts, edge-type coverage, API layer, client/server boundary, and percentile aggregation differ from SemL0 W6; do not use for a ranked matched-system figure.
fig1-end-to-end	sf10-scope-limited	external_neo4j_community_fig1	Neo4j Community:positive-edge-types-summary:p99_us	Neo4j Community		SF10	outgoing_typed_neighbor	positive-edge-types-summary				p99_us	70333.282	us	reported_system_summary	external_truth_s50_seed42	PASS	CONTEXT_ONLY_NOT_MATCHED	RERUN	baseline/external-baselines-20260626/3plus3-baselines/metrics.tsv row=Neo4j Community/SF10/positive-edge-types-summary column=p99_us	baseline/external-baselines-20260626/3plus3-baselines/run-config.json#workload plus baseline/external-baselines-20260626/3plus3-baselines/metrics.tsv row=Neo4j Community/SF10/positive-edge-types-summary	Scope-limited external row. Operation counts, edge-type coverage, API layer, client/server boundary, and percentile aggregation differ from SemL0 W6; do not use for a ranked matched-system figure.
fig1-end-to-end	sf10-scope-limited	external_neo4j_community_fig1	Neo4j Community:positive-edge-types-summary:load_s	Neo4j Community		SF10	outgoing_typed_neighbor	positive-edge-types-summary				load_s	216.84547472000122	seconds	reported_system_summary	external_truth_s50_seed42	PASS	CONTEXT_ONLY_NOT_MATCHED	RERUN	baseline/external-baselines-20260626/3plus3-baselines/metrics.tsv row=Neo4j Community/SF10/positive-edge-types-summary column=load_s	baseline/external-baselines-20260626/3plus3-baselines/run-config.json#workload plus baseline/external-baselines-20260626/3plus3-baselines/metrics.tsv row=Neo4j Community/SF10/positive-edge-types-summary	Scope-limited external row. Operation counts, edge-type coverage, API layer, client/server boundary, and percentile aggregation differ from SemL0 W6; do not use for a ranked matched-system figure.
fig1-end-to-end	sf10-scope-limited	external_neo4j_community_fig1	Neo4j Community:positive-edge-types-summary:disk_total_bytes	Neo4j Community		SF10	outgoing_typed_neighbor	positive-edge-types-summary				disk_total_bytes	16664449041	bytes	reported_system_summary	external_truth_s50_seed42	PASS	CONTEXT_ONLY_NOT_MATCHED	RERUN	baseline/external-baselines-20260626/3plus3-baselines/metrics.tsv row=Neo4j Community/SF10/positive-edge-types-summary column=disk_total_bytes	baseline/external-baselines-20260626/3plus3-baselines/run-config.json#workload plus baseline/external-baselines-20260626/3plus3-baselines/metrics.tsv row=Neo4j Community/SF10/positive-edge-types-summary	Scope-limited external row. Operation counts, edge-type coverage, API layer, client/server boundary, and percentile aggregation differ from SemL0 W6; do not use for a ranked matched-system figure.
fig1-end-to-end	sf10-scope-limited	external_neo4j_community_fig1	Neo4j Community:negative-edge-types-summary:query_ops	Neo4j Community		SF10	outgoing_typed_neighbor	negative-edge-types-summary				query_ops	850	operations	reported_system_summary	external_truth_s50_seed42	PASS	CONTEXT_ONLY_NOT_MATCHED	RERUN	baseline/external-baselines-20260626/3plus3-baselines/metrics.tsv row=Neo4j Community/SF10/negative-edge-types-summary column=ops	baseline/external-baselines-20260626/3plus3-baselines/run-config.json#workload plus baseline/external-baselines-20260626/3plus3-baselines/metrics.tsv row=Neo4j Community/SF10/negative-edge-types-summary	Scope-limited external row. Operation counts, edge-type coverage, API layer, client/server boundary, and percentile aggregation differ from SemL0 W6; do not use for a ranked matched-system figure.
fig1-end-to-end	sf10-scope-limited	external_neo4j_community_fig1	Neo4j Community:negative-edge-types-summary:avg_latency_us	Neo4j Community		SF10	outgoing_typed_neighbor	negative-edge-types-summary				avg_latency_us	3943167.6837788224	us_per_operation	reported_system_summary	external_truth_s50_seed42	PASS	CONTEXT_ONLY_NOT_MATCHED	RERUN	baseline/external-baselines-20260626/3plus3-baselines/metrics.tsv row=Neo4j Community/SF10/negative-edge-types-summary column=avg_us	baseline/external-baselines-20260626/3plus3-baselines/run-config.json#workload plus baseline/external-baselines-20260626/3plus3-baselines/metrics.tsv row=Neo4j Community/SF10/negative-edge-types-summary	Scope-limited external row. Operation counts, edge-type coverage, API layer, client/server boundary, and percentile aggregation differ from SemL0 W6; do not use for a ranked matched-system figure.
fig1-end-to-end	sf10-scope-limited	external_neo4j_community_fig1	Neo4j Community:negative-edge-types-summary:p50_us	Neo4j Community		SF10	outgoing_typed_neighbor	negative-edge-types-summary				p50_us	8292.575	us	reported_system_summary	external_truth_s50_seed42	PASS	CONTEXT_ONLY_NOT_MATCHED	RERUN	baseline/external-baselines-20260626/3plus3-baselines/metrics.tsv row=Neo4j Community/SF10/negative-edge-types-summary column=p50_us	baseline/external-baselines-20260626/3plus3-baselines/run-config.json#workload plus baseline/external-baselines-20260626/3plus3-baselines/metrics.tsv row=Neo4j Community/SF10/negative-edge-types-summary	Scope-limited external row. Operation counts, edge-type coverage, API layer, client/server boundary, and percentile aggregation differ from SemL0 W6; do not use for a ranked matched-system figure.
fig1-end-to-end	sf10-scope-limited	external_neo4j_community_fig1	Neo4j Community:negative-edge-types-summary:p90_us	Neo4j Community		SF10	outgoing_typed_neighbor	negative-edge-types-summary				p90_us	307835.191	us	reported_system_summary	external_truth_s50_seed42	PASS	CONTEXT_ONLY_NOT_MATCHED	RERUN	baseline/external-baselines-20260626/3plus3-baselines/metrics.tsv row=Neo4j Community/SF10/negative-edge-types-summary column=p90_us	baseline/external-baselines-20260626/3plus3-baselines/run-config.json#workload plus baseline/external-baselines-20260626/3plus3-baselines/metrics.tsv row=Neo4j Community/SF10/negative-edge-types-summary	Scope-limited external row. Operation counts, edge-type coverage, API layer, client/server boundary, and percentile aggregation differ from SemL0 W6; do not use for a ranked matched-system figure.
fig1-end-to-end	sf10-scope-limited	external_neo4j_community_fig1	Neo4j Community:negative-edge-types-summary:p99_us	Neo4j Community		SF10	outgoing_typed_neighbor	negative-edge-types-summary				p99_us	166537341.706	us	reported_system_summary	external_truth_s50_seed42	PASS	CONTEXT_ONLY_NOT_MATCHED	RERUN	baseline/external-baselines-20260626/3plus3-baselines/metrics.tsv row=Neo4j Community/SF10/negative-edge-types-summary column=p99_us	baseline/external-baselines-20260626/3plus3-baselines/run-config.json#workload plus baseline/external-baselines-20260626/3plus3-baselines/metrics.tsv row=Neo4j Community/SF10/negative-edge-types-summary	Scope-limited external row. Operation counts, edge-type coverage, API layer, client/server boundary, and percentile aggregation differ from SemL0 W6; do not use for a ranked matched-system figure.
fig1-end-to-end	sf10-scope-limited	external_neo4j_community_fig1	Neo4j Community:negative-edge-types-summary:load_s	Neo4j Community		SF10	outgoing_typed_neighbor	negative-edge-types-summary				load_s	216.84547472000122	seconds	reported_system_summary	external_truth_s50_seed42	PASS	CONTEXT_ONLY_NOT_MATCHED	RERUN	baseline/external-baselines-20260626/3plus3-baselines/metrics.tsv row=Neo4j Community/SF10/negative-edge-types-summary column=load_s	baseline/external-baselines-20260626/3plus3-baselines/run-config.json#workload plus baseline/external-baselines-20260626/3plus3-baselines/metrics.tsv row=Neo4j Community/SF10/negative-edge-types-summary	Scope-limited external row. Operation counts, edge-type coverage, API layer, client/server boundary, and percentile aggregation differ from SemL0 W6; do not use for a ranked matched-system figure.
fig1-end-to-end	sf10-scope-limited	external_neo4j_community_fig1	Neo4j Community:negative-edge-types-summary:disk_total_bytes	Neo4j Community		SF10	outgoing_typed_neighbor	negative-edge-types-summary				disk_total_bytes	16664449041	bytes	reported_system_summary	external_truth_s50_seed42	PASS	CONTEXT_ONLY_NOT_MATCHED	RERUN	baseline/external-baselines-20260626/3plus3-baselines/metrics.tsv row=Neo4j Community/SF10/negative-edge-types-summary column=disk_total_bytes	baseline/external-baselines-20260626/3plus3-baselines/run-config.json#workload plus baseline/external-baselines-20260626/3plus3-baselines/metrics.tsv row=Neo4j Community/SF10/negative-edge-types-summary	Scope-limited external row. Operation counts, edge-type coverage, API layer, client/server boundary, and percentile aggregation differ from SemL0 W6; do not use for a ranked matched-system figure.
fig1-end-to-end	sf10-scope-limited	external_tugraph_fig1	TuGraph:all-types-summary:query_ops	TuGraph		SF10	outgoing_typed_neighbor	all-types-summary				query_ops	1700	operations	reported_system_summary	external_truth_s50_seed42	PASS	CONTEXT_ONLY_NOT_MATCHED	RERUN	baseline/external-baselines-20260626/3plus3-baselines/metrics.tsv row=TuGraph/SF10/all-types-summary column=ops	baseline/external-baselines-20260626/3plus3-baselines/run-config.json#workload plus baseline/external-baselines-20260626/3plus3-baselines/metrics.tsv row=TuGraph/SF10/all-types-summary	Scope-limited external row. Operation counts, edge-type coverage, API layer, client/server boundary, and percentile aggregation differ from SemL0 W6; do not use for a ranked matched-system figure.
fig1-end-to-end	sf10-scope-limited	external_tugraph_fig1	TuGraph:all-types-summary:avg_latency_us	TuGraph		SF10	outgoing_typed_neighbor	all-types-summary				avg_latency_us	3775.45	us_per_operation	reported_system_summary	external_truth_s50_seed42	PASS	CONTEXT_ONLY_NOT_MATCHED	RERUN	baseline/external-baselines-20260626/3plus3-baselines/metrics.tsv row=TuGraph/SF10/all-types-summary column=avg_us	baseline/external-baselines-20260626/3plus3-baselines/run-config.json#workload plus baseline/external-baselines-20260626/3plus3-baselines/metrics.tsv row=TuGraph/SF10/all-types-summary	Scope-limited external row. Operation counts, edge-type coverage, API layer, client/server boundary, and percentile aggregation differ from SemL0 W6; do not use for a ranked matched-system figure.
fig1-end-to-end	sf10-scope-limited	external_tugraph_fig1	TuGraph:all-types-summary:p50_us	TuGraph		SF10	outgoing_typed_neighbor	all-types-summary				p50_us	12.63	us	reported_system_summary	external_truth_s50_seed42	PASS	CONTEXT_ONLY_NOT_MATCHED	RERUN	baseline/external-baselines-20260626/3plus3-baselines/metrics.tsv row=TuGraph/SF10/all-types-summary column=p50_us	baseline/external-baselines-20260626/3plus3-baselines/run-config.json#workload plus baseline/external-baselines-20260626/3plus3-baselines/metrics.tsv row=TuGraph/SF10/all-types-summary	Scope-limited external row. Operation counts, edge-type coverage, API layer, client/server boundary, and percentile aggregation differ from SemL0 W6; do not use for a ranked matched-system figure.
fig1-end-to-end	sf10-scope-limited	external_tugraph_fig1	TuGraph:all-types-summary:p90_us	TuGraph		SF10	outgoing_typed_neighbor	all-types-summary				p90_us	633.49	us	reported_system_summary	external_truth_s50_seed42	PASS	CONTEXT_ONLY_NOT_MATCHED	RERUN	baseline/external-baselines-20260626/3plus3-baselines/metrics.tsv row=TuGraph/SF10/all-types-summary column=p90_us	baseline/external-baselines-20260626/3plus3-baselines/run-config.json#workload plus baseline/external-baselines-20260626/3plus3-baselines/metrics.tsv row=TuGraph/SF10/all-types-summary	Scope-limited external row. Operation counts, edge-type coverage, API layer, client/server boundary, and percentile aggregation differ from SemL0 W6; do not use for a ranked matched-system figure.
fig1-end-to-end	sf10-scope-limited	external_tugraph_fig1	TuGraph:all-types-summary:p99_us	TuGraph		SF10	outgoing_typed_neighbor	all-types-summary				p99_us	158870	us	reported_system_summary	external_truth_s50_seed42	PASS	CONTEXT_ONLY_NOT_MATCHED	RERUN	baseline/external-baselines-20260626/3plus3-baselines/metrics.tsv row=TuGraph/SF10/all-types-summary column=p99_us	baseline/external-baselines-20260626/3plus3-baselines/run-config.json#workload plus baseline/external-baselines-20260626/3plus3-baselines/metrics.tsv row=TuGraph/SF10/all-types-summary	Scope-limited external row. Operation counts, edge-type coverage, API layer, client/server boundary, and percentile aggregation differ from SemL0 W6; do not use for a ranked matched-system figure.
fig1-end-to-end	sf10-scope-limited	external_tugraph_fig1	TuGraph:all-types-summary:load_s	TuGraph		SF10	outgoing_typed_neighbor	all-types-summary				load_s	3939.95	seconds	reported_system_summary	external_truth_s50_seed42	PASS	CONTEXT_ONLY_NOT_MATCHED	RERUN	baseline/external-baselines-20260626/3plus3-baselines/metrics.tsv row=TuGraph/SF10/all-types-summary column=load_s	baseline/external-baselines-20260626/3plus3-baselines/run-config.json#workload plus baseline/external-baselines-20260626/3plus3-baselines/metrics.tsv row=TuGraph/SF10/all-types-summary	Scope-limited external row. Operation counts, edge-type coverage, API layer, client/server boundary, and percentile aggregation differ from SemL0 W6; do not use for a ranked matched-system figure.
fig1-end-to-end	sf10-scope-limited	external_tugraph_fig1	TuGraph:all-types-summary:peak_rss_kb	TuGraph		SF10	outgoing_typed_neighbor	all-types-summary				peak_rss_kb	14697508	kbytes_reported	reported_system_summary	external_truth_s50_seed42	PASS	CONTEXT_ONLY_NOT_MATCHED	RERUN	baseline/external-baselines-20260626/3plus3-baselines/metrics.tsv row=TuGraph/SF10/all-types-summary column=peak_rss_kb	baseline/external-baselines-20260626/3plus3-baselines/run-config.json#workload plus baseline/external-baselines-20260626/3plus3-baselines/metrics.tsv row=TuGraph/SF10/all-types-summary	Scope-limited external row. Operation counts, edge-type coverage, API layer, client/server boundary, and percentile aggregation differ from SemL0 W6; do not use for a ranked matched-system figure.
fig1-end-to-end	sf10-scope-limited	external_tugraph_fig1	TuGraph:all-types-summary:disk_total_bytes	TuGraph		SF10	outgoing_typed_neighbor	all-types-summary				disk_total_bytes	14960539904	bytes	reported_system_summary	external_truth_s50_seed42	PASS	CONTEXT_ONLY_NOT_MATCHED	RERUN	baseline/external-baselines-20260626/3plus3-baselines/metrics.tsv row=TuGraph/SF10/all-types-summary column=disk_total_bytes	baseline/external-baselines-20260626/3plus3-baselines/run-config.json#workload plus baseline/external-baselines-20260626/3plus3-baselines/metrics.tsv row=TuGraph/SF10/all-types-summary	Scope-limited external row. Operation counts, edge-type coverage, API layer, client/server boundary, and percentile aggregation differ from SemL0 W6; do not use for a ranked matched-system figure.
fig1-end-to-end	sf10-scope-limited	external_nebulagraph_fig1	NebulaGraph:all-types-summary:query_ops	NebulaGraph		SF10	outgoing_typed_neighbor	all-types-summary				query_ops	1700	operations	reported_system_summary	external_truth_s50_seed42	PASS	CONTEXT_ONLY_NOT_MATCHED	RERUN	baseline/external-baselines-20260626/3plus3-baselines/metrics.tsv row=NebulaGraph/SF10/all-types-summary column=ops	baseline/external-baselines-20260626/3plus3-baselines/run-config.json#workload plus baseline/external-baselines-20260626/3plus3-baselines/metrics.tsv row=NebulaGraph/SF10/all-types-summary	Scope-limited external row. Operation counts, edge-type coverage, API layer, client/server boundary, and percentile aggregation differ from SemL0 W6; do not use for a ranked matched-system figure.
fig1-end-to-end	sf10-scope-limited	external_nebulagraph_fig1	NebulaGraph:all-types-summary:avg_latency_us	NebulaGraph		SF10	outgoing_typed_neighbor	all-types-summary				avg_latency_us	744146.6177941178	us_per_operation	reported_system_summary	external_truth_s50_seed42	PASS	CONTEXT_ONLY_NOT_MATCHED	RERUN	baseline/external-baselines-20260626/3plus3-baselines/metrics.tsv row=NebulaGraph/SF10/all-types-summary column=avg_us	baseline/external-baselines-20260626/3plus3-baselines/run-config.json#workload plus baseline/external-baselines-20260626/3plus3-baselines/metrics.tsv row=NebulaGraph/SF10/all-types-summary	Scope-limited external row. Operation counts, edge-type coverage, API layer, client/server boundary, and percentile aggregation differ from SemL0 W6; do not use for a ranked matched-system figure.
fig1-end-to-end	sf10-scope-limited	external_nebulagraph_fig1	NebulaGraph:all-types-summary:p50_us	NebulaGraph		SF10	outgoing_typed_neighbor	all-types-summary				p50_us	741.524	us	reported_system_summary	external_truth_s50_seed42	PASS	CONTEXT_ONLY_NOT_MATCHED	RERUN	baseline/external-baselines-20260626/3plus3-baselines/metrics.tsv row=NebulaGraph/SF10/all-types-summary column=p50_us	baseline/external-baselines-20260626/3plus3-baselines/run-config.json#workload plus baseline/external-baselines-20260626/3plus3-baselines/metrics.tsv row=NebulaGraph/SF10/all-types-summary	Scope-limited external row. Operation counts, edge-type coverage, API layer, client/server boundary, and percentile aggregation differ from SemL0 W6; do not use for a ranked matched-system figure.
fig1-end-to-end	sf10-scope-limited	external_nebulagraph_fig1	NebulaGraph:all-types-summary:p90_us	NebulaGraph		SF10	outgoing_typed_neighbor	all-types-summary				p90_us	20218.339	us	reported_system_summary	external_truth_s50_seed42	PASS	CONTEXT_ONLY_NOT_MATCHED	RERUN	baseline/external-baselines-20260626/3plus3-baselines/metrics.tsv row=NebulaGraph/SF10/all-types-summary column=p90_us	baseline/external-baselines-20260626/3plus3-baselines/run-config.json#workload plus baseline/external-baselines-20260626/3plus3-baselines/metrics.tsv row=NebulaGraph/SF10/all-types-summary	Scope-limited external row. Operation counts, edge-type coverage, API layer, client/server boundary, and percentile aggregation differ from SemL0 W6; do not use for a ranked matched-system figure.
fig1-end-to-end	sf10-scope-limited	external_nebulagraph_fig1	NebulaGraph:all-types-summary:p99_us	NebulaGraph		SF10	outgoing_typed_neighbor	all-types-summary				p99_us	14228169.276	us	reported_system_summary	external_truth_s50_seed42	PASS	CONTEXT_ONLY_NOT_MATCHED	RERUN	baseline/external-baselines-20260626/3plus3-baselines/metrics.tsv row=NebulaGraph/SF10/all-types-summary column=p99_us	baseline/external-baselines-20260626/3plus3-baselines/run-config.json#workload plus baseline/external-baselines-20260626/3plus3-baselines/metrics.tsv row=NebulaGraph/SF10/all-types-summary	Scope-limited external row. Operation counts, edge-type coverage, API layer, client/server boundary, and percentile aggregation differ from SemL0 W6; do not use for a ranked matched-system figure.
fig1-end-to-end	sf10-scope-limited	external_nebulagraph_fig1	NebulaGraph:all-types-summary:load_s	NebulaGraph		SF10	outgoing_typed_neighbor	all-types-summary				load_s	2493.4713282585144	seconds	reported_system_summary	external_truth_s50_seed42	PASS	CONTEXT_ONLY_NOT_MATCHED	RERUN	baseline/external-baselines-20260626/3plus3-baselines/metrics.tsv row=NebulaGraph/SF10/all-types-summary column=load_s	baseline/external-baselines-20260626/3plus3-baselines/run-config.json#workload plus baseline/external-baselines-20260626/3plus3-baselines/metrics.tsv row=NebulaGraph/SF10/all-types-summary	Scope-limited external row. Operation counts, edge-type coverage, API layer, client/server boundary, and percentile aggregation differ from SemL0 W6; do not use for a ranked matched-system figure.
fig1-end-to-end	sf10-scope-limited	external_nebulagraph_fig1	NebulaGraph:all-types-summary:peak_rss_kb	NebulaGraph		SF10	outgoing_typed_neighbor	all-types-summary				peak_rss_kb	3665396	kbytes_reported	reported_system_summary	external_truth_s50_seed42	PASS	CONTEXT_ONLY_NOT_MATCHED	RERUN	baseline/external-baselines-20260626/3plus3-baselines/metrics.tsv row=NebulaGraph/SF10/all-types-summary column=peak_rss_kb	baseline/external-baselines-20260626/3plus3-baselines/run-config.json#workload plus baseline/external-baselines-20260626/3plus3-baselines/metrics.tsv row=NebulaGraph/SF10/all-types-summary	Scope-limited external row. Operation counts, edge-type coverage, API layer, client/server boundary, and percentile aggregation differ from SemL0 W6; do not use for a ranked matched-system figure.
fig1-end-to-end	sf10-scope-limited	external_nebulagraph_fig1	NebulaGraph:all-types-summary:disk_total_bytes	NebulaGraph		SF10	outgoing_typed_neighbor	all-types-summary				disk_total_bytes	46185803519	bytes	reported_system_summary	external_truth_s50_seed42	PASS	CONTEXT_ONLY_NOT_MATCHED	RERUN	baseline/external-baselines-20260626/3plus3-baselines/metrics.tsv row=NebulaGraph/SF10/all-types-summary column=disk_total_bytes	baseline/external-baselines-20260626/3plus3-baselines/run-config.json#workload plus baseline/external-baselines-20260626/3plus3-baselines/metrics.tsv row=NebulaGraph/SF10/all-types-summary	Scope-limited external row. Operation counts, edge-type coverage, API layer, client/server boundary, and percentile aggregation differ from SemL0 W6; do not use for a ranked matched-system figure.
fig1-end-to-end	sf10-scope-limited	external_nebulagraph_fig1	NebulaGraph:positive-edge-types-summary:query_ops	NebulaGraph		SF10	outgoing_typed_neighbor	positive-edge-types-summary				query_ops	850	operations	reported_system_summary	external_truth_s50_seed42	PASS	CONTEXT_ONLY_NOT_MATCHED	RERUN	baseline/external-baselines-20260626/3plus3-baselines/metrics.tsv row=NebulaGraph/SF10/positive-edge-types-summary column=ops	baseline/external-baselines-20260626/3plus3-baselines/run-config.json#workload plus baseline/external-baselines-20260626/3plus3-baselines/metrics.tsv row=NebulaGraph/SF10/positive-edge-types-summary	Scope-limited external row. Operation counts, edge-type coverage, API layer, client/server boundary, and percentile aggregation differ from SemL0 W6; do not use for a ranked matched-system figure.
fig1-end-to-end	sf10-scope-limited	external_nebulagraph_fig1	NebulaGraph:positive-edge-types-summary:avg_latency_us	NebulaGraph		SF10	outgoing_typed_neighbor	positive-edge-types-summary				avg_latency_us	1753.3543270588223	us_per_operation	reported_system_summary	external_truth_s50_seed42	PASS	CONTEXT_ONLY_NOT_MATCHED	RERUN	baseline/external-baselines-20260626/3plus3-baselines/metrics.tsv row=NebulaGraph/SF10/positive-edge-types-summary column=avg_us	baseline/external-baselines-20260626/3plus3-baselines/run-config.json#workload plus baseline/external-baselines-20260626/3plus3-baselines/metrics.tsv row=NebulaGraph/SF10/positive-edge-types-summary	Scope-limited external row. Operation counts, edge-type coverage, API layer, client/server boundary, and percentile aggregation differ from SemL0 W6; do not use for a ranked matched-system figure.
fig1-end-to-end	sf10-scope-limited	external_nebulagraph_fig1	NebulaGraph:positive-edge-types-summary:p50_us	NebulaGraph		SF10	outgoing_typed_neighbor	positive-edge-types-summary				p50_us	480.324	us	reported_system_summary	external_truth_s50_seed42	PASS	CONTEXT_ONLY_NOT_MATCHED	RERUN	baseline/external-baselines-20260626/3plus3-baselines/metrics.tsv row=NebulaGraph/SF10/positive-edge-types-summary column=p50_us	baseline/external-baselines-20260626/3plus3-baselines/run-config.json#workload plus baseline/external-baselines-20260626/3plus3-baselines/metrics.tsv row=NebulaGraph/SF10/positive-edge-types-summary	Scope-limited external row. Operation counts, edge-type coverage, API layer, client/server boundary, and percentile aggregation differ from SemL0 W6; do not use for a ranked matched-system figure.
fig1-end-to-end	sf10-scope-limited	external_nebulagraph_fig1	NebulaGraph:positive-edge-types-summary:p90_us	NebulaGraph		SF10	outgoing_typed_neighbor	positive-edge-types-summary				p90_us	3450.354	us	reported_system_summary	external_truth_s50_seed42	PASS	CONTEXT_ONLY_NOT_MATCHED	RERUN	baseline/external-baselines-20260626/3plus3-baselines/metrics.tsv row=NebulaGraph/SF10/positive-edge-types-summary column=p90_us	baseline/external-baselines-20260626/3plus3-baselines/run-config.json#workload plus baseline/external-baselines-20260626/3plus3-baselines/metrics.tsv row=NebulaGraph/SF10/positive-edge-types-summary	Scope-limited external row. Operation counts, edge-type coverage, API layer, client/server boundary, and percentile aggregation differ from SemL0 W6; do not use for a ranked matched-system figure.
fig1-end-to-end	sf10-scope-limited	external_nebulagraph_fig1	NebulaGraph:positive-edge-types-summary:p99_us	NebulaGraph		SF10	outgoing_typed_neighbor	positive-edge-types-summary				p99_us	20629.986	us	reported_system_summary	external_truth_s50_seed42	PASS	CONTEXT_ONLY_NOT_MATCHED	RERUN	baseline/external-baselines-20260626/3plus3-baselines/metrics.tsv row=NebulaGraph/SF10/positive-edge-types-summary column=p99_us	baseline/external-baselines-20260626/3plus3-baselines/run-config.json#workload plus baseline/external-baselines-20260626/3plus3-baselines/metrics.tsv row=NebulaGraph/SF10/positive-edge-types-summary	Scope-limited external row. Operation counts, edge-type coverage, API layer, client/server boundary, and percentile aggregation differ from SemL0 W6; do not use for a ranked matched-system figure.
fig1-end-to-end	sf10-scope-limited	external_nebulagraph_fig1	NebulaGraph:positive-edge-types-summary:load_s	NebulaGraph		SF10	outgoing_typed_neighbor	positive-edge-types-summary				load_s	2493.4713282585144	seconds	reported_system_summary	external_truth_s50_seed42	PASS	CONTEXT_ONLY_NOT_MATCHED	RERUN	baseline/external-baselines-20260626/3plus3-baselines/metrics.tsv row=NebulaGraph/SF10/positive-edge-types-summary column=load_s	baseline/external-baselines-20260626/3plus3-baselines/run-config.json#workload plus baseline/external-baselines-20260626/3plus3-baselines/metrics.tsv row=NebulaGraph/SF10/positive-edge-types-summary	Scope-limited external row. Operation counts, edge-type coverage, API layer, client/server boundary, and percentile aggregation differ from SemL0 W6; do not use for a ranked matched-system figure.
fig1-end-to-end	sf10-scope-limited	external_nebulagraph_fig1	NebulaGraph:positive-edge-types-summary:peak_rss_kb	NebulaGraph		SF10	outgoing_typed_neighbor	positive-edge-types-summary				peak_rss_kb	3665396	kbytes_reported	reported_system_summary	external_truth_s50_seed42	PASS	CONTEXT_ONLY_NOT_MATCHED	RERUN	baseline/external-baselines-20260626/3plus3-baselines/metrics.tsv row=NebulaGraph/SF10/positive-edge-types-summary column=peak_rss_kb	baseline/external-baselines-20260626/3plus3-baselines/run-config.json#workload plus baseline/external-baselines-20260626/3plus3-baselines/metrics.tsv row=NebulaGraph/SF10/positive-edge-types-summary	Scope-limited external row. Operation counts, edge-type coverage, API layer, client/server boundary, and percentile aggregation differ from SemL0 W6; do not use for a ranked matched-system figure.
fig1-end-to-end	sf10-scope-limited	external_nebulagraph_fig1	NebulaGraph:positive-edge-types-summary:disk_total_bytes	NebulaGraph		SF10	outgoing_typed_neighbor	positive-edge-types-summary				disk_total_bytes	46185803519	bytes	reported_system_summary	external_truth_s50_seed42	PASS	CONTEXT_ONLY_NOT_MATCHED	RERUN	baseline/external-baselines-20260626/3plus3-baselines/metrics.tsv row=NebulaGraph/SF10/positive-edge-types-summary column=disk_total_bytes	baseline/external-baselines-20260626/3plus3-baselines/run-config.json#workload plus baseline/external-baselines-20260626/3plus3-baselines/metrics.tsv row=NebulaGraph/SF10/positive-edge-types-summary	Scope-limited external row. Operation counts, edge-type coverage, API layer, client/server boundary, and percentile aggregation differ from SemL0 W6; do not use for a ranked matched-system figure.
fig1-end-to-end	sf10-scope-limited	external_nebulagraph_fig1	NebulaGraph:negative-edge-types-summary:query_ops	NebulaGraph		SF10	outgoing_typed_neighbor	negative-edge-types-summary				query_ops	850	operations	reported_system_summary	external_truth_s50_seed42	PASS	CONTEXT_ONLY_NOT_MATCHED	RERUN	baseline/external-baselines-20260626/3plus3-baselines/metrics.tsv row=NebulaGraph/SF10/negative-edge-types-summary column=ops	baseline/external-baselines-20260626/3plus3-baselines/run-config.json#workload plus baseline/external-baselines-20260626/3plus3-baselines/metrics.tsv row=NebulaGraph/SF10/negative-edge-types-summary	Scope-limited external row. Operation counts, edge-type coverage, API layer, client/server boundary, and percentile aggregation differ from SemL0 W6; do not use for a ranked matched-system figure.
fig1-end-to-end	sf10-scope-limited	external_nebulagraph_fig1	NebulaGraph:negative-edge-types-summary:avg_latency_us	NebulaGraph		SF10	outgoing_typed_neighbor	negative-edge-types-summary				avg_latency_us	1486539.8812611774	us_per_operation	reported_system_summary	external_truth_s50_seed42	PASS	CONTEXT_ONLY_NOT_MATCHED	RERUN	baseline/external-baselines-20260626/3plus3-baselines/metrics.tsv row=NebulaGraph/SF10/negative-edge-types-summary column=avg_us	baseline/external-baselines-20260626/3plus3-baselines/run-config.json#workload plus baseline/external-baselines-20260626/3plus3-baselines/metrics.tsv row=NebulaGraph/SF10/negative-edge-types-summary	Scope-limited external row. Operation counts, edge-type coverage, API layer, client/server boundary, and percentile aggregation differ from SemL0 W6; do not use for a ranked matched-system figure.
fig1-end-to-end	sf10-scope-limited	external_nebulagraph_fig1	NebulaGraph:negative-edge-types-summary:p50_us	NebulaGraph		SF10	outgoing_typed_neighbor	negative-edge-types-summary				p50_us	2035.727	us	reported_system_summary	external_truth_s50_seed42	PASS	CONTEXT_ONLY_NOT_MATCHED	RERUN	baseline/external-baselines-20260626/3plus3-baselines/metrics.tsv row=NebulaGraph/SF10/negative-edge-types-summary column=p50_us	baseline/external-baselines-20260626/3plus3-baselines/run-config.json#workload plus baseline/external-baselines-20260626/3plus3-baselines/metrics.tsv row=NebulaGraph/SF10/negative-edge-types-summary	Scope-limited external row. Operation counts, edge-type coverage, API layer, client/server boundary, and percentile aggregation differ from SemL0 W6; do not use for a ranked matched-system figure.
fig1-end-to-end	sf10-scope-limited	external_nebulagraph_fig1	NebulaGraph:negative-edge-types-summary:p90_us	NebulaGraph		SF10	outgoing_typed_neighbor	negative-edge-types-summary				p90_us	98061.027	us	reported_system_summary	external_truth_s50_seed42	PASS	CONTEXT_ONLY_NOT_MATCHED	RERUN	baseline/external-baselines-20260626/3plus3-baselines/metrics.tsv row=NebulaGraph/SF10/negative-edge-types-summary column=p90_us	baseline/external-baselines-20260626/3plus3-baselines/run-config.json#workload plus baseline/external-baselines-20260626/3plus3-baselines/metrics.tsv row=NebulaGraph/SF10/negative-edge-types-summary	Scope-limited external row. Operation counts, edge-type coverage, API layer, client/server boundary, and percentile aggregation differ from SemL0 W6; do not use for a ranked matched-system figure.
fig1-end-to-end	sf10-scope-limited	external_nebulagraph_fig1	NebulaGraph:negative-edge-types-summary:p99_us	NebulaGraph		SF10	outgoing_typed_neighbor	negative-edge-types-summary				p99_us	63139284.448	us	reported_system_summary	external_truth_s50_seed42	PASS	CONTEXT_ONLY_NOT_MATCHED	RERUN	baseline/external-baselines-20260626/3plus3-baselines/metrics.tsv row=NebulaGraph/SF10/negative-edge-types-summary column=p99_us	baseline/external-baselines-20260626/3plus3-baselines/run-config.json#workload plus baseline/external-baselines-20260626/3plus3-baselines/metrics.tsv row=NebulaGraph/SF10/negative-edge-types-summary	Scope-limited external row. Operation counts, edge-type coverage, API layer, client/server boundary, and percentile aggregation differ from SemL0 W6; do not use for a ranked matched-system figure.
fig1-end-to-end	sf10-scope-limited	external_nebulagraph_fig1	NebulaGraph:negative-edge-types-summary:load_s	NebulaGraph		SF10	outgoing_typed_neighbor	negative-edge-types-summary				load_s	2493.4713282585144	seconds	reported_system_summary	external_truth_s50_seed42	PASS	CONTEXT_ONLY_NOT_MATCHED	RERUN	baseline/external-baselines-20260626/3plus3-baselines/metrics.tsv row=NebulaGraph/SF10/negative-edge-types-summary column=load_s	baseline/external-baselines-20260626/3plus3-baselines/run-config.json#workload plus baseline/external-baselines-20260626/3plus3-baselines/metrics.tsv row=NebulaGraph/SF10/negative-edge-types-summary	Scope-limited external row. Operation counts, edge-type coverage, API layer, client/server boundary, and percentile aggregation differ from SemL0 W6; do not use for a ranked matched-system figure.
fig1-end-to-end	sf10-scope-limited	external_nebulagraph_fig1	NebulaGraph:negative-edge-types-summary:peak_rss_kb	NebulaGraph		SF10	outgoing_typed_neighbor	negative-edge-types-summary				peak_rss_kb	3665396	kbytes_reported	reported_system_summary	external_truth_s50_seed42	PASS	CONTEXT_ONLY_NOT_MATCHED	RERUN	baseline/external-baselines-20260626/3plus3-baselines/metrics.tsv row=NebulaGraph/SF10/negative-edge-types-summary column=peak_rss_kb	baseline/external-baselines-20260626/3plus3-baselines/run-config.json#workload plus baseline/external-baselines-20260626/3plus3-baselines/metrics.tsv row=NebulaGraph/SF10/negative-edge-types-summary	Scope-limited external row. Operation counts, edge-type coverage, API layer, client/server boundary, and percentile aggregation differ from SemL0 W6; do not use for a ranked matched-system figure.
fig1-end-to-end	sf10-scope-limited	external_nebulagraph_fig1	NebulaGraph:negative-edge-types-summary:disk_total_bytes	NebulaGraph		SF10	outgoing_typed_neighbor	negative-edge-types-summary				disk_total_bytes	46185803519	bytes	reported_system_summary	external_truth_s50_seed42	PASS	CONTEXT_ONLY_NOT_MATCHED	RERUN	baseline/external-baselines-20260626/3plus3-baselines/metrics.tsv row=NebulaGraph/SF10/negative-edge-types-summary column=disk_total_bytes	baseline/external-baselines-20260626/3plus3-baselines/run-config.json#workload plus baseline/external-baselines-20260626/3plus3-baselines/metrics.tsv row=NebulaGraph/SF10/negative-edge-types-summary	Scope-limited external row. Operation counts, edge-type coverage, API layer, client/server boundary, and percentile aggregation differ from SemL0 W6; do not use for a ranked matched-system figure.
