figure_id	panel_id	source_id	record_id	system	variant	dataset	workload	scope	x_name	x_value	x_unit	metric	value	unit	aggregation	protocol_id	correctness_status	plot_eligibility	verdict	value_provenance	protocol_provenance	caveat
fig2-component-ablation	w6-layout-matrix	w6_sf10_fig2	SF10:schema:ops_per_repeat	SemL0	schema	SF10	outgoing_typed_neighbor	edge_types=1,2,3,7,8,9,10,11,12; samples_per_type=1000; repeats=3; same_store_repeats				ops_per_repeat	9000	operations	protocol_count	w6_sf10_core_typed	PASS (9,000)	PLOT_WITH_CAVEAT	FIX	cidr-experiments/data/source-cache/w6-sf10-priority-20260709-summary.md#Aggregate Matrix row=schema column=ops/repeat	cidr-experiments/data/source-cache/w6-sf10-priority-20260709-summary.md#Aggregate Matrix; lsmgraph-rs/baseline/run_w6_sf100_matrix_20260613.sh: EDGE_TYPES/SAMPLES/REPEATS and sample-plan reuse	W6 variants are precomposed layouts rather than one-switch component isolation; repeats reuse one imported store and are not independent process trials. Read-byte metrics retain the reader-overread caveat.
fig2-component-ablation	w6-layout-matrix	w6_sf10_fig2	SF10:schema:store_size_gib_reported	SemL0	schema	SF10	outgoing_typed_neighbor	edge_types=1,2,3,7,8,9,10,11,12; samples_per_type=1000; repeats=3; same_store_repeats				store_size_gib_reported	13.3	GiB_reported	single_import	w6_sf10_core_typed	PASS (9,000)	PLOT_WITH_CAVEAT	FIX	cidr-experiments/data/source-cache/w6-sf10-priority-20260709-summary.md#Aggregate Matrix row=schema column=store GiB	cidr-experiments/data/source-cache/w6-sf10-priority-20260709-summary.md#Aggregate Matrix; lsmgraph-rs/baseline/run_w6_sf100_matrix_20260613.sh: EDGE_TYPES/SAMPLES/REPEATS and sample-plan reuse	W6 variants are precomposed layouts rather than one-switch component isolation; repeats reuse one imported store and are not independent process trials. Read-byte metrics retain the reader-overread caveat.
fig2-component-ablation	w6-layout-matrix	w6_sf10_fig2	SF10:schema:l0_files	SemL0	schema	SF10	outgoing_typed_neighbor	edge_types=1,2,3,7,8,9,10,11,12; samples_per_type=1000; repeats=3; same_store_repeats				l0_files	376	files	single_import	w6_sf10_core_typed	PASS (9,000)	PLOT_WITH_CAVEAT	FIX	cidr-experiments/data/source-cache/w6-sf10-priority-20260709-summary.md#Aggregate Matrix row=schema column=L0 files	cidr-experiments/data/source-cache/w6-sf10-priority-20260709-summary.md#Aggregate Matrix; lsmgraph-rs/baseline/run_w6_sf100_matrix_20260613.sh: EDGE_TYPES/SAMPLES/REPEATS and sample-plan reuse	W6 variants are precomposed layouts rather than one-switch component isolation; repeats reuse one imported store and are not independent process trials. Read-byte metrics retain the reader-overread caveat.
fig2-component-ablation	w6-layout-matrix	w6_sf10_fig2	SF10:schema:candidate_l0_total_mean	SemL0	schema	SF10	outgoing_typed_neighbor	edge_types=1,2,3,7,8,9,10,11,12; samples_per_type=1000; repeats=3; same_store_repeats				candidate_l0_total_mean	131321	segments_per_repeat	mean_across_same_store_repeats	w6_sf10_core_typed	PASS (9,000)	PLOT_WITH_CAVEAT	FIX	cidr-experiments/data/source-cache/w6-sf10-priority-20260709-summary.md#Aggregate Matrix row=schema column=candidate L0 mean+/-std	cidr-experiments/data/source-cache/w6-sf10-priority-20260709-summary.md#Aggregate Matrix; lsmgraph-rs/baseline/run_w6_sf100_matrix_20260613.sh: EDGE_TYPES/SAMPLES/REPEATS and sample-plan reuse	W6 variants are precomposed layouts rather than one-switch component isolation; repeats reuse one imported store and are not independent process trials. Read-byte metrics retain the reader-overread caveat.
fig2-component-ablation	w6-layout-matrix	w6_sf10_fig2	SF10:schema:candidate_l0_total_std	SemL0	schema	SF10	outgoing_typed_neighbor	edge_types=1,2,3,7,8,9,10,11,12; samples_per_type=1000; repeats=3; same_store_repeats				candidate_l0_total_std	0	segments_per_repeat	stddev_across_same_store_repeats	w6_sf10_core_typed	PASS (9,000)	PLOT_WITH_CAVEAT	FIX	cidr-experiments/data/source-cache/w6-sf10-priority-20260709-summary.md#Aggregate Matrix row=schema column=candidate L0 mean+/-std	cidr-experiments/data/source-cache/w6-sf10-priority-20260709-summary.md#Aggregate Matrix; lsmgraph-rs/baseline/run_w6_sf100_matrix_20260613.sh: EDGE_TYPES/SAMPLES/REPEATS and sample-plan reuse	W6 variants are precomposed layouts rather than one-switch component isolation; repeats reuse one imported store and are not independent process trials. Read-byte metrics retain the reader-overread caveat.
fig2-component-ablation	w6-layout-matrix	w6_sf10_fig2	SF10:schema:candidate_l0_per_op_mean	SemL0	schema	SF10	outgoing_typed_neighbor	edge_types=1,2,3,7,8,9,10,11,12; samples_per_type=1000; repeats=3; same_store_repeats				candidate_l0_per_op_mean	14.591222222222223	segments_per_operation	derived_from_reported_means	w6_sf10_core_typed	PASS (9,000)	PLOT_WITH_CAVEAT	FIX	cidr-experiments/data/source-cache/w6-sf10-priority-20260709-summary.md#Aggregate Matrix row=schema column=candidate L0 mean+/-std / cidr-experiments/data/source-cache/w6-sf10-priority-20260709-summary.md#Aggregate Matrix row=schema column=ops/repeat	cidr-experiments/data/source-cache/w6-sf10-priority-20260709-summary.md#Aggregate Matrix; lsmgraph-rs/baseline/run_w6_sf100_matrix_20260613.sh: EDGE_TYPES/SAMPLES/REPEATS and sample-plan reuse	W6 variants are precomposed layouts rather than one-switch component isolation; repeats reuse one imported store and are not independent process trials. Read-byte metrics retain the reader-overread caveat.
fig2-component-ablation	w6-layout-matrix	w6_sf10_fig2	SF10:schema:candidate_l0_per_op_std	SemL0	schema	SF10	outgoing_typed_neighbor	edge_types=1,2,3,7,8,9,10,11,12; samples_per_type=1000; repeats=3; same_store_repeats				candidate_l0_per_op_std	0	segments_per_operation	derived_from_reported_stddev	w6_sf10_core_typed	PASS (9,000)	PLOT_WITH_CAVEAT	FIX	cidr-experiments/data/source-cache/w6-sf10-priority-20260709-summary.md#Aggregate Matrix row=schema column=candidate L0 mean+/-std / cidr-experiments/data/source-cache/w6-sf10-priority-20260709-summary.md#Aggregate Matrix row=schema column=ops/repeat	cidr-experiments/data/source-cache/w6-sf10-priority-20260709-summary.md#Aggregate Matrix; lsmgraph-rs/baseline/run_w6_sf100_matrix_20260613.sh: EDGE_TYPES/SAMPLES/REPEATS and sample-plan reuse	W6 variants are precomposed layouts rather than one-switch component isolation; repeats reuse one imported store and are not independent process trials. Read-byte metrics retain the reader-overread caveat.
fig2-component-ablation	w6-layout-matrix	w6_sf10_fig2	SF10:schema:read_bytes_total_mean	SemL0	schema	SF10	outgoing_typed_neighbor	edge_types=1,2,3,7,8,9,10,11,12; samples_per_type=1000; repeats=3; same_store_repeats				read_bytes_total_mean	81477611	bytes_per_repeat	mean_across_same_store_repeats	w6_sf10_core_typed	PASS (9,000)	SECONDARY_ONLY_READER_OVERREAD	FIX	cidr-experiments/data/source-cache/w6-sf10-priority-20260709-summary.md#Aggregate Matrix row=schema column=read bytes mean+/-std	cidr-experiments/data/source-cache/w6-sf10-priority-20260709-summary.md#Aggregate Matrix; lsmgraph-rs/baseline/run_w6_sf100_matrix_20260613.sh: EDGE_TYPES/SAMPLES/REPEATS and sample-plan reuse	W6 variants are precomposed layouts rather than one-switch component isolation; repeats reuse one imported store and are not independent process trials. Read-byte metrics retain the reader-overread caveat.
fig2-component-ablation	w6-layout-matrix	w6_sf10_fig2	SF10:schema:read_bytes_total_std	SemL0	schema	SF10	outgoing_typed_neighbor	edge_types=1,2,3,7,8,9,10,11,12; samples_per_type=1000; repeats=3; same_store_repeats				read_bytes_total_std	71328014	bytes_per_repeat	stddev_across_same_store_repeats	w6_sf10_core_typed	PASS (9,000)	SECONDARY_ONLY_READER_OVERREAD	FIX	cidr-experiments/data/source-cache/w6-sf10-priority-20260709-summary.md#Aggregate Matrix row=schema column=read bytes mean+/-std	cidr-experiments/data/source-cache/w6-sf10-priority-20260709-summary.md#Aggregate Matrix; lsmgraph-rs/baseline/run_w6_sf100_matrix_20260613.sh: EDGE_TYPES/SAMPLES/REPEATS and sample-plan reuse	W6 variants are precomposed layouts rather than one-switch component isolation; repeats reuse one imported store and are not independent process trials. Read-byte metrics retain the reader-overread caveat.
fig2-component-ablation	w6-layout-matrix	w6_sf10_fig2	SF10:schema:read_bytes_per_op_mean	SemL0	schema	SF10	outgoing_typed_neighbor	edge_types=1,2,3,7,8,9,10,11,12; samples_per_type=1000; repeats=3; same_store_repeats				read_bytes_per_op_mean	9053.067888888889	bytes_per_operation	derived_from_reported_means	w6_sf10_core_typed	PASS (9,000)	SECONDARY_ONLY_READER_OVERREAD	FIX	cidr-experiments/data/source-cache/w6-sf10-priority-20260709-summary.md#Aggregate Matrix row=schema column=read bytes mean+/-std / cidr-experiments/data/source-cache/w6-sf10-priority-20260709-summary.md#Aggregate Matrix row=schema column=ops/repeat	cidr-experiments/data/source-cache/w6-sf10-priority-20260709-summary.md#Aggregate Matrix; lsmgraph-rs/baseline/run_w6_sf100_matrix_20260613.sh: EDGE_TYPES/SAMPLES/REPEATS and sample-plan reuse	W6 variants are precomposed layouts rather than one-switch component isolation; repeats reuse one imported store and are not independent process trials. Read-byte metrics retain the reader-overread caveat.
fig2-component-ablation	w6-layout-matrix	w6_sf10_fig2	SF10:schema:avg_latency_us_mean	SemL0	schema	SF10	outgoing_typed_neighbor	edge_types=1,2,3,7,8,9,10,11,12; samples_per_type=1000; repeats=3; same_store_repeats				avg_latency_us_mean	749.8	us_per_operation	mean_across_same_store_repeats	w6_sf10_core_typed	PASS (9,000)	PLOT_WITH_CAVEAT	FIX	cidr-experiments/data/source-cache/w6-sf10-priority-20260709-summary.md#Aggregate Matrix row=schema column=avg us mean+/-std	cidr-experiments/data/source-cache/w6-sf10-priority-20260709-summary.md#Aggregate Matrix; lsmgraph-rs/baseline/run_w6_sf100_matrix_20260613.sh: EDGE_TYPES/SAMPLES/REPEATS and sample-plan reuse	W6 variants are precomposed layouts rather than one-switch component isolation; repeats reuse one imported store and are not independent process trials. Read-byte metrics retain the reader-overread caveat.
fig2-component-ablation	w6-layout-matrix	w6_sf10_fig2	SF10:schema:avg_latency_us_std	SemL0	schema	SF10	outgoing_typed_neighbor	edge_types=1,2,3,7,8,9,10,11,12; samples_per_type=1000; repeats=3; same_store_repeats				avg_latency_us_std	0.5	us_per_operation	stddev_across_same_store_repeats	w6_sf10_core_typed	PASS (9,000)	PLOT_WITH_CAVEAT	FIX	cidr-experiments/data/source-cache/w6-sf10-priority-20260709-summary.md#Aggregate Matrix row=schema column=avg us mean+/-std	cidr-experiments/data/source-cache/w6-sf10-priority-20260709-summary.md#Aggregate Matrix; lsmgraph-rs/baseline/run_w6_sf100_matrix_20260613.sh: EDGE_TYPES/SAMPLES/REPEATS and sample-plan reuse	W6 variants are precomposed layouts rather than one-switch component isolation; repeats reuse one imported store and are not independent process trials. Read-byte metrics retain the reader-overread caveat.
fig2-component-ablation	w6-layout-matrix	w6_sf10_fig2	SF10:schema:p50_edge_mean_us	SemL0	schema	SF10	outgoing_typed_neighbor	edge_types=1,2,3,7,8,9,10,11,12; samples_per_type=1000; repeats=3; same_store_repeats				p50_edge_mean_us	1048	us	mean_of_per_edge_type_percentiles_across_repeats	w6_sf10_core_typed	PASS (9,000)	PLOT_WITH_CAVEAT	FIX	cidr-experiments/data/source-cache/w6-sf10-priority-20260709-summary.md#Aggregate Matrix row=schema column=p50/p90/p99 edge-mean us	cidr-experiments/data/source-cache/w6-sf10-priority-20260709-summary.md#Aggregate Matrix; lsmgraph-rs/baseline/run_w6_sf100_matrix_20260613.sh: EDGE_TYPES/SAMPLES/REPEATS and sample-plan reuse	W6 variants are precomposed layouts rather than one-switch component isolation; repeats reuse one imported store and are not independent process trials. Read-byte metrics retain the reader-overread caveat.
fig2-component-ablation	w6-layout-matrix	w6_sf10_fig2	SF10:schema:p50_edge_mean_std_us	SemL0	schema	SF10	outgoing_typed_neighbor	edge_types=1,2,3,7,8,9,10,11,12; samples_per_type=1000; repeats=3; same_store_repeats				p50_edge_mean_std_us	3	us	stddev_of_per_edge_type_percentiles_across_repeats	w6_sf10_core_typed	PASS (9,000)	PLOT_WITH_CAVEAT	FIX	cidr-experiments/data/source-cache/w6-sf10-priority-20260709-summary.md#Aggregate Matrix row=schema column=p50/p90/p99 edge-mean us	cidr-experiments/data/source-cache/w6-sf10-priority-20260709-summary.md#Aggregate Matrix; lsmgraph-rs/baseline/run_w6_sf100_matrix_20260613.sh: EDGE_TYPES/SAMPLES/REPEATS and sample-plan reuse	W6 variants are precomposed layouts rather than one-switch component isolation; repeats reuse one imported store and are not independent process trials. Read-byte metrics retain the reader-overread caveat.
fig2-component-ablation	w6-layout-matrix	w6_sf10_fig2	SF10:schema:p90_edge_mean_us	SemL0	schema	SF10	outgoing_typed_neighbor	edge_types=1,2,3,7,8,9,10,11,12; samples_per_type=1000; repeats=3; same_store_repeats				p90_edge_mean_us	1248	us	mean_of_per_edge_type_percentiles_across_repeats	w6_sf10_core_typed	PASS (9,000)	PLOT_WITH_CAVEAT	FIX	cidr-experiments/data/source-cache/w6-sf10-priority-20260709-summary.md#Aggregate Matrix row=schema column=p50/p90/p99 edge-mean us	cidr-experiments/data/source-cache/w6-sf10-priority-20260709-summary.md#Aggregate Matrix; lsmgraph-rs/baseline/run_w6_sf100_matrix_20260613.sh: EDGE_TYPES/SAMPLES/REPEATS and sample-plan reuse	W6 variants are precomposed layouts rather than one-switch component isolation; repeats reuse one imported store and are not independent process trials. Read-byte metrics retain the reader-overread caveat.
fig2-component-ablation	w6-layout-matrix	w6_sf10_fig2	SF10:schema:p90_edge_mean_std_us	SemL0	schema	SF10	outgoing_typed_neighbor	edge_types=1,2,3,7,8,9,10,11,12; samples_per_type=1000; repeats=3; same_store_repeats				p90_edge_mean_std_us	5	us	stddev_of_per_edge_type_percentiles_across_repeats	w6_sf10_core_typed	PASS (9,000)	PLOT_WITH_CAVEAT	FIX	cidr-experiments/data/source-cache/w6-sf10-priority-20260709-summary.md#Aggregate Matrix row=schema column=p50/p90/p99 edge-mean us	cidr-experiments/data/source-cache/w6-sf10-priority-20260709-summary.md#Aggregate Matrix; lsmgraph-rs/baseline/run_w6_sf100_matrix_20260613.sh: EDGE_TYPES/SAMPLES/REPEATS and sample-plan reuse	W6 variants are precomposed layouts rather than one-switch component isolation; repeats reuse one imported store and are not independent process trials. Read-byte metrics retain the reader-overread caveat.
fig2-component-ablation	w6-layout-matrix	w6_sf10_fig2	SF10:schema:p99_edge_mean_us	SemL0	schema	SF10	outgoing_typed_neighbor	edge_types=1,2,3,7,8,9,10,11,12; samples_per_type=1000; repeats=3; same_store_repeats				p99_edge_mean_us	1407	us	mean_of_per_edge_type_percentiles_across_repeats	w6_sf10_core_typed	PASS (9,000)	PLOT_WITH_CAVEAT	FIX	cidr-experiments/data/source-cache/w6-sf10-priority-20260709-summary.md#Aggregate Matrix row=schema column=p50/p90/p99 edge-mean us	cidr-experiments/data/source-cache/w6-sf10-priority-20260709-summary.md#Aggregate Matrix; lsmgraph-rs/baseline/run_w6_sf100_matrix_20260613.sh: EDGE_TYPES/SAMPLES/REPEATS and sample-plan reuse	W6 variants are precomposed layouts rather than one-switch component isolation; repeats reuse one imported store and are not independent process trials. Read-byte metrics retain the reader-overread caveat.
fig2-component-ablation	w6-layout-matrix	w6_sf10_fig2	SF10:schema:p99_edge_mean_std_us	SemL0	schema	SF10	outgoing_typed_neighbor	edge_types=1,2,3,7,8,9,10,11,12; samples_per_type=1000; repeats=3; same_store_repeats				p99_edge_mean_std_us	35	us	stddev_of_per_edge_type_percentiles_across_repeats	w6_sf10_core_typed	PASS (9,000)	PLOT_WITH_CAVEAT	FIX	cidr-experiments/data/source-cache/w6-sf10-priority-20260709-summary.md#Aggregate Matrix row=schema column=p50/p90/p99 edge-mean us	cidr-experiments/data/source-cache/w6-sf10-priority-20260709-summary.md#Aggregate Matrix; lsmgraph-rs/baseline/run_w6_sf100_matrix_20260613.sh: EDGE_TYPES/SAMPLES/REPEATS and sample-plan reuse	W6 variants are precomposed layouts rather than one-switch component isolation; repeats reuse one imported store and are not independent process trials. Read-byte metrics retain the reader-overread caveat.
fig2-component-ablation	w6-layout-matrix	w6_sf10_fig2	SF10:schema:correctness_checked	SemL0	schema	SF10	outgoing_typed_neighbor	edge_types=1,2,3,7,8,9,10,11,12; samples_per_type=1000; repeats=3; same_store_repeats				correctness_checked	9000	queries	naive_anchor_compare	w6_sf10_core_typed	PASS (9,000)	PLOT_WITH_CAVEAT	FIX	cidr-experiments/data/source-cache/w6-sf10-priority-20260709-summary.md#Correctness Compares row=schema column=checked	cidr-experiments/data/source-cache/w6-sf10-priority-20260709-summary.md#Aggregate Matrix; lsmgraph-rs/baseline/run_w6_sf100_matrix_20260613.sh: EDGE_TYPES/SAMPLES/REPEATS and sample-plan reuse	W6 variants are precomposed layouts rather than one-switch component isolation; repeats reuse one imported store and are not independent process trials. Read-byte metrics retain the reader-overread caveat.
fig2-component-ablation	w6-layout-matrix	w6_sf10_fig2	SF10:schema:correctness_mismatches	SemL0	schema	SF10	outgoing_typed_neighbor	edge_types=1,2,3,7,8,9,10,11,12; samples_per_type=1000; repeats=3; same_store_repeats				correctness_mismatches	0	queries	naive_anchor_compare	w6_sf10_core_typed	PASS (9,000)	PLOT_WITH_CAVEAT	FIX	cidr-experiments/data/source-cache/w6-sf10-priority-20260709-summary.md#Correctness Compares row=schema column=mismatches	cidr-experiments/data/source-cache/w6-sf10-priority-20260709-summary.md#Aggregate Matrix; lsmgraph-rs/baseline/run_w6_sf100_matrix_20260613.sh: EDGE_TYPES/SAMPLES/REPEATS and sample-plan reuse	W6 variants are precomposed layouts rather than one-switch component isolation; repeats reuse one imported store and are not independent process trials. Read-byte metrics retain the reader-overread caveat.
fig2-component-ablation	w6-layout-matrix	w6_sf10_fig2	SF10:schema:import_max_rss_gib_reported	SemL0	schema	SF10	outgoing_typed_neighbor	edge_types=1,2,3,7,8,9,10,11,12; samples_per_type=1000; repeats=3; same_store_repeats				import_max_rss_gib_reported	2.12	GiB_reported	single_import_time_v	w6_sf10_core_typed	PASS (9,000)	PLOT_WITH_CAVEAT	FIX	cidr-experiments/data/source-cache/w6-sf10-priority-20260709-summary.md#Import RSS row=schema column=max RSS GiB	cidr-experiments/data/source-cache/w6-sf10-priority-20260709-summary.md#Aggregate Matrix; lsmgraph-rs/baseline/run_w6_sf100_matrix_20260613.sh: EDGE_TYPES/SAMPLES/REPEATS and sample-plan reuse	W6 variants are precomposed layouts rather than one-switch component isolation; repeats reuse one imported store and are not independent process trials. Read-byte metrics retain the reader-overread caveat.
fig2-component-ablation	w6-layout-matrix	w6_sf10_fig2	SF10:naive:ops_per_repeat	SemL0	naive	SF10	outgoing_typed_neighbor	edge_types=1,2,3,7,8,9,10,11,12; samples_per_type=1000; repeats=3; same_store_repeats				ops_per_repeat	9000	operations	protocol_count	w6_sf10_core_typed	ANCHOR	PLOT_WITH_CAVEAT	FIX	cidr-experiments/data/source-cache/w6-sf10-priority-20260709-summary.md#Aggregate Matrix row=naive column=ops/repeat	cidr-experiments/data/source-cache/w6-sf10-priority-20260709-summary.md#Aggregate Matrix; lsmgraph-rs/baseline/run_w6_sf100_matrix_20260613.sh: EDGE_TYPES/SAMPLES/REPEATS and sample-plan reuse	W6 variants are precomposed layouts rather than one-switch component isolation; repeats reuse one imported store and are not independent process trials. Read-byte metrics retain the reader-overread caveat.
fig2-component-ablation	w6-layout-matrix	w6_sf10_fig2	SF10:naive:store_size_gib_reported	SemL0	naive	SF10	outgoing_typed_neighbor	edge_types=1,2,3,7,8,9,10,11,12; samples_per_type=1000; repeats=3; same_store_repeats				store_size_gib_reported	13.4	GiB_reported	single_import	w6_sf10_core_typed	ANCHOR	PLOT_WITH_CAVEAT	FIX	cidr-experiments/data/source-cache/w6-sf10-priority-20260709-summary.md#Aggregate Matrix row=naive column=store GiB	cidr-experiments/data/source-cache/w6-sf10-priority-20260709-summary.md#Aggregate Matrix; lsmgraph-rs/baseline/run_w6_sf100_matrix_20260613.sh: EDGE_TYPES/SAMPLES/REPEATS and sample-plan reuse	W6 variants are precomposed layouts rather than one-switch component isolation; repeats reuse one imported store and are not independent process trials. Read-byte metrics retain the reader-overread caveat.
fig2-component-ablation	w6-layout-matrix	w6_sf10_fig2	SF10:naive:l0_files	SemL0	naive	SF10	outgoing_typed_neighbor	edge_types=1,2,3,7,8,9,10,11,12; samples_per_type=1000; repeats=3; same_store_repeats				l0_files	170	files	single_import	w6_sf10_core_typed	ANCHOR	PLOT_WITH_CAVEAT	FIX	cidr-experiments/data/source-cache/w6-sf10-priority-20260709-summary.md#Aggregate Matrix row=naive column=L0 files	cidr-experiments/data/source-cache/w6-sf10-priority-20260709-summary.md#Aggregate Matrix; lsmgraph-rs/baseline/run_w6_sf100_matrix_20260613.sh: EDGE_TYPES/SAMPLES/REPEATS and sample-plan reuse	W6 variants are precomposed layouts rather than one-switch component isolation; repeats reuse one imported store and are not independent process trials. Read-byte metrics retain the reader-overread caveat.
fig2-component-ablation	w6-layout-matrix	w6_sf10_fig2	SF10:naive:candidate_l0_total_mean	SemL0	naive	SF10	outgoing_typed_neighbor	edge_types=1,2,3,7,8,9,10,11,12; samples_per_type=1000; repeats=3; same_store_repeats				candidate_l0_total_mean	1001798	segments_per_repeat	mean_across_same_store_repeats	w6_sf10_core_typed	ANCHOR	PLOT_WITH_CAVEAT	FIX	cidr-experiments/data/source-cache/w6-sf10-priority-20260709-summary.md#Aggregate Matrix row=naive column=candidate L0 mean+/-std	cidr-experiments/data/source-cache/w6-sf10-priority-20260709-summary.md#Aggregate Matrix; lsmgraph-rs/baseline/run_w6_sf100_matrix_20260613.sh: EDGE_TYPES/SAMPLES/REPEATS and sample-plan reuse	W6 variants are precomposed layouts rather than one-switch component isolation; repeats reuse one imported store and are not independent process trials. Read-byte metrics retain the reader-overread caveat.
fig2-component-ablation	w6-layout-matrix	w6_sf10_fig2	SF10:naive:candidate_l0_total_std	SemL0	naive	SF10	outgoing_typed_neighbor	edge_types=1,2,3,7,8,9,10,11,12; samples_per_type=1000; repeats=3; same_store_repeats				candidate_l0_total_std	0	segments_per_repeat	stddev_across_same_store_repeats	w6_sf10_core_typed	ANCHOR	PLOT_WITH_CAVEAT	FIX	cidr-experiments/data/source-cache/w6-sf10-priority-20260709-summary.md#Aggregate Matrix row=naive column=candidate L0 mean+/-std	cidr-experiments/data/source-cache/w6-sf10-priority-20260709-summary.md#Aggregate Matrix; lsmgraph-rs/baseline/run_w6_sf100_matrix_20260613.sh: EDGE_TYPES/SAMPLES/REPEATS and sample-plan reuse	W6 variants are precomposed layouts rather than one-switch component isolation; repeats reuse one imported store and are not independent process trials. Read-byte metrics retain the reader-overread caveat.
fig2-component-ablation	w6-layout-matrix	w6_sf10_fig2	SF10:naive:candidate_l0_per_op_mean	SemL0	naive	SF10	outgoing_typed_neighbor	edge_types=1,2,3,7,8,9,10,11,12; samples_per_type=1000; repeats=3; same_store_repeats				candidate_l0_per_op_mean	111.31088888888888	segments_per_operation	derived_from_reported_means	w6_sf10_core_typed	ANCHOR	PLOT_WITH_CAVEAT	FIX	cidr-experiments/data/source-cache/w6-sf10-priority-20260709-summary.md#Aggregate Matrix row=naive column=candidate L0 mean+/-std / cidr-experiments/data/source-cache/w6-sf10-priority-20260709-summary.md#Aggregate Matrix row=naive column=ops/repeat	cidr-experiments/data/source-cache/w6-sf10-priority-20260709-summary.md#Aggregate Matrix; lsmgraph-rs/baseline/run_w6_sf100_matrix_20260613.sh: EDGE_TYPES/SAMPLES/REPEATS and sample-plan reuse	W6 variants are precomposed layouts rather than one-switch component isolation; repeats reuse one imported store and are not independent process trials. Read-byte metrics retain the reader-overread caveat.
fig2-component-ablation	w6-layout-matrix	w6_sf10_fig2	SF10:naive:candidate_l0_per_op_std	SemL0	naive	SF10	outgoing_typed_neighbor	edge_types=1,2,3,7,8,9,10,11,12; samples_per_type=1000; repeats=3; same_store_repeats				candidate_l0_per_op_std	0	segments_per_operation	derived_from_reported_stddev	w6_sf10_core_typed	ANCHOR	PLOT_WITH_CAVEAT	FIX	cidr-experiments/data/source-cache/w6-sf10-priority-20260709-summary.md#Aggregate Matrix row=naive column=candidate L0 mean+/-std / cidr-experiments/data/source-cache/w6-sf10-priority-20260709-summary.md#Aggregate Matrix row=naive column=ops/repeat	cidr-experiments/data/source-cache/w6-sf10-priority-20260709-summary.md#Aggregate Matrix; lsmgraph-rs/baseline/run_w6_sf100_matrix_20260613.sh: EDGE_TYPES/SAMPLES/REPEATS and sample-plan reuse	W6 variants are precomposed layouts rather than one-switch component isolation; repeats reuse one imported store and are not independent process trials. Read-byte metrics retain the reader-overread caveat.
fig2-component-ablation	w6-layout-matrix	w6_sf10_fig2	SF10:naive:read_bytes_total_mean	SemL0	naive	SF10	outgoing_typed_neighbor	edge_types=1,2,3,7,8,9,10,11,12; samples_per_type=1000; repeats=3; same_store_repeats				read_bytes_total_mean	338940880	bytes_per_repeat	mean_across_same_store_repeats	w6_sf10_core_typed	ANCHOR	SECONDARY_ONLY_READER_OVERREAD	FIX	cidr-experiments/data/source-cache/w6-sf10-priority-20260709-summary.md#Aggregate Matrix row=naive column=read bytes mean+/-std	cidr-experiments/data/source-cache/w6-sf10-priority-20260709-summary.md#Aggregate Matrix; lsmgraph-rs/baseline/run_w6_sf100_matrix_20260613.sh: EDGE_TYPES/SAMPLES/REPEATS and sample-plan reuse	W6 variants are precomposed layouts rather than one-switch component isolation; repeats reuse one imported store and are not independent process trials. Read-byte metrics retain the reader-overread caveat.
fig2-component-ablation	w6-layout-matrix	w6_sf10_fig2	SF10:naive:read_bytes_total_std	SemL0	naive	SF10	outgoing_typed_neighbor	edge_types=1,2,3,7,8,9,10,11,12; samples_per_type=1000; repeats=3; same_store_repeats				read_bytes_total_std	190626032	bytes_per_repeat	stddev_across_same_store_repeats	w6_sf10_core_typed	ANCHOR	SECONDARY_ONLY_READER_OVERREAD	FIX	cidr-experiments/data/source-cache/w6-sf10-priority-20260709-summary.md#Aggregate Matrix row=naive column=read bytes mean+/-std	cidr-experiments/data/source-cache/w6-sf10-priority-20260709-summary.md#Aggregate Matrix; lsmgraph-rs/baseline/run_w6_sf100_matrix_20260613.sh: EDGE_TYPES/SAMPLES/REPEATS and sample-plan reuse	W6 variants are precomposed layouts rather than one-switch component isolation; repeats reuse one imported store and are not independent process trials. Read-byte metrics retain the reader-overread caveat.
fig2-component-ablation	w6-layout-matrix	w6_sf10_fig2	SF10:naive:read_bytes_per_op_mean	SemL0	naive	SF10	outgoing_typed_neighbor	edge_types=1,2,3,7,8,9,10,11,12; samples_per_type=1000; repeats=3; same_store_repeats				read_bytes_per_op_mean	37660.09777777778	bytes_per_operation	derived_from_reported_means	w6_sf10_core_typed	ANCHOR	SECONDARY_ONLY_READER_OVERREAD	FIX	cidr-experiments/data/source-cache/w6-sf10-priority-20260709-summary.md#Aggregate Matrix row=naive column=read bytes mean+/-std / cidr-experiments/data/source-cache/w6-sf10-priority-20260709-summary.md#Aggregate Matrix row=naive column=ops/repeat	cidr-experiments/data/source-cache/w6-sf10-priority-20260709-summary.md#Aggregate Matrix; lsmgraph-rs/baseline/run_w6_sf100_matrix_20260613.sh: EDGE_TYPES/SAMPLES/REPEATS and sample-plan reuse	W6 variants are precomposed layouts rather than one-switch component isolation; repeats reuse one imported store and are not independent process trials. Read-byte metrics retain the reader-overread caveat.
fig2-component-ablation	w6-layout-matrix	w6_sf10_fig2	SF10:naive:avg_latency_us_mean	SemL0	naive	SF10	outgoing_typed_neighbor	edge_types=1,2,3,7,8,9,10,11,12; samples_per_type=1000; repeats=3; same_store_repeats				avg_latency_us_mean	4177.3	us_per_operation	mean_across_same_store_repeats	w6_sf10_core_typed	ANCHOR	PLOT_WITH_CAVEAT	FIX	cidr-experiments/data/source-cache/w6-sf10-priority-20260709-summary.md#Aggregate Matrix row=naive column=avg us mean+/-std	cidr-experiments/data/source-cache/w6-sf10-priority-20260709-summary.md#Aggregate Matrix; lsmgraph-rs/baseline/run_w6_sf100_matrix_20260613.sh: EDGE_TYPES/SAMPLES/REPEATS and sample-plan reuse	W6 variants are precomposed layouts rather than one-switch component isolation; repeats reuse one imported store and are not independent process trials. Read-byte metrics retain the reader-overread caveat.
fig2-component-ablation	w6-layout-matrix	w6_sf10_fig2	SF10:naive:avg_latency_us_std	SemL0	naive	SF10	outgoing_typed_neighbor	edge_types=1,2,3,7,8,9,10,11,12; samples_per_type=1000; repeats=3; same_store_repeats				avg_latency_us_std	28.2	us_per_operation	stddev_across_same_store_repeats	w6_sf10_core_typed	ANCHOR	PLOT_WITH_CAVEAT	FIX	cidr-experiments/data/source-cache/w6-sf10-priority-20260709-summary.md#Aggregate Matrix row=naive column=avg us mean+/-std	cidr-experiments/data/source-cache/w6-sf10-priority-20260709-summary.md#Aggregate Matrix; lsmgraph-rs/baseline/run_w6_sf100_matrix_20260613.sh: EDGE_TYPES/SAMPLES/REPEATS and sample-plan reuse	W6 variants are precomposed layouts rather than one-switch component isolation; repeats reuse one imported store and are not independent process trials. Read-byte metrics retain the reader-overread caveat.
fig2-component-ablation	w6-layout-matrix	w6_sf10_fig2	SF10:naive:p50_edge_mean_us	SemL0	naive	SF10	outgoing_typed_neighbor	edge_types=1,2,3,7,8,9,10,11,12; samples_per_type=1000; repeats=3; same_store_repeats				p50_edge_mean_us	5713	us	mean_of_per_edge_type_percentiles_across_repeats	w6_sf10_core_typed	ANCHOR	PLOT_WITH_CAVEAT	FIX	cidr-experiments/data/source-cache/w6-sf10-priority-20260709-summary.md#Aggregate Matrix row=naive column=p50/p90/p99 edge-mean us	cidr-experiments/data/source-cache/w6-sf10-priority-20260709-summary.md#Aggregate Matrix; lsmgraph-rs/baseline/run_w6_sf100_matrix_20260613.sh: EDGE_TYPES/SAMPLES/REPEATS and sample-plan reuse	W6 variants are precomposed layouts rather than one-switch component isolation; repeats reuse one imported store and are not independent process trials. Read-byte metrics retain the reader-overread caveat.
fig2-component-ablation	w6-layout-matrix	w6_sf10_fig2	SF10:naive:p50_edge_mean_std_us	SemL0	naive	SF10	outgoing_typed_neighbor	edge_types=1,2,3,7,8,9,10,11,12; samples_per_type=1000; repeats=3; same_store_repeats				p50_edge_mean_std_us	13	us	stddev_of_per_edge_type_percentiles_across_repeats	w6_sf10_core_typed	ANCHOR	PLOT_WITH_CAVEAT	FIX	cidr-experiments/data/source-cache/w6-sf10-priority-20260709-summary.md#Aggregate Matrix row=naive column=p50/p90/p99 edge-mean us	cidr-experiments/data/source-cache/w6-sf10-priority-20260709-summary.md#Aggregate Matrix; lsmgraph-rs/baseline/run_w6_sf100_matrix_20260613.sh: EDGE_TYPES/SAMPLES/REPEATS and sample-plan reuse	W6 variants are precomposed layouts rather than one-switch component isolation; repeats reuse one imported store and are not independent process trials. Read-byte metrics retain the reader-overread caveat.
fig2-component-ablation	w6-layout-matrix	w6_sf10_fig2	SF10:naive:p90_edge_mean_us	SemL0	naive	SF10	outgoing_typed_neighbor	edge_types=1,2,3,7,8,9,10,11,12; samples_per_type=1000; repeats=3; same_store_repeats				p90_edge_mean_us	7426	us	mean_of_per_edge_type_percentiles_across_repeats	w6_sf10_core_typed	ANCHOR	PLOT_WITH_CAVEAT	FIX	cidr-experiments/data/source-cache/w6-sf10-priority-20260709-summary.md#Aggregate Matrix row=naive column=p50/p90/p99 edge-mean us	cidr-experiments/data/source-cache/w6-sf10-priority-20260709-summary.md#Aggregate Matrix; lsmgraph-rs/baseline/run_w6_sf100_matrix_20260613.sh: EDGE_TYPES/SAMPLES/REPEATS and sample-plan reuse	W6 variants are precomposed layouts rather than one-switch component isolation; repeats reuse one imported store and are not independent process trials. Read-byte metrics retain the reader-overread caveat.
fig2-component-ablation	w6-layout-matrix	w6_sf10_fig2	SF10:naive:p90_edge_mean_std_us	SemL0	naive	SF10	outgoing_typed_neighbor	edge_types=1,2,3,7,8,9,10,11,12; samples_per_type=1000; repeats=3; same_store_repeats				p90_edge_mean_std_us	262	us	stddev_of_per_edge_type_percentiles_across_repeats	w6_sf10_core_typed	ANCHOR	PLOT_WITH_CAVEAT	FIX	cidr-experiments/data/source-cache/w6-sf10-priority-20260709-summary.md#Aggregate Matrix row=naive column=p50/p90/p99 edge-mean us	cidr-experiments/data/source-cache/w6-sf10-priority-20260709-summary.md#Aggregate Matrix; lsmgraph-rs/baseline/run_w6_sf100_matrix_20260613.sh: EDGE_TYPES/SAMPLES/REPEATS and sample-plan reuse	W6 variants are precomposed layouts rather than one-switch component isolation; repeats reuse one imported store and are not independent process trials. Read-byte metrics retain the reader-overread caveat.
fig2-component-ablation	w6-layout-matrix	w6_sf10_fig2	SF10:naive:p99_edge_mean_us	SemL0	naive	SF10	outgoing_typed_neighbor	edge_types=1,2,3,7,8,9,10,11,12; samples_per_type=1000; repeats=3; same_store_repeats				p99_edge_mean_us	7833	us	mean_of_per_edge_type_percentiles_across_repeats	w6_sf10_core_typed	ANCHOR	PLOT_WITH_CAVEAT	FIX	cidr-experiments/data/source-cache/w6-sf10-priority-20260709-summary.md#Aggregate Matrix row=naive column=p50/p90/p99 edge-mean us	cidr-experiments/data/source-cache/w6-sf10-priority-20260709-summary.md#Aggregate Matrix; lsmgraph-rs/baseline/run_w6_sf100_matrix_20260613.sh: EDGE_TYPES/SAMPLES/REPEATS and sample-plan reuse	W6 variants are precomposed layouts rather than one-switch component isolation; repeats reuse one imported store and are not independent process trials. Read-byte metrics retain the reader-overread caveat.
fig2-component-ablation	w6-layout-matrix	w6_sf10_fig2	SF10:naive:p99_edge_mean_std_us	SemL0	naive	SF10	outgoing_typed_neighbor	edge_types=1,2,3,7,8,9,10,11,12; samples_per_type=1000; repeats=3; same_store_repeats				p99_edge_mean_std_us	0	us	stddev_of_per_edge_type_percentiles_across_repeats	w6_sf10_core_typed	ANCHOR	PLOT_WITH_CAVEAT	FIX	cidr-experiments/data/source-cache/w6-sf10-priority-20260709-summary.md#Aggregate Matrix row=naive column=p50/p90/p99 edge-mean us	cidr-experiments/data/source-cache/w6-sf10-priority-20260709-summary.md#Aggregate Matrix; lsmgraph-rs/baseline/run_w6_sf100_matrix_20260613.sh: EDGE_TYPES/SAMPLES/REPEATS and sample-plan reuse	W6 variants are precomposed layouts rather than one-switch component isolation; repeats reuse one imported store and are not independent process trials. Read-byte metrics retain the reader-overread caveat.
fig2-component-ablation	w6-layout-matrix	w6_sf10_fig2	SF10:naive:import_max_rss_gib_reported	SemL0	naive	SF10	outgoing_typed_neighbor	edge_types=1,2,3,7,8,9,10,11,12; samples_per_type=1000; repeats=3; same_store_repeats				import_max_rss_gib_reported	2.22	GiB_reported	single_import_time_v	w6_sf10_core_typed	ANCHOR	PLOT_WITH_CAVEAT	FIX	cidr-experiments/data/source-cache/w6-sf10-priority-20260709-summary.md#Import RSS row=naive column=max RSS GiB	cidr-experiments/data/source-cache/w6-sf10-priority-20260709-summary.md#Aggregate Matrix; lsmgraph-rs/baseline/run_w6_sf100_matrix_20260613.sh: EDGE_TYPES/SAMPLES/REPEATS and sample-plan reuse	W6 variants are precomposed layouts rather than one-switch component isolation; repeats reuse one imported store and are not independent process trials. Read-byte metrics retain the reader-overread caveat.
fig2-component-ablation	w6-layout-matrix	w6_sf10_fig2	SF10:kv-lsm:ops_per_repeat	SemL0	kv-lsm	SF10	outgoing_typed_neighbor	edge_types=1,2,3,7,8,9,10,11,12; samples_per_type=1000; repeats=3; same_store_repeats				ops_per_repeat	9000	operations	protocol_count	w6_sf10_core_typed	PASS (9,000)	PLOT_WITH_CAVEAT	FIX	cidr-experiments/data/source-cache/w6-sf10-priority-20260709-summary.md#Aggregate Matrix row=kv-lsm column=ops/repeat	cidr-experiments/data/source-cache/w6-sf10-priority-20260709-summary.md#Aggregate Matrix; lsmgraph-rs/baseline/run_w6_sf100_matrix_20260613.sh: EDGE_TYPES/SAMPLES/REPEATS and sample-plan reuse	W6 variants are precomposed layouts rather than one-switch component isolation; repeats reuse one imported store and are not independent process trials. Read-byte metrics retain the reader-overread caveat.
fig2-component-ablation	w6-layout-matrix	w6_sf10_fig2	SF10:kv-lsm:store_size_gib_reported	SemL0	kv-lsm	SF10	outgoing_typed_neighbor	edge_types=1,2,3,7,8,9,10,11,12; samples_per_type=1000; repeats=3; same_store_repeats				store_size_gib_reported	13.4	GiB_reported	single_import	w6_sf10_core_typed	PASS (9,000)	PLOT_WITH_CAVEAT	FIX	cidr-experiments/data/source-cache/w6-sf10-priority-20260709-summary.md#Aggregate Matrix row=kv-lsm column=store GiB	cidr-experiments/data/source-cache/w6-sf10-priority-20260709-summary.md#Aggregate Matrix; lsmgraph-rs/baseline/run_w6_sf100_matrix_20260613.sh: EDGE_TYPES/SAMPLES/REPEATS and sample-plan reuse	W6 variants are precomposed layouts rather than one-switch component isolation; repeats reuse one imported store and are not independent process trials. Read-byte metrics retain the reader-overread caveat.
fig2-component-ablation	w6-layout-matrix	w6_sf10_fig2	SF10:kv-lsm:l0_files	SemL0	kv-lsm	SF10	outgoing_typed_neighbor	edge_types=1,2,3,7,8,9,10,11,12; samples_per_type=1000; repeats=3; same_store_repeats				l0_files	170	files	single_import	w6_sf10_core_typed	PASS (9,000)	PLOT_WITH_CAVEAT	FIX	cidr-experiments/data/source-cache/w6-sf10-priority-20260709-summary.md#Aggregate Matrix row=kv-lsm column=L0 files	cidr-experiments/data/source-cache/w6-sf10-priority-20260709-summary.md#Aggregate Matrix; lsmgraph-rs/baseline/run_w6_sf100_matrix_20260613.sh: EDGE_TYPES/SAMPLES/REPEATS and sample-plan reuse	W6 variants are precomposed layouts rather than one-switch component isolation; repeats reuse one imported store and are not independent process trials. Read-byte metrics retain the reader-overread caveat.
fig2-component-ablation	w6-layout-matrix	w6_sf10_fig2	SF10:kv-lsm:candidate_l0_total_mean	SemL0	kv-lsm	SF10	outgoing_typed_neighbor	edge_types=1,2,3,7,8,9,10,11,12; samples_per_type=1000; repeats=3; same_store_repeats				candidate_l0_total_mean	1001798	segments_per_repeat	mean_across_same_store_repeats	w6_sf10_core_typed	PASS (9,000)	PLOT_WITH_CAVEAT	FIX	cidr-experiments/data/source-cache/w6-sf10-priority-20260709-summary.md#Aggregate Matrix row=kv-lsm column=candidate L0 mean+/-std	cidr-experiments/data/source-cache/w6-sf10-priority-20260709-summary.md#Aggregate Matrix; lsmgraph-rs/baseline/run_w6_sf100_matrix_20260613.sh: EDGE_TYPES/SAMPLES/REPEATS and sample-plan reuse	W6 variants are precomposed layouts rather than one-switch component isolation; repeats reuse one imported store and are not independent process trials. Read-byte metrics retain the reader-overread caveat.
fig2-component-ablation	w6-layout-matrix	w6_sf10_fig2	SF10:kv-lsm:candidate_l0_total_std	SemL0	kv-lsm	SF10	outgoing_typed_neighbor	edge_types=1,2,3,7,8,9,10,11,12; samples_per_type=1000; repeats=3; same_store_repeats				candidate_l0_total_std	0	segments_per_repeat	stddev_across_same_store_repeats	w6_sf10_core_typed	PASS (9,000)	PLOT_WITH_CAVEAT	FIX	cidr-experiments/data/source-cache/w6-sf10-priority-20260709-summary.md#Aggregate Matrix row=kv-lsm column=candidate L0 mean+/-std	cidr-experiments/data/source-cache/w6-sf10-priority-20260709-summary.md#Aggregate Matrix; lsmgraph-rs/baseline/run_w6_sf100_matrix_20260613.sh: EDGE_TYPES/SAMPLES/REPEATS and sample-plan reuse	W6 variants are precomposed layouts rather than one-switch component isolation; repeats reuse one imported store and are not independent process trials. Read-byte metrics retain the reader-overread caveat.
fig2-component-ablation	w6-layout-matrix	w6_sf10_fig2	SF10:kv-lsm:candidate_l0_per_op_mean	SemL0	kv-lsm	SF10	outgoing_typed_neighbor	edge_types=1,2,3,7,8,9,10,11,12; samples_per_type=1000; repeats=3; same_store_repeats				candidate_l0_per_op_mean	111.31088888888888	segments_per_operation	derived_from_reported_means	w6_sf10_core_typed	PASS (9,000)	PLOT_WITH_CAVEAT	FIX	cidr-experiments/data/source-cache/w6-sf10-priority-20260709-summary.md#Aggregate Matrix row=kv-lsm column=candidate L0 mean+/-std / cidr-experiments/data/source-cache/w6-sf10-priority-20260709-summary.md#Aggregate Matrix row=kv-lsm column=ops/repeat	cidr-experiments/data/source-cache/w6-sf10-priority-20260709-summary.md#Aggregate Matrix; lsmgraph-rs/baseline/run_w6_sf100_matrix_20260613.sh: EDGE_TYPES/SAMPLES/REPEATS and sample-plan reuse	W6 variants are precomposed layouts rather than one-switch component isolation; repeats reuse one imported store and are not independent process trials. Read-byte metrics retain the reader-overread caveat.
fig2-component-ablation	w6-layout-matrix	w6_sf10_fig2	SF10:kv-lsm:candidate_l0_per_op_std	SemL0	kv-lsm	SF10	outgoing_typed_neighbor	edge_types=1,2,3,7,8,9,10,11,12; samples_per_type=1000; repeats=3; same_store_repeats				candidate_l0_per_op_std	0	segments_per_operation	derived_from_reported_stddev	w6_sf10_core_typed	PASS (9,000)	PLOT_WITH_CAVEAT	FIX	cidr-experiments/data/source-cache/w6-sf10-priority-20260709-summary.md#Aggregate Matrix row=kv-lsm column=candidate L0 mean+/-std / cidr-experiments/data/source-cache/w6-sf10-priority-20260709-summary.md#Aggregate Matrix row=kv-lsm column=ops/repeat	cidr-experiments/data/source-cache/w6-sf10-priority-20260709-summary.md#Aggregate Matrix; lsmgraph-rs/baseline/run_w6_sf100_matrix_20260613.sh: EDGE_TYPES/SAMPLES/REPEATS and sample-plan reuse	W6 variants are precomposed layouts rather than one-switch component isolation; repeats reuse one imported store and are not independent process trials. Read-byte metrics retain the reader-overread caveat.
fig2-component-ablation	w6-layout-matrix	w6_sf10_fig2	SF10:kv-lsm:read_bytes_total_mean	SemL0	kv-lsm	SF10	outgoing_typed_neighbor	edge_types=1,2,3,7,8,9,10,11,12; samples_per_type=1000; repeats=3; same_store_repeats				read_bytes_total_mean	338940880	bytes_per_repeat	mean_across_same_store_repeats	w6_sf10_core_typed	PASS (9,000)	SECONDARY_ONLY_READER_OVERREAD	FIX	cidr-experiments/data/source-cache/w6-sf10-priority-20260709-summary.md#Aggregate Matrix row=kv-lsm column=read bytes mean+/-std	cidr-experiments/data/source-cache/w6-sf10-priority-20260709-summary.md#Aggregate Matrix; lsmgraph-rs/baseline/run_w6_sf100_matrix_20260613.sh: EDGE_TYPES/SAMPLES/REPEATS and sample-plan reuse	W6 variants are precomposed layouts rather than one-switch component isolation; repeats reuse one imported store and are not independent process trials. Read-byte metrics retain the reader-overread caveat.
fig2-component-ablation	w6-layout-matrix	w6_sf10_fig2	SF10:kv-lsm:read_bytes_total_std	SemL0	kv-lsm	SF10	outgoing_typed_neighbor	edge_types=1,2,3,7,8,9,10,11,12; samples_per_type=1000; repeats=3; same_store_repeats				read_bytes_total_std	190626032	bytes_per_repeat	stddev_across_same_store_repeats	w6_sf10_core_typed	PASS (9,000)	SECONDARY_ONLY_READER_OVERREAD	FIX	cidr-experiments/data/source-cache/w6-sf10-priority-20260709-summary.md#Aggregate Matrix row=kv-lsm column=read bytes mean+/-std	cidr-experiments/data/source-cache/w6-sf10-priority-20260709-summary.md#Aggregate Matrix; lsmgraph-rs/baseline/run_w6_sf100_matrix_20260613.sh: EDGE_TYPES/SAMPLES/REPEATS and sample-plan reuse	W6 variants are precomposed layouts rather than one-switch component isolation; repeats reuse one imported store and are not independent process trials. Read-byte metrics retain the reader-overread caveat.
fig2-component-ablation	w6-layout-matrix	w6_sf10_fig2	SF10:kv-lsm:read_bytes_per_op_mean	SemL0	kv-lsm	SF10	outgoing_typed_neighbor	edge_types=1,2,3,7,8,9,10,11,12; samples_per_type=1000; repeats=3; same_store_repeats				read_bytes_per_op_mean	37660.09777777778	bytes_per_operation	derived_from_reported_means	w6_sf10_core_typed	PASS (9,000)	SECONDARY_ONLY_READER_OVERREAD	FIX	cidr-experiments/data/source-cache/w6-sf10-priority-20260709-summary.md#Aggregate Matrix row=kv-lsm column=read bytes mean+/-std / cidr-experiments/data/source-cache/w6-sf10-priority-20260709-summary.md#Aggregate Matrix row=kv-lsm column=ops/repeat	cidr-experiments/data/source-cache/w6-sf10-priority-20260709-summary.md#Aggregate Matrix; lsmgraph-rs/baseline/run_w6_sf100_matrix_20260613.sh: EDGE_TYPES/SAMPLES/REPEATS and sample-plan reuse	W6 variants are precomposed layouts rather than one-switch component isolation; repeats reuse one imported store and are not independent process trials. Read-byte metrics retain the reader-overread caveat.
fig2-component-ablation	w6-layout-matrix	w6_sf10_fig2	SF10:kv-lsm:avg_latency_us_mean	SemL0	kv-lsm	SF10	outgoing_typed_neighbor	edge_types=1,2,3,7,8,9,10,11,12; samples_per_type=1000; repeats=3; same_store_repeats				avg_latency_us_mean	4111.1	us_per_operation	mean_across_same_store_repeats	w6_sf10_core_typed	PASS (9,000)	PLOT_WITH_CAVEAT	FIX	cidr-experiments/data/source-cache/w6-sf10-priority-20260709-summary.md#Aggregate Matrix row=kv-lsm column=avg us mean+/-std	cidr-experiments/data/source-cache/w6-sf10-priority-20260709-summary.md#Aggregate Matrix; lsmgraph-rs/baseline/run_w6_sf100_matrix_20260613.sh: EDGE_TYPES/SAMPLES/REPEATS and sample-plan reuse	W6 variants are precomposed layouts rather than one-switch component isolation; repeats reuse one imported store and are not independent process trials. Read-byte metrics retain the reader-overread caveat.
fig2-component-ablation	w6-layout-matrix	w6_sf10_fig2	SF10:kv-lsm:avg_latency_us_std	SemL0	kv-lsm	SF10	outgoing_typed_neighbor	edge_types=1,2,3,7,8,9,10,11,12; samples_per_type=1000; repeats=3; same_store_repeats				avg_latency_us_std	32.7	us_per_operation	stddev_across_same_store_repeats	w6_sf10_core_typed	PASS (9,000)	PLOT_WITH_CAVEAT	FIX	cidr-experiments/data/source-cache/w6-sf10-priority-20260709-summary.md#Aggregate Matrix row=kv-lsm column=avg us mean+/-std	cidr-experiments/data/source-cache/w6-sf10-priority-20260709-summary.md#Aggregate Matrix; lsmgraph-rs/baseline/run_w6_sf100_matrix_20260613.sh: EDGE_TYPES/SAMPLES/REPEATS and sample-plan reuse	W6 variants are precomposed layouts rather than one-switch component isolation; repeats reuse one imported store and are not independent process trials. Read-byte metrics retain the reader-overread caveat.
fig2-component-ablation	w6-layout-matrix	w6_sf10_fig2	SF10:kv-lsm:p50_edge_mean_us	SemL0	kv-lsm	SF10	outgoing_typed_neighbor	edge_types=1,2,3,7,8,9,10,11,12; samples_per_type=1000; repeats=3; same_store_repeats				p50_edge_mean_us	5676	us	mean_of_per_edge_type_percentiles_across_repeats	w6_sf10_core_typed	PASS (9,000)	PLOT_WITH_CAVEAT	FIX	cidr-experiments/data/source-cache/w6-sf10-priority-20260709-summary.md#Aggregate Matrix row=kv-lsm column=p50/p90/p99 edge-mean us	cidr-experiments/data/source-cache/w6-sf10-priority-20260709-summary.md#Aggregate Matrix; lsmgraph-rs/baseline/run_w6_sf100_matrix_20260613.sh: EDGE_TYPES/SAMPLES/REPEATS and sample-plan reuse	W6 variants are precomposed layouts rather than one-switch component isolation; repeats reuse one imported store and are not independent process trials. Read-byte metrics retain the reader-overread caveat.
fig2-component-ablation	w6-layout-matrix	w6_sf10_fig2	SF10:kv-lsm:p50_edge_mean_std_us	SemL0	kv-lsm	SF10	outgoing_typed_neighbor	edge_types=1,2,3,7,8,9,10,11,12; samples_per_type=1000; repeats=3; same_store_repeats				p50_edge_mean_std_us	35	us	stddev_of_per_edge_type_percentiles_across_repeats	w6_sf10_core_typed	PASS (9,000)	PLOT_WITH_CAVEAT	FIX	cidr-experiments/data/source-cache/w6-sf10-priority-20260709-summary.md#Aggregate Matrix row=kv-lsm column=p50/p90/p99 edge-mean us	cidr-experiments/data/source-cache/w6-sf10-priority-20260709-summary.md#Aggregate Matrix; lsmgraph-rs/baseline/run_w6_sf100_matrix_20260613.sh: EDGE_TYPES/SAMPLES/REPEATS and sample-plan reuse	W6 variants are precomposed layouts rather than one-switch component isolation; repeats reuse one imported store and are not independent process trials. Read-byte metrics retain the reader-overread caveat.
fig2-component-ablation	w6-layout-matrix	w6_sf10_fig2	SF10:kv-lsm:p90_edge_mean_us	SemL0	kv-lsm	SF10	outgoing_typed_neighbor	edge_types=1,2,3,7,8,9,10,11,12; samples_per_type=1000; repeats=3; same_store_repeats				p90_edge_mean_us	6296	us	mean_of_per_edge_type_percentiles_across_repeats	w6_sf10_core_typed	PASS (9,000)	PLOT_WITH_CAVEAT	FIX	cidr-experiments/data/source-cache/w6-sf10-priority-20260709-summary.md#Aggregate Matrix row=kv-lsm column=p50/p90/p99 edge-mean us	cidr-experiments/data/source-cache/w6-sf10-priority-20260709-summary.md#Aggregate Matrix; lsmgraph-rs/baseline/run_w6_sf100_matrix_20260613.sh: EDGE_TYPES/SAMPLES/REPEATS and sample-plan reuse	W6 variants are precomposed layouts rather than one-switch component isolation; repeats reuse one imported store and are not independent process trials. Read-byte metrics retain the reader-overread caveat.
fig2-component-ablation	w6-layout-matrix	w6_sf10_fig2	SF10:kv-lsm:p90_edge_mean_std_us	SemL0	kv-lsm	SF10	outgoing_typed_neighbor	edge_types=1,2,3,7,8,9,10,11,12; samples_per_type=1000; repeats=3; same_store_repeats				p90_edge_mean_std_us	288	us	stddev_of_per_edge_type_percentiles_across_repeats	w6_sf10_core_typed	PASS (9,000)	PLOT_WITH_CAVEAT	FIX	cidr-experiments/data/source-cache/w6-sf10-priority-20260709-summary.md#Aggregate Matrix row=kv-lsm column=p50/p90/p99 edge-mean us	cidr-experiments/data/source-cache/w6-sf10-priority-20260709-summary.md#Aggregate Matrix; lsmgraph-rs/baseline/run_w6_sf100_matrix_20260613.sh: EDGE_TYPES/SAMPLES/REPEATS and sample-plan reuse	W6 variants are precomposed layouts rather than one-switch component isolation; repeats reuse one imported store and are not independent process trials. Read-byte metrics retain the reader-overread caveat.
fig2-component-ablation	w6-layout-matrix	w6_sf10_fig2	SF10:kv-lsm:p99_edge_mean_us	SemL0	kv-lsm	SF10	outgoing_typed_neighbor	edge_types=1,2,3,7,8,9,10,11,12; samples_per_type=1000; repeats=3; same_store_repeats				p99_edge_mean_us	7833	us	mean_of_per_edge_type_percentiles_across_repeats	w6_sf10_core_typed	PASS (9,000)	PLOT_WITH_CAVEAT	FIX	cidr-experiments/data/source-cache/w6-sf10-priority-20260709-summary.md#Aggregate Matrix row=kv-lsm column=p50/p90/p99 edge-mean us	cidr-experiments/data/source-cache/w6-sf10-priority-20260709-summary.md#Aggregate Matrix; lsmgraph-rs/baseline/run_w6_sf100_matrix_20260613.sh: EDGE_TYPES/SAMPLES/REPEATS and sample-plan reuse	W6 variants are precomposed layouts rather than one-switch component isolation; repeats reuse one imported store and are not independent process trials. Read-byte metrics retain the reader-overread caveat.
fig2-component-ablation	w6-layout-matrix	w6_sf10_fig2	SF10:kv-lsm:p99_edge_mean_std_us	SemL0	kv-lsm	SF10	outgoing_typed_neighbor	edge_types=1,2,3,7,8,9,10,11,12; samples_per_type=1000; repeats=3; same_store_repeats				p99_edge_mean_std_us	0	us	stddev_of_per_edge_type_percentiles_across_repeats	w6_sf10_core_typed	PASS (9,000)	PLOT_WITH_CAVEAT	FIX	cidr-experiments/data/source-cache/w6-sf10-priority-20260709-summary.md#Aggregate Matrix row=kv-lsm column=p50/p90/p99 edge-mean us	cidr-experiments/data/source-cache/w6-sf10-priority-20260709-summary.md#Aggregate Matrix; lsmgraph-rs/baseline/run_w6_sf100_matrix_20260613.sh: EDGE_TYPES/SAMPLES/REPEATS and sample-plan reuse	W6 variants are precomposed layouts rather than one-switch component isolation; repeats reuse one imported store and are not independent process trials. Read-byte metrics retain the reader-overread caveat.
fig2-component-ablation	w6-layout-matrix	w6_sf10_fig2	SF10:kv-lsm:correctness_checked	SemL0	kv-lsm	SF10	outgoing_typed_neighbor	edge_types=1,2,3,7,8,9,10,11,12; samples_per_type=1000; repeats=3; same_store_repeats				correctness_checked	9000	queries	naive_anchor_compare	w6_sf10_core_typed	PASS (9,000)	PLOT_WITH_CAVEAT	FIX	cidr-experiments/data/source-cache/w6-sf10-priority-20260709-summary.md#Correctness Compares row=kv-lsm column=checked	cidr-experiments/data/source-cache/w6-sf10-priority-20260709-summary.md#Aggregate Matrix; lsmgraph-rs/baseline/run_w6_sf100_matrix_20260613.sh: EDGE_TYPES/SAMPLES/REPEATS and sample-plan reuse	W6 variants are precomposed layouts rather than one-switch component isolation; repeats reuse one imported store and are not independent process trials. Read-byte metrics retain the reader-overread caveat.
fig2-component-ablation	w6-layout-matrix	w6_sf10_fig2	SF10:kv-lsm:correctness_mismatches	SemL0	kv-lsm	SF10	outgoing_typed_neighbor	edge_types=1,2,3,7,8,9,10,11,12; samples_per_type=1000; repeats=3; same_store_repeats				correctness_mismatches	0	queries	naive_anchor_compare	w6_sf10_core_typed	PASS (9,000)	PLOT_WITH_CAVEAT	FIX	cidr-experiments/data/source-cache/w6-sf10-priority-20260709-summary.md#Correctness Compares row=kv-lsm column=mismatches	cidr-experiments/data/source-cache/w6-sf10-priority-20260709-summary.md#Aggregate Matrix; lsmgraph-rs/baseline/run_w6_sf100_matrix_20260613.sh: EDGE_TYPES/SAMPLES/REPEATS and sample-plan reuse	W6 variants are precomposed layouts rather than one-switch component isolation; repeats reuse one imported store and are not independent process trials. Read-byte metrics retain the reader-overread caveat.
fig2-component-ablation	w6-layout-matrix	w6_sf10_fig2	SF10:kv-lsm:import_max_rss_gib_reported	SemL0	kv-lsm	SF10	outgoing_typed_neighbor	edge_types=1,2,3,7,8,9,10,11,12; samples_per_type=1000; repeats=3; same_store_repeats				import_max_rss_gib_reported	2.33	GiB_reported	single_import_time_v	w6_sf10_core_typed	PASS (9,000)	PLOT_WITH_CAVEAT	FIX	cidr-experiments/data/source-cache/w6-sf10-priority-20260709-summary.md#Import RSS row=kv-lsm column=max RSS GiB	cidr-experiments/data/source-cache/w6-sf10-priority-20260709-summary.md#Aggregate Matrix; lsmgraph-rs/baseline/run_w6_sf100_matrix_20260613.sh: EDGE_TYPES/SAMPLES/REPEATS and sample-plan reuse	W6 variants are precomposed layouts rather than one-switch component isolation; repeats reuse one imported store and are not independent process trials. Read-byte metrics retain the reader-overread caveat.
fig2-component-ablation	w6-layout-matrix	w6_sf10_fig2	SF10:edge-type-only:ops_per_repeat	SemL0	edge-type-only	SF10	outgoing_typed_neighbor	edge_types=1,2,3,7,8,9,10,11,12; samples_per_type=1000; repeats=3; same_store_repeats				ops_per_repeat	9000	operations	protocol_count	w6_sf10_core_typed	PASS (9,000)	PLOT_WITH_CAVEAT	FIX	cidr-experiments/data/source-cache/w6-sf10-priority-20260709-summary.md#Aggregate Matrix row=edge-type-only column=ops/repeat	cidr-experiments/data/source-cache/w6-sf10-priority-20260709-summary.md#Aggregate Matrix; lsmgraph-rs/baseline/run_w6_sf100_matrix_20260613.sh: EDGE_TYPES/SAMPLES/REPEATS and sample-plan reuse	W6 variants are precomposed layouts rather than one-switch component isolation; repeats reuse one imported store and are not independent process trials. Read-byte metrics retain the reader-overread caveat.
fig2-component-ablation	w6-layout-matrix	w6_sf10_fig2	SF10:edge-type-only:store_size_gib_reported	SemL0	edge-type-only	SF10	outgoing_typed_neighbor	edge_types=1,2,3,7,8,9,10,11,12; samples_per_type=1000; repeats=3; same_store_repeats				store_size_gib_reported	13.3	GiB_reported	single_import	w6_sf10_core_typed	PASS (9,000)	PLOT_WITH_CAVEAT	FIX	cidr-experiments/data/source-cache/w6-sf10-priority-20260709-summary.md#Aggregate Matrix row=edge-type-only column=store GiB	cidr-experiments/data/source-cache/w6-sf10-priority-20260709-summary.md#Aggregate Matrix; lsmgraph-rs/baseline/run_w6_sf100_matrix_20260613.sh: EDGE_TYPES/SAMPLES/REPEATS and sample-plan reuse	W6 variants are precomposed layouts rather than one-switch component isolation; repeats reuse one imported store and are not independent process trials. Read-byte metrics retain the reader-overread caveat.
fig2-component-ablation	w6-layout-matrix	w6_sf10_fig2	SF10:edge-type-only:l0_files	SemL0	edge-type-only	SF10	outgoing_typed_neighbor	edge_types=1,2,3,7,8,9,10,11,12; samples_per_type=1000; repeats=3; same_store_repeats				l0_files	380	files	single_import	w6_sf10_core_typed	PASS (9,000)	PLOT_WITH_CAVEAT	FIX	cidr-experiments/data/source-cache/w6-sf10-priority-20260709-summary.md#Aggregate Matrix row=edge-type-only column=L0 files	cidr-experiments/data/source-cache/w6-sf10-priority-20260709-summary.md#Aggregate Matrix; lsmgraph-rs/baseline/run_w6_sf100_matrix_20260613.sh: EDGE_TYPES/SAMPLES/REPEATS and sample-plan reuse	W6 variants are precomposed layouts rather than one-switch component isolation; repeats reuse one imported store and are not independent process trials. Read-byte metrics retain the reader-overread caveat.
fig2-component-ablation	w6-layout-matrix	w6_sf10_fig2	SF10:edge-type-only:candidate_l0_total_mean	SemL0	edge-type-only	SF10	outgoing_typed_neighbor	edge_types=1,2,3,7,8,9,10,11,12; samples_per_type=1000; repeats=3; same_store_repeats				candidate_l0_total_mean	122444	segments_per_repeat	mean_across_same_store_repeats	w6_sf10_core_typed	PASS (9,000)	PLOT_WITH_CAVEAT	FIX	cidr-experiments/data/source-cache/w6-sf10-priority-20260709-summary.md#Aggregate Matrix row=edge-type-only column=candidate L0 mean+/-std	cidr-experiments/data/source-cache/w6-sf10-priority-20260709-summary.md#Aggregate Matrix; lsmgraph-rs/baseline/run_w6_sf100_matrix_20260613.sh: EDGE_TYPES/SAMPLES/REPEATS and sample-plan reuse	W6 variants are precomposed layouts rather than one-switch component isolation; repeats reuse one imported store and are not independent process trials. Read-byte metrics retain the reader-overread caveat.
fig2-component-ablation	w6-layout-matrix	w6_sf10_fig2	SF10:edge-type-only:candidate_l0_total_std	SemL0	edge-type-only	SF10	outgoing_typed_neighbor	edge_types=1,2,3,7,8,9,10,11,12; samples_per_type=1000; repeats=3; same_store_repeats				candidate_l0_total_std	0	segments_per_repeat	stddev_across_same_store_repeats	w6_sf10_core_typed	PASS (9,000)	PLOT_WITH_CAVEAT	FIX	cidr-experiments/data/source-cache/w6-sf10-priority-20260709-summary.md#Aggregate Matrix row=edge-type-only column=candidate L0 mean+/-std	cidr-experiments/data/source-cache/w6-sf10-priority-20260709-summary.md#Aggregate Matrix; lsmgraph-rs/baseline/run_w6_sf100_matrix_20260613.sh: EDGE_TYPES/SAMPLES/REPEATS and sample-plan reuse	W6 variants are precomposed layouts rather than one-switch component isolation; repeats reuse one imported store and are not independent process trials. Read-byte metrics retain the reader-overread caveat.
fig2-component-ablation	w6-layout-matrix	w6_sf10_fig2	SF10:edge-type-only:candidate_l0_per_op_mean	SemL0	edge-type-only	SF10	outgoing_typed_neighbor	edge_types=1,2,3,7,8,9,10,11,12; samples_per_type=1000; repeats=3; same_store_repeats				candidate_l0_per_op_mean	13.604888888888889	segments_per_operation	derived_from_reported_means	w6_sf10_core_typed	PASS (9,000)	PLOT_WITH_CAVEAT	FIX	cidr-experiments/data/source-cache/w6-sf10-priority-20260709-summary.md#Aggregate Matrix row=edge-type-only column=candidate L0 mean+/-std / cidr-experiments/data/source-cache/w6-sf10-priority-20260709-summary.md#Aggregate Matrix row=edge-type-only column=ops/repeat	cidr-experiments/data/source-cache/w6-sf10-priority-20260709-summary.md#Aggregate Matrix; lsmgraph-rs/baseline/run_w6_sf100_matrix_20260613.sh: EDGE_TYPES/SAMPLES/REPEATS and sample-plan reuse	W6 variants are precomposed layouts rather than one-switch component isolation; repeats reuse one imported store and are not independent process trials. Read-byte metrics retain the reader-overread caveat.
fig2-component-ablation	w6-layout-matrix	w6_sf10_fig2	SF10:edge-type-only:candidate_l0_per_op_std	SemL0	edge-type-only	SF10	outgoing_typed_neighbor	edge_types=1,2,3,7,8,9,10,11,12; samples_per_type=1000; repeats=3; same_store_repeats				candidate_l0_per_op_std	0	segments_per_operation	derived_from_reported_stddev	w6_sf10_core_typed	PASS (9,000)	PLOT_WITH_CAVEAT	FIX	cidr-experiments/data/source-cache/w6-sf10-priority-20260709-summary.md#Aggregate Matrix row=edge-type-only column=candidate L0 mean+/-std / cidr-experiments/data/source-cache/w6-sf10-priority-20260709-summary.md#Aggregate Matrix row=edge-type-only column=ops/repeat	cidr-experiments/data/source-cache/w6-sf10-priority-20260709-summary.md#Aggregate Matrix; lsmgraph-rs/baseline/run_w6_sf100_matrix_20260613.sh: EDGE_TYPES/SAMPLES/REPEATS and sample-plan reuse	W6 variants are precomposed layouts rather than one-switch component isolation; repeats reuse one imported store and are not independent process trials. Read-byte metrics retain the reader-overread caveat.
fig2-component-ablation	w6-layout-matrix	w6_sf10_fig2	SF10:edge-type-only:read_bytes_total_mean	SemL0	edge-type-only	SF10	outgoing_typed_neighbor	edge_types=1,2,3,7,8,9,10,11,12; samples_per_type=1000; repeats=3; same_store_repeats				read_bytes_total_mean	78943597	bytes_per_repeat	mean_across_same_store_repeats	w6_sf10_core_typed	PASS (9,000)	SECONDARY_ONLY_READER_OVERREAD	FIX	cidr-experiments/data/source-cache/w6-sf10-priority-20260709-summary.md#Aggregate Matrix row=edge-type-only column=read bytes mean+/-std	cidr-experiments/data/source-cache/w6-sf10-priority-20260709-summary.md#Aggregate Matrix; lsmgraph-rs/baseline/run_w6_sf100_matrix_20260613.sh: EDGE_TYPES/SAMPLES/REPEATS and sample-plan reuse	W6 variants are precomposed layouts rather than one-switch component isolation; repeats reuse one imported store and are not independent process trials. Read-byte metrics retain the reader-overread caveat.
fig2-component-ablation	w6-layout-matrix	w6_sf10_fig2	SF10:edge-type-only:read_bytes_total_std	SemL0	edge-type-only	SF10	outgoing_typed_neighbor	edge_types=1,2,3,7,8,9,10,11,12; samples_per_type=1000; repeats=3; same_store_repeats				read_bytes_total_std	71327713	bytes_per_repeat	stddev_across_same_store_repeats	w6_sf10_core_typed	PASS (9,000)	SECONDARY_ONLY_READER_OVERREAD	FIX	cidr-experiments/data/source-cache/w6-sf10-priority-20260709-summary.md#Aggregate Matrix row=edge-type-only column=read bytes mean+/-std	cidr-experiments/data/source-cache/w6-sf10-priority-20260709-summary.md#Aggregate Matrix; lsmgraph-rs/baseline/run_w6_sf100_matrix_20260613.sh: EDGE_TYPES/SAMPLES/REPEATS and sample-plan reuse	W6 variants are precomposed layouts rather than one-switch component isolation; repeats reuse one imported store and are not independent process trials. Read-byte metrics retain the reader-overread caveat.
fig2-component-ablation	w6-layout-matrix	w6_sf10_fig2	SF10:edge-type-only:read_bytes_per_op_mean	SemL0	edge-type-only	SF10	outgoing_typed_neighbor	edge_types=1,2,3,7,8,9,10,11,12; samples_per_type=1000; repeats=3; same_store_repeats				read_bytes_per_op_mean	8771.510777777778	bytes_per_operation	derived_from_reported_means	w6_sf10_core_typed	PASS (9,000)	SECONDARY_ONLY_READER_OVERREAD	FIX	cidr-experiments/data/source-cache/w6-sf10-priority-20260709-summary.md#Aggregate Matrix row=edge-type-only column=read bytes mean+/-std / cidr-experiments/data/source-cache/w6-sf10-priority-20260709-summary.md#Aggregate Matrix row=edge-type-only column=ops/repeat	cidr-experiments/data/source-cache/w6-sf10-priority-20260709-summary.md#Aggregate Matrix; lsmgraph-rs/baseline/run_w6_sf100_matrix_20260613.sh: EDGE_TYPES/SAMPLES/REPEATS and sample-plan reuse	W6 variants are precomposed layouts rather than one-switch component isolation; repeats reuse one imported store and are not independent process trials. Read-byte metrics retain the reader-overread caveat.
fig2-component-ablation	w6-layout-matrix	w6_sf10_fig2	SF10:edge-type-only:avg_latency_us_mean	SemL0	edge-type-only	SF10	outgoing_typed_neighbor	edge_types=1,2,3,7,8,9,10,11,12; samples_per_type=1000; repeats=3; same_store_repeats				avg_latency_us_mean	534.6	us_per_operation	mean_across_same_store_repeats	w6_sf10_core_typed	PASS (9,000)	PLOT_WITH_CAVEAT	FIX	cidr-experiments/data/source-cache/w6-sf10-priority-20260709-summary.md#Aggregate Matrix row=edge-type-only column=avg us mean+/-std	cidr-experiments/data/source-cache/w6-sf10-priority-20260709-summary.md#Aggregate Matrix; lsmgraph-rs/baseline/run_w6_sf100_matrix_20260613.sh: EDGE_TYPES/SAMPLES/REPEATS and sample-plan reuse	W6 variants are precomposed layouts rather than one-switch component isolation; repeats reuse one imported store and are not independent process trials. Read-byte metrics retain the reader-overread caveat.
fig2-component-ablation	w6-layout-matrix	w6_sf10_fig2	SF10:edge-type-only:avg_latency_us_std	SemL0	edge-type-only	SF10	outgoing_typed_neighbor	edge_types=1,2,3,7,8,9,10,11,12; samples_per_type=1000; repeats=3; same_store_repeats				avg_latency_us_std	3.8	us_per_operation	stddev_across_same_store_repeats	w6_sf10_core_typed	PASS (9,000)	PLOT_WITH_CAVEAT	FIX	cidr-experiments/data/source-cache/w6-sf10-priority-20260709-summary.md#Aggregate Matrix row=edge-type-only column=avg us mean+/-std	cidr-experiments/data/source-cache/w6-sf10-priority-20260709-summary.md#Aggregate Matrix; lsmgraph-rs/baseline/run_w6_sf100_matrix_20260613.sh: EDGE_TYPES/SAMPLES/REPEATS and sample-plan reuse	W6 variants are precomposed layouts rather than one-switch component isolation; repeats reuse one imported store and are not independent process trials. Read-byte metrics retain the reader-overread caveat.
fig2-component-ablation	w6-layout-matrix	w6_sf10_fig2	SF10:edge-type-only:p50_edge_mean_us	SemL0	edge-type-only	SF10	outgoing_typed_neighbor	edge_types=1,2,3,7,8,9,10,11,12; samples_per_type=1000; repeats=3; same_store_repeats				p50_edge_mean_us	706	us	mean_of_per_edge_type_percentiles_across_repeats	w6_sf10_core_typed	PASS (9,000)	PLOT_WITH_CAVEAT	FIX	cidr-experiments/data/source-cache/w6-sf10-priority-20260709-summary.md#Aggregate Matrix row=edge-type-only column=p50/p90/p99 edge-mean us	cidr-experiments/data/source-cache/w6-sf10-priority-20260709-summary.md#Aggregate Matrix; lsmgraph-rs/baseline/run_w6_sf100_matrix_20260613.sh: EDGE_TYPES/SAMPLES/REPEATS and sample-plan reuse	W6 variants are precomposed layouts rather than one-switch component isolation; repeats reuse one imported store and are not independent process trials. Read-byte metrics retain the reader-overread caveat.
fig2-component-ablation	w6-layout-matrix	w6_sf10_fig2	SF10:edge-type-only:p50_edge_mean_std_us	SemL0	edge-type-only	SF10	outgoing_typed_neighbor	edge_types=1,2,3,7,8,9,10,11,12; samples_per_type=1000; repeats=3; same_store_repeats				p50_edge_mean_std_us	0	us	stddev_of_per_edge_type_percentiles_across_repeats	w6_sf10_core_typed	PASS (9,000)	PLOT_WITH_CAVEAT	FIX	cidr-experiments/data/source-cache/w6-sf10-priority-20260709-summary.md#Aggregate Matrix row=edge-type-only column=p50/p90/p99 edge-mean us	cidr-experiments/data/source-cache/w6-sf10-priority-20260709-summary.md#Aggregate Matrix; lsmgraph-rs/baseline/run_w6_sf100_matrix_20260613.sh: EDGE_TYPES/SAMPLES/REPEATS and sample-plan reuse	W6 variants are precomposed layouts rather than one-switch component isolation; repeats reuse one imported store and are not independent process trials. Read-byte metrics retain the reader-overread caveat.
fig2-component-ablation	w6-layout-matrix	w6_sf10_fig2	SF10:edge-type-only:p90_edge_mean_us	SemL0	edge-type-only	SF10	outgoing_typed_neighbor	edge_types=1,2,3,7,8,9,10,11,12; samples_per_type=1000; repeats=3; same_store_repeats				p90_edge_mean_us	1017	us	mean_of_per_edge_type_percentiles_across_repeats	w6_sf10_core_typed	PASS (9,000)	PLOT_WITH_CAVEAT	FIX	cidr-experiments/data/source-cache/w6-sf10-priority-20260709-summary.md#Aggregate Matrix row=edge-type-only column=p50/p90/p99 edge-mean us	cidr-experiments/data/source-cache/w6-sf10-priority-20260709-summary.md#Aggregate Matrix; lsmgraph-rs/baseline/run_w6_sf100_matrix_20260613.sh: EDGE_TYPES/SAMPLES/REPEATS and sample-plan reuse	W6 variants are precomposed layouts rather than one-switch component isolation; repeats reuse one imported store and are not independent process trials. Read-byte metrics retain the reader-overread caveat.
fig2-component-ablation	w6-layout-matrix	w6_sf10_fig2	SF10:edge-type-only:p90_edge_mean_std_us	SemL0	edge-type-only	SF10	outgoing_typed_neighbor	edge_types=1,2,3,7,8,9,10,11,12; samples_per_type=1000; repeats=3; same_store_repeats				p90_edge_mean_std_us	0	us	stddev_of_per_edge_type_percentiles_across_repeats	w6_sf10_core_typed	PASS (9,000)	PLOT_WITH_CAVEAT	FIX	cidr-experiments/data/source-cache/w6-sf10-priority-20260709-summary.md#Aggregate Matrix row=edge-type-only column=p50/p90/p99 edge-mean us	cidr-experiments/data/source-cache/w6-sf10-priority-20260709-summary.md#Aggregate Matrix; lsmgraph-rs/baseline/run_w6_sf100_matrix_20260613.sh: EDGE_TYPES/SAMPLES/REPEATS and sample-plan reuse	W6 variants are precomposed layouts rather than one-switch component isolation; repeats reuse one imported store and are not independent process trials. Read-byte metrics retain the reader-overread caveat.
fig2-component-ablation	w6-layout-matrix	w6_sf10_fig2	SF10:edge-type-only:p99_edge_mean_us	SemL0	edge-type-only	SF10	outgoing_typed_neighbor	edge_types=1,2,3,7,8,9,10,11,12; samples_per_type=1000; repeats=3; same_store_repeats				p99_edge_mean_us	1198	us	mean_of_per_edge_type_percentiles_across_repeats	w6_sf10_core_typed	PASS (9,000)	PLOT_WITH_CAVEAT	FIX	cidr-experiments/data/source-cache/w6-sf10-priority-20260709-summary.md#Aggregate Matrix row=edge-type-only column=p50/p90/p99 edge-mean us	cidr-experiments/data/source-cache/w6-sf10-priority-20260709-summary.md#Aggregate Matrix; lsmgraph-rs/baseline/run_w6_sf100_matrix_20260613.sh: EDGE_TYPES/SAMPLES/REPEATS and sample-plan reuse	W6 variants are precomposed layouts rather than one-switch component isolation; repeats reuse one imported store and are not independent process trials. Read-byte metrics retain the reader-overread caveat.
fig2-component-ablation	w6-layout-matrix	w6_sf10_fig2	SF10:edge-type-only:p99_edge_mean_std_us	SemL0	edge-type-only	SF10	outgoing_typed_neighbor	edge_types=1,2,3,7,8,9,10,11,12; samples_per_type=1000; repeats=3; same_store_repeats				p99_edge_mean_std_us	18	us	stddev_of_per_edge_type_percentiles_across_repeats	w6_sf10_core_typed	PASS (9,000)	PLOT_WITH_CAVEAT	FIX	cidr-experiments/data/source-cache/w6-sf10-priority-20260709-summary.md#Aggregate Matrix row=edge-type-only column=p50/p90/p99 edge-mean us	cidr-experiments/data/source-cache/w6-sf10-priority-20260709-summary.md#Aggregate Matrix; lsmgraph-rs/baseline/run_w6_sf100_matrix_20260613.sh: EDGE_TYPES/SAMPLES/REPEATS and sample-plan reuse	W6 variants are precomposed layouts rather than one-switch component isolation; repeats reuse one imported store and are not independent process trials. Read-byte metrics retain the reader-overread caveat.
fig2-component-ablation	w6-layout-matrix	w6_sf10_fig2	SF10:edge-type-only:correctness_checked	SemL0	edge-type-only	SF10	outgoing_typed_neighbor	edge_types=1,2,3,7,8,9,10,11,12; samples_per_type=1000; repeats=3; same_store_repeats				correctness_checked	9000	queries	naive_anchor_compare	w6_sf10_core_typed	PASS (9,000)	PLOT_WITH_CAVEAT	FIX	cidr-experiments/data/source-cache/w6-sf10-priority-20260709-summary.md#Correctness Compares row=edge-type-only column=checked	cidr-experiments/data/source-cache/w6-sf10-priority-20260709-summary.md#Aggregate Matrix; lsmgraph-rs/baseline/run_w6_sf100_matrix_20260613.sh: EDGE_TYPES/SAMPLES/REPEATS and sample-plan reuse	W6 variants are precomposed layouts rather than one-switch component isolation; repeats reuse one imported store and are not independent process trials. Read-byte metrics retain the reader-overread caveat.
fig2-component-ablation	w6-layout-matrix	w6_sf10_fig2	SF10:edge-type-only:correctness_mismatches	SemL0	edge-type-only	SF10	outgoing_typed_neighbor	edge_types=1,2,3,7,8,9,10,11,12; samples_per_type=1000; repeats=3; same_store_repeats				correctness_mismatches	0	queries	naive_anchor_compare	w6_sf10_core_typed	PASS (9,000)	PLOT_WITH_CAVEAT	FIX	cidr-experiments/data/source-cache/w6-sf10-priority-20260709-summary.md#Correctness Compares row=edge-type-only column=mismatches	cidr-experiments/data/source-cache/w6-sf10-priority-20260709-summary.md#Aggregate Matrix; lsmgraph-rs/baseline/run_w6_sf100_matrix_20260613.sh: EDGE_TYPES/SAMPLES/REPEATS and sample-plan reuse	W6 variants are precomposed layouts rather than one-switch component isolation; repeats reuse one imported store and are not independent process trials. Read-byte metrics retain the reader-overread caveat.
fig2-component-ablation	w6-layout-matrix	w6_sf10_fig2	SF10:edge-type-only:import_max_rss_gib_reported	SemL0	edge-type-only	SF10	outgoing_typed_neighbor	edge_types=1,2,3,7,8,9,10,11,12; samples_per_type=1000; repeats=3; same_store_repeats				import_max_rss_gib_reported	1.79	GiB_reported	single_import_time_v	w6_sf10_core_typed	PASS (9,000)	PLOT_WITH_CAVEAT	FIX	cidr-experiments/data/source-cache/w6-sf10-priority-20260709-summary.md#Import RSS row=edge-type-only column=max RSS GiB	cidr-experiments/data/source-cache/w6-sf10-priority-20260709-summary.md#Aggregate Matrix; lsmgraph-rs/baseline/run_w6_sf100_matrix_20260613.sh: EDGE_TYPES/SAMPLES/REPEATS and sample-plan reuse	W6 variants are precomposed layouts rather than one-switch component isolation; repeats reuse one imported store and are not independent process trials. Read-byte metrics retain the reader-overread caveat.
fig2-component-ablation	w6-layout-matrix	w6_sf10_fig2	SF10:semantic:ops_per_repeat	SemL0	semantic	SF10	outgoing_typed_neighbor	edge_types=1,2,3,7,8,9,10,11,12; samples_per_type=1000; repeats=3; same_store_repeats				ops_per_repeat	9000	operations	protocol_count	w6_sf10_core_typed	PASS (9,000)	PLOT_WITH_CAVEAT	FIX	cidr-experiments/data/source-cache/w6-sf10-priority-20260709-summary.md#Aggregate Matrix row=semantic column=ops/repeat	cidr-experiments/data/source-cache/w6-sf10-priority-20260709-summary.md#Aggregate Matrix; lsmgraph-rs/baseline/run_w6_sf100_matrix_20260613.sh: EDGE_TYPES/SAMPLES/REPEATS and sample-plan reuse	W6 variants are precomposed layouts rather than one-switch component isolation; repeats reuse one imported store and are not independent process trials. Read-byte metrics retain the reader-overread caveat.
fig2-component-ablation	w6-layout-matrix	w6_sf10_fig2	SF10:semantic:store_size_gib_reported	SemL0	semantic	SF10	outgoing_typed_neighbor	edge_types=1,2,3,7,8,9,10,11,12; samples_per_type=1000; repeats=3; same_store_repeats				store_size_gib_reported	14.6	GiB_reported	single_import	w6_sf10_core_typed	PASS (9,000)	PLOT_WITH_CAVEAT	FIX	cidr-experiments/data/source-cache/w6-sf10-priority-20260709-summary.md#Aggregate Matrix row=semantic column=store GiB	cidr-experiments/data/source-cache/w6-sf10-priority-20260709-summary.md#Aggregate Matrix; lsmgraph-rs/baseline/run_w6_sf100_matrix_20260613.sh: EDGE_TYPES/SAMPLES/REPEATS and sample-plan reuse	W6 variants are precomposed layouts rather than one-switch component isolation; repeats reuse one imported store and are not independent process trials. Read-byte metrics retain the reader-overread caveat.
fig2-component-ablation	w6-layout-matrix	w6_sf10_fig2	SF10:semantic:l0_files	SemL0	semantic	SF10	outgoing_typed_neighbor	edge_types=1,2,3,7,8,9,10,11,12; samples_per_type=1000; repeats=3; same_store_repeats				l0_files	737	files	single_import	w6_sf10_core_typed	PASS (9,000)	PLOT_WITH_CAVEAT	FIX	cidr-experiments/data/source-cache/w6-sf10-priority-20260709-summary.md#Aggregate Matrix row=semantic column=L0 files	cidr-experiments/data/source-cache/w6-sf10-priority-20260709-summary.md#Aggregate Matrix; lsmgraph-rs/baseline/run_w6_sf100_matrix_20260613.sh: EDGE_TYPES/SAMPLES/REPEATS and sample-plan reuse	W6 variants are precomposed layouts rather than one-switch component isolation; repeats reuse one imported store and are not independent process trials. Read-byte metrics retain the reader-overread caveat.
fig2-component-ablation	w6-layout-matrix	w6_sf10_fig2	SF10:semantic:candidate_l0_total_mean	SemL0	semantic	SF10	outgoing_typed_neighbor	edge_types=1,2,3,7,8,9,10,11,12; samples_per_type=1000; repeats=3; same_store_repeats				candidate_l0_total_mean	158358	segments_per_repeat	mean_across_same_store_repeats	w6_sf10_core_typed	PASS (9,000)	PLOT_WITH_CAVEAT	FIX	cidr-experiments/data/source-cache/w6-sf10-priority-20260709-summary.md#Aggregate Matrix row=semantic column=candidate L0 mean+/-std	cidr-experiments/data/source-cache/w6-sf10-priority-20260709-summary.md#Aggregate Matrix; lsmgraph-rs/baseline/run_w6_sf100_matrix_20260613.sh: EDGE_TYPES/SAMPLES/REPEATS and sample-plan reuse	W6 variants are precomposed layouts rather than one-switch component isolation; repeats reuse one imported store and are not independent process trials. Read-byte metrics retain the reader-overread caveat.
fig2-component-ablation	w6-layout-matrix	w6_sf10_fig2	SF10:semantic:candidate_l0_total_std	SemL0	semantic	SF10	outgoing_typed_neighbor	edge_types=1,2,3,7,8,9,10,11,12; samples_per_type=1000; repeats=3; same_store_repeats				candidate_l0_total_std	0	segments_per_repeat	stddev_across_same_store_repeats	w6_sf10_core_typed	PASS (9,000)	PLOT_WITH_CAVEAT	FIX	cidr-experiments/data/source-cache/w6-sf10-priority-20260709-summary.md#Aggregate Matrix row=semantic column=candidate L0 mean+/-std	cidr-experiments/data/source-cache/w6-sf10-priority-20260709-summary.md#Aggregate Matrix; lsmgraph-rs/baseline/run_w6_sf100_matrix_20260613.sh: EDGE_TYPES/SAMPLES/REPEATS and sample-plan reuse	W6 variants are precomposed layouts rather than one-switch component isolation; repeats reuse one imported store and are not independent process trials. Read-byte metrics retain the reader-overread caveat.
fig2-component-ablation	w6-layout-matrix	w6_sf10_fig2	SF10:semantic:candidate_l0_per_op_mean	SemL0	semantic	SF10	outgoing_typed_neighbor	edge_types=1,2,3,7,8,9,10,11,12; samples_per_type=1000; repeats=3; same_store_repeats				candidate_l0_per_op_mean	17.595333333333333	segments_per_operation	derived_from_reported_means	w6_sf10_core_typed	PASS (9,000)	PLOT_WITH_CAVEAT	FIX	cidr-experiments/data/source-cache/w6-sf10-priority-20260709-summary.md#Aggregate Matrix row=semantic column=candidate L0 mean+/-std / cidr-experiments/data/source-cache/w6-sf10-priority-20260709-summary.md#Aggregate Matrix row=semantic column=ops/repeat	cidr-experiments/data/source-cache/w6-sf10-priority-20260709-summary.md#Aggregate Matrix; lsmgraph-rs/baseline/run_w6_sf100_matrix_20260613.sh: EDGE_TYPES/SAMPLES/REPEATS and sample-plan reuse	W6 variants are precomposed layouts rather than one-switch component isolation; repeats reuse one imported store and are not independent process trials. Read-byte metrics retain the reader-overread caveat.
fig2-component-ablation	w6-layout-matrix	w6_sf10_fig2	SF10:semantic:candidate_l0_per_op_std	SemL0	semantic	SF10	outgoing_typed_neighbor	edge_types=1,2,3,7,8,9,10,11,12; samples_per_type=1000; repeats=3; same_store_repeats				candidate_l0_per_op_std	0	segments_per_operation	derived_from_reported_stddev	w6_sf10_core_typed	PASS (9,000)	PLOT_WITH_CAVEAT	FIX	cidr-experiments/data/source-cache/w6-sf10-priority-20260709-summary.md#Aggregate Matrix row=semantic column=candidate L0 mean+/-std / cidr-experiments/data/source-cache/w6-sf10-priority-20260709-summary.md#Aggregate Matrix row=semantic column=ops/repeat	cidr-experiments/data/source-cache/w6-sf10-priority-20260709-summary.md#Aggregate Matrix; lsmgraph-rs/baseline/run_w6_sf100_matrix_20260613.sh: EDGE_TYPES/SAMPLES/REPEATS and sample-plan reuse	W6 variants are precomposed layouts rather than one-switch component isolation; repeats reuse one imported store and are not independent process trials. Read-byte metrics retain the reader-overread caveat.
fig2-component-ablation	w6-layout-matrix	w6_sf10_fig2	SF10:semantic:read_bytes_total_mean	SemL0	semantic	SF10	outgoing_typed_neighbor	edge_types=1,2,3,7,8,9,10,11,12; samples_per_type=1000; repeats=3; same_store_repeats				read_bytes_total_mean	78098749	bytes_per_repeat	mean_across_same_store_repeats	w6_sf10_core_typed	PASS (9,000)	SECONDARY_ONLY_READER_OVERREAD	FIX	cidr-experiments/data/source-cache/w6-sf10-priority-20260709-summary.md#Aggregate Matrix row=semantic column=read bytes mean+/-std	cidr-experiments/data/source-cache/w6-sf10-priority-20260709-summary.md#Aggregate Matrix; lsmgraph-rs/baseline/run_w6_sf100_matrix_20260613.sh: EDGE_TYPES/SAMPLES/REPEATS and sample-plan reuse	W6 variants are precomposed layouts rather than one-switch component isolation; repeats reuse one imported store and are not independent process trials. Read-byte metrics retain the reader-overread caveat.
fig2-component-ablation	w6-layout-matrix	w6_sf10_fig2	SF10:semantic:read_bytes_total_std	SemL0	semantic	SF10	outgoing_typed_neighbor	edge_types=1,2,3,7,8,9,10,11,12; samples_per_type=1000; repeats=3; same_store_repeats				read_bytes_total_std	70894420	bytes_per_repeat	stddev_across_same_store_repeats	w6_sf10_core_typed	PASS (9,000)	SECONDARY_ONLY_READER_OVERREAD	FIX	cidr-experiments/data/source-cache/w6-sf10-priority-20260709-summary.md#Aggregate Matrix row=semantic column=read bytes mean+/-std	cidr-experiments/data/source-cache/w6-sf10-priority-20260709-summary.md#Aggregate Matrix; lsmgraph-rs/baseline/run_w6_sf100_matrix_20260613.sh: EDGE_TYPES/SAMPLES/REPEATS and sample-plan reuse	W6 variants are precomposed layouts rather than one-switch component isolation; repeats reuse one imported store and are not independent process trials. Read-byte metrics retain the reader-overread caveat.
fig2-component-ablation	w6-layout-matrix	w6_sf10_fig2	SF10:semantic:read_bytes_per_op_mean	SemL0	semantic	SF10	outgoing_typed_neighbor	edge_types=1,2,3,7,8,9,10,11,12; samples_per_type=1000; repeats=3; same_store_repeats				read_bytes_per_op_mean	8677.638777777778	bytes_per_operation	derived_from_reported_means	w6_sf10_core_typed	PASS (9,000)	SECONDARY_ONLY_READER_OVERREAD	FIX	cidr-experiments/data/source-cache/w6-sf10-priority-20260709-summary.md#Aggregate Matrix row=semantic column=read bytes mean+/-std / cidr-experiments/data/source-cache/w6-sf10-priority-20260709-summary.md#Aggregate Matrix row=semantic column=ops/repeat	cidr-experiments/data/source-cache/w6-sf10-priority-20260709-summary.md#Aggregate Matrix; lsmgraph-rs/baseline/run_w6_sf100_matrix_20260613.sh: EDGE_TYPES/SAMPLES/REPEATS and sample-plan reuse	W6 variants are precomposed layouts rather than one-switch component isolation; repeats reuse one imported store and are not independent process trials. Read-byte metrics retain the reader-overread caveat.
fig2-component-ablation	w6-layout-matrix	w6_sf10_fig2	SF10:semantic:avg_latency_us_mean	SemL0	semantic	SF10	outgoing_typed_neighbor	edge_types=1,2,3,7,8,9,10,11,12; samples_per_type=1000; repeats=3; same_store_repeats				avg_latency_us_mean	509.1	us_per_operation	mean_across_same_store_repeats	w6_sf10_core_typed	PASS (9,000)	PLOT_WITH_CAVEAT	FIX	cidr-experiments/data/source-cache/w6-sf10-priority-20260709-summary.md#Aggregate Matrix row=semantic column=avg us mean+/-std	cidr-experiments/data/source-cache/w6-sf10-priority-20260709-summary.md#Aggregate Matrix; lsmgraph-rs/baseline/run_w6_sf100_matrix_20260613.sh: EDGE_TYPES/SAMPLES/REPEATS and sample-plan reuse	W6 variants are precomposed layouts rather than one-switch component isolation; repeats reuse one imported store and are not independent process trials. Read-byte metrics retain the reader-overread caveat.
fig2-component-ablation	w6-layout-matrix	w6_sf10_fig2	SF10:semantic:avg_latency_us_std	SemL0	semantic	SF10	outgoing_typed_neighbor	edge_types=1,2,3,7,8,9,10,11,12; samples_per_type=1000; repeats=3; same_store_repeats				avg_latency_us_std	3.8	us_per_operation	stddev_across_same_store_repeats	w6_sf10_core_typed	PASS (9,000)	PLOT_WITH_CAVEAT	FIX	cidr-experiments/data/source-cache/w6-sf10-priority-20260709-summary.md#Aggregate Matrix row=semantic column=avg us mean+/-std	cidr-experiments/data/source-cache/w6-sf10-priority-20260709-summary.md#Aggregate Matrix; lsmgraph-rs/baseline/run_w6_sf100_matrix_20260613.sh: EDGE_TYPES/SAMPLES/REPEATS and sample-plan reuse	W6 variants are precomposed layouts rather than one-switch component isolation; repeats reuse one imported store and are not independent process trials. Read-byte metrics retain the reader-overread caveat.
fig2-component-ablation	w6-layout-matrix	w6_sf10_fig2	SF10:semantic:p50_edge_mean_us	SemL0	semantic	SF10	outgoing_typed_neighbor	edge_types=1,2,3,7,8,9,10,11,12; samples_per_type=1000; repeats=3; same_store_repeats				p50_edge_mean_us	702	us	mean_of_per_edge_type_percentiles_across_repeats	w6_sf10_core_typed	PASS (9,000)	PLOT_WITH_CAVEAT	FIX	cidr-experiments/data/source-cache/w6-sf10-priority-20260709-summary.md#Aggregate Matrix row=semantic column=p50/p90/p99 edge-mean us	cidr-experiments/data/source-cache/w6-sf10-priority-20260709-summary.md#Aggregate Matrix; lsmgraph-rs/baseline/run_w6_sf100_matrix_20260613.sh: EDGE_TYPES/SAMPLES/REPEATS and sample-plan reuse	W6 variants are precomposed layouts rather than one-switch component isolation; repeats reuse one imported store and are not independent process trials. Read-byte metrics retain the reader-overread caveat.
fig2-component-ablation	w6-layout-matrix	w6_sf10_fig2	SF10:semantic:p50_edge_mean_std_us	SemL0	semantic	SF10	outgoing_typed_neighbor	edge_types=1,2,3,7,8,9,10,11,12; samples_per_type=1000; repeats=3; same_store_repeats				p50_edge_mean_std_us	3	us	stddev_of_per_edge_type_percentiles_across_repeats	w6_sf10_core_typed	PASS (9,000)	PLOT_WITH_CAVEAT	FIX	cidr-experiments/data/source-cache/w6-sf10-priority-20260709-summary.md#Aggregate Matrix row=semantic column=p50/p90/p99 edge-mean us	cidr-experiments/data/source-cache/w6-sf10-priority-20260709-summary.md#Aggregate Matrix; lsmgraph-rs/baseline/run_w6_sf100_matrix_20260613.sh: EDGE_TYPES/SAMPLES/REPEATS and sample-plan reuse	W6 variants are precomposed layouts rather than one-switch component isolation; repeats reuse one imported store and are not independent process trials. Read-byte metrics retain the reader-overread caveat.
fig2-component-ablation	w6-layout-matrix	w6_sf10_fig2	SF10:semantic:p90_edge_mean_us	SemL0	semantic	SF10	outgoing_typed_neighbor	edge_types=1,2,3,7,8,9,10,11,12; samples_per_type=1000; repeats=3; same_store_repeats				p90_edge_mean_us	744	us	mean_of_per_edge_type_percentiles_across_repeats	w6_sf10_core_typed	PASS (9,000)	PLOT_WITH_CAVEAT	FIX	cidr-experiments/data/source-cache/w6-sf10-priority-20260709-summary.md#Aggregate Matrix row=semantic column=p50/p90/p99 edge-mean us	cidr-experiments/data/source-cache/w6-sf10-priority-20260709-summary.md#Aggregate Matrix; lsmgraph-rs/baseline/run_w6_sf100_matrix_20260613.sh: EDGE_TYPES/SAMPLES/REPEATS and sample-plan reuse	W6 variants are precomposed layouts rather than one-switch component isolation; repeats reuse one imported store and are not independent process trials. Read-byte metrics retain the reader-overread caveat.
fig2-component-ablation	w6-layout-matrix	w6_sf10_fig2	SF10:semantic:p90_edge_mean_std_us	SemL0	semantic	SF10	outgoing_typed_neighbor	edge_types=1,2,3,7,8,9,10,11,12; samples_per_type=1000; repeats=3; same_store_repeats				p90_edge_mean_std_us	24	us	stddev_of_per_edge_type_percentiles_across_repeats	w6_sf10_core_typed	PASS (9,000)	PLOT_WITH_CAVEAT	FIX	cidr-experiments/data/source-cache/w6-sf10-priority-20260709-summary.md#Aggregate Matrix row=semantic column=p50/p90/p99 edge-mean us	cidr-experiments/data/source-cache/w6-sf10-priority-20260709-summary.md#Aggregate Matrix; lsmgraph-rs/baseline/run_w6_sf100_matrix_20260613.sh: EDGE_TYPES/SAMPLES/REPEATS and sample-plan reuse	W6 variants are precomposed layouts rather than one-switch component isolation; repeats reuse one imported store and are not independent process trials. Read-byte metrics retain the reader-overread caveat.
fig2-component-ablation	w6-layout-matrix	w6_sf10_fig2	SF10:semantic:p99_edge_mean_us	SemL0	semantic	SF10	outgoing_typed_neighbor	edge_types=1,2,3,7,8,9,10,11,12; samples_per_type=1000; repeats=3; same_store_repeats				p99_edge_mean_us	1170	us	mean_of_per_edge_type_percentiles_across_repeats	w6_sf10_core_typed	PASS (9,000)	PLOT_WITH_CAVEAT	FIX	cidr-experiments/data/source-cache/w6-sf10-priority-20260709-summary.md#Aggregate Matrix row=semantic column=p50/p90/p99 edge-mean us	cidr-experiments/data/source-cache/w6-sf10-priority-20260709-summary.md#Aggregate Matrix; lsmgraph-rs/baseline/run_w6_sf100_matrix_20260613.sh: EDGE_TYPES/SAMPLES/REPEATS and sample-plan reuse	W6 variants are precomposed layouts rather than one-switch component isolation; repeats reuse one imported store and are not independent process trials. Read-byte metrics retain the reader-overread caveat.
fig2-component-ablation	w6-layout-matrix	w6_sf10_fig2	SF10:semantic:p99_edge_mean_std_us	SemL0	semantic	SF10	outgoing_typed_neighbor	edge_types=1,2,3,7,8,9,10,11,12; samples_per_type=1000; repeats=3; same_store_repeats				p99_edge_mean_std_us	13	us	stddev_of_per_edge_type_percentiles_across_repeats	w6_sf10_core_typed	PASS (9,000)	PLOT_WITH_CAVEAT	FIX	cidr-experiments/data/source-cache/w6-sf10-priority-20260709-summary.md#Aggregate Matrix row=semantic column=p50/p90/p99 edge-mean us	cidr-experiments/data/source-cache/w6-sf10-priority-20260709-summary.md#Aggregate Matrix; lsmgraph-rs/baseline/run_w6_sf100_matrix_20260613.sh: EDGE_TYPES/SAMPLES/REPEATS and sample-plan reuse	W6 variants are precomposed layouts rather than one-switch component isolation; repeats reuse one imported store and are not independent process trials. Read-byte metrics retain the reader-overread caveat.
fig2-component-ablation	w6-layout-matrix	w6_sf10_fig2	SF10:semantic:correctness_checked	SemL0	semantic	SF10	outgoing_typed_neighbor	edge_types=1,2,3,7,8,9,10,11,12; samples_per_type=1000; repeats=3; same_store_repeats				correctness_checked	9000	queries	naive_anchor_compare	w6_sf10_core_typed	PASS (9,000)	PLOT_WITH_CAVEAT	FIX	cidr-experiments/data/source-cache/w6-sf10-priority-20260709-summary.md#Correctness Compares row=semantic column=checked	cidr-experiments/data/source-cache/w6-sf10-priority-20260709-summary.md#Aggregate Matrix; lsmgraph-rs/baseline/run_w6_sf100_matrix_20260613.sh: EDGE_TYPES/SAMPLES/REPEATS and sample-plan reuse	W6 variants are precomposed layouts rather than one-switch component isolation; repeats reuse one imported store and are not independent process trials. Read-byte metrics retain the reader-overread caveat.
fig2-component-ablation	w6-layout-matrix	w6_sf10_fig2	SF10:semantic:correctness_mismatches	SemL0	semantic	SF10	outgoing_typed_neighbor	edge_types=1,2,3,7,8,9,10,11,12; samples_per_type=1000; repeats=3; same_store_repeats				correctness_mismatches	0	queries	naive_anchor_compare	w6_sf10_core_typed	PASS (9,000)	PLOT_WITH_CAVEAT	FIX	cidr-experiments/data/source-cache/w6-sf10-priority-20260709-summary.md#Correctness Compares row=semantic column=mismatches	cidr-experiments/data/source-cache/w6-sf10-priority-20260709-summary.md#Aggregate Matrix; lsmgraph-rs/baseline/run_w6_sf100_matrix_20260613.sh: EDGE_TYPES/SAMPLES/REPEATS and sample-plan reuse	W6 variants are precomposed layouts rather than one-switch component isolation; repeats reuse one imported store and are not independent process trials. Read-byte metrics retain the reader-overread caveat.
fig2-component-ablation	w6-layout-matrix	w6_sf10_fig2	SF10:semantic:import_max_rss_gib_reported	SemL0	semantic	SF10	outgoing_typed_neighbor	edge_types=1,2,3,7,8,9,10,11,12; samples_per_type=1000; repeats=3; same_store_repeats				import_max_rss_gib_reported	8.38	GiB_reported	single_import_time_v	w6_sf10_core_typed	PASS (9,000)	PLOT_WITH_CAVEAT	FIX	cidr-experiments/data/source-cache/w6-sf10-priority-20260709-summary.md#Import RSS row=semantic column=max RSS GiB	cidr-experiments/data/source-cache/w6-sf10-priority-20260709-summary.md#Aggregate Matrix; lsmgraph-rs/baseline/run_w6_sf100_matrix_20260613.sh: EDGE_TYPES/SAMPLES/REPEATS and sample-plan reuse	W6 variants are precomposed layouts rather than one-switch component isolation; repeats reuse one imported store and are not independent process trials. Read-byte metrics retain the reader-overread caveat.
fig2-component-ablation	w6-layout-matrix	w6_sf10_fig2	SF10:budg-b64:ops_per_repeat	SemL0	budg-b64	SF10	outgoing_typed_neighbor	edge_types=1,2,3,7,8,9,10,11,12; samples_per_type=1000; repeats=3; same_store_repeats				ops_per_repeat	9000	operations	protocol_count	w6_sf10_core_typed	PASS (9,000)	PLOT_WITH_CAVEAT	FIX	cidr-experiments/data/source-cache/w6-sf10-priority-20260709-summary.md#Aggregate Matrix row=budg-b64 column=ops/repeat	cidr-experiments/data/source-cache/w6-sf10-priority-20260709-summary.md#Aggregate Matrix; lsmgraph-rs/baseline/run_w6_sf100_matrix_20260613.sh: EDGE_TYPES/SAMPLES/REPEATS and sample-plan reuse	W6 variants are precomposed layouts rather than one-switch component isolation; repeats reuse one imported store and are not independent process trials. Read-byte metrics retain the reader-overread caveat.
fig2-component-ablation	w6-layout-matrix	w6_sf10_fig2	SF10:budg-b64:store_size_gib_reported	SemL0	budg-b64	SF10	outgoing_typed_neighbor	edge_types=1,2,3,7,8,9,10,11,12; samples_per_type=1000; repeats=3; same_store_repeats				store_size_gib_reported	13.3	GiB_reported	single_import	w6_sf10_core_typed	PASS (9,000)	PLOT_WITH_CAVEAT	FIX	cidr-experiments/data/source-cache/w6-sf10-priority-20260709-summary.md#Aggregate Matrix row=budg-b64 column=store GiB	cidr-experiments/data/source-cache/w6-sf10-priority-20260709-summary.md#Aggregate Matrix; lsmgraph-rs/baseline/run_w6_sf100_matrix_20260613.sh: EDGE_TYPES/SAMPLES/REPEATS and sample-plan reuse	W6 variants are precomposed layouts rather than one-switch component isolation; repeats reuse one imported store and are not independent process trials. Read-byte metrics retain the reader-overread caveat.
fig2-component-ablation	w6-layout-matrix	w6_sf10_fig2	SF10:budg-b64:l0_files	SemL0	budg-b64	SF10	outgoing_typed_neighbor	edge_types=1,2,3,7,8,9,10,11,12; samples_per_type=1000; repeats=3; same_store_repeats				l0_files	444	files	single_import	w6_sf10_core_typed	PASS (9,000)	PLOT_WITH_CAVEAT	FIX	cidr-experiments/data/source-cache/w6-sf10-priority-20260709-summary.md#Aggregate Matrix row=budg-b64 column=L0 files	cidr-experiments/data/source-cache/w6-sf10-priority-20260709-summary.md#Aggregate Matrix; lsmgraph-rs/baseline/run_w6_sf100_matrix_20260613.sh: EDGE_TYPES/SAMPLES/REPEATS and sample-plan reuse	W6 variants are precomposed layouts rather than one-switch component isolation; repeats reuse one imported store and are not independent process trials. Read-byte metrics retain the reader-overread caveat.
fig2-component-ablation	w6-layout-matrix	w6_sf10_fig2	SF10:budg-b64:candidate_l0_total_mean	SemL0	budg-b64	SF10	outgoing_typed_neighbor	edge_types=1,2,3,7,8,9,10,11,12; samples_per_type=1000; repeats=3; same_store_repeats				candidate_l0_total_mean	149019	segments_per_repeat	mean_across_same_store_repeats	w6_sf10_core_typed	PASS (9,000)	PLOT_WITH_CAVEAT	FIX	cidr-experiments/data/source-cache/w6-sf10-priority-20260709-summary.md#Aggregate Matrix row=budg-b64 column=candidate L0 mean+/-std	cidr-experiments/data/source-cache/w6-sf10-priority-20260709-summary.md#Aggregate Matrix; lsmgraph-rs/baseline/run_w6_sf100_matrix_20260613.sh: EDGE_TYPES/SAMPLES/REPEATS and sample-plan reuse	W6 variants are precomposed layouts rather than one-switch component isolation; repeats reuse one imported store and are not independent process trials. Read-byte metrics retain the reader-overread caveat.
fig2-component-ablation	w6-layout-matrix	w6_sf10_fig2	SF10:budg-b64:candidate_l0_total_std	SemL0	budg-b64	SF10	outgoing_typed_neighbor	edge_types=1,2,3,7,8,9,10,11,12; samples_per_type=1000; repeats=3; same_store_repeats				candidate_l0_total_std	0	segments_per_repeat	stddev_across_same_store_repeats	w6_sf10_core_typed	PASS (9,000)	PLOT_WITH_CAVEAT	FIX	cidr-experiments/data/source-cache/w6-sf10-priority-20260709-summary.md#Aggregate Matrix row=budg-b64 column=candidate L0 mean+/-std	cidr-experiments/data/source-cache/w6-sf10-priority-20260709-summary.md#Aggregate Matrix; lsmgraph-rs/baseline/run_w6_sf100_matrix_20260613.sh: EDGE_TYPES/SAMPLES/REPEATS and sample-plan reuse	W6 variants are precomposed layouts rather than one-switch component isolation; repeats reuse one imported store and are not independent process trials. Read-byte metrics retain the reader-overread caveat.
fig2-component-ablation	w6-layout-matrix	w6_sf10_fig2	SF10:budg-b64:candidate_l0_per_op_mean	SemL0	budg-b64	SF10	outgoing_typed_neighbor	edge_types=1,2,3,7,8,9,10,11,12; samples_per_type=1000; repeats=3; same_store_repeats				candidate_l0_per_op_mean	16.557666666666666	segments_per_operation	derived_from_reported_means	w6_sf10_core_typed	PASS (9,000)	PLOT_WITH_CAVEAT	FIX	cidr-experiments/data/source-cache/w6-sf10-priority-20260709-summary.md#Aggregate Matrix row=budg-b64 column=candidate L0 mean+/-std / cidr-experiments/data/source-cache/w6-sf10-priority-20260709-summary.md#Aggregate Matrix row=budg-b64 column=ops/repeat	cidr-experiments/data/source-cache/w6-sf10-priority-20260709-summary.md#Aggregate Matrix; lsmgraph-rs/baseline/run_w6_sf100_matrix_20260613.sh: EDGE_TYPES/SAMPLES/REPEATS and sample-plan reuse	W6 variants are precomposed layouts rather than one-switch component isolation; repeats reuse one imported store and are not independent process trials. Read-byte metrics retain the reader-overread caveat.
fig2-component-ablation	w6-layout-matrix	w6_sf10_fig2	SF10:budg-b64:candidate_l0_per_op_std	SemL0	budg-b64	SF10	outgoing_typed_neighbor	edge_types=1,2,3,7,8,9,10,11,12; samples_per_type=1000; repeats=3; same_store_repeats				candidate_l0_per_op_std	0	segments_per_operation	derived_from_reported_stddev	w6_sf10_core_typed	PASS (9,000)	PLOT_WITH_CAVEAT	FIX	cidr-experiments/data/source-cache/w6-sf10-priority-20260709-summary.md#Aggregate Matrix row=budg-b64 column=candidate L0 mean+/-std / cidr-experiments/data/source-cache/w6-sf10-priority-20260709-summary.md#Aggregate Matrix row=budg-b64 column=ops/repeat	cidr-experiments/data/source-cache/w6-sf10-priority-20260709-summary.md#Aggregate Matrix; lsmgraph-rs/baseline/run_w6_sf100_matrix_20260613.sh: EDGE_TYPES/SAMPLES/REPEATS and sample-plan reuse	W6 variants are precomposed layouts rather than one-switch component isolation; repeats reuse one imported store and are not independent process trials. Read-byte metrics retain the reader-overread caveat.
fig2-component-ablation	w6-layout-matrix	w6_sf10_fig2	SF10:budg-b64:read_bytes_total_mean	SemL0	budg-b64	SF10	outgoing_typed_neighbor	edge_types=1,2,3,7,8,9,10,11,12; samples_per_type=1000; repeats=3; same_store_repeats				read_bytes_total_mean	78331325	bytes_per_repeat	mean_across_same_store_repeats	w6_sf10_core_typed	PASS (9,000)	SECONDARY_ONLY_READER_OVERREAD	FIX	cidr-experiments/data/source-cache/w6-sf10-priority-20260709-summary.md#Aggregate Matrix row=budg-b64 column=read bytes mean+/-std	cidr-experiments/data/source-cache/w6-sf10-priority-20260709-summary.md#Aggregate Matrix; lsmgraph-rs/baseline/run_w6_sf100_matrix_20260613.sh: EDGE_TYPES/SAMPLES/REPEATS and sample-plan reuse	W6 variants are precomposed layouts rather than one-switch component isolation; repeats reuse one imported store and are not independent process trials. Read-byte metrics retain the reader-overread caveat.
fig2-component-ablation	w6-layout-matrix	w6_sf10_fig2	SF10:budg-b64:read_bytes_total_std	SemL0	budg-b64	SF10	outgoing_typed_neighbor	edge_types=1,2,3,7,8,9,10,11,12; samples_per_type=1000; repeats=3; same_store_repeats				read_bytes_total_std	71159727	bytes_per_repeat	stddev_across_same_store_repeats	w6_sf10_core_typed	PASS (9,000)	SECONDARY_ONLY_READER_OVERREAD	FIX	cidr-experiments/data/source-cache/w6-sf10-priority-20260709-summary.md#Aggregate Matrix row=budg-b64 column=read bytes mean+/-std	cidr-experiments/data/source-cache/w6-sf10-priority-20260709-summary.md#Aggregate Matrix; lsmgraph-rs/baseline/run_w6_sf100_matrix_20260613.sh: EDGE_TYPES/SAMPLES/REPEATS and sample-plan reuse	W6 variants are precomposed layouts rather than one-switch component isolation; repeats reuse one imported store and are not independent process trials. Read-byte metrics retain the reader-overread caveat.
fig2-component-ablation	w6-layout-matrix	w6_sf10_fig2	SF10:budg-b64:read_bytes_per_op_mean	SemL0	budg-b64	SF10	outgoing_typed_neighbor	edge_types=1,2,3,7,8,9,10,11,12; samples_per_type=1000; repeats=3; same_store_repeats				read_bytes_per_op_mean	8703.480555555556	bytes_per_operation	derived_from_reported_means	w6_sf10_core_typed	PASS (9,000)	SECONDARY_ONLY_READER_OVERREAD	FIX	cidr-experiments/data/source-cache/w6-sf10-priority-20260709-summary.md#Aggregate Matrix row=budg-b64 column=read bytes mean+/-std / cidr-experiments/data/source-cache/w6-sf10-priority-20260709-summary.md#Aggregate Matrix row=budg-b64 column=ops/repeat	cidr-experiments/data/source-cache/w6-sf10-priority-20260709-summary.md#Aggregate Matrix; lsmgraph-rs/baseline/run_w6_sf100_matrix_20260613.sh: EDGE_TYPES/SAMPLES/REPEATS and sample-plan reuse	W6 variants are precomposed layouts rather than one-switch component isolation; repeats reuse one imported store and are not independent process trials. Read-byte metrics retain the reader-overread caveat.
fig2-component-ablation	w6-layout-matrix	w6_sf10_fig2	SF10:budg-b64:avg_latency_us_mean	SemL0	budg-b64	SF10	outgoing_typed_neighbor	edge_types=1,2,3,7,8,9,10,11,12; samples_per_type=1000; repeats=3; same_store_repeats				avg_latency_us_mean	525.4	us_per_operation	mean_across_same_store_repeats	w6_sf10_core_typed	PASS (9,000)	PLOT_WITH_CAVEAT	FIX	cidr-experiments/data/source-cache/w6-sf10-priority-20260709-summary.md#Aggregate Matrix row=budg-b64 column=avg us mean+/-std	cidr-experiments/data/source-cache/w6-sf10-priority-20260709-summary.md#Aggregate Matrix; lsmgraph-rs/baseline/run_w6_sf100_matrix_20260613.sh: EDGE_TYPES/SAMPLES/REPEATS and sample-plan reuse	W6 variants are precomposed layouts rather than one-switch component isolation; repeats reuse one imported store and are not independent process trials. Read-byte metrics retain the reader-overread caveat.
fig2-component-ablation	w6-layout-matrix	w6_sf10_fig2	SF10:budg-b64:avg_latency_us_std	SemL0	budg-b64	SF10	outgoing_typed_neighbor	edge_types=1,2,3,7,8,9,10,11,12; samples_per_type=1000; repeats=3; same_store_repeats				avg_latency_us_std	13.5	us_per_operation	stddev_across_same_store_repeats	w6_sf10_core_typed	PASS (9,000)	PLOT_WITH_CAVEAT	FIX	cidr-experiments/data/source-cache/w6-sf10-priority-20260709-summary.md#Aggregate Matrix row=budg-b64 column=avg us mean+/-std	cidr-experiments/data/source-cache/w6-sf10-priority-20260709-summary.md#Aggregate Matrix; lsmgraph-rs/baseline/run_w6_sf100_matrix_20260613.sh: EDGE_TYPES/SAMPLES/REPEATS and sample-plan reuse	W6 variants are precomposed layouts rather than one-switch component isolation; repeats reuse one imported store and are not independent process trials. Read-byte metrics retain the reader-overread caveat.
fig2-component-ablation	w6-layout-matrix	w6_sf10_fig2	SF10:budg-b64:p50_edge_mean_us	SemL0	budg-b64	SF10	outgoing_typed_neighbor	edge_types=1,2,3,7,8,9,10,11,12; samples_per_type=1000; repeats=3; same_store_repeats				p50_edge_mean_us	706	us	mean_of_per_edge_type_percentiles_across_repeats	w6_sf10_core_typed	PASS (9,000)	PLOT_WITH_CAVEAT	FIX	cidr-experiments/data/source-cache/w6-sf10-priority-20260709-summary.md#Aggregate Matrix row=budg-b64 column=p50/p90/p99 edge-mean us	cidr-experiments/data/source-cache/w6-sf10-priority-20260709-summary.md#Aggregate Matrix; lsmgraph-rs/baseline/run_w6_sf100_matrix_20260613.sh: EDGE_TYPES/SAMPLES/REPEATS and sample-plan reuse	W6 variants are precomposed layouts rather than one-switch component isolation; repeats reuse one imported store and are not independent process trials. Read-byte metrics retain the reader-overread caveat.
fig2-component-ablation	w6-layout-matrix	w6_sf10_fig2	SF10:budg-b64:p50_edge_mean_std_us	SemL0	budg-b64	SF10	outgoing_typed_neighbor	edge_types=1,2,3,7,8,9,10,11,12; samples_per_type=1000; repeats=3; same_store_repeats				p50_edge_mean_std_us	0	us	stddev_of_per_edge_type_percentiles_across_repeats	w6_sf10_core_typed	PASS (9,000)	PLOT_WITH_CAVEAT	FIX	cidr-experiments/data/source-cache/w6-sf10-priority-20260709-summary.md#Aggregate Matrix row=budg-b64 column=p50/p90/p99 edge-mean us	cidr-experiments/data/source-cache/w6-sf10-priority-20260709-summary.md#Aggregate Matrix; lsmgraph-rs/baseline/run_w6_sf100_matrix_20260613.sh: EDGE_TYPES/SAMPLES/REPEATS and sample-plan reuse	W6 variants are precomposed layouts rather than one-switch component isolation; repeats reuse one imported store and are not independent process trials. Read-byte metrics retain the reader-overread caveat.
fig2-component-ablation	w6-layout-matrix	w6_sf10_fig2	SF10:budg-b64:p90_edge_mean_us	SemL0	budg-b64	SF10	outgoing_typed_neighbor	edge_types=1,2,3,7,8,9,10,11,12; samples_per_type=1000; repeats=3; same_store_repeats				p90_edge_mean_us	989	us	mean_of_per_edge_type_percentiles_across_repeats	w6_sf10_core_typed	PASS (9,000)	PLOT_WITH_CAVEAT	FIX	cidr-experiments/data/source-cache/w6-sf10-priority-20260709-summary.md#Aggregate Matrix row=budg-b64 column=p50/p90/p99 edge-mean us	cidr-experiments/data/source-cache/w6-sf10-priority-20260709-summary.md#Aggregate Matrix; lsmgraph-rs/baseline/run_w6_sf100_matrix_20260613.sh: EDGE_TYPES/SAMPLES/REPEATS and sample-plan reuse	W6 variants are precomposed layouts rather than one-switch component isolation; repeats reuse one imported store and are not independent process trials. Read-byte metrics retain the reader-overread caveat.
fig2-component-ablation	w6-layout-matrix	w6_sf10_fig2	SF10:budg-b64:p90_edge_mean_std_us	SemL0	budg-b64	SF10	outgoing_typed_neighbor	edge_types=1,2,3,7,8,9,10,11,12; samples_per_type=1000; repeats=3; same_store_repeats				p90_edge_mean_std_us	0	us	stddev_of_per_edge_type_percentiles_across_repeats	w6_sf10_core_typed	PASS (9,000)	PLOT_WITH_CAVEAT	FIX	cidr-experiments/data/source-cache/w6-sf10-priority-20260709-summary.md#Aggregate Matrix row=budg-b64 column=p50/p90/p99 edge-mean us	cidr-experiments/data/source-cache/w6-sf10-priority-20260709-summary.md#Aggregate Matrix; lsmgraph-rs/baseline/run_w6_sf100_matrix_20260613.sh: EDGE_TYPES/SAMPLES/REPEATS and sample-plan reuse	W6 variants are precomposed layouts rather than one-switch component isolation; repeats reuse one imported store and are not independent process trials. Read-byte metrics retain the reader-overread caveat.
fig2-component-ablation	w6-layout-matrix	w6_sf10_fig2	SF10:budg-b64:p99_edge_mean_us	SemL0	budg-b64	SF10	outgoing_typed_neighbor	edge_types=1,2,3,7,8,9,10,11,12; samples_per_type=1000; repeats=3; same_store_repeats				p99_edge_mean_us	1170	us	mean_of_per_edge_type_percentiles_across_repeats	w6_sf10_core_typed	PASS (9,000)	PLOT_WITH_CAVEAT	FIX	cidr-experiments/data/source-cache/w6-sf10-priority-20260709-summary.md#Aggregate Matrix row=budg-b64 column=p50/p90/p99 edge-mean us	cidr-experiments/data/source-cache/w6-sf10-priority-20260709-summary.md#Aggregate Matrix; lsmgraph-rs/baseline/run_w6_sf100_matrix_20260613.sh: EDGE_TYPES/SAMPLES/REPEATS and sample-plan reuse	W6 variants are precomposed layouts rather than one-switch component isolation; repeats reuse one imported store and are not independent process trials. Read-byte metrics retain the reader-overread caveat.
fig2-component-ablation	w6-layout-matrix	w6_sf10_fig2	SF10:budg-b64:p99_edge_mean_std_us	SemL0	budg-b64	SF10	outgoing_typed_neighbor	edge_types=1,2,3,7,8,9,10,11,12; samples_per_type=1000; repeats=3; same_store_repeats				p99_edge_mean_std_us	13	us	stddev_of_per_edge_type_percentiles_across_repeats	w6_sf10_core_typed	PASS (9,000)	PLOT_WITH_CAVEAT	FIX	cidr-experiments/data/source-cache/w6-sf10-priority-20260709-summary.md#Aggregate Matrix row=budg-b64 column=p50/p90/p99 edge-mean us	cidr-experiments/data/source-cache/w6-sf10-priority-20260709-summary.md#Aggregate Matrix; lsmgraph-rs/baseline/run_w6_sf100_matrix_20260613.sh: EDGE_TYPES/SAMPLES/REPEATS and sample-plan reuse	W6 variants are precomposed layouts rather than one-switch component isolation; repeats reuse one imported store and are not independent process trials. Read-byte metrics retain the reader-overread caveat.
fig2-component-ablation	w6-layout-matrix	w6_sf10_fig2	SF10:budg-b64:correctness_checked	SemL0	budg-b64	SF10	outgoing_typed_neighbor	edge_types=1,2,3,7,8,9,10,11,12; samples_per_type=1000; repeats=3; same_store_repeats				correctness_checked	9000	queries	naive_anchor_compare	w6_sf10_core_typed	PASS (9,000)	PLOT_WITH_CAVEAT	FIX	cidr-experiments/data/source-cache/w6-sf10-priority-20260709-summary.md#Correctness Compares row=budg-b64 column=checked	cidr-experiments/data/source-cache/w6-sf10-priority-20260709-summary.md#Aggregate Matrix; lsmgraph-rs/baseline/run_w6_sf100_matrix_20260613.sh: EDGE_TYPES/SAMPLES/REPEATS and sample-plan reuse	W6 variants are precomposed layouts rather than one-switch component isolation; repeats reuse one imported store and are not independent process trials. Read-byte metrics retain the reader-overread caveat.
fig2-component-ablation	w6-layout-matrix	w6_sf10_fig2	SF10:budg-b64:correctness_mismatches	SemL0	budg-b64	SF10	outgoing_typed_neighbor	edge_types=1,2,3,7,8,9,10,11,12; samples_per_type=1000; repeats=3; same_store_repeats				correctness_mismatches	0	queries	naive_anchor_compare	w6_sf10_core_typed	PASS (9,000)	PLOT_WITH_CAVEAT	FIX	cidr-experiments/data/source-cache/w6-sf10-priority-20260709-summary.md#Correctness Compares row=budg-b64 column=mismatches	cidr-experiments/data/source-cache/w6-sf10-priority-20260709-summary.md#Aggregate Matrix; lsmgraph-rs/baseline/run_w6_sf100_matrix_20260613.sh: EDGE_TYPES/SAMPLES/REPEATS and sample-plan reuse	W6 variants are precomposed layouts rather than one-switch component isolation; repeats reuse one imported store and are not independent process trials. Read-byte metrics retain the reader-overread caveat.
fig2-component-ablation	w6-layout-matrix	w6_sf10_fig2	SF10:budg-b64:import_max_rss_gib_reported	SemL0	budg-b64	SF10	outgoing_typed_neighbor	edge_types=1,2,3,7,8,9,10,11,12; samples_per_type=1000; repeats=3; same_store_repeats				import_max_rss_gib_reported	2.26	GiB_reported	single_import_time_v	w6_sf10_core_typed	PASS (9,000)	PLOT_WITH_CAVEAT	FIX	cidr-experiments/data/source-cache/w6-sf10-priority-20260709-summary.md#Import RSS row=budg-b64 column=max RSS GiB	cidr-experiments/data/source-cache/w6-sf10-priority-20260709-summary.md#Aggregate Matrix; lsmgraph-rs/baseline/run_w6_sf100_matrix_20260613.sh: EDGE_TYPES/SAMPLES/REPEATS and sample-plan reuse	W6 variants are precomposed layouts rather than one-switch component isolation; repeats reuse one imported store and are not independent process trials. Read-byte metrics retain the reader-overread caveat.
fig2-component-ablation	w6-layout-matrix	w6_sf10_fig2	SF10:budg-b256:ops_per_repeat	SemL0	budg-b256	SF10	outgoing_typed_neighbor	edge_types=1,2,3,7,8,9,10,11,12; samples_per_type=1000; repeats=3; same_store_repeats				ops_per_repeat	9000	operations	protocol_count	w6_sf10_core_typed	PASS (9,000)	PLOT_WITH_CAVEAT	FIX	cidr-experiments/data/source-cache/w6-sf10-priority-20260709-summary.md#Aggregate Matrix row=budg-b256 column=ops/repeat	cidr-experiments/data/source-cache/w6-sf10-priority-20260709-summary.md#Aggregate Matrix; lsmgraph-rs/baseline/run_w6_sf100_matrix_20260613.sh: EDGE_TYPES/SAMPLES/REPEATS and sample-plan reuse	W6 variants are precomposed layouts rather than one-switch component isolation; repeats reuse one imported store and are not independent process trials. Read-byte metrics retain the reader-overread caveat.
fig2-component-ablation	w6-layout-matrix	w6_sf10_fig2	SF10:budg-b256:store_size_gib_reported	SemL0	budg-b256	SF10	outgoing_typed_neighbor	edge_types=1,2,3,7,8,9,10,11,12; samples_per_type=1000; repeats=3; same_store_repeats				store_size_gib_reported	13.7	GiB_reported	single_import	w6_sf10_core_typed	PASS (9,000)	PLOT_WITH_CAVEAT	FIX	cidr-experiments/data/source-cache/w6-sf10-priority-20260709-summary.md#Aggregate Matrix row=budg-b256 column=store GiB	cidr-experiments/data/source-cache/w6-sf10-priority-20260709-summary.md#Aggregate Matrix; lsmgraph-rs/baseline/run_w6_sf100_matrix_20260613.sh: EDGE_TYPES/SAMPLES/REPEATS and sample-plan reuse	W6 variants are precomposed layouts rather than one-switch component isolation; repeats reuse one imported store and are not independent process trials. Read-byte metrics retain the reader-overread caveat.
fig2-component-ablation	w6-layout-matrix	w6_sf10_fig2	SF10:budg-b256:l0_files	SemL0	budg-b256	SF10	outgoing_typed_neighbor	edge_types=1,2,3,7,8,9,10,11,12; samples_per_type=1000; repeats=3; same_store_repeats				l0_files	569	files	single_import	w6_sf10_core_typed	PASS (9,000)	PLOT_WITH_CAVEAT	FIX	cidr-experiments/data/source-cache/w6-sf10-priority-20260709-summary.md#Aggregate Matrix row=budg-b256 column=L0 files	cidr-experiments/data/source-cache/w6-sf10-priority-20260709-summary.md#Aggregate Matrix; lsmgraph-rs/baseline/run_w6_sf100_matrix_20260613.sh: EDGE_TYPES/SAMPLES/REPEATS and sample-plan reuse	W6 variants are precomposed layouts rather than one-switch component isolation; repeats reuse one imported store and are not independent process trials. Read-byte metrics retain the reader-overread caveat.
fig2-component-ablation	w6-layout-matrix	w6_sf10_fig2	SF10:budg-b256:candidate_l0_total_mean	SemL0	budg-b256	SF10	outgoing_typed_neighbor	edge_types=1,2,3,7,8,9,10,11,12; samples_per_type=1000; repeats=3; same_store_repeats				candidate_l0_total_mean	158924	segments_per_repeat	mean_across_same_store_repeats	w6_sf10_core_typed	PASS (9,000)	PLOT_WITH_CAVEAT	FIX	cidr-experiments/data/source-cache/w6-sf10-priority-20260709-summary.md#Aggregate Matrix row=budg-b256 column=candidate L0 mean+/-std	cidr-experiments/data/source-cache/w6-sf10-priority-20260709-summary.md#Aggregate Matrix; lsmgraph-rs/baseline/run_w6_sf100_matrix_20260613.sh: EDGE_TYPES/SAMPLES/REPEATS and sample-plan reuse	W6 variants are precomposed layouts rather than one-switch component isolation; repeats reuse one imported store and are not independent process trials. Read-byte metrics retain the reader-overread caveat.
fig2-component-ablation	w6-layout-matrix	w6_sf10_fig2	SF10:budg-b256:candidate_l0_total_std	SemL0	budg-b256	SF10	outgoing_typed_neighbor	edge_types=1,2,3,7,8,9,10,11,12; samples_per_type=1000; repeats=3; same_store_repeats				candidate_l0_total_std	0	segments_per_repeat	stddev_across_same_store_repeats	w6_sf10_core_typed	PASS (9,000)	PLOT_WITH_CAVEAT	FIX	cidr-experiments/data/source-cache/w6-sf10-priority-20260709-summary.md#Aggregate Matrix row=budg-b256 column=candidate L0 mean+/-std	cidr-experiments/data/source-cache/w6-sf10-priority-20260709-summary.md#Aggregate Matrix; lsmgraph-rs/baseline/run_w6_sf100_matrix_20260613.sh: EDGE_TYPES/SAMPLES/REPEATS and sample-plan reuse	W6 variants are precomposed layouts rather than one-switch component isolation; repeats reuse one imported store and are not independent process trials. Read-byte metrics retain the reader-overread caveat.
fig2-component-ablation	w6-layout-matrix	w6_sf10_fig2	SF10:budg-b256:candidate_l0_per_op_mean	SemL0	budg-b256	SF10	outgoing_typed_neighbor	edge_types=1,2,3,7,8,9,10,11,12; samples_per_type=1000; repeats=3; same_store_repeats				candidate_l0_per_op_mean	17.65822222222222	segments_per_operation	derived_from_reported_means	w6_sf10_core_typed	PASS (9,000)	PLOT_WITH_CAVEAT	FIX	cidr-experiments/data/source-cache/w6-sf10-priority-20260709-summary.md#Aggregate Matrix row=budg-b256 column=candidate L0 mean+/-std / cidr-experiments/data/source-cache/w6-sf10-priority-20260709-summary.md#Aggregate Matrix row=budg-b256 column=ops/repeat	cidr-experiments/data/source-cache/w6-sf10-priority-20260709-summary.md#Aggregate Matrix; lsmgraph-rs/baseline/run_w6_sf100_matrix_20260613.sh: EDGE_TYPES/SAMPLES/REPEATS and sample-plan reuse	W6 variants are precomposed layouts rather than one-switch component isolation; repeats reuse one imported store and are not independent process trials. Read-byte metrics retain the reader-overread caveat.
fig2-component-ablation	w6-layout-matrix	w6_sf10_fig2	SF10:budg-b256:candidate_l0_per_op_std	SemL0	budg-b256	SF10	outgoing_typed_neighbor	edge_types=1,2,3,7,8,9,10,11,12; samples_per_type=1000; repeats=3; same_store_repeats				candidate_l0_per_op_std	0	segments_per_operation	derived_from_reported_stddev	w6_sf10_core_typed	PASS (9,000)	PLOT_WITH_CAVEAT	FIX	cidr-experiments/data/source-cache/w6-sf10-priority-20260709-summary.md#Aggregate Matrix row=budg-b256 column=candidate L0 mean+/-std / cidr-experiments/data/source-cache/w6-sf10-priority-20260709-summary.md#Aggregate Matrix row=budg-b256 column=ops/repeat	cidr-experiments/data/source-cache/w6-sf10-priority-20260709-summary.md#Aggregate Matrix; lsmgraph-rs/baseline/run_w6_sf100_matrix_20260613.sh: EDGE_TYPES/SAMPLES/REPEATS and sample-plan reuse	W6 variants are precomposed layouts rather than one-switch component isolation; repeats reuse one imported store and are not independent process trials. Read-byte metrics retain the reader-overread caveat.
fig2-component-ablation	w6-layout-matrix	w6_sf10_fig2	SF10:budg-b256:read_bytes_total_mean	SemL0	budg-b256	SF10	outgoing_typed_neighbor	edge_types=1,2,3,7,8,9,10,11,12; samples_per_type=1000; repeats=3; same_store_repeats				read_bytes_total_mean	78103013	bytes_per_repeat	mean_across_same_store_repeats	w6_sf10_core_typed	PASS (9,000)	SECONDARY_ONLY_READER_OVERREAD	FIX	cidr-experiments/data/source-cache/w6-sf10-priority-20260709-summary.md#Aggregate Matrix row=budg-b256 column=read bytes mean+/-std	cidr-experiments/data/source-cache/w6-sf10-priority-20260709-summary.md#Aggregate Matrix; lsmgraph-rs/baseline/run_w6_sf100_matrix_20260613.sh: EDGE_TYPES/SAMPLES/REPEATS and sample-plan reuse	W6 variants are precomposed layouts rather than one-switch component isolation; repeats reuse one imported store and are not independent process trials. Read-byte metrics retain the reader-overread caveat.
fig2-component-ablation	w6-layout-matrix	w6_sf10_fig2	SF10:budg-b256:read_bytes_total_std	SemL0	budg-b256	SF10	outgoing_typed_neighbor	edge_types=1,2,3,7,8,9,10,11,12; samples_per_type=1000; repeats=3; same_store_repeats				read_bytes_total_std	70879509	bytes_per_repeat	stddev_across_same_store_repeats	w6_sf10_core_typed	PASS (9,000)	SECONDARY_ONLY_READER_OVERREAD	FIX	cidr-experiments/data/source-cache/w6-sf10-priority-20260709-summary.md#Aggregate Matrix row=budg-b256 column=read bytes mean+/-std	cidr-experiments/data/source-cache/w6-sf10-priority-20260709-summary.md#Aggregate Matrix; lsmgraph-rs/baseline/run_w6_sf100_matrix_20260613.sh: EDGE_TYPES/SAMPLES/REPEATS and sample-plan reuse	W6 variants are precomposed layouts rather than one-switch component isolation; repeats reuse one imported store and are not independent process trials. Read-byte metrics retain the reader-overread caveat.
fig2-component-ablation	w6-layout-matrix	w6_sf10_fig2	SF10:budg-b256:read_bytes_per_op_mean	SemL0	budg-b256	SF10	outgoing_typed_neighbor	edge_types=1,2,3,7,8,9,10,11,12; samples_per_type=1000; repeats=3; same_store_repeats				read_bytes_per_op_mean	8678.112555555555	bytes_per_operation	derived_from_reported_means	w6_sf10_core_typed	PASS (9,000)	SECONDARY_ONLY_READER_OVERREAD	FIX	cidr-experiments/data/source-cache/w6-sf10-priority-20260709-summary.md#Aggregate Matrix row=budg-b256 column=read bytes mean+/-std / cidr-experiments/data/source-cache/w6-sf10-priority-20260709-summary.md#Aggregate Matrix row=budg-b256 column=ops/repeat	cidr-experiments/data/source-cache/w6-sf10-priority-20260709-summary.md#Aggregate Matrix; lsmgraph-rs/baseline/run_w6_sf100_matrix_20260613.sh: EDGE_TYPES/SAMPLES/REPEATS and sample-plan reuse	W6 variants are precomposed layouts rather than one-switch component isolation; repeats reuse one imported store and are not independent process trials. Read-byte metrics retain the reader-overread caveat.
fig2-component-ablation	w6-layout-matrix	w6_sf10_fig2	SF10:budg-b256:avg_latency_us_mean	SemL0	budg-b256	SF10	outgoing_typed_neighbor	edge_types=1,2,3,7,8,9,10,11,12; samples_per_type=1000; repeats=3; same_store_repeats				avg_latency_us_mean	522.6	us_per_operation	mean_across_same_store_repeats	w6_sf10_core_typed	PASS (9,000)	PLOT_WITH_CAVEAT	FIX	cidr-experiments/data/source-cache/w6-sf10-priority-20260709-summary.md#Aggregate Matrix row=budg-b256 column=avg us mean+/-std	cidr-experiments/data/source-cache/w6-sf10-priority-20260709-summary.md#Aggregate Matrix; lsmgraph-rs/baseline/run_w6_sf100_matrix_20260613.sh: EDGE_TYPES/SAMPLES/REPEATS and sample-plan reuse	W6 variants are precomposed layouts rather than one-switch component isolation; repeats reuse one imported store and are not independent process trials. Read-byte metrics retain the reader-overread caveat.
fig2-component-ablation	w6-layout-matrix	w6_sf10_fig2	SF10:budg-b256:avg_latency_us_std	SemL0	budg-b256	SF10	outgoing_typed_neighbor	edge_types=1,2,3,7,8,9,10,11,12; samples_per_type=1000; repeats=3; same_store_repeats				avg_latency_us_std	10.9	us_per_operation	stddev_across_same_store_repeats	w6_sf10_core_typed	PASS (9,000)	PLOT_WITH_CAVEAT	FIX	cidr-experiments/data/source-cache/w6-sf10-priority-20260709-summary.md#Aggregate Matrix row=budg-b256 column=avg us mean+/-std	cidr-experiments/data/source-cache/w6-sf10-priority-20260709-summary.md#Aggregate Matrix; lsmgraph-rs/baseline/run_w6_sf100_matrix_20260613.sh: EDGE_TYPES/SAMPLES/REPEATS and sample-plan reuse	W6 variants are precomposed layouts rather than one-switch component isolation; repeats reuse one imported store and are not independent process trials. Read-byte metrics retain the reader-overread caveat.
fig2-component-ablation	w6-layout-matrix	w6_sf10_fig2	SF10:budg-b256:p50_edge_mean_us	SemL0	budg-b256	SF10	outgoing_typed_neighbor	edge_types=1,2,3,7,8,9,10,11,12; samples_per_type=1000; repeats=3; same_store_repeats				p50_edge_mean_us	707	us	mean_of_per_edge_type_percentiles_across_repeats	w6_sf10_core_typed	PASS (9,000)	PLOT_WITH_CAVEAT	FIX	cidr-experiments/data/source-cache/w6-sf10-priority-20260709-summary.md#Aggregate Matrix row=budg-b256 column=p50/p90/p99 edge-mean us	cidr-experiments/data/source-cache/w6-sf10-priority-20260709-summary.md#Aggregate Matrix; lsmgraph-rs/baseline/run_w6_sf100_matrix_20260613.sh: EDGE_TYPES/SAMPLES/REPEATS and sample-plan reuse	W6 variants are precomposed layouts rather than one-switch component isolation; repeats reuse one imported store and are not independent process trials. Read-byte metrics retain the reader-overread caveat.
fig2-component-ablation	w6-layout-matrix	w6_sf10_fig2	SF10:budg-b256:p50_edge_mean_std_us	SemL0	budg-b256	SF10	outgoing_typed_neighbor	edge_types=1,2,3,7,8,9,10,11,12; samples_per_type=1000; repeats=3; same_store_repeats				p50_edge_mean_std_us	3	us	stddev_of_per_edge_type_percentiles_across_repeats	w6_sf10_core_typed	PASS (9,000)	PLOT_WITH_CAVEAT	FIX	cidr-experiments/data/source-cache/w6-sf10-priority-20260709-summary.md#Aggregate Matrix row=budg-b256 column=p50/p90/p99 edge-mean us	cidr-experiments/data/source-cache/w6-sf10-priority-20260709-summary.md#Aggregate Matrix; lsmgraph-rs/baseline/run_w6_sf100_matrix_20260613.sh: EDGE_TYPES/SAMPLES/REPEATS and sample-plan reuse	W6 variants are precomposed layouts rather than one-switch component isolation; repeats reuse one imported store and are not independent process trials. Read-byte metrics retain the reader-overread caveat.
fig2-component-ablation	w6-layout-matrix	w6_sf10_fig2	SF10:budg-b256:p90_edge_mean_us	SemL0	budg-b256	SF10	outgoing_typed_neighbor	edge_types=1,2,3,7,8,9,10,11,12; samples_per_type=1000; repeats=3; same_store_repeats				p90_edge_mean_us	874	us	mean_of_per_edge_type_percentiles_across_repeats	w6_sf10_core_typed	PASS (9,000)	PLOT_WITH_CAVEAT	FIX	cidr-experiments/data/source-cache/w6-sf10-priority-20260709-summary.md#Aggregate Matrix row=budg-b256 column=p50/p90/p99 edge-mean us	cidr-experiments/data/source-cache/w6-sf10-priority-20260709-summary.md#Aggregate Matrix; lsmgraph-rs/baseline/run_w6_sf100_matrix_20260613.sh: EDGE_TYPES/SAMPLES/REPEATS and sample-plan reuse	W6 variants are precomposed layouts rather than one-switch component isolation; repeats reuse one imported store and are not independent process trials. Read-byte metrics retain the reader-overread caveat.
fig2-component-ablation	w6-layout-matrix	w6_sf10_fig2	SF10:budg-b256:p90_edge_mean_std_us	SemL0	budg-b256	SF10	outgoing_typed_neighbor	edge_types=1,2,3,7,8,9,10,11,12; samples_per_type=1000; repeats=3; same_store_repeats				p90_edge_mean_std_us	109	us	stddev_of_per_edge_type_percentiles_across_repeats	w6_sf10_core_typed	PASS (9,000)	PLOT_WITH_CAVEAT	FIX	cidr-experiments/data/source-cache/w6-sf10-priority-20260709-summary.md#Aggregate Matrix row=budg-b256 column=p50/p90/p99 edge-mean us	cidr-experiments/data/source-cache/w6-sf10-priority-20260709-summary.md#Aggregate Matrix; lsmgraph-rs/baseline/run_w6_sf100_matrix_20260613.sh: EDGE_TYPES/SAMPLES/REPEATS and sample-plan reuse	W6 variants are precomposed layouts rather than one-switch component isolation; repeats reuse one imported store and are not independent process trials. Read-byte metrics retain the reader-overread caveat.
fig2-component-ablation	w6-layout-matrix	w6_sf10_fig2	SF10:budg-b256:p99_edge_mean_us	SemL0	budg-b256	SF10	outgoing_typed_neighbor	edge_types=1,2,3,7,8,9,10,11,12; samples_per_type=1000; repeats=3; same_store_repeats				p99_edge_mean_us	1170	us	mean_of_per_edge_type_percentiles_across_repeats	w6_sf10_core_typed	PASS (9,000)	PLOT_WITH_CAVEAT	FIX	cidr-experiments/data/source-cache/w6-sf10-priority-20260709-summary.md#Aggregate Matrix row=budg-b256 column=p50/p90/p99 edge-mean us	cidr-experiments/data/source-cache/w6-sf10-priority-20260709-summary.md#Aggregate Matrix; lsmgraph-rs/baseline/run_w6_sf100_matrix_20260613.sh: EDGE_TYPES/SAMPLES/REPEATS and sample-plan reuse	W6 variants are precomposed layouts rather than one-switch component isolation; repeats reuse one imported store and are not independent process trials. Read-byte metrics retain the reader-overread caveat.
fig2-component-ablation	w6-layout-matrix	w6_sf10_fig2	SF10:budg-b256:p99_edge_mean_std_us	SemL0	budg-b256	SF10	outgoing_typed_neighbor	edge_types=1,2,3,7,8,9,10,11,12; samples_per_type=1000; repeats=3; same_store_repeats				p99_edge_mean_std_us	13	us	stddev_of_per_edge_type_percentiles_across_repeats	w6_sf10_core_typed	PASS (9,000)	PLOT_WITH_CAVEAT	FIX	cidr-experiments/data/source-cache/w6-sf10-priority-20260709-summary.md#Aggregate Matrix row=budg-b256 column=p50/p90/p99 edge-mean us	cidr-experiments/data/source-cache/w6-sf10-priority-20260709-summary.md#Aggregate Matrix; lsmgraph-rs/baseline/run_w6_sf100_matrix_20260613.sh: EDGE_TYPES/SAMPLES/REPEATS and sample-plan reuse	W6 variants are precomposed layouts rather than one-switch component isolation; repeats reuse one imported store and are not independent process trials. Read-byte metrics retain the reader-overread caveat.
fig2-component-ablation	w6-layout-matrix	w6_sf10_fig2	SF10:budg-b256:correctness_checked	SemL0	budg-b256	SF10	outgoing_typed_neighbor	edge_types=1,2,3,7,8,9,10,11,12; samples_per_type=1000; repeats=3; same_store_repeats				correctness_checked	9000	queries	naive_anchor_compare	w6_sf10_core_typed	PASS (9,000)	PLOT_WITH_CAVEAT	FIX	cidr-experiments/data/source-cache/w6-sf10-priority-20260709-summary.md#Correctness Compares row=budg-b256 column=checked	cidr-experiments/data/source-cache/w6-sf10-priority-20260709-summary.md#Aggregate Matrix; lsmgraph-rs/baseline/run_w6_sf100_matrix_20260613.sh: EDGE_TYPES/SAMPLES/REPEATS and sample-plan reuse	W6 variants are precomposed layouts rather than one-switch component isolation; repeats reuse one imported store and are not independent process trials. Read-byte metrics retain the reader-overread caveat.
fig2-component-ablation	w6-layout-matrix	w6_sf10_fig2	SF10:budg-b256:correctness_mismatches	SemL0	budg-b256	SF10	outgoing_typed_neighbor	edge_types=1,2,3,7,8,9,10,11,12; samples_per_type=1000; repeats=3; same_store_repeats				correctness_mismatches	0	queries	naive_anchor_compare	w6_sf10_core_typed	PASS (9,000)	PLOT_WITH_CAVEAT	FIX	cidr-experiments/data/source-cache/w6-sf10-priority-20260709-summary.md#Correctness Compares row=budg-b256 column=mismatches	cidr-experiments/data/source-cache/w6-sf10-priority-20260709-summary.md#Aggregate Matrix; lsmgraph-rs/baseline/run_w6_sf100_matrix_20260613.sh: EDGE_TYPES/SAMPLES/REPEATS and sample-plan reuse	W6 variants are precomposed layouts rather than one-switch component isolation; repeats reuse one imported store and are not independent process trials. Read-byte metrics retain the reader-overread caveat.
fig2-component-ablation	w6-layout-matrix	w6_sf10_fig2	SF10:budg-b256:import_max_rss_gib_reported	SemL0	budg-b256	SF10	outgoing_typed_neighbor	edge_types=1,2,3,7,8,9,10,11,12; samples_per_type=1000; repeats=3; same_store_repeats				import_max_rss_gib_reported	5.18	GiB_reported	single_import_time_v	w6_sf10_core_typed	PASS (9,000)	PLOT_WITH_CAVEAT	FIX	cidr-experiments/data/source-cache/w6-sf10-priority-20260709-summary.md#Import RSS row=budg-b256 column=max RSS GiB	cidr-experiments/data/source-cache/w6-sf10-priority-20260709-summary.md#Aggregate Matrix; lsmgraph-rs/baseline/run_w6_sf100_matrix_20260613.sh: EDGE_TYPES/SAMPLES/REPEATS and sample-plan reuse	W6 variants are precomposed layouts rather than one-switch component isolation; repeats reuse one imported store and are not independent process trials. Read-byte metrics retain the reader-overread caveat.
fig2-component-ablation	w6-layout-matrix	w6_sf10_fig2	SF10:budg-b1024:ops_per_repeat	SemL0	budg-b1024	SF10	outgoing_typed_neighbor	edge_types=1,2,3,7,8,9,10,11,12; samples_per_type=1000; repeats=3; same_store_repeats				ops_per_repeat	9000	operations	protocol_count	w6_sf10_core_typed	PASS (9,000)	PLOT_WITH_CAVEAT	FIX	cidr-experiments/data/source-cache/w6-sf10-priority-20260709-summary.md#Aggregate Matrix row=budg-b1024 column=ops/repeat	cidr-experiments/data/source-cache/w6-sf10-priority-20260709-summary.md#Aggregate Matrix; lsmgraph-rs/baseline/run_w6_sf100_matrix_20260613.sh: EDGE_TYPES/SAMPLES/REPEATS and sample-plan reuse	W6 variants are precomposed layouts rather than one-switch component isolation; repeats reuse one imported store and are not independent process trials. Read-byte metrics retain the reader-overread caveat.
fig2-component-ablation	w6-layout-matrix	w6_sf10_fig2	SF10:budg-b1024:store_size_gib_reported	SemL0	budg-b1024	SF10	outgoing_typed_neighbor	edge_types=1,2,3,7,8,9,10,11,12; samples_per_type=1000; repeats=3; same_store_repeats				store_size_gib_reported	14.5	GiB_reported	single_import	w6_sf10_core_typed	PASS (9,000)	PLOT_WITH_CAVEAT	FIX	cidr-experiments/data/source-cache/w6-sf10-priority-20260709-summary.md#Aggregate Matrix row=budg-b1024 column=store GiB	cidr-experiments/data/source-cache/w6-sf10-priority-20260709-summary.md#Aggregate Matrix; lsmgraph-rs/baseline/run_w6_sf100_matrix_20260613.sh: EDGE_TYPES/SAMPLES/REPEATS and sample-plan reuse	W6 variants are precomposed layouts rather than one-switch component isolation; repeats reuse one imported store and are not independent process trials. Read-byte metrics retain the reader-overread caveat.
fig2-component-ablation	w6-layout-matrix	w6_sf10_fig2	SF10:budg-b1024:l0_files	SemL0	budg-b1024	SF10	outgoing_typed_neighbor	edge_types=1,2,3,7,8,9,10,11,12; samples_per_type=1000; repeats=3; same_store_repeats				l0_files	605	files	single_import	w6_sf10_core_typed	PASS (9,000)	PLOT_WITH_CAVEAT	FIX	cidr-experiments/data/source-cache/w6-sf10-priority-20260709-summary.md#Aggregate Matrix row=budg-b1024 column=L0 files	cidr-experiments/data/source-cache/w6-sf10-priority-20260709-summary.md#Aggregate Matrix; lsmgraph-rs/baseline/run_w6_sf100_matrix_20260613.sh: EDGE_TYPES/SAMPLES/REPEATS and sample-plan reuse	W6 variants are precomposed layouts rather than one-switch component isolation; repeats reuse one imported store and are not independent process trials. Read-byte metrics retain the reader-overread caveat.
fig2-component-ablation	w6-layout-matrix	w6_sf10_fig2	SF10:budg-b1024:candidate_l0_total_mean	SemL0	budg-b1024	SF10	outgoing_typed_neighbor	edge_types=1,2,3,7,8,9,10,11,12; samples_per_type=1000; repeats=3; same_store_repeats				candidate_l0_total_mean	158924	segments_per_repeat	mean_across_same_store_repeats	w6_sf10_core_typed	PASS (9,000)	PLOT_WITH_CAVEAT	FIX	cidr-experiments/data/source-cache/w6-sf10-priority-20260709-summary.md#Aggregate Matrix row=budg-b1024 column=candidate L0 mean+/-std	cidr-experiments/data/source-cache/w6-sf10-priority-20260709-summary.md#Aggregate Matrix; lsmgraph-rs/baseline/run_w6_sf100_matrix_20260613.sh: EDGE_TYPES/SAMPLES/REPEATS and sample-plan reuse	W6 variants are precomposed layouts rather than one-switch component isolation; repeats reuse one imported store and are not independent process trials. Read-byte metrics retain the reader-overread caveat.
fig2-component-ablation	w6-layout-matrix	w6_sf10_fig2	SF10:budg-b1024:candidate_l0_total_std	SemL0	budg-b1024	SF10	outgoing_typed_neighbor	edge_types=1,2,3,7,8,9,10,11,12; samples_per_type=1000; repeats=3; same_store_repeats				candidate_l0_total_std	0	segments_per_repeat	stddev_across_same_store_repeats	w6_sf10_core_typed	PASS (9,000)	PLOT_WITH_CAVEAT	FIX	cidr-experiments/data/source-cache/w6-sf10-priority-20260709-summary.md#Aggregate Matrix row=budg-b1024 column=candidate L0 mean+/-std	cidr-experiments/data/source-cache/w6-sf10-priority-20260709-summary.md#Aggregate Matrix; lsmgraph-rs/baseline/run_w6_sf100_matrix_20260613.sh: EDGE_TYPES/SAMPLES/REPEATS and sample-plan reuse	W6 variants are precomposed layouts rather than one-switch component isolation; repeats reuse one imported store and are not independent process trials. Read-byte metrics retain the reader-overread caveat.
fig2-component-ablation	w6-layout-matrix	w6_sf10_fig2	SF10:budg-b1024:candidate_l0_per_op_mean	SemL0	budg-b1024	SF10	outgoing_typed_neighbor	edge_types=1,2,3,7,8,9,10,11,12; samples_per_type=1000; repeats=3; same_store_repeats				candidate_l0_per_op_mean	17.65822222222222	segments_per_operation	derived_from_reported_means	w6_sf10_core_typed	PASS (9,000)	PLOT_WITH_CAVEAT	FIX	cidr-experiments/data/source-cache/w6-sf10-priority-20260709-summary.md#Aggregate Matrix row=budg-b1024 column=candidate L0 mean+/-std / cidr-experiments/data/source-cache/w6-sf10-priority-20260709-summary.md#Aggregate Matrix row=budg-b1024 column=ops/repeat	cidr-experiments/data/source-cache/w6-sf10-priority-20260709-summary.md#Aggregate Matrix; lsmgraph-rs/baseline/run_w6_sf100_matrix_20260613.sh: EDGE_TYPES/SAMPLES/REPEATS and sample-plan reuse	W6 variants are precomposed layouts rather than one-switch component isolation; repeats reuse one imported store and are not independent process trials. Read-byte metrics retain the reader-overread caveat.
fig2-component-ablation	w6-layout-matrix	w6_sf10_fig2	SF10:budg-b1024:candidate_l0_per_op_std	SemL0	budg-b1024	SF10	outgoing_typed_neighbor	edge_types=1,2,3,7,8,9,10,11,12; samples_per_type=1000; repeats=3; same_store_repeats				candidate_l0_per_op_std	0	segments_per_operation	derived_from_reported_stddev	w6_sf10_core_typed	PASS (9,000)	PLOT_WITH_CAVEAT	FIX	cidr-experiments/data/source-cache/w6-sf10-priority-20260709-summary.md#Aggregate Matrix row=budg-b1024 column=candidate L0 mean+/-std / cidr-experiments/data/source-cache/w6-sf10-priority-20260709-summary.md#Aggregate Matrix row=budg-b1024 column=ops/repeat	cidr-experiments/data/source-cache/w6-sf10-priority-20260709-summary.md#Aggregate Matrix; lsmgraph-rs/baseline/run_w6_sf100_matrix_20260613.sh: EDGE_TYPES/SAMPLES/REPEATS and sample-plan reuse	W6 variants are precomposed layouts rather than one-switch component isolation; repeats reuse one imported store and are not independent process trials. Read-byte metrics retain the reader-overread caveat.
fig2-component-ablation	w6-layout-matrix	w6_sf10_fig2	SF10:budg-b1024:read_bytes_total_mean	SemL0	budg-b1024	SF10	outgoing_typed_neighbor	edge_types=1,2,3,7,8,9,10,11,12; samples_per_type=1000; repeats=3; same_store_repeats				read_bytes_total_mean	78103013	bytes_per_repeat	mean_across_same_store_repeats	w6_sf10_core_typed	PASS (9,000)	SECONDARY_ONLY_READER_OVERREAD	FIX	cidr-experiments/data/source-cache/w6-sf10-priority-20260709-summary.md#Aggregate Matrix row=budg-b1024 column=read bytes mean+/-std	cidr-experiments/data/source-cache/w6-sf10-priority-20260709-summary.md#Aggregate Matrix; lsmgraph-rs/baseline/run_w6_sf100_matrix_20260613.sh: EDGE_TYPES/SAMPLES/REPEATS and sample-plan reuse	W6 variants are precomposed layouts rather than one-switch component isolation; repeats reuse one imported store and are not independent process trials. Read-byte metrics retain the reader-overread caveat.
fig2-component-ablation	w6-layout-matrix	w6_sf10_fig2	SF10:budg-b1024:read_bytes_total_std	SemL0	budg-b1024	SF10	outgoing_typed_neighbor	edge_types=1,2,3,7,8,9,10,11,12; samples_per_type=1000; repeats=3; same_store_repeats				read_bytes_total_std	70879509	bytes_per_repeat	stddev_across_same_store_repeats	w6_sf10_core_typed	PASS (9,000)	SECONDARY_ONLY_READER_OVERREAD	FIX	cidr-experiments/data/source-cache/w6-sf10-priority-20260709-summary.md#Aggregate Matrix row=budg-b1024 column=read bytes mean+/-std	cidr-experiments/data/source-cache/w6-sf10-priority-20260709-summary.md#Aggregate Matrix; lsmgraph-rs/baseline/run_w6_sf100_matrix_20260613.sh: EDGE_TYPES/SAMPLES/REPEATS and sample-plan reuse	W6 variants are precomposed layouts rather than one-switch component isolation; repeats reuse one imported store and are not independent process trials. Read-byte metrics retain the reader-overread caveat.
fig2-component-ablation	w6-layout-matrix	w6_sf10_fig2	SF10:budg-b1024:read_bytes_per_op_mean	SemL0	budg-b1024	SF10	outgoing_typed_neighbor	edge_types=1,2,3,7,8,9,10,11,12; samples_per_type=1000; repeats=3; same_store_repeats				read_bytes_per_op_mean	8678.112555555555	bytes_per_operation	derived_from_reported_means	w6_sf10_core_typed	PASS (9,000)	SECONDARY_ONLY_READER_OVERREAD	FIX	cidr-experiments/data/source-cache/w6-sf10-priority-20260709-summary.md#Aggregate Matrix row=budg-b1024 column=read bytes mean+/-std / cidr-experiments/data/source-cache/w6-sf10-priority-20260709-summary.md#Aggregate Matrix row=budg-b1024 column=ops/repeat	cidr-experiments/data/source-cache/w6-sf10-priority-20260709-summary.md#Aggregate Matrix; lsmgraph-rs/baseline/run_w6_sf100_matrix_20260613.sh: EDGE_TYPES/SAMPLES/REPEATS and sample-plan reuse	W6 variants are precomposed layouts rather than one-switch component isolation; repeats reuse one imported store and are not independent process trials. Read-byte metrics retain the reader-overread caveat.
fig2-component-ablation	w6-layout-matrix	w6_sf10_fig2	SF10:budg-b1024:avg_latency_us_mean	SemL0	budg-b1024	SF10	outgoing_typed_neighbor	edge_types=1,2,3,7,8,9,10,11,12; samples_per_type=1000; repeats=3; same_store_repeats				avg_latency_us_mean	517.1	us_per_operation	mean_across_same_store_repeats	w6_sf10_core_typed	PASS (9,000)	PLOT_WITH_CAVEAT	FIX	cidr-experiments/data/source-cache/w6-sf10-priority-20260709-summary.md#Aggregate Matrix row=budg-b1024 column=avg us mean+/-std	cidr-experiments/data/source-cache/w6-sf10-priority-20260709-summary.md#Aggregate Matrix; lsmgraph-rs/baseline/run_w6_sf100_matrix_20260613.sh: EDGE_TYPES/SAMPLES/REPEATS and sample-plan reuse	W6 variants are precomposed layouts rather than one-switch component isolation; repeats reuse one imported store and are not independent process trials. Read-byte metrics retain the reader-overread caveat.
fig2-component-ablation	w6-layout-matrix	w6_sf10_fig2	SF10:budg-b1024:avg_latency_us_std	SemL0	budg-b1024	SF10	outgoing_typed_neighbor	edge_types=1,2,3,7,8,9,10,11,12; samples_per_type=1000; repeats=3; same_store_repeats				avg_latency_us_std	5.2	us_per_operation	stddev_across_same_store_repeats	w6_sf10_core_typed	PASS (9,000)	PLOT_WITH_CAVEAT	FIX	cidr-experiments/data/source-cache/w6-sf10-priority-20260709-summary.md#Aggregate Matrix row=budg-b1024 column=avg us mean+/-std	cidr-experiments/data/source-cache/w6-sf10-priority-20260709-summary.md#Aggregate Matrix; lsmgraph-rs/baseline/run_w6_sf100_matrix_20260613.sh: EDGE_TYPES/SAMPLES/REPEATS and sample-plan reuse	W6 variants are precomposed layouts rather than one-switch component isolation; repeats reuse one imported store and are not independent process trials. Read-byte metrics retain the reader-overread caveat.
fig2-component-ablation	w6-layout-matrix	w6_sf10_fig2	SF10:budg-b1024:p50_edge_mean_us	SemL0	budg-b1024	SF10	outgoing_typed_neighbor	edge_types=1,2,3,7,8,9,10,11,12; samples_per_type=1000; repeats=3; same_store_repeats				p50_edge_mean_us	706	us	mean_of_per_edge_type_percentiles_across_repeats	w6_sf10_core_typed	PASS (9,000)	PLOT_WITH_CAVEAT	FIX	cidr-experiments/data/source-cache/w6-sf10-priority-20260709-summary.md#Aggregate Matrix row=budg-b1024 column=p50/p90/p99 edge-mean us	cidr-experiments/data/source-cache/w6-sf10-priority-20260709-summary.md#Aggregate Matrix; lsmgraph-rs/baseline/run_w6_sf100_matrix_20260613.sh: EDGE_TYPES/SAMPLES/REPEATS and sample-plan reuse	W6 variants are precomposed layouts rather than one-switch component isolation; repeats reuse one imported store and are not independent process trials. Read-byte metrics retain the reader-overread caveat.
fig2-component-ablation	w6-layout-matrix	w6_sf10_fig2	SF10:budg-b1024:p50_edge_mean_std_us	SemL0	budg-b1024	SF10	outgoing_typed_neighbor	edge_types=1,2,3,7,8,9,10,11,12; samples_per_type=1000; repeats=3; same_store_repeats				p50_edge_mean_std_us	0	us	stddev_of_per_edge_type_percentiles_across_repeats	w6_sf10_core_typed	PASS (9,000)	PLOT_WITH_CAVEAT	FIX	cidr-experiments/data/source-cache/w6-sf10-priority-20260709-summary.md#Aggregate Matrix row=budg-b1024 column=p50/p90/p99 edge-mean us	cidr-experiments/data/source-cache/w6-sf10-priority-20260709-summary.md#Aggregate Matrix; lsmgraph-rs/baseline/run_w6_sf100_matrix_20260613.sh: EDGE_TYPES/SAMPLES/REPEATS and sample-plan reuse	W6 variants are precomposed layouts rather than one-switch component isolation; repeats reuse one imported store and are not independent process trials. Read-byte metrics retain the reader-overread caveat.
fig2-component-ablation	w6-layout-matrix	w6_sf10_fig2	SF10:budg-b1024:p90_edge_mean_us	SemL0	budg-b1024	SF10	outgoing_typed_neighbor	edge_types=1,2,3,7,8,9,10,11,12; samples_per_type=1000; repeats=3; same_store_repeats				p90_edge_mean_us	915	us	mean_of_per_edge_type_percentiles_across_repeats	w6_sf10_core_typed	PASS (9,000)	PLOT_WITH_CAVEAT	FIX	cidr-experiments/data/source-cache/w6-sf10-priority-20260709-summary.md#Aggregate Matrix row=budg-b1024 column=p50/p90/p99 edge-mean us	cidr-experiments/data/source-cache/w6-sf10-priority-20260709-summary.md#Aggregate Matrix; lsmgraph-rs/baseline/run_w6_sf100_matrix_20260613.sh: EDGE_TYPES/SAMPLES/REPEATS and sample-plan reuse	W6 variants are precomposed layouts rather than one-switch component isolation; repeats reuse one imported store and are not independent process trials. Read-byte metrics retain the reader-overread caveat.
fig2-component-ablation	w6-layout-matrix	w6_sf10_fig2	SF10:budg-b1024:p90_edge_mean_std_us	SemL0	budg-b1024	SF10	outgoing_typed_neighbor	edge_types=1,2,3,7,8,9,10,11,12; samples_per_type=1000; repeats=3; same_store_repeats				p90_edge_mean_std_us	105	us	stddev_of_per_edge_type_percentiles_across_repeats	w6_sf10_core_typed	PASS (9,000)	PLOT_WITH_CAVEAT	FIX	cidr-experiments/data/source-cache/w6-sf10-priority-20260709-summary.md#Aggregate Matrix row=budg-b1024 column=p50/p90/p99 edge-mean us	cidr-experiments/data/source-cache/w6-sf10-priority-20260709-summary.md#Aggregate Matrix; lsmgraph-rs/baseline/run_w6_sf100_matrix_20260613.sh: EDGE_TYPES/SAMPLES/REPEATS and sample-plan reuse	W6 variants are precomposed layouts rather than one-switch component isolation; repeats reuse one imported store and are not independent process trials. Read-byte metrics retain the reader-overread caveat.
fig2-component-ablation	w6-layout-matrix	w6_sf10_fig2	SF10:budg-b1024:p99_edge_mean_us	SemL0	budg-b1024	SF10	outgoing_typed_neighbor	edge_types=1,2,3,7,8,9,10,11,12; samples_per_type=1000; repeats=3; same_store_repeats				p99_edge_mean_us	1170	us	mean_of_per_edge_type_percentiles_across_repeats	w6_sf10_core_typed	PASS (9,000)	PLOT_WITH_CAVEAT	FIX	cidr-experiments/data/source-cache/w6-sf10-priority-20260709-summary.md#Aggregate Matrix row=budg-b1024 column=p50/p90/p99 edge-mean us	cidr-experiments/data/source-cache/w6-sf10-priority-20260709-summary.md#Aggregate Matrix; lsmgraph-rs/baseline/run_w6_sf100_matrix_20260613.sh: EDGE_TYPES/SAMPLES/REPEATS and sample-plan reuse	W6 variants are precomposed layouts rather than one-switch component isolation; repeats reuse one imported store and are not independent process trials. Read-byte metrics retain the reader-overread caveat.
fig2-component-ablation	w6-layout-matrix	w6_sf10_fig2	SF10:budg-b1024:p99_edge_mean_std_us	SemL0	budg-b1024	SF10	outgoing_typed_neighbor	edge_types=1,2,3,7,8,9,10,11,12; samples_per_type=1000; repeats=3; same_store_repeats				p99_edge_mean_std_us	13	us	stddev_of_per_edge_type_percentiles_across_repeats	w6_sf10_core_typed	PASS (9,000)	PLOT_WITH_CAVEAT	FIX	cidr-experiments/data/source-cache/w6-sf10-priority-20260709-summary.md#Aggregate Matrix row=budg-b1024 column=p50/p90/p99 edge-mean us	cidr-experiments/data/source-cache/w6-sf10-priority-20260709-summary.md#Aggregate Matrix; lsmgraph-rs/baseline/run_w6_sf100_matrix_20260613.sh: EDGE_TYPES/SAMPLES/REPEATS and sample-plan reuse	W6 variants are precomposed layouts rather than one-switch component isolation; repeats reuse one imported store and are not independent process trials. Read-byte metrics retain the reader-overread caveat.
fig2-component-ablation	w6-layout-matrix	w6_sf10_fig2	SF10:budg-b1024:correctness_checked	SemL0	budg-b1024	SF10	outgoing_typed_neighbor	edge_types=1,2,3,7,8,9,10,11,12; samples_per_type=1000; repeats=3; same_store_repeats				correctness_checked	9000	queries	naive_anchor_compare	w6_sf10_core_typed	PASS (9,000)	PLOT_WITH_CAVEAT	FIX	cidr-experiments/data/source-cache/w6-sf10-priority-20260709-summary.md#Correctness Compares row=budg-b1024 column=checked	cidr-experiments/data/source-cache/w6-sf10-priority-20260709-summary.md#Aggregate Matrix; lsmgraph-rs/baseline/run_w6_sf100_matrix_20260613.sh: EDGE_TYPES/SAMPLES/REPEATS and sample-plan reuse	W6 variants are precomposed layouts rather than one-switch component isolation; repeats reuse one imported store and are not independent process trials. Read-byte metrics retain the reader-overread caveat.
fig2-component-ablation	w6-layout-matrix	w6_sf10_fig2	SF10:budg-b1024:correctness_mismatches	SemL0	budg-b1024	SF10	outgoing_typed_neighbor	edge_types=1,2,3,7,8,9,10,11,12; samples_per_type=1000; repeats=3; same_store_repeats				correctness_mismatches	0	queries	naive_anchor_compare	w6_sf10_core_typed	PASS (9,000)	PLOT_WITH_CAVEAT	FIX	cidr-experiments/data/source-cache/w6-sf10-priority-20260709-summary.md#Correctness Compares row=budg-b1024 column=mismatches	cidr-experiments/data/source-cache/w6-sf10-priority-20260709-summary.md#Aggregate Matrix; lsmgraph-rs/baseline/run_w6_sf100_matrix_20260613.sh: EDGE_TYPES/SAMPLES/REPEATS and sample-plan reuse	W6 variants are precomposed layouts rather than one-switch component isolation; repeats reuse one imported store and are not independent process trials. Read-byte metrics retain the reader-overread caveat.
fig2-component-ablation	w6-layout-matrix	w6_sf10_fig2	SF10:budg-b1024:import_max_rss_gib_reported	SemL0	budg-b1024	SF10	outgoing_typed_neighbor	edge_types=1,2,3,7,8,9,10,11,12; samples_per_type=1000; repeats=3; same_store_repeats				import_max_rss_gib_reported	8.21	GiB_reported	single_import_time_v	w6_sf10_core_typed	PASS (9,000)	PLOT_WITH_CAVEAT	FIX	cidr-experiments/data/source-cache/w6-sf10-priority-20260709-summary.md#Import RSS row=budg-b1024 column=max RSS GiB	cidr-experiments/data/source-cache/w6-sf10-priority-20260709-summary.md#Aggregate Matrix; lsmgraph-rs/baseline/run_w6_sf100_matrix_20260613.sh: EDGE_TYPES/SAMPLES/REPEATS and sample-plan reuse	W6 variants are precomposed layouts rather than one-switch component isolation; repeats reuse one imported store and are not independent process trials. Read-byte metrics retain the reader-overread caveat.
fig2-component-ablation	w6-layout-matrix	w6_sf10_fig2	SF10:oracle:ops_per_repeat	SemL0	oracle	SF10	outgoing_typed_neighbor	edge_types=1,2,3,7,8,9,10,11,12; samples_per_type=1000; repeats=3; same_store_repeats				ops_per_repeat	9000	operations	protocol_count	w6_sf10_core_typed	PASS (9,000)	PLOT_WITH_CAVEAT	FIX	cidr-experiments/data/source-cache/w6-sf10-priority-20260709-summary.md#Aggregate Matrix row=oracle column=ops/repeat	cidr-experiments/data/source-cache/w6-sf10-priority-20260709-summary.md#Aggregate Matrix; lsmgraph-rs/baseline/run_w6_sf100_matrix_20260613.sh: EDGE_TYPES/SAMPLES/REPEATS and sample-plan reuse	W6 variants are precomposed layouts rather than one-switch component isolation; repeats reuse one imported store and are not independent process trials. Read-byte metrics retain the reader-overread caveat.
fig2-component-ablation	w6-layout-matrix	w6_sf10_fig2	SF10:oracle:store_size_gib_reported	SemL0	oracle	SF10	outgoing_typed_neighbor	edge_types=1,2,3,7,8,9,10,11,12; samples_per_type=1000; repeats=3; same_store_repeats				store_size_gib_reported	13.4	GiB_reported	single_import	w6_sf10_core_typed	PASS (9,000)	PLOT_WITH_CAVEAT	FIX	cidr-experiments/data/source-cache/w6-sf10-priority-20260709-summary.md#Aggregate Matrix row=oracle column=store GiB	cidr-experiments/data/source-cache/w6-sf10-priority-20260709-summary.md#Aggregate Matrix; lsmgraph-rs/baseline/run_w6_sf100_matrix_20260613.sh: EDGE_TYPES/SAMPLES/REPEATS and sample-plan reuse	W6 variants are precomposed layouts rather than one-switch component isolation; repeats reuse one imported store and are not independent process trials. Read-byte metrics retain the reader-overread caveat.
fig2-component-ablation	w6-layout-matrix	w6_sf10_fig2	SF10:oracle:l0_files	SemL0	oracle	SF10	outgoing_typed_neighbor	edge_types=1,2,3,7,8,9,10,11,12; samples_per_type=1000; repeats=3; same_store_repeats				l0_files	170	files	single_import	w6_sf10_core_typed	PASS (9,000)	PLOT_WITH_CAVEAT	FIX	cidr-experiments/data/source-cache/w6-sf10-priority-20260709-summary.md#Aggregate Matrix row=oracle column=L0 files	cidr-experiments/data/source-cache/w6-sf10-priority-20260709-summary.md#Aggregate Matrix; lsmgraph-rs/baseline/run_w6_sf100_matrix_20260613.sh: EDGE_TYPES/SAMPLES/REPEATS and sample-plan reuse	W6 variants are precomposed layouts rather than one-switch component isolation; repeats reuse one imported store and are not independent process trials. Read-byte metrics retain the reader-overread caveat.
fig2-component-ablation	w6-layout-matrix	w6_sf10_fig2	SF10:oracle:candidate_l0_total_mean	SemL0	oracle	SF10	outgoing_typed_neighbor	edge_types=1,2,3,7,8,9,10,11,12; samples_per_type=1000; repeats=3; same_store_repeats				candidate_l0_total_mean	28907	segments_per_repeat	mean_across_same_store_repeats	w6_sf10_core_typed	PASS (9,000)	PLOT_WITH_CAVEAT	FIX	cidr-experiments/data/source-cache/w6-sf10-priority-20260709-summary.md#Aggregate Matrix row=oracle column=candidate L0 mean+/-std	cidr-experiments/data/source-cache/w6-sf10-priority-20260709-summary.md#Aggregate Matrix; lsmgraph-rs/baseline/run_w6_sf100_matrix_20260613.sh: EDGE_TYPES/SAMPLES/REPEATS and sample-plan reuse	W6 variants are precomposed layouts rather than one-switch component isolation; repeats reuse one imported store and are not independent process trials. Read-byte metrics retain the reader-overread caveat.
fig2-component-ablation	w6-layout-matrix	w6_sf10_fig2	SF10:oracle:candidate_l0_total_std	SemL0	oracle	SF10	outgoing_typed_neighbor	edge_types=1,2,3,7,8,9,10,11,12; samples_per_type=1000; repeats=3; same_store_repeats				candidate_l0_total_std	0	segments_per_repeat	stddev_across_same_store_repeats	w6_sf10_core_typed	PASS (9,000)	PLOT_WITH_CAVEAT	FIX	cidr-experiments/data/source-cache/w6-sf10-priority-20260709-summary.md#Aggregate Matrix row=oracle column=candidate L0 mean+/-std	cidr-experiments/data/source-cache/w6-sf10-priority-20260709-summary.md#Aggregate Matrix; lsmgraph-rs/baseline/run_w6_sf100_matrix_20260613.sh: EDGE_TYPES/SAMPLES/REPEATS and sample-plan reuse	W6 variants are precomposed layouts rather than one-switch component isolation; repeats reuse one imported store and are not independent process trials. Read-byte metrics retain the reader-overread caveat.
fig2-component-ablation	w6-layout-matrix	w6_sf10_fig2	SF10:oracle:candidate_l0_per_op_mean	SemL0	oracle	SF10	outgoing_typed_neighbor	edge_types=1,2,3,7,8,9,10,11,12; samples_per_type=1000; repeats=3; same_store_repeats				candidate_l0_per_op_mean	3.211888888888889	segments_per_operation	derived_from_reported_means	w6_sf10_core_typed	PASS (9,000)	PLOT_WITH_CAVEAT	FIX	cidr-experiments/data/source-cache/w6-sf10-priority-20260709-summary.md#Aggregate Matrix row=oracle column=candidate L0 mean+/-std / cidr-experiments/data/source-cache/w6-sf10-priority-20260709-summary.md#Aggregate Matrix row=oracle column=ops/repeat	cidr-experiments/data/source-cache/w6-sf10-priority-20260709-summary.md#Aggregate Matrix; lsmgraph-rs/baseline/run_w6_sf100_matrix_20260613.sh: EDGE_TYPES/SAMPLES/REPEATS and sample-plan reuse	W6 variants are precomposed layouts rather than one-switch component isolation; repeats reuse one imported store and are not independent process trials. Read-byte metrics retain the reader-overread caveat.
fig2-component-ablation	w6-layout-matrix	w6_sf10_fig2	SF10:oracle:candidate_l0_per_op_std	SemL0	oracle	SF10	outgoing_typed_neighbor	edge_types=1,2,3,7,8,9,10,11,12; samples_per_type=1000; repeats=3; same_store_repeats				candidate_l0_per_op_std	0	segments_per_operation	derived_from_reported_stddev	w6_sf10_core_typed	PASS (9,000)	PLOT_WITH_CAVEAT	FIX	cidr-experiments/data/source-cache/w6-sf10-priority-20260709-summary.md#Aggregate Matrix row=oracle column=candidate L0 mean+/-std / cidr-experiments/data/source-cache/w6-sf10-priority-20260709-summary.md#Aggregate Matrix row=oracle column=ops/repeat	cidr-experiments/data/source-cache/w6-sf10-priority-20260709-summary.md#Aggregate Matrix; lsmgraph-rs/baseline/run_w6_sf100_matrix_20260613.sh: EDGE_TYPES/SAMPLES/REPEATS and sample-plan reuse	W6 variants are precomposed layouts rather than one-switch component isolation; repeats reuse one imported store and are not independent process trials. Read-byte metrics retain the reader-overread caveat.
fig2-component-ablation	w6-layout-matrix	w6_sf10_fig2	SF10:oracle:read_bytes_total_mean	SemL0	oracle	SF10	outgoing_typed_neighbor	edge_types=1,2,3,7,8,9,10,11,12; samples_per_type=1000; repeats=3; same_store_repeats				read_bytes_total_mean	129725328	bytes_per_repeat	mean_across_same_store_repeats	w6_sf10_core_typed	PASS (9,000)	SECONDARY_ONLY_READER_OVERREAD	FIX	cidr-experiments/data/source-cache/w6-sf10-priority-20260709-summary.md#Aggregate Matrix row=oracle column=read bytes mean+/-std	cidr-experiments/data/source-cache/w6-sf10-priority-20260709-summary.md#Aggregate Matrix; lsmgraph-rs/baseline/run_w6_sf100_matrix_20260613.sh: EDGE_TYPES/SAMPLES/REPEATS and sample-plan reuse	W6 variants are precomposed layouts rather than one-switch component isolation; repeats reuse one imported store and are not independent process trials. Read-byte metrics retain the reader-overread caveat.
fig2-component-ablation	w6-layout-matrix	w6_sf10_fig2	SF10:oracle:read_bytes_total_std	SemL0	oracle	SF10	outgoing_typed_neighbor	edge_types=1,2,3,7,8,9,10,11,12; samples_per_type=1000; repeats=3; same_store_repeats				read_bytes_total_std	139216903	bytes_per_repeat	stddev_across_same_store_repeats	w6_sf10_core_typed	PASS (9,000)	SECONDARY_ONLY_READER_OVERREAD	FIX	cidr-experiments/data/source-cache/w6-sf10-priority-20260709-summary.md#Aggregate Matrix row=oracle column=read bytes mean+/-std	cidr-experiments/data/source-cache/w6-sf10-priority-20260709-summary.md#Aggregate Matrix; lsmgraph-rs/baseline/run_w6_sf100_matrix_20260613.sh: EDGE_TYPES/SAMPLES/REPEATS and sample-plan reuse	W6 variants are precomposed layouts rather than one-switch component isolation; repeats reuse one imported store and are not independent process trials. Read-byte metrics retain the reader-overread caveat.
fig2-component-ablation	w6-layout-matrix	w6_sf10_fig2	SF10:oracle:read_bytes_per_op_mean	SemL0	oracle	SF10	outgoing_typed_neighbor	edge_types=1,2,3,7,8,9,10,11,12; samples_per_type=1000; repeats=3; same_store_repeats				read_bytes_per_op_mean	14413.925333333333	bytes_per_operation	derived_from_reported_means	w6_sf10_core_typed	PASS (9,000)	SECONDARY_ONLY_READER_OVERREAD	FIX	cidr-experiments/data/source-cache/w6-sf10-priority-20260709-summary.md#Aggregate Matrix row=oracle column=read bytes mean+/-std / cidr-experiments/data/source-cache/w6-sf10-priority-20260709-summary.md#Aggregate Matrix row=oracle column=ops/repeat	cidr-experiments/data/source-cache/w6-sf10-priority-20260709-summary.md#Aggregate Matrix; lsmgraph-rs/baseline/run_w6_sf100_matrix_20260613.sh: EDGE_TYPES/SAMPLES/REPEATS and sample-plan reuse	W6 variants are precomposed layouts rather than one-switch component isolation; repeats reuse one imported store and are not independent process trials. Read-byte metrics retain the reader-overread caveat.
fig2-component-ablation	w6-layout-matrix	w6_sf10_fig2	SF10:oracle:avg_latency_us_mean	SemL0	oracle	SF10	outgoing_typed_neighbor	edge_types=1,2,3,7,8,9,10,11,12; samples_per_type=1000; repeats=3; same_store_repeats				avg_latency_us_mean	659.5	us_per_operation	mean_across_same_store_repeats	w6_sf10_core_typed	PASS (9,000)	PLOT_WITH_CAVEAT	FIX	cidr-experiments/data/source-cache/w6-sf10-priority-20260709-summary.md#Aggregate Matrix row=oracle column=avg us mean+/-std	cidr-experiments/data/source-cache/w6-sf10-priority-20260709-summary.md#Aggregate Matrix; lsmgraph-rs/baseline/run_w6_sf100_matrix_20260613.sh: EDGE_TYPES/SAMPLES/REPEATS and sample-plan reuse	W6 variants are precomposed layouts rather than one-switch component isolation; repeats reuse one imported store and are not independent process trials. Read-byte metrics retain the reader-overread caveat.
fig2-component-ablation	w6-layout-matrix	w6_sf10_fig2	SF10:oracle:avg_latency_us_std	SemL0	oracle	SF10	outgoing_typed_neighbor	edge_types=1,2,3,7,8,9,10,11,12; samples_per_type=1000; repeats=3; same_store_repeats				avg_latency_us_std	12	us_per_operation	stddev_across_same_store_repeats	w6_sf10_core_typed	PASS (9,000)	PLOT_WITH_CAVEAT	FIX	cidr-experiments/data/source-cache/w6-sf10-priority-20260709-summary.md#Aggregate Matrix row=oracle column=avg us mean+/-std	cidr-experiments/data/source-cache/w6-sf10-priority-20260709-summary.md#Aggregate Matrix; lsmgraph-rs/baseline/run_w6_sf100_matrix_20260613.sh: EDGE_TYPES/SAMPLES/REPEATS and sample-plan reuse	W6 variants are precomposed layouts rather than one-switch component isolation; repeats reuse one imported store and are not independent process trials. Read-byte metrics retain the reader-overread caveat.
fig2-component-ablation	w6-layout-matrix	w6_sf10_fig2	SF10:oracle:p50_edge_mean_us	SemL0	oracle	SF10	outgoing_typed_neighbor	edge_types=1,2,3,7,8,9,10,11,12; samples_per_type=1000; repeats=3; same_store_repeats				p50_edge_mean_us	804	us	mean_of_per_edge_type_percentiles_across_repeats	w6_sf10_core_typed	PASS (9,000)	PLOT_WITH_CAVEAT	FIX	cidr-experiments/data/source-cache/w6-sf10-priority-20260709-summary.md#Aggregate Matrix row=oracle column=p50/p90/p99 edge-mean us	cidr-experiments/data/source-cache/w6-sf10-priority-20260709-summary.md#Aggregate Matrix; lsmgraph-rs/baseline/run_w6_sf100_matrix_20260613.sh: EDGE_TYPES/SAMPLES/REPEATS and sample-plan reuse	W6 variants are precomposed layouts rather than one-switch component isolation; repeats reuse one imported store and are not independent process trials. Read-byte metrics retain the reader-overread caveat.
fig2-component-ablation	w6-layout-matrix	w6_sf10_fig2	SF10:oracle:p50_edge_mean_std_us	SemL0	oracle	SF10	outgoing_typed_neighbor	edge_types=1,2,3,7,8,9,10,11,12; samples_per_type=1000; repeats=3; same_store_repeats				p50_edge_mean_std_us	3	us	stddev_of_per_edge_type_percentiles_across_repeats	w6_sf10_core_typed	PASS (9,000)	PLOT_WITH_CAVEAT	FIX	cidr-experiments/data/source-cache/w6-sf10-priority-20260709-summary.md#Aggregate Matrix row=oracle column=p50/p90/p99 edge-mean us	cidr-experiments/data/source-cache/w6-sf10-priority-20260709-summary.md#Aggregate Matrix; lsmgraph-rs/baseline/run_w6_sf100_matrix_20260613.sh: EDGE_TYPES/SAMPLES/REPEATS and sample-plan reuse	W6 variants are precomposed layouts rather than one-switch component isolation; repeats reuse one imported store and are not independent process trials. Read-byte metrics retain the reader-overread caveat.
fig2-component-ablation	w6-layout-matrix	w6_sf10_fig2	SF10:oracle:p90_edge_mean_us	SemL0	oracle	SF10	outgoing_typed_neighbor	edge_types=1,2,3,7,8,9,10,11,12; samples_per_type=1000; repeats=3; same_store_repeats				p90_edge_mean_us	1054	us	mean_of_per_edge_type_percentiles_across_repeats	w6_sf10_core_typed	PASS (9,000)	PLOT_WITH_CAVEAT	FIX	cidr-experiments/data/source-cache/w6-sf10-priority-20260709-summary.md#Aggregate Matrix row=oracle column=p50/p90/p99 edge-mean us	cidr-experiments/data/source-cache/w6-sf10-priority-20260709-summary.md#Aggregate Matrix; lsmgraph-rs/baseline/run_w6_sf100_matrix_20260613.sh: EDGE_TYPES/SAMPLES/REPEATS and sample-plan reuse	W6 variants are precomposed layouts rather than one-switch component isolation; repeats reuse one imported store and are not independent process trials. Read-byte metrics retain the reader-overread caveat.
fig2-component-ablation	w6-layout-matrix	w6_sf10_fig2	SF10:oracle:p90_edge_mean_std_us	SemL0	oracle	SF10	outgoing_typed_neighbor	edge_types=1,2,3,7,8,9,10,11,12; samples_per_type=1000; repeats=3; same_store_repeats				p90_edge_mean_std_us	14	us	stddev_of_per_edge_type_percentiles_across_repeats	w6_sf10_core_typed	PASS (9,000)	PLOT_WITH_CAVEAT	FIX	cidr-experiments/data/source-cache/w6-sf10-priority-20260709-summary.md#Aggregate Matrix row=oracle column=p50/p90/p99 edge-mean us	cidr-experiments/data/source-cache/w6-sf10-priority-20260709-summary.md#Aggregate Matrix; lsmgraph-rs/baseline/run_w6_sf100_matrix_20260613.sh: EDGE_TYPES/SAMPLES/REPEATS and sample-plan reuse	W6 variants are precomposed layouts rather than one-switch component isolation; repeats reuse one imported store and are not independent process trials. Read-byte metrics retain the reader-overread caveat.
fig2-component-ablation	w6-layout-matrix	w6_sf10_fig2	SF10:oracle:p99_edge_mean_us	SemL0	oracle	SF10	outgoing_typed_neighbor	edge_types=1,2,3,7,8,9,10,11,12; samples_per_type=1000; repeats=3; same_store_repeats				p99_edge_mean_us	1443	us	mean_of_per_edge_type_percentiles_across_repeats	w6_sf10_core_typed	PASS (9,000)	PLOT_WITH_CAVEAT	FIX	cidr-experiments/data/source-cache/w6-sf10-priority-20260709-summary.md#Aggregate Matrix row=oracle column=p50/p90/p99 edge-mean us	cidr-experiments/data/source-cache/w6-sf10-priority-20260709-summary.md#Aggregate Matrix; lsmgraph-rs/baseline/run_w6_sf100_matrix_20260613.sh: EDGE_TYPES/SAMPLES/REPEATS and sample-plan reuse	W6 variants are precomposed layouts rather than one-switch component isolation; repeats reuse one imported store and are not independent process trials. Read-byte metrics retain the reader-overread caveat.
fig2-component-ablation	w6-layout-matrix	w6_sf10_fig2	SF10:oracle:p99_edge_mean_std_us	SemL0	oracle	SF10	outgoing_typed_neighbor	edge_types=1,2,3,7,8,9,10,11,12; samples_per_type=1000; repeats=3; same_store_repeats				p99_edge_mean_std_us	335	us	stddev_of_per_edge_type_percentiles_across_repeats	w6_sf10_core_typed	PASS (9,000)	PLOT_WITH_CAVEAT	FIX	cidr-experiments/data/source-cache/w6-sf10-priority-20260709-summary.md#Aggregate Matrix row=oracle column=p50/p90/p99 edge-mean us	cidr-experiments/data/source-cache/w6-sf10-priority-20260709-summary.md#Aggregate Matrix; lsmgraph-rs/baseline/run_w6_sf100_matrix_20260613.sh: EDGE_TYPES/SAMPLES/REPEATS and sample-plan reuse	W6 variants are precomposed layouts rather than one-switch component isolation; repeats reuse one imported store and are not independent process trials. Read-byte metrics retain the reader-overread caveat.
fig2-component-ablation	w6-layout-matrix	w6_sf10_fig2	SF10:oracle:correctness_checked	SemL0	oracle	SF10	outgoing_typed_neighbor	edge_types=1,2,3,7,8,9,10,11,12; samples_per_type=1000; repeats=3; same_store_repeats				correctness_checked	9000	queries	naive_anchor_compare	w6_sf10_core_typed	PASS (9,000)	PLOT_WITH_CAVEAT	FIX	cidr-experiments/data/source-cache/w6-sf10-priority-20260709-summary.md#Correctness Compares row=oracle column=checked	cidr-experiments/data/source-cache/w6-sf10-priority-20260709-summary.md#Aggregate Matrix; lsmgraph-rs/baseline/run_w6_sf100_matrix_20260613.sh: EDGE_TYPES/SAMPLES/REPEATS and sample-plan reuse	W6 variants are precomposed layouts rather than one-switch component isolation; repeats reuse one imported store and are not independent process trials. Read-byte metrics retain the reader-overread caveat.
fig2-component-ablation	w6-layout-matrix	w6_sf10_fig2	SF10:oracle:correctness_mismatches	SemL0	oracle	SF10	outgoing_typed_neighbor	edge_types=1,2,3,7,8,9,10,11,12; samples_per_type=1000; repeats=3; same_store_repeats				correctness_mismatches	0	queries	naive_anchor_compare	w6_sf10_core_typed	PASS (9,000)	PLOT_WITH_CAVEAT	FIX	cidr-experiments/data/source-cache/w6-sf10-priority-20260709-summary.md#Correctness Compares row=oracle column=mismatches	cidr-experiments/data/source-cache/w6-sf10-priority-20260709-summary.md#Aggregate Matrix; lsmgraph-rs/baseline/run_w6_sf100_matrix_20260613.sh: EDGE_TYPES/SAMPLES/REPEATS and sample-plan reuse	W6 variants are precomposed layouts rather than one-switch component isolation; repeats reuse one imported store and are not independent process trials. Read-byte metrics retain the reader-overread caveat.
fig2-component-ablation	w6-layout-matrix	w6_sf10_fig2	SF10:oracle:import_max_rss_gib_reported	SemL0	oracle	SF10	outgoing_typed_neighbor	edge_types=1,2,3,7,8,9,10,11,12; samples_per_type=1000; repeats=3; same_store_repeats				import_max_rss_gib_reported	2.27	GiB_reported	single_import_time_v	w6_sf10_core_typed	PASS (9,000)	PLOT_WITH_CAVEAT	FIX	cidr-experiments/data/source-cache/w6-sf10-priority-20260709-summary.md#Import RSS row=oracle column=max RSS GiB	cidr-experiments/data/source-cache/w6-sf10-priority-20260709-summary.md#Aggregate Matrix; lsmgraph-rs/baseline/run_w6_sf100_matrix_20260613.sh: EDGE_TYPES/SAMPLES/REPEATS and sample-plan reuse	W6 variants are precomposed layouts rather than one-switch component isolation; repeats reuse one imported store and are not independent process trials. Read-byte metrics retain the reader-overread caveat.
fig2-component-ablation	w6-layout-matrix	w6_sf100_fig2	SF100:schema:ops_per_repeat	SemL0	schema	SF100	outgoing_typed_neighbor	edge_types=1,2,3,7,8,9,10,11,12; samples_per_type=5000; repeats=3; same_store_repeats				ops_per_repeat	45000	operations	protocol_count	w6_sf100_core_typed	PASS (45,000)	PLOT_WITH_CAVEAT	REUSE	cidr-experiments/data/source-cache/sf100-matrix-20260613-cn.md#Aggregate Matrix row=schema column=ops/repeat	cidr-experiments/data/source-cache/sf100-matrix-20260613-cn.md#Aggregate Matrix; lsmgraph-rs/baseline/run_w6_sf100_matrix_20260613.sh: EDGE_TYPES/SAMPLES/REPEATS and sample-plan reuse	W6 variants are precomposed layouts rather than one-switch component isolation; repeats reuse one imported store and are not independent process trials. Read-byte metrics retain the reader-overread caveat.
fig2-component-ablation	w6-layout-matrix	w6_sf100_fig2	SF100:schema:store_size_gib_reported	SemL0	schema	SF100	outgoing_typed_neighbor	edge_types=1,2,3,7,8,9,10,11,12; samples_per_type=5000; repeats=3; same_store_repeats				store_size_gib_reported	133.9	GiB_reported	single_import	w6_sf100_core_typed	PASS (45,000)	PLOT_WITH_CAVEAT	REUSE	cidr-experiments/data/source-cache/sf100-matrix-20260613-cn.md#Aggregate Matrix row=schema column=store GiB	cidr-experiments/data/source-cache/sf100-matrix-20260613-cn.md#Aggregate Matrix; lsmgraph-rs/baseline/run_w6_sf100_matrix_20260613.sh: EDGE_TYPES/SAMPLES/REPEATS and sample-plan reuse	W6 variants are precomposed layouts rather than one-switch component isolation; repeats reuse one imported store and are not independent process trials. Read-byte metrics retain the reader-overread caveat.
fig2-component-ablation	w6-layout-matrix	w6_sf100_fig2	SF100:schema:l0_files	SemL0	schema	SF100	outgoing_typed_neighbor	edge_types=1,2,3,7,8,9,10,11,12; samples_per_type=5000; repeats=3; same_store_repeats				l0_files	3444	files	single_import	w6_sf100_core_typed	PASS (45,000)	PLOT_WITH_CAVEAT	REUSE	cidr-experiments/data/source-cache/sf100-matrix-20260613-cn.md#Aggregate Matrix row=schema column=L0 files	cidr-experiments/data/source-cache/sf100-matrix-20260613-cn.md#Aggregate Matrix; lsmgraph-rs/baseline/run_w6_sf100_matrix_20260613.sh: EDGE_TYPES/SAMPLES/REPEATS and sample-plan reuse	W6 variants are precomposed layouts rather than one-switch component isolation; repeats reuse one imported store and are not independent process trials. Read-byte metrics retain the reader-overread caveat.
fig2-component-ablation	w6-layout-matrix	w6_sf100_fig2	SF100:schema:candidate_l0_total_mean	SemL0	schema	SF100	outgoing_typed_neighbor	edge_types=1,2,3,7,8,9,10,11,12; samples_per_type=5000; repeats=3; same_store_repeats				candidate_l0_total_mean	5929197	segments_per_repeat	mean_across_same_store_repeats	w6_sf100_core_typed	PASS (45,000)	PLOT_WITH_CAVEAT	REUSE	cidr-experiments/data/source-cache/sf100-matrix-20260613-cn.md#Aggregate Matrix row=schema column=candidate L0 mean+/-std	cidr-experiments/data/source-cache/sf100-matrix-20260613-cn.md#Aggregate Matrix; lsmgraph-rs/baseline/run_w6_sf100_matrix_20260613.sh: EDGE_TYPES/SAMPLES/REPEATS and sample-plan reuse	W6 variants are precomposed layouts rather than one-switch component isolation; repeats reuse one imported store and are not independent process trials. Read-byte metrics retain the reader-overread caveat.
fig2-component-ablation	w6-layout-matrix	w6_sf100_fig2	SF100:schema:candidate_l0_total_std	SemL0	schema	SF100	outgoing_typed_neighbor	edge_types=1,2,3,7,8,9,10,11,12; samples_per_type=5000; repeats=3; same_store_repeats				candidate_l0_total_std	0	segments_per_repeat	stddev_across_same_store_repeats	w6_sf100_core_typed	PASS (45,000)	PLOT_WITH_CAVEAT	REUSE	cidr-experiments/data/source-cache/sf100-matrix-20260613-cn.md#Aggregate Matrix row=schema column=candidate L0 mean+/-std	cidr-experiments/data/source-cache/sf100-matrix-20260613-cn.md#Aggregate Matrix; lsmgraph-rs/baseline/run_w6_sf100_matrix_20260613.sh: EDGE_TYPES/SAMPLES/REPEATS and sample-plan reuse	W6 variants are precomposed layouts rather than one-switch component isolation; repeats reuse one imported store and are not independent process trials. Read-byte metrics retain the reader-overread caveat.
fig2-component-ablation	w6-layout-matrix	w6_sf100_fig2	SF100:schema:candidate_l0_per_op_mean	SemL0	schema	SF100	outgoing_typed_neighbor	edge_types=1,2,3,7,8,9,10,11,12; samples_per_type=5000; repeats=3; same_store_repeats				candidate_l0_per_op_mean	131.75993333333332	segments_per_operation	derived_from_reported_means	w6_sf100_core_typed	PASS (45,000)	PLOT_WITH_CAVEAT	REUSE	cidr-experiments/data/source-cache/sf100-matrix-20260613-cn.md#Aggregate Matrix row=schema column=candidate L0 mean+/-std / cidr-experiments/data/source-cache/sf100-matrix-20260613-cn.md#Aggregate Matrix row=schema column=ops/repeat	cidr-experiments/data/source-cache/sf100-matrix-20260613-cn.md#Aggregate Matrix; lsmgraph-rs/baseline/run_w6_sf100_matrix_20260613.sh: EDGE_TYPES/SAMPLES/REPEATS and sample-plan reuse	W6 variants are precomposed layouts rather than one-switch component isolation; repeats reuse one imported store and are not independent process trials. Read-byte metrics retain the reader-overread caveat.
fig2-component-ablation	w6-layout-matrix	w6_sf100_fig2	SF100:schema:candidate_l0_per_op_std	SemL0	schema	SF100	outgoing_typed_neighbor	edge_types=1,2,3,7,8,9,10,11,12; samples_per_type=5000; repeats=3; same_store_repeats				candidate_l0_per_op_std	0	segments_per_operation	derived_from_reported_stddev	w6_sf100_core_typed	PASS (45,000)	PLOT_WITH_CAVEAT	REUSE	cidr-experiments/data/source-cache/sf100-matrix-20260613-cn.md#Aggregate Matrix row=schema column=candidate L0 mean+/-std / cidr-experiments/data/source-cache/sf100-matrix-20260613-cn.md#Aggregate Matrix row=schema column=ops/repeat	cidr-experiments/data/source-cache/sf100-matrix-20260613-cn.md#Aggregate Matrix; lsmgraph-rs/baseline/run_w6_sf100_matrix_20260613.sh: EDGE_TYPES/SAMPLES/REPEATS and sample-plan reuse	W6 variants are precomposed layouts rather than one-switch component isolation; repeats reuse one imported store and are not independent process trials. Read-byte metrics retain the reader-overread caveat.
fig2-component-ablation	w6-layout-matrix	w6_sf100_fig2	SF100:schema:read_bytes_total_mean	SemL0	schema	SF100	outgoing_typed_neighbor	edge_types=1,2,3,7,8,9,10,11,12; samples_per_type=5000; repeats=3; same_store_repeats				read_bytes_total_mean	859764709	bytes_per_repeat	mean_across_same_store_repeats	w6_sf100_core_typed	PASS (45,000)	SECONDARY_ONLY_READER_OVERREAD	REUSE	cidr-experiments/data/source-cache/sf100-matrix-20260613-cn.md#Aggregate Matrix row=schema column=read bytes mean+/-std	cidr-experiments/data/source-cache/sf100-matrix-20260613-cn.md#Aggregate Matrix; lsmgraph-rs/baseline/run_w6_sf100_matrix_20260613.sh: EDGE_TYPES/SAMPLES/REPEATS and sample-plan reuse	W6 variants are precomposed layouts rather than one-switch component isolation; repeats reuse one imported store and are not independent process trials. Read-byte metrics retain the reader-overread caveat.
fig2-component-ablation	w6-layout-matrix	w6_sf100_fig2	SF100:schema:read_bytes_total_std	SemL0	schema	SF100	outgoing_typed_neighbor	edge_types=1,2,3,7,8,9,10,11,12; samples_per_type=5000; repeats=3; same_store_repeats				read_bytes_total_std	697015798	bytes_per_repeat	stddev_across_same_store_repeats	w6_sf100_core_typed	PASS (45,000)	SECONDARY_ONLY_READER_OVERREAD	REUSE	cidr-experiments/data/source-cache/sf100-matrix-20260613-cn.md#Aggregate Matrix row=schema column=read bytes mean+/-std	cidr-experiments/data/source-cache/sf100-matrix-20260613-cn.md#Aggregate Matrix; lsmgraph-rs/baseline/run_w6_sf100_matrix_20260613.sh: EDGE_TYPES/SAMPLES/REPEATS and sample-plan reuse	W6 variants are precomposed layouts rather than one-switch component isolation; repeats reuse one imported store and are not independent process trials. Read-byte metrics retain the reader-overread caveat.
fig2-component-ablation	w6-layout-matrix	w6_sf100_fig2	SF100:schema:read_bytes_per_op_mean	SemL0	schema	SF100	outgoing_typed_neighbor	edge_types=1,2,3,7,8,9,10,11,12; samples_per_type=5000; repeats=3; same_store_repeats				read_bytes_per_op_mean	19105.88242222222	bytes_per_operation	derived_from_reported_means	w6_sf100_core_typed	PASS (45,000)	SECONDARY_ONLY_READER_OVERREAD	REUSE	cidr-experiments/data/source-cache/sf100-matrix-20260613-cn.md#Aggregate Matrix row=schema column=read bytes mean+/-std / cidr-experiments/data/source-cache/sf100-matrix-20260613-cn.md#Aggregate Matrix row=schema column=ops/repeat	cidr-experiments/data/source-cache/sf100-matrix-20260613-cn.md#Aggregate Matrix; lsmgraph-rs/baseline/run_w6_sf100_matrix_20260613.sh: EDGE_TYPES/SAMPLES/REPEATS and sample-plan reuse	W6 variants are precomposed layouts rather than one-switch component isolation; repeats reuse one imported store and are not independent process trials. Read-byte metrics retain the reader-overread caveat.
fig2-component-ablation	w6-layout-matrix	w6_sf100_fig2	SF100:schema:avg_latency_us_mean	SemL0	schema	SF100	outgoing_typed_neighbor	edge_types=1,2,3,7,8,9,10,11,12; samples_per_type=5000; repeats=3; same_store_repeats				avg_latency_us_mean	9816.8	us_per_operation	mean_across_same_store_repeats	w6_sf100_core_typed	PASS (45,000)	PLOT_WITH_CAVEAT	REUSE	cidr-experiments/data/source-cache/sf100-matrix-20260613-cn.md#Aggregate Matrix row=schema column=avg us mean+/-std	cidr-experiments/data/source-cache/sf100-matrix-20260613-cn.md#Aggregate Matrix; lsmgraph-rs/baseline/run_w6_sf100_matrix_20260613.sh: EDGE_TYPES/SAMPLES/REPEATS and sample-plan reuse	W6 variants are precomposed layouts rather than one-switch component isolation; repeats reuse one imported store and are not independent process trials. Read-byte metrics retain the reader-overread caveat.
fig2-component-ablation	w6-layout-matrix	w6_sf100_fig2	SF100:schema:avg_latency_us_std	SemL0	schema	SF100	outgoing_typed_neighbor	edge_types=1,2,3,7,8,9,10,11,12; samples_per_type=5000; repeats=3; same_store_repeats				avg_latency_us_std	1585.5	us_per_operation	stddev_across_same_store_repeats	w6_sf100_core_typed	PASS (45,000)	PLOT_WITH_CAVEAT	REUSE	cidr-experiments/data/source-cache/sf100-matrix-20260613-cn.md#Aggregate Matrix row=schema column=avg us mean+/-std	cidr-experiments/data/source-cache/sf100-matrix-20260613-cn.md#Aggregate Matrix; lsmgraph-rs/baseline/run_w6_sf100_matrix_20260613.sh: EDGE_TYPES/SAMPLES/REPEATS and sample-plan reuse	W6 variants are precomposed layouts rather than one-switch component isolation; repeats reuse one imported store and are not independent process trials. Read-byte metrics retain the reader-overread caveat.
fig2-component-ablation	w6-layout-matrix	w6_sf100_fig2	SF100:schema:p50_edge_mean_us	SemL0	schema	SF100	outgoing_typed_neighbor	edge_types=1,2,3,7,8,9,10,11,12; samples_per_type=5000; repeats=3; same_store_repeats				p50_edge_mean_us	10259	us	mean_of_per_edge_type_percentiles_across_repeats	w6_sf100_core_typed	PASS (45,000)	PLOT_WITH_CAVEAT	REUSE	cidr-experiments/data/source-cache/sf100-matrix-20260613-cn.md#Aggregate Matrix row=schema column=p50/p90/p99 edge-mean us	cidr-experiments/data/source-cache/sf100-matrix-20260613-cn.md#Aggregate Matrix; lsmgraph-rs/baseline/run_w6_sf100_matrix_20260613.sh: EDGE_TYPES/SAMPLES/REPEATS and sample-plan reuse	W6 variants are precomposed layouts rather than one-switch component isolation; repeats reuse one imported store and are not independent process trials. Read-byte metrics retain the reader-overread caveat.
fig2-component-ablation	w6-layout-matrix	w6_sf100_fig2	SF100:schema:p50_edge_mean_std_us	SemL0	schema	SF100	outgoing_typed_neighbor	edge_types=1,2,3,7,8,9,10,11,12; samples_per_type=5000; repeats=3; same_store_repeats				p50_edge_mean_std_us	1663	us	stddev_of_per_edge_type_percentiles_across_repeats	w6_sf100_core_typed	PASS (45,000)	PLOT_WITH_CAVEAT	REUSE	cidr-experiments/data/source-cache/sf100-matrix-20260613-cn.md#Aggregate Matrix row=schema column=p50/p90/p99 edge-mean us	cidr-experiments/data/source-cache/sf100-matrix-20260613-cn.md#Aggregate Matrix; lsmgraph-rs/baseline/run_w6_sf100_matrix_20260613.sh: EDGE_TYPES/SAMPLES/REPEATS and sample-plan reuse	W6 variants are precomposed layouts rather than one-switch component isolation; repeats reuse one imported store and are not independent process trials. Read-byte metrics retain the reader-overread caveat.
fig2-component-ablation	w6-layout-matrix	w6_sf100_fig2	SF100:schema:p90_edge_mean_us	SemL0	schema	SF100	outgoing_typed_neighbor	edge_types=1,2,3,7,8,9,10,11,12; samples_per_type=5000; repeats=3; same_store_repeats				p90_edge_mean_us	26481	us	mean_of_per_edge_type_percentiles_across_repeats	w6_sf100_core_typed	PASS (45,000)	PLOT_WITH_CAVEAT	REUSE	cidr-experiments/data/source-cache/sf100-matrix-20260613-cn.md#Aggregate Matrix row=schema column=p50/p90/p99 edge-mean us	cidr-experiments/data/source-cache/sf100-matrix-20260613-cn.md#Aggregate Matrix; lsmgraph-rs/baseline/run_w6_sf100_matrix_20260613.sh: EDGE_TYPES/SAMPLES/REPEATS and sample-plan reuse	W6 variants are precomposed layouts rather than one-switch component isolation; repeats reuse one imported store and are not independent process trials. Read-byte metrics retain the reader-overread caveat.
fig2-component-ablation	w6-layout-matrix	w6_sf100_fig2	SF100:schema:p90_edge_mean_std_us	SemL0	schema	SF100	outgoing_typed_neighbor	edge_types=1,2,3,7,8,9,10,11,12; samples_per_type=5000; repeats=3; same_store_repeats				p90_edge_mean_std_us	3274	us	stddev_of_per_edge_type_percentiles_across_repeats	w6_sf100_core_typed	PASS (45,000)	PLOT_WITH_CAVEAT	REUSE	cidr-experiments/data/source-cache/sf100-matrix-20260613-cn.md#Aggregate Matrix row=schema column=p50/p90/p99 edge-mean us	cidr-experiments/data/source-cache/sf100-matrix-20260613-cn.md#Aggregate Matrix; lsmgraph-rs/baseline/run_w6_sf100_matrix_20260613.sh: EDGE_TYPES/SAMPLES/REPEATS and sample-plan reuse	W6 variants are precomposed layouts rather than one-switch component isolation; repeats reuse one imported store and are not independent process trials. Read-byte metrics retain the reader-overread caveat.
fig2-component-ablation	w6-layout-matrix	w6_sf100_fig2	SF100:schema:p99_edge_mean_us	SemL0	schema	SF100	outgoing_typed_neighbor	edge_types=1,2,3,7,8,9,10,11,12; samples_per_type=5000; repeats=3; same_store_repeats				p99_edge_mean_us	37333	us	mean_of_per_edge_type_percentiles_across_repeats	w6_sf100_core_typed	PASS (45,000)	PLOT_WITH_CAVEAT	REUSE	cidr-experiments/data/source-cache/sf100-matrix-20260613-cn.md#Aggregate Matrix row=schema column=p50/p90/p99 edge-mean us	cidr-experiments/data/source-cache/sf100-matrix-20260613-cn.md#Aggregate Matrix; lsmgraph-rs/baseline/run_w6_sf100_matrix_20260613.sh: EDGE_TYPES/SAMPLES/REPEATS and sample-plan reuse	W6 variants are precomposed layouts rather than one-switch component isolation; repeats reuse one imported store and are not independent process trials. Read-byte metrics retain the reader-overread caveat.
fig2-component-ablation	w6-layout-matrix	w6_sf100_fig2	SF100:schema:p99_edge_mean_std_us	SemL0	schema	SF100	outgoing_typed_neighbor	edge_types=1,2,3,7,8,9,10,11,12; samples_per_type=5000; repeats=3; same_store_repeats				p99_edge_mean_std_us	8957	us	stddev_of_per_edge_type_percentiles_across_repeats	w6_sf100_core_typed	PASS (45,000)	PLOT_WITH_CAVEAT	REUSE	cidr-experiments/data/source-cache/sf100-matrix-20260613-cn.md#Aggregate Matrix row=schema column=p50/p90/p99 edge-mean us	cidr-experiments/data/source-cache/sf100-matrix-20260613-cn.md#Aggregate Matrix; lsmgraph-rs/baseline/run_w6_sf100_matrix_20260613.sh: EDGE_TYPES/SAMPLES/REPEATS and sample-plan reuse	W6 variants are precomposed layouts rather than one-switch component isolation; repeats reuse one imported store and are not independent process trials. Read-byte metrics retain the reader-overread caveat.
fig2-component-ablation	w6-layout-matrix	w6_sf100_fig2	SF100:schema:correctness_checked	SemL0	schema	SF100	outgoing_typed_neighbor	edge_types=1,2,3,7,8,9,10,11,12; samples_per_type=5000; repeats=3; same_store_repeats				correctness_checked	45000	queries	naive_anchor_compare	w6_sf100_core_typed	PASS (45,000)	PLOT_WITH_CAVEAT	REUSE	cidr-experiments/data/source-cache/sf100-matrix-20260613-cn.md#Correctness Compares row=schema column=checked	cidr-experiments/data/source-cache/sf100-matrix-20260613-cn.md#Aggregate Matrix; lsmgraph-rs/baseline/run_w6_sf100_matrix_20260613.sh: EDGE_TYPES/SAMPLES/REPEATS and sample-plan reuse	W6 variants are precomposed layouts rather than one-switch component isolation; repeats reuse one imported store and are not independent process trials. Read-byte metrics retain the reader-overread caveat.
fig2-component-ablation	w6-layout-matrix	w6_sf100_fig2	SF100:schema:correctness_mismatches	SemL0	schema	SF100	outgoing_typed_neighbor	edge_types=1,2,3,7,8,9,10,11,12; samples_per_type=5000; repeats=3; same_store_repeats				correctness_mismatches	0	queries	naive_anchor_compare	w6_sf100_core_typed	PASS (45,000)	PLOT_WITH_CAVEAT	REUSE	cidr-experiments/data/source-cache/sf100-matrix-20260613-cn.md#Correctness Compares row=schema column=mismatches	cidr-experiments/data/source-cache/sf100-matrix-20260613-cn.md#Aggregate Matrix; lsmgraph-rs/baseline/run_w6_sf100_matrix_20260613.sh: EDGE_TYPES/SAMPLES/REPEATS and sample-plan reuse	W6 variants are precomposed layouts rather than one-switch component isolation; repeats reuse one imported store and are not independent process trials. Read-byte metrics retain the reader-overread caveat.
fig2-component-ablation	w6-layout-matrix	w6_sf100_fig2	SF100:schema:import_max_rss_gib_reported	SemL0	schema	SF100	outgoing_typed_neighbor	edge_types=1,2,3,7,8,9,10,11,12; samples_per_type=5000; repeats=3; same_store_repeats				import_max_rss_gib_reported	2.42	GiB_reported	single_import_time_v	w6_sf100_core_typed	PASS (45,000)	PLOT_WITH_CAVEAT	REUSE	cidr-experiments/data/source-cache/sf100-matrix-20260613-cn.md#Import RSS row=schema column=max RSS GiB	cidr-experiments/data/source-cache/sf100-matrix-20260613-cn.md#Aggregate Matrix; lsmgraph-rs/baseline/run_w6_sf100_matrix_20260613.sh: EDGE_TYPES/SAMPLES/REPEATS and sample-plan reuse	W6 variants are precomposed layouts rather than one-switch component isolation; repeats reuse one imported store and are not independent process trials. Read-byte metrics retain the reader-overread caveat.
fig2-component-ablation	w6-layout-matrix	w6_sf100_fig2	SF100:naive:ops_per_repeat	SemL0	naive	SF100	outgoing_typed_neighbor	edge_types=1,2,3,7,8,9,10,11,12; samples_per_type=5000; repeats=3; same_store_repeats				ops_per_repeat	45000	operations	protocol_count	w6_sf100_core_typed	ANCHOR	PLOT_WITH_CAVEAT	REUSE	cidr-experiments/data/source-cache/sf100-matrix-20260613-cn.md#Aggregate Matrix row=naive column=ops/repeat	cidr-experiments/data/source-cache/sf100-matrix-20260613-cn.md#Aggregate Matrix; lsmgraph-rs/baseline/run_w6_sf100_matrix_20260613.sh: EDGE_TYPES/SAMPLES/REPEATS and sample-plan reuse	W6 variants are precomposed layouts rather than one-switch component isolation; repeats reuse one imported store and are not independent process trials. Read-byte metrics retain the reader-overread caveat.
fig2-component-ablation	w6-layout-matrix	w6_sf100_fig2	SF100:naive:store_size_gib_reported	SemL0	naive	SF100	outgoing_typed_neighbor	edge_types=1,2,3,7,8,9,10,11,12; samples_per_type=5000; repeats=3; same_store_repeats				store_size_gib_reported	134.6	GiB_reported	single_import	w6_sf100_core_typed	ANCHOR	PLOT_WITH_CAVEAT	REUSE	cidr-experiments/data/source-cache/sf100-matrix-20260613-cn.md#Aggregate Matrix row=naive column=store GiB	cidr-experiments/data/source-cache/sf100-matrix-20260613-cn.md#Aggregate Matrix; lsmgraph-rs/baseline/run_w6_sf100_matrix_20260613.sh: EDGE_TYPES/SAMPLES/REPEATS and sample-plan reuse	W6 variants are precomposed layouts rather than one-switch component isolation; repeats reuse one imported store and are not independent process trials. Read-byte metrics retain the reader-overread caveat.
fig2-component-ablation	w6-layout-matrix	w6_sf100_fig2	SF100:naive:l0_files	SemL0	naive	SF100	outgoing_typed_neighbor	edge_types=1,2,3,7,8,9,10,11,12; samples_per_type=5000; repeats=3; same_store_repeats				l0_files	1703	files	single_import	w6_sf100_core_typed	ANCHOR	PLOT_WITH_CAVEAT	REUSE	cidr-experiments/data/source-cache/sf100-matrix-20260613-cn.md#Aggregate Matrix row=naive column=L0 files	cidr-experiments/data/source-cache/sf100-matrix-20260613-cn.md#Aggregate Matrix; lsmgraph-rs/baseline/run_w6_sf100_matrix_20260613.sh: EDGE_TYPES/SAMPLES/REPEATS and sample-plan reuse	W6 variants are precomposed layouts rather than one-switch component isolation; repeats reuse one imported store and are not independent process trials. Read-byte metrics retain the reader-overread caveat.
fig2-component-ablation	w6-layout-matrix	w6_sf100_fig2	SF100:naive:candidate_l0_total_mean	SemL0	naive	SF100	outgoing_typed_neighbor	edge_types=1,2,3,7,8,9,10,11,12; samples_per_type=5000; repeats=3; same_store_repeats				candidate_l0_total_mean	49257601	segments_per_repeat	mean_across_same_store_repeats	w6_sf100_core_typed	ANCHOR	PLOT_WITH_CAVEAT	REUSE	cidr-experiments/data/source-cache/sf100-matrix-20260613-cn.md#Aggregate Matrix row=naive column=candidate L0 mean+/-std	cidr-experiments/data/source-cache/sf100-matrix-20260613-cn.md#Aggregate Matrix; lsmgraph-rs/baseline/run_w6_sf100_matrix_20260613.sh: EDGE_TYPES/SAMPLES/REPEATS and sample-plan reuse	W6 variants are precomposed layouts rather than one-switch component isolation; repeats reuse one imported store and are not independent process trials. Read-byte metrics retain the reader-overread caveat.
fig2-component-ablation	w6-layout-matrix	w6_sf100_fig2	SF100:naive:candidate_l0_total_std	SemL0	naive	SF100	outgoing_typed_neighbor	edge_types=1,2,3,7,8,9,10,11,12; samples_per_type=5000; repeats=3; same_store_repeats				candidate_l0_total_std	0	segments_per_repeat	stddev_across_same_store_repeats	w6_sf100_core_typed	ANCHOR	PLOT_WITH_CAVEAT	REUSE	cidr-experiments/data/source-cache/sf100-matrix-20260613-cn.md#Aggregate Matrix row=naive column=candidate L0 mean+/-std	cidr-experiments/data/source-cache/sf100-matrix-20260613-cn.md#Aggregate Matrix; lsmgraph-rs/baseline/run_w6_sf100_matrix_20260613.sh: EDGE_TYPES/SAMPLES/REPEATS and sample-plan reuse	W6 variants are precomposed layouts rather than one-switch component isolation; repeats reuse one imported store and are not independent process trials. Read-byte metrics retain the reader-overread caveat.
fig2-component-ablation	w6-layout-matrix	w6_sf100_fig2	SF100:naive:candidate_l0_per_op_mean	SemL0	naive	SF100	outgoing_typed_neighbor	edge_types=1,2,3,7,8,9,10,11,12; samples_per_type=5000; repeats=3; same_store_repeats				candidate_l0_per_op_mean	1094.6133555555555	segments_per_operation	derived_from_reported_means	w6_sf100_core_typed	ANCHOR	PLOT_WITH_CAVEAT	REUSE	cidr-experiments/data/source-cache/sf100-matrix-20260613-cn.md#Aggregate Matrix row=naive column=candidate L0 mean+/-std / cidr-experiments/data/source-cache/sf100-matrix-20260613-cn.md#Aggregate Matrix row=naive column=ops/repeat	cidr-experiments/data/source-cache/sf100-matrix-20260613-cn.md#Aggregate Matrix; lsmgraph-rs/baseline/run_w6_sf100_matrix_20260613.sh: EDGE_TYPES/SAMPLES/REPEATS and sample-plan reuse	W6 variants are precomposed layouts rather than one-switch component isolation; repeats reuse one imported store and are not independent process trials. Read-byte metrics retain the reader-overread caveat.
fig2-component-ablation	w6-layout-matrix	w6_sf100_fig2	SF100:naive:candidate_l0_per_op_std	SemL0	naive	SF100	outgoing_typed_neighbor	edge_types=1,2,3,7,8,9,10,11,12; samples_per_type=5000; repeats=3; same_store_repeats				candidate_l0_per_op_std	0	segments_per_operation	derived_from_reported_stddev	w6_sf100_core_typed	ANCHOR	PLOT_WITH_CAVEAT	REUSE	cidr-experiments/data/source-cache/sf100-matrix-20260613-cn.md#Aggregate Matrix row=naive column=candidate L0 mean+/-std / cidr-experiments/data/source-cache/sf100-matrix-20260613-cn.md#Aggregate Matrix row=naive column=ops/repeat	cidr-experiments/data/source-cache/sf100-matrix-20260613-cn.md#Aggregate Matrix; lsmgraph-rs/baseline/run_w6_sf100_matrix_20260613.sh: EDGE_TYPES/SAMPLES/REPEATS and sample-plan reuse	W6 variants are precomposed layouts rather than one-switch component isolation; repeats reuse one imported store and are not independent process trials. Read-byte metrics retain the reader-overread caveat.
fig2-component-ablation	w6-layout-matrix	w6_sf100_fig2	SF100:naive:read_bytes_total_mean	SemL0	naive	SF100	outgoing_typed_neighbor	edge_types=1,2,3,7,8,9,10,11,12; samples_per_type=5000; repeats=3; same_store_repeats				read_bytes_total_mean	3629768504	bytes_per_repeat	mean_across_same_store_repeats	w6_sf100_core_typed	ANCHOR	SECONDARY_ONLY_READER_OVERREAD	REUSE	cidr-experiments/data/source-cache/sf100-matrix-20260613-cn.md#Aggregate Matrix row=naive column=read bytes mean+/-std	cidr-experiments/data/source-cache/sf100-matrix-20260613-cn.md#Aggregate Matrix; lsmgraph-rs/baseline/run_w6_sf100_matrix_20260613.sh: EDGE_TYPES/SAMPLES/REPEATS and sample-plan reuse	W6 variants are precomposed layouts rather than one-switch component isolation; repeats reuse one imported store and are not independent process trials. Read-byte metrics retain the reader-overread caveat.
fig2-component-ablation	w6-layout-matrix	w6_sf100_fig2	SF100:naive:read_bytes_total_std	SemL0	naive	SF100	outgoing_typed_neighbor	edge_types=1,2,3,7,8,9,10,11,12; samples_per_type=5000; repeats=3; same_store_repeats				read_bytes_total_std	1869743834	bytes_per_repeat	stddev_across_same_store_repeats	w6_sf100_core_typed	ANCHOR	SECONDARY_ONLY_READER_OVERREAD	REUSE	cidr-experiments/data/source-cache/sf100-matrix-20260613-cn.md#Aggregate Matrix row=naive column=read bytes mean+/-std	cidr-experiments/data/source-cache/sf100-matrix-20260613-cn.md#Aggregate Matrix; lsmgraph-rs/baseline/run_w6_sf100_matrix_20260613.sh: EDGE_TYPES/SAMPLES/REPEATS and sample-plan reuse	W6 variants are precomposed layouts rather than one-switch component isolation; repeats reuse one imported store and are not independent process trials. Read-byte metrics retain the reader-overread caveat.
fig2-component-ablation	w6-layout-matrix	w6_sf100_fig2	SF100:naive:read_bytes_per_op_mean	SemL0	naive	SF100	outgoing_typed_neighbor	edge_types=1,2,3,7,8,9,10,11,12; samples_per_type=5000; repeats=3; same_store_repeats				read_bytes_per_op_mean	80661.52231111111	bytes_per_operation	derived_from_reported_means	w6_sf100_core_typed	ANCHOR	SECONDARY_ONLY_READER_OVERREAD	REUSE	cidr-experiments/data/source-cache/sf100-matrix-20260613-cn.md#Aggregate Matrix row=naive column=read bytes mean+/-std / cidr-experiments/data/source-cache/sf100-matrix-20260613-cn.md#Aggregate Matrix row=naive column=ops/repeat	cidr-experiments/data/source-cache/sf100-matrix-20260613-cn.md#Aggregate Matrix; lsmgraph-rs/baseline/run_w6_sf100_matrix_20260613.sh: EDGE_TYPES/SAMPLES/REPEATS and sample-plan reuse	W6 variants are precomposed layouts rather than one-switch component isolation; repeats reuse one imported store and are not independent process trials. Read-byte metrics retain the reader-overread caveat.
fig2-component-ablation	w6-layout-matrix	w6_sf100_fig2	SF100:naive:avg_latency_us_mean	SemL0	naive	SF100	outgoing_typed_neighbor	edge_types=1,2,3,7,8,9,10,11,12; samples_per_type=5000; repeats=3; same_store_repeats				avg_latency_us_mean	53513.8	us_per_operation	mean_across_same_store_repeats	w6_sf100_core_typed	ANCHOR	PLOT_WITH_CAVEAT	REUSE	cidr-experiments/data/source-cache/sf100-matrix-20260613-cn.md#Aggregate Matrix row=naive column=avg us mean+/-std	cidr-experiments/data/source-cache/sf100-matrix-20260613-cn.md#Aggregate Matrix; lsmgraph-rs/baseline/run_w6_sf100_matrix_20260613.sh: EDGE_TYPES/SAMPLES/REPEATS and sample-plan reuse	W6 variants are precomposed layouts rather than one-switch component isolation; repeats reuse one imported store and are not independent process trials. Read-byte metrics retain the reader-overread caveat.
fig2-component-ablation	w6-layout-matrix	w6_sf100_fig2	SF100:naive:avg_latency_us_std	SemL0	naive	SF100	outgoing_typed_neighbor	edge_types=1,2,3,7,8,9,10,11,12; samples_per_type=5000; repeats=3; same_store_repeats				avg_latency_us_std	189.7	us_per_operation	stddev_across_same_store_repeats	w6_sf100_core_typed	ANCHOR	PLOT_WITH_CAVEAT	REUSE	cidr-experiments/data/source-cache/sf100-matrix-20260613-cn.md#Aggregate Matrix row=naive column=avg us mean+/-std	cidr-experiments/data/source-cache/sf100-matrix-20260613-cn.md#Aggregate Matrix; lsmgraph-rs/baseline/run_w6_sf100_matrix_20260613.sh: EDGE_TYPES/SAMPLES/REPEATS and sample-plan reuse	W6 variants are precomposed layouts rather than one-switch component isolation; repeats reuse one imported store and are not independent process trials. Read-byte metrics retain the reader-overread caveat.
fig2-component-ablation	w6-layout-matrix	w6_sf100_fig2	SF100:naive:p50_edge_mean_us	SemL0	naive	SF100	outgoing_typed_neighbor	edge_types=1,2,3,7,8,9,10,11,12; samples_per_type=5000; repeats=3; same_store_repeats				p50_edge_mean_us	53889	us	mean_of_per_edge_type_percentiles_across_repeats	w6_sf100_core_typed	ANCHOR	PLOT_WITH_CAVEAT	REUSE	cidr-experiments/data/source-cache/sf100-matrix-20260613-cn.md#Aggregate Matrix row=naive column=p50/p90/p99 edge-mean us	cidr-experiments/data/source-cache/sf100-matrix-20260613-cn.md#Aggregate Matrix; lsmgraph-rs/baseline/run_w6_sf100_matrix_20260613.sh: EDGE_TYPES/SAMPLES/REPEATS and sample-plan reuse	W6 variants are precomposed layouts rather than one-switch component isolation; repeats reuse one imported store and are not independent process trials. Read-byte metrics retain the reader-overread caveat.
fig2-component-ablation	w6-layout-matrix	w6_sf100_fig2	SF100:naive:p50_edge_mean_std_us	SemL0	naive	SF100	outgoing_typed_neighbor	edge_types=1,2,3,7,8,9,10,11,12; samples_per_type=5000; repeats=3; same_store_repeats				p50_edge_mean_std_us	0	us	stddev_of_per_edge_type_percentiles_across_repeats	w6_sf100_core_typed	ANCHOR	PLOT_WITH_CAVEAT	REUSE	cidr-experiments/data/source-cache/sf100-matrix-20260613-cn.md#Aggregate Matrix row=naive column=p50/p90/p99 edge-mean us	cidr-experiments/data/source-cache/sf100-matrix-20260613-cn.md#Aggregate Matrix; lsmgraph-rs/baseline/run_w6_sf100_matrix_20260613.sh: EDGE_TYPES/SAMPLES/REPEATS and sample-plan reuse	W6 variants are precomposed layouts rather than one-switch component isolation; repeats reuse one imported store and are not independent process trials. Read-byte metrics retain the reader-overread caveat.
fig2-component-ablation	w6-layout-matrix	w6_sf100_fig2	SF100:naive:p90_edge_mean_us	SemL0	naive	SF100	outgoing_typed_neighbor	edge_types=1,2,3,7,8,9,10,11,12; samples_per_type=5000; repeats=3; same_store_repeats				p90_edge_mean_us	172222	us	mean_of_per_edge_type_percentiles_across_repeats	w6_sf100_core_typed	ANCHOR	PLOT_WITH_CAVEAT	REUSE	cidr-experiments/data/source-cache/sf100-matrix-20260613-cn.md#Aggregate Matrix row=naive column=p50/p90/p99 edge-mean us	cidr-experiments/data/source-cache/sf100-matrix-20260613-cn.md#Aggregate Matrix; lsmgraph-rs/baseline/run_w6_sf100_matrix_20260613.sh: EDGE_TYPES/SAMPLES/REPEATS and sample-plan reuse	W6 variants are precomposed layouts rather than one-switch component isolation; repeats reuse one imported store and are not independent process trials. Read-byte metrics retain the reader-overread caveat.
fig2-component-ablation	w6-layout-matrix	w6_sf100_fig2	SF100:naive:p90_edge_mean_std_us	SemL0	naive	SF100	outgoing_typed_neighbor	edge_types=1,2,3,7,8,9,10,11,12; samples_per_type=5000; repeats=3; same_store_repeats				p90_edge_mean_std_us	0	us	stddev_of_per_edge_type_percentiles_across_repeats	w6_sf100_core_typed	ANCHOR	PLOT_WITH_CAVEAT	REUSE	cidr-experiments/data/source-cache/sf100-matrix-20260613-cn.md#Aggregate Matrix row=naive column=p50/p90/p99 edge-mean us	cidr-experiments/data/source-cache/sf100-matrix-20260613-cn.md#Aggregate Matrix; lsmgraph-rs/baseline/run_w6_sf100_matrix_20260613.sh: EDGE_TYPES/SAMPLES/REPEATS and sample-plan reuse	W6 variants are precomposed layouts rather than one-switch component isolation; repeats reuse one imported store and are not independent process trials. Read-byte metrics retain the reader-overread caveat.
fig2-component-ablation	w6-layout-matrix	w6_sf100_fig2	SF100:naive:p99_edge_mean_us	SemL0	naive	SF100	outgoing_typed_neighbor	edge_types=1,2,3,7,8,9,10,11,12; samples_per_type=5000; repeats=3; same_store_repeats				p99_edge_mean_us	179259	us	mean_of_per_edge_type_percentiles_across_repeats	w6_sf100_core_typed	ANCHOR	PLOT_WITH_CAVEAT	REUSE	cidr-experiments/data/source-cache/sf100-matrix-20260613-cn.md#Aggregate Matrix row=naive column=p50/p90/p99 edge-mean us	cidr-experiments/data/source-cache/sf100-matrix-20260613-cn.md#Aggregate Matrix; lsmgraph-rs/baseline/run_w6_sf100_matrix_20260613.sh: EDGE_TYPES/SAMPLES/REPEATS and sample-plan reuse	W6 variants are precomposed layouts rather than one-switch component isolation; repeats reuse one imported store and are not independent process trials. Read-byte metrics retain the reader-overread caveat.
fig2-component-ablation	w6-layout-matrix	w6_sf100_fig2	SF100:naive:p99_edge_mean_std_us	SemL0	naive	SF100	outgoing_typed_neighbor	edge_types=1,2,3,7,8,9,10,11,12; samples_per_type=5000; repeats=3; same_store_repeats				p99_edge_mean_std_us	693	us	stddev_of_per_edge_type_percentiles_across_repeats	w6_sf100_core_typed	ANCHOR	PLOT_WITH_CAVEAT	REUSE	cidr-experiments/data/source-cache/sf100-matrix-20260613-cn.md#Aggregate Matrix row=naive column=p50/p90/p99 edge-mean us	cidr-experiments/data/source-cache/sf100-matrix-20260613-cn.md#Aggregate Matrix; lsmgraph-rs/baseline/run_w6_sf100_matrix_20260613.sh: EDGE_TYPES/SAMPLES/REPEATS and sample-plan reuse	W6 variants are precomposed layouts rather than one-switch component isolation; repeats reuse one imported store and are not independent process trials. Read-byte metrics retain the reader-overread caveat.
fig2-component-ablation	w6-layout-matrix	w6_sf100_fig2	SF100:naive:import_max_rss_gib_reported	SemL0	naive	SF100	outgoing_typed_neighbor	edge_types=1,2,3,7,8,9,10,11,12; samples_per_type=5000; repeats=3; same_store_repeats				import_max_rss_gib_reported	2.43	GiB_reported	single_import_time_v	w6_sf100_core_typed	ANCHOR	PLOT_WITH_CAVEAT	REUSE	cidr-experiments/data/source-cache/sf100-matrix-20260613-cn.md#Import RSS row=naive column=max RSS GiB	cidr-experiments/data/source-cache/sf100-matrix-20260613-cn.md#Aggregate Matrix; lsmgraph-rs/baseline/run_w6_sf100_matrix_20260613.sh: EDGE_TYPES/SAMPLES/REPEATS and sample-plan reuse	W6 variants are precomposed layouts rather than one-switch component isolation; repeats reuse one imported store and are not independent process trials. Read-byte metrics retain the reader-overread caveat.
fig2-component-ablation	w6-layout-matrix	w6_sf100_fig2	SF100:kv-lsm:ops_per_repeat	SemL0	kv-lsm	SF100	outgoing_typed_neighbor	edge_types=1,2,3,7,8,9,10,11,12; samples_per_type=5000; repeats=3; same_store_repeats				ops_per_repeat	45000	operations	protocol_count	w6_sf100_core_typed	PASS (45,000)	PLOT_WITH_CAVEAT	REUSE	cidr-experiments/data/source-cache/sf100-matrix-20260613-cn.md#Aggregate Matrix row=kv-lsm column=ops/repeat	cidr-experiments/data/source-cache/sf100-matrix-20260613-cn.md#Aggregate Matrix; lsmgraph-rs/baseline/run_w6_sf100_matrix_20260613.sh: EDGE_TYPES/SAMPLES/REPEATS and sample-plan reuse	W6 variants are precomposed layouts rather than one-switch component isolation; repeats reuse one imported store and are not independent process trials. Read-byte metrics retain the reader-overread caveat.
fig2-component-ablation	w6-layout-matrix	w6_sf100_fig2	SF100:kv-lsm:store_size_gib_reported	SemL0	kv-lsm	SF100	outgoing_typed_neighbor	edge_types=1,2,3,7,8,9,10,11,12; samples_per_type=5000; repeats=3; same_store_repeats				store_size_gib_reported	134.6	GiB_reported	single_import	w6_sf100_core_typed	PASS (45,000)	PLOT_WITH_CAVEAT	REUSE	cidr-experiments/data/source-cache/sf100-matrix-20260613-cn.md#Aggregate Matrix row=kv-lsm column=store GiB	cidr-experiments/data/source-cache/sf100-matrix-20260613-cn.md#Aggregate Matrix; lsmgraph-rs/baseline/run_w6_sf100_matrix_20260613.sh: EDGE_TYPES/SAMPLES/REPEATS and sample-plan reuse	W6 variants are precomposed layouts rather than one-switch component isolation; repeats reuse one imported store and are not independent process trials. Read-byte metrics retain the reader-overread caveat.
fig2-component-ablation	w6-layout-matrix	w6_sf100_fig2	SF100:kv-lsm:l0_files	SemL0	kv-lsm	SF100	outgoing_typed_neighbor	edge_types=1,2,3,7,8,9,10,11,12; samples_per_type=5000; repeats=3; same_store_repeats				l0_files	1703	files	single_import	w6_sf100_core_typed	PASS (45,000)	PLOT_WITH_CAVEAT	REUSE	cidr-experiments/data/source-cache/sf100-matrix-20260613-cn.md#Aggregate Matrix row=kv-lsm column=L0 files	cidr-experiments/data/source-cache/sf100-matrix-20260613-cn.md#Aggregate Matrix; lsmgraph-rs/baseline/run_w6_sf100_matrix_20260613.sh: EDGE_TYPES/SAMPLES/REPEATS and sample-plan reuse	W6 variants are precomposed layouts rather than one-switch component isolation; repeats reuse one imported store and are not independent process trials. Read-byte metrics retain the reader-overread caveat.
fig2-component-ablation	w6-layout-matrix	w6_sf100_fig2	SF100:kv-lsm:candidate_l0_total_mean	SemL0	kv-lsm	SF100	outgoing_typed_neighbor	edge_types=1,2,3,7,8,9,10,11,12; samples_per_type=5000; repeats=3; same_store_repeats				candidate_l0_total_mean	49257601	segments_per_repeat	mean_across_same_store_repeats	w6_sf100_core_typed	PASS (45,000)	PLOT_WITH_CAVEAT	REUSE	cidr-experiments/data/source-cache/sf100-matrix-20260613-cn.md#Aggregate Matrix row=kv-lsm column=candidate L0 mean+/-std	cidr-experiments/data/source-cache/sf100-matrix-20260613-cn.md#Aggregate Matrix; lsmgraph-rs/baseline/run_w6_sf100_matrix_20260613.sh: EDGE_TYPES/SAMPLES/REPEATS and sample-plan reuse	W6 variants are precomposed layouts rather than one-switch component isolation; repeats reuse one imported store and are not independent process trials. Read-byte metrics retain the reader-overread caveat.
fig2-component-ablation	w6-layout-matrix	w6_sf100_fig2	SF100:kv-lsm:candidate_l0_total_std	SemL0	kv-lsm	SF100	outgoing_typed_neighbor	edge_types=1,2,3,7,8,9,10,11,12; samples_per_type=5000; repeats=3; same_store_repeats				candidate_l0_total_std	0	segments_per_repeat	stddev_across_same_store_repeats	w6_sf100_core_typed	PASS (45,000)	PLOT_WITH_CAVEAT	REUSE	cidr-experiments/data/source-cache/sf100-matrix-20260613-cn.md#Aggregate Matrix row=kv-lsm column=candidate L0 mean+/-std	cidr-experiments/data/source-cache/sf100-matrix-20260613-cn.md#Aggregate Matrix; lsmgraph-rs/baseline/run_w6_sf100_matrix_20260613.sh: EDGE_TYPES/SAMPLES/REPEATS and sample-plan reuse	W6 variants are precomposed layouts rather than one-switch component isolation; repeats reuse one imported store and are not independent process trials. Read-byte metrics retain the reader-overread caveat.
fig2-component-ablation	w6-layout-matrix	w6_sf100_fig2	SF100:kv-lsm:candidate_l0_per_op_mean	SemL0	kv-lsm	SF100	outgoing_typed_neighbor	edge_types=1,2,3,7,8,9,10,11,12; samples_per_type=5000; repeats=3; same_store_repeats				candidate_l0_per_op_mean	1094.6133555555555	segments_per_operation	derived_from_reported_means	w6_sf100_core_typed	PASS (45,000)	PLOT_WITH_CAVEAT	REUSE	cidr-experiments/data/source-cache/sf100-matrix-20260613-cn.md#Aggregate Matrix row=kv-lsm column=candidate L0 mean+/-std / cidr-experiments/data/source-cache/sf100-matrix-20260613-cn.md#Aggregate Matrix row=kv-lsm column=ops/repeat	cidr-experiments/data/source-cache/sf100-matrix-20260613-cn.md#Aggregate Matrix; lsmgraph-rs/baseline/run_w6_sf100_matrix_20260613.sh: EDGE_TYPES/SAMPLES/REPEATS and sample-plan reuse	W6 variants are precomposed layouts rather than one-switch component isolation; repeats reuse one imported store and are not independent process trials. Read-byte metrics retain the reader-overread caveat.
fig2-component-ablation	w6-layout-matrix	w6_sf100_fig2	SF100:kv-lsm:candidate_l0_per_op_std	SemL0	kv-lsm	SF100	outgoing_typed_neighbor	edge_types=1,2,3,7,8,9,10,11,12; samples_per_type=5000; repeats=3; same_store_repeats				candidate_l0_per_op_std	0	segments_per_operation	derived_from_reported_stddev	w6_sf100_core_typed	PASS (45,000)	PLOT_WITH_CAVEAT	REUSE	cidr-experiments/data/source-cache/sf100-matrix-20260613-cn.md#Aggregate Matrix row=kv-lsm column=candidate L0 mean+/-std / cidr-experiments/data/source-cache/sf100-matrix-20260613-cn.md#Aggregate Matrix row=kv-lsm column=ops/repeat	cidr-experiments/data/source-cache/sf100-matrix-20260613-cn.md#Aggregate Matrix; lsmgraph-rs/baseline/run_w6_sf100_matrix_20260613.sh: EDGE_TYPES/SAMPLES/REPEATS and sample-plan reuse	W6 variants are precomposed layouts rather than one-switch component isolation; repeats reuse one imported store and are not independent process trials. Read-byte metrics retain the reader-overread caveat.
fig2-component-ablation	w6-layout-matrix	w6_sf100_fig2	SF100:kv-lsm:read_bytes_total_mean	SemL0	kv-lsm	SF100	outgoing_typed_neighbor	edge_types=1,2,3,7,8,9,10,11,12; samples_per_type=5000; repeats=3; same_store_repeats				read_bytes_total_mean	3629768504	bytes_per_repeat	mean_across_same_store_repeats	w6_sf100_core_typed	PASS (45,000)	SECONDARY_ONLY_READER_OVERREAD	REUSE	cidr-experiments/data/source-cache/sf100-matrix-20260613-cn.md#Aggregate Matrix row=kv-lsm column=read bytes mean+/-std	cidr-experiments/data/source-cache/sf100-matrix-20260613-cn.md#Aggregate Matrix; lsmgraph-rs/baseline/run_w6_sf100_matrix_20260613.sh: EDGE_TYPES/SAMPLES/REPEATS and sample-plan reuse	W6 variants are precomposed layouts rather than one-switch component isolation; repeats reuse one imported store and are not independent process trials. Read-byte metrics retain the reader-overread caveat.
fig2-component-ablation	w6-layout-matrix	w6_sf100_fig2	SF100:kv-lsm:read_bytes_total_std	SemL0	kv-lsm	SF100	outgoing_typed_neighbor	edge_types=1,2,3,7,8,9,10,11,12; samples_per_type=5000; repeats=3; same_store_repeats				read_bytes_total_std	1869743834	bytes_per_repeat	stddev_across_same_store_repeats	w6_sf100_core_typed	PASS (45,000)	SECONDARY_ONLY_READER_OVERREAD	REUSE	cidr-experiments/data/source-cache/sf100-matrix-20260613-cn.md#Aggregate Matrix row=kv-lsm column=read bytes mean+/-std	cidr-experiments/data/source-cache/sf100-matrix-20260613-cn.md#Aggregate Matrix; lsmgraph-rs/baseline/run_w6_sf100_matrix_20260613.sh: EDGE_TYPES/SAMPLES/REPEATS and sample-plan reuse	W6 variants are precomposed layouts rather than one-switch component isolation; repeats reuse one imported store and are not independent process trials. Read-byte metrics retain the reader-overread caveat.
fig2-component-ablation	w6-layout-matrix	w6_sf100_fig2	SF100:kv-lsm:read_bytes_per_op_mean	SemL0	kv-lsm	SF100	outgoing_typed_neighbor	edge_types=1,2,3,7,8,9,10,11,12; samples_per_type=5000; repeats=3; same_store_repeats				read_bytes_per_op_mean	80661.52231111111	bytes_per_operation	derived_from_reported_means	w6_sf100_core_typed	PASS (45,000)	SECONDARY_ONLY_READER_OVERREAD	REUSE	cidr-experiments/data/source-cache/sf100-matrix-20260613-cn.md#Aggregate Matrix row=kv-lsm column=read bytes mean+/-std / cidr-experiments/data/source-cache/sf100-matrix-20260613-cn.md#Aggregate Matrix row=kv-lsm column=ops/repeat	cidr-experiments/data/source-cache/sf100-matrix-20260613-cn.md#Aggregate Matrix; lsmgraph-rs/baseline/run_w6_sf100_matrix_20260613.sh: EDGE_TYPES/SAMPLES/REPEATS and sample-plan reuse	W6 variants are precomposed layouts rather than one-switch component isolation; repeats reuse one imported store and are not independent process trials. Read-byte metrics retain the reader-overread caveat.
fig2-component-ablation	w6-layout-matrix	w6_sf100_fig2	SF100:kv-lsm:avg_latency_us_mean	SemL0	kv-lsm	SF100	outgoing_typed_neighbor	edge_types=1,2,3,7,8,9,10,11,12; samples_per_type=5000; repeats=3; same_store_repeats				avg_latency_us_mean	53892	us_per_operation	mean_across_same_store_repeats	w6_sf100_core_typed	PASS (45,000)	PLOT_WITH_CAVEAT	REUSE	cidr-experiments/data/source-cache/sf100-matrix-20260613-cn.md#Aggregate Matrix row=kv-lsm column=avg us mean+/-std	cidr-experiments/data/source-cache/sf100-matrix-20260613-cn.md#Aggregate Matrix; lsmgraph-rs/baseline/run_w6_sf100_matrix_20260613.sh: EDGE_TYPES/SAMPLES/REPEATS and sample-plan reuse	W6 variants are precomposed layouts rather than one-switch component isolation; repeats reuse one imported store and are not independent process trials. Read-byte metrics retain the reader-overread caveat.
fig2-component-ablation	w6-layout-matrix	w6_sf100_fig2	SF100:kv-lsm:avg_latency_us_std	SemL0	kv-lsm	SF100	outgoing_typed_neighbor	edge_types=1,2,3,7,8,9,10,11,12; samples_per_type=5000; repeats=3; same_store_repeats				avg_latency_us_std	139.3	us_per_operation	stddev_across_same_store_repeats	w6_sf100_core_typed	PASS (45,000)	PLOT_WITH_CAVEAT	REUSE	cidr-experiments/data/source-cache/sf100-matrix-20260613-cn.md#Aggregate Matrix row=kv-lsm column=avg us mean+/-std	cidr-experiments/data/source-cache/sf100-matrix-20260613-cn.md#Aggregate Matrix; lsmgraph-rs/baseline/run_w6_sf100_matrix_20260613.sh: EDGE_TYPES/SAMPLES/REPEATS and sample-plan reuse	W6 variants are precomposed layouts rather than one-switch component isolation; repeats reuse one imported store and are not independent process trials. Read-byte metrics retain the reader-overread caveat.
fig2-component-ablation	w6-layout-matrix	w6_sf100_fig2	SF100:kv-lsm:p50_edge_mean_us	SemL0	kv-lsm	SF100	outgoing_typed_neighbor	edge_types=1,2,3,7,8,9,10,11,12; samples_per_type=5000; repeats=3; same_store_repeats				p50_edge_mean_us	53704	us	mean_of_per_edge_type_percentiles_across_repeats	w6_sf100_core_typed	PASS (45,000)	PLOT_WITH_CAVEAT	REUSE	cidr-experiments/data/source-cache/sf100-matrix-20260613-cn.md#Aggregate Matrix row=kv-lsm column=p50/p90/p99 edge-mean us	cidr-experiments/data/source-cache/sf100-matrix-20260613-cn.md#Aggregate Matrix; lsmgraph-rs/baseline/run_w6_sf100_matrix_20260613.sh: EDGE_TYPES/SAMPLES/REPEATS and sample-plan reuse	W6 variants are precomposed layouts rather than one-switch component isolation; repeats reuse one imported store and are not independent process trials. Read-byte metrics retain the reader-overread caveat.
fig2-component-ablation	w6-layout-matrix	w6_sf100_fig2	SF100:kv-lsm:p50_edge_mean_std_us	SemL0	kv-lsm	SF100	outgoing_typed_neighbor	edge_types=1,2,3,7,8,9,10,11,12; samples_per_type=5000; repeats=3; same_store_repeats				p50_edge_mean_std_us	131	us	stddev_of_per_edge_type_percentiles_across_repeats	w6_sf100_core_typed	PASS (45,000)	PLOT_WITH_CAVEAT	REUSE	cidr-experiments/data/source-cache/sf100-matrix-20260613-cn.md#Aggregate Matrix row=kv-lsm column=p50/p90/p99 edge-mean us	cidr-experiments/data/source-cache/sf100-matrix-20260613-cn.md#Aggregate Matrix; lsmgraph-rs/baseline/run_w6_sf100_matrix_20260613.sh: EDGE_TYPES/SAMPLES/REPEATS and sample-plan reuse	W6 variants are precomposed layouts rather than one-switch component isolation; repeats reuse one imported store and are not independent process trials. Read-byte metrics retain the reader-overread caveat.
fig2-component-ablation	w6-layout-matrix	w6_sf100_fig2	SF100:kv-lsm:p90_edge_mean_us	SemL0	kv-lsm	SF100	outgoing_typed_neighbor	edge_types=1,2,3,7,8,9,10,11,12; samples_per_type=5000; repeats=3; same_store_repeats				p90_edge_mean_us	172315	us	mean_of_per_edge_type_percentiles_across_repeats	w6_sf100_core_typed	PASS (45,000)	PLOT_WITH_CAVEAT	REUSE	cidr-experiments/data/source-cache/sf100-matrix-20260613-cn.md#Aggregate Matrix row=kv-lsm column=p50/p90/p99 edge-mean us	cidr-experiments/data/source-cache/sf100-matrix-20260613-cn.md#Aggregate Matrix; lsmgraph-rs/baseline/run_w6_sf100_matrix_20260613.sh: EDGE_TYPES/SAMPLES/REPEATS and sample-plan reuse	W6 variants are precomposed layouts rather than one-switch component isolation; repeats reuse one imported store and are not independent process trials. Read-byte metrics retain the reader-overread caveat.
fig2-component-ablation	w6-layout-matrix	w6_sf100_fig2	SF100:kv-lsm:p90_edge_mean_std_us	SemL0	kv-lsm	SF100	outgoing_typed_neighbor	edge_types=1,2,3,7,8,9,10,11,12; samples_per_type=5000; repeats=3; same_store_repeats				p90_edge_mean_std_us	131	us	stddev_of_per_edge_type_percentiles_across_repeats	w6_sf100_core_typed	PASS (45,000)	PLOT_WITH_CAVEAT	REUSE	cidr-experiments/data/source-cache/sf100-matrix-20260613-cn.md#Aggregate Matrix row=kv-lsm column=p50/p90/p99 edge-mean us	cidr-experiments/data/source-cache/sf100-matrix-20260613-cn.md#Aggregate Matrix; lsmgraph-rs/baseline/run_w6_sf100_matrix_20260613.sh: EDGE_TYPES/SAMPLES/REPEATS and sample-plan reuse	W6 variants are precomposed layouts rather than one-switch component isolation; repeats reuse one imported store and are not independent process trials. Read-byte metrics retain the reader-overread caveat.
fig2-component-ablation	w6-layout-matrix	w6_sf100_fig2	SF100:kv-lsm:p99_edge_mean_us	SemL0	kv-lsm	SF100	outgoing_typed_neighbor	edge_types=1,2,3,7,8,9,10,11,12; samples_per_type=5000; repeats=3; same_store_repeats				p99_edge_mean_us	178889	us	mean_of_per_edge_type_percentiles_across_repeats	w6_sf100_core_typed	PASS (45,000)	PLOT_WITH_CAVEAT	REUSE	cidr-experiments/data/source-cache/sf100-matrix-20260613-cn.md#Aggregate Matrix row=kv-lsm column=p50/p90/p99 edge-mean us	cidr-experiments/data/source-cache/sf100-matrix-20260613-cn.md#Aggregate Matrix; lsmgraph-rs/baseline/run_w6_sf100_matrix_20260613.sh: EDGE_TYPES/SAMPLES/REPEATS and sample-plan reuse	W6 variants are precomposed layouts rather than one-switch component isolation; repeats reuse one imported store and are not independent process trials. Read-byte metrics retain the reader-overread caveat.
fig2-component-ablation	w6-layout-matrix	w6_sf100_fig2	SF100:kv-lsm:p99_edge_mean_std_us	SemL0	kv-lsm	SF100	outgoing_typed_neighbor	edge_types=1,2,3,7,8,9,10,11,12; samples_per_type=5000; repeats=3; same_store_repeats				p99_edge_mean_std_us	454	us	stddev_of_per_edge_type_percentiles_across_repeats	w6_sf100_core_typed	PASS (45,000)	PLOT_WITH_CAVEAT	REUSE	cidr-experiments/data/source-cache/sf100-matrix-20260613-cn.md#Aggregate Matrix row=kv-lsm column=p50/p90/p99 edge-mean us	cidr-experiments/data/source-cache/sf100-matrix-20260613-cn.md#Aggregate Matrix; lsmgraph-rs/baseline/run_w6_sf100_matrix_20260613.sh: EDGE_TYPES/SAMPLES/REPEATS and sample-plan reuse	W6 variants are precomposed layouts rather than one-switch component isolation; repeats reuse one imported store and are not independent process trials. Read-byte metrics retain the reader-overread caveat.
fig2-component-ablation	w6-layout-matrix	w6_sf100_fig2	SF100:kv-lsm:correctness_checked	SemL0	kv-lsm	SF100	outgoing_typed_neighbor	edge_types=1,2,3,7,8,9,10,11,12; samples_per_type=5000; repeats=3; same_store_repeats				correctness_checked	45000	queries	naive_anchor_compare	w6_sf100_core_typed	PASS (45,000)	PLOT_WITH_CAVEAT	REUSE	cidr-experiments/data/source-cache/sf100-matrix-20260613-cn.md#Correctness Compares row=kv-lsm column=checked	cidr-experiments/data/source-cache/sf100-matrix-20260613-cn.md#Aggregate Matrix; lsmgraph-rs/baseline/run_w6_sf100_matrix_20260613.sh: EDGE_TYPES/SAMPLES/REPEATS and sample-plan reuse	W6 variants are precomposed layouts rather than one-switch component isolation; repeats reuse one imported store and are not independent process trials. Read-byte metrics retain the reader-overread caveat.
fig2-component-ablation	w6-layout-matrix	w6_sf100_fig2	SF100:kv-lsm:correctness_mismatches	SemL0	kv-lsm	SF100	outgoing_typed_neighbor	edge_types=1,2,3,7,8,9,10,11,12; samples_per_type=5000; repeats=3; same_store_repeats				correctness_mismatches	0	queries	naive_anchor_compare	w6_sf100_core_typed	PASS (45,000)	PLOT_WITH_CAVEAT	REUSE	cidr-experiments/data/source-cache/sf100-matrix-20260613-cn.md#Correctness Compares row=kv-lsm column=mismatches	cidr-experiments/data/source-cache/sf100-matrix-20260613-cn.md#Aggregate Matrix; lsmgraph-rs/baseline/run_w6_sf100_matrix_20260613.sh: EDGE_TYPES/SAMPLES/REPEATS and sample-plan reuse	W6 variants are precomposed layouts rather than one-switch component isolation; repeats reuse one imported store and are not independent process trials. Read-byte metrics retain the reader-overread caveat.
fig2-component-ablation	w6-layout-matrix	w6_sf100_fig2	SF100:kv-lsm:import_max_rss_gib_reported	SemL0	kv-lsm	SF100	outgoing_typed_neighbor	edge_types=1,2,3,7,8,9,10,11,12; samples_per_type=5000; repeats=3; same_store_repeats				import_max_rss_gib_reported	2.49	GiB_reported	single_import_time_v	w6_sf100_core_typed	PASS (45,000)	PLOT_WITH_CAVEAT	REUSE	cidr-experiments/data/source-cache/sf100-matrix-20260613-cn.md#Import RSS row=kv-lsm column=max RSS GiB	cidr-experiments/data/source-cache/sf100-matrix-20260613-cn.md#Aggregate Matrix; lsmgraph-rs/baseline/run_w6_sf100_matrix_20260613.sh: EDGE_TYPES/SAMPLES/REPEATS and sample-plan reuse	W6 variants are precomposed layouts rather than one-switch component isolation; repeats reuse one imported store and are not independent process trials. Read-byte metrics retain the reader-overread caveat.
fig2-component-ablation	w6-layout-matrix	w6_sf100_fig2	SF100:edge-type-only:ops_per_repeat	SemL0	edge-type-only	SF100	outgoing_typed_neighbor	edge_types=1,2,3,7,8,9,10,11,12; samples_per_type=5000; repeats=3; same_store_repeats				ops_per_repeat	45000	operations	protocol_count	w6_sf100_core_typed	PASS (45,000)	PLOT_WITH_CAVEAT	REUSE	cidr-experiments/data/source-cache/sf100-matrix-20260613-cn.md#Aggregate Matrix row=edge-type-only column=ops/repeat	cidr-experiments/data/source-cache/sf100-matrix-20260613-cn.md#Aggregate Matrix; lsmgraph-rs/baseline/run_w6_sf100_matrix_20260613.sh: EDGE_TYPES/SAMPLES/REPEATS and sample-plan reuse	W6 variants are precomposed layouts rather than one-switch component isolation; repeats reuse one imported store and are not independent process trials. Read-byte metrics retain the reader-overread caveat.
fig2-component-ablation	w6-layout-matrix	w6_sf100_fig2	SF100:edge-type-only:store_size_gib_reported	SemL0	edge-type-only	SF100	outgoing_typed_neighbor	edge_types=1,2,3,7,8,9,10,11,12; samples_per_type=5000; repeats=3; same_store_repeats				store_size_gib_reported	133.9	GiB_reported	single_import	w6_sf100_core_typed	PASS (45,000)	PLOT_WITH_CAVEAT	REUSE	cidr-experiments/data/source-cache/sf100-matrix-20260613-cn.md#Aggregate Matrix row=edge-type-only column=store GiB	cidr-experiments/data/source-cache/sf100-matrix-20260613-cn.md#Aggregate Matrix; lsmgraph-rs/baseline/run_w6_sf100_matrix_20260613.sh: EDGE_TYPES/SAMPLES/REPEATS and sample-plan reuse	W6 variants are precomposed layouts rather than one-switch component isolation; repeats reuse one imported store and are not independent process trials. Read-byte metrics retain the reader-overread caveat.
fig2-component-ablation	w6-layout-matrix	w6_sf100_fig2	SF100:edge-type-only:l0_files	SemL0	edge-type-only	SF100	outgoing_typed_neighbor	edge_types=1,2,3,7,8,9,10,11,12; samples_per_type=5000; repeats=3; same_store_repeats				l0_files	3446	files	single_import	w6_sf100_core_typed	PASS (45,000)	PLOT_WITH_CAVEAT	REUSE	cidr-experiments/data/source-cache/sf100-matrix-20260613-cn.md#Aggregate Matrix row=edge-type-only column=L0 files	cidr-experiments/data/source-cache/sf100-matrix-20260613-cn.md#Aggregate Matrix; lsmgraph-rs/baseline/run_w6_sf100_matrix_20260613.sh: EDGE_TYPES/SAMPLES/REPEATS and sample-plan reuse	W6 variants are precomposed layouts rather than one-switch component isolation; repeats reuse one imported store and are not independent process trials. Read-byte metrics retain the reader-overread caveat.
fig2-component-ablation	w6-layout-matrix	w6_sf100_fig2	SF100:edge-type-only:candidate_l0_total_mean	SemL0	edge-type-only	SF100	outgoing_typed_neighbor	edge_types=1,2,3,7,8,9,10,11,12; samples_per_type=5000; repeats=3; same_store_repeats				candidate_l0_total_mean	5899015	segments_per_repeat	mean_across_same_store_repeats	w6_sf100_core_typed	PASS (45,000)	PLOT_WITH_CAVEAT	REUSE	cidr-experiments/data/source-cache/sf100-matrix-20260613-cn.md#Aggregate Matrix row=edge-type-only column=candidate L0 mean+/-std	cidr-experiments/data/source-cache/sf100-matrix-20260613-cn.md#Aggregate Matrix; lsmgraph-rs/baseline/run_w6_sf100_matrix_20260613.sh: EDGE_TYPES/SAMPLES/REPEATS and sample-plan reuse	W6 variants are precomposed layouts rather than one-switch component isolation; repeats reuse one imported store and are not independent process trials. Read-byte metrics retain the reader-overread caveat.
fig2-component-ablation	w6-layout-matrix	w6_sf100_fig2	SF100:edge-type-only:candidate_l0_total_std	SemL0	edge-type-only	SF100	outgoing_typed_neighbor	edge_types=1,2,3,7,8,9,10,11,12; samples_per_type=5000; repeats=3; same_store_repeats				candidate_l0_total_std	0	segments_per_repeat	stddev_across_same_store_repeats	w6_sf100_core_typed	PASS (45,000)	PLOT_WITH_CAVEAT	REUSE	cidr-experiments/data/source-cache/sf100-matrix-20260613-cn.md#Aggregate Matrix row=edge-type-only column=candidate L0 mean+/-std	cidr-experiments/data/source-cache/sf100-matrix-20260613-cn.md#Aggregate Matrix; lsmgraph-rs/baseline/run_w6_sf100_matrix_20260613.sh: EDGE_TYPES/SAMPLES/REPEATS and sample-plan reuse	W6 variants are precomposed layouts rather than one-switch component isolation; repeats reuse one imported store and are not independent process trials. Read-byte metrics retain the reader-overread caveat.
fig2-component-ablation	w6-layout-matrix	w6_sf100_fig2	SF100:edge-type-only:candidate_l0_per_op_mean	SemL0	edge-type-only	SF100	outgoing_typed_neighbor	edge_types=1,2,3,7,8,9,10,11,12; samples_per_type=5000; repeats=3; same_store_repeats				candidate_l0_per_op_mean	131.08922222222222	segments_per_operation	derived_from_reported_means	w6_sf100_core_typed	PASS (45,000)	PLOT_WITH_CAVEAT	REUSE	cidr-experiments/data/source-cache/sf100-matrix-20260613-cn.md#Aggregate Matrix row=edge-type-only column=candidate L0 mean+/-std / cidr-experiments/data/source-cache/sf100-matrix-20260613-cn.md#Aggregate Matrix row=edge-type-only column=ops/repeat	cidr-experiments/data/source-cache/sf100-matrix-20260613-cn.md#Aggregate Matrix; lsmgraph-rs/baseline/run_w6_sf100_matrix_20260613.sh: EDGE_TYPES/SAMPLES/REPEATS and sample-plan reuse	W6 variants are precomposed layouts rather than one-switch component isolation; repeats reuse one imported store and are not independent process trials. Read-byte metrics retain the reader-overread caveat.
fig2-component-ablation	w6-layout-matrix	w6_sf100_fig2	SF100:edge-type-only:candidate_l0_per_op_std	SemL0	edge-type-only	SF100	outgoing_typed_neighbor	edge_types=1,2,3,7,8,9,10,11,12; samples_per_type=5000; repeats=3; same_store_repeats				candidate_l0_per_op_std	0	segments_per_operation	derived_from_reported_stddev	w6_sf100_core_typed	PASS (45,000)	PLOT_WITH_CAVEAT	REUSE	cidr-experiments/data/source-cache/sf100-matrix-20260613-cn.md#Aggregate Matrix row=edge-type-only column=candidate L0 mean+/-std / cidr-experiments/data/source-cache/sf100-matrix-20260613-cn.md#Aggregate Matrix row=edge-type-only column=ops/repeat	cidr-experiments/data/source-cache/sf100-matrix-20260613-cn.md#Aggregate Matrix; lsmgraph-rs/baseline/run_w6_sf100_matrix_20260613.sh: EDGE_TYPES/SAMPLES/REPEATS and sample-plan reuse	W6 variants are precomposed layouts rather than one-switch component isolation; repeats reuse one imported store and are not independent process trials. Read-byte metrics retain the reader-overread caveat.
fig2-component-ablation	w6-layout-matrix	w6_sf100_fig2	SF100:edge-type-only:read_bytes_total_mean	SemL0	edge-type-only	SF100	outgoing_typed_neighbor	edge_types=1,2,3,7,8,9,10,11,12; samples_per_type=5000; repeats=3; same_store_repeats				read_bytes_total_mean	859688909	bytes_per_repeat	mean_across_same_store_repeats	w6_sf100_core_typed	PASS (45,000)	SECONDARY_ONLY_READER_OVERREAD	REUSE	cidr-experiments/data/source-cache/sf100-matrix-20260613-cn.md#Aggregate Matrix row=edge-type-only column=read bytes mean+/-std	cidr-experiments/data/source-cache/sf100-matrix-20260613-cn.md#Aggregate Matrix; lsmgraph-rs/baseline/run_w6_sf100_matrix_20260613.sh: EDGE_TYPES/SAMPLES/REPEATS and sample-plan reuse	W6 variants are precomposed layouts rather than one-switch component isolation; repeats reuse one imported store and are not independent process trials. Read-byte metrics retain the reader-overread caveat.
fig2-component-ablation	w6-layout-matrix	w6_sf100_fig2	SF100:edge-type-only:read_bytes_total_std	SemL0	edge-type-only	SF100	outgoing_typed_neighbor	edge_types=1,2,3,7,8,9,10,11,12; samples_per_type=5000; repeats=3; same_store_repeats				read_bytes_total_std	696984663	bytes_per_repeat	stddev_across_same_store_repeats	w6_sf100_core_typed	PASS (45,000)	SECONDARY_ONLY_READER_OVERREAD	REUSE	cidr-experiments/data/source-cache/sf100-matrix-20260613-cn.md#Aggregate Matrix row=edge-type-only column=read bytes mean+/-std	cidr-experiments/data/source-cache/sf100-matrix-20260613-cn.md#Aggregate Matrix; lsmgraph-rs/baseline/run_w6_sf100_matrix_20260613.sh: EDGE_TYPES/SAMPLES/REPEATS and sample-plan reuse	W6 variants are precomposed layouts rather than one-switch component isolation; repeats reuse one imported store and are not independent process trials. Read-byte metrics retain the reader-overread caveat.
fig2-component-ablation	w6-layout-matrix	w6_sf100_fig2	SF100:edge-type-only:read_bytes_per_op_mean	SemL0	edge-type-only	SF100	outgoing_typed_neighbor	edge_types=1,2,3,7,8,9,10,11,12; samples_per_type=5000; repeats=3; same_store_repeats				read_bytes_per_op_mean	19104.197977777778	bytes_per_operation	derived_from_reported_means	w6_sf100_core_typed	PASS (45,000)	SECONDARY_ONLY_READER_OVERREAD	REUSE	cidr-experiments/data/source-cache/sf100-matrix-20260613-cn.md#Aggregate Matrix row=edge-type-only column=read bytes mean+/-std / cidr-experiments/data/source-cache/sf100-matrix-20260613-cn.md#Aggregate Matrix row=edge-type-only column=ops/repeat	cidr-experiments/data/source-cache/sf100-matrix-20260613-cn.md#Aggregate Matrix; lsmgraph-rs/baseline/run_w6_sf100_matrix_20260613.sh: EDGE_TYPES/SAMPLES/REPEATS and sample-plan reuse	W6 variants are precomposed layouts rather than one-switch component isolation; repeats reuse one imported store and are not independent process trials. Read-byte metrics retain the reader-overread caveat.
fig2-component-ablation	w6-layout-matrix	w6_sf100_fig2	SF100:edge-type-only:avg_latency_us_mean	SemL0	edge-type-only	SF100	outgoing_typed_neighbor	edge_types=1,2,3,7,8,9,10,11,12; samples_per_type=5000; repeats=3; same_store_repeats				avg_latency_us_mean	8676.5	us_per_operation	mean_across_same_store_repeats	w6_sf100_core_typed	PASS (45,000)	PLOT_WITH_CAVEAT	REUSE	cidr-experiments/data/source-cache/sf100-matrix-20260613-cn.md#Aggregate Matrix row=edge-type-only column=avg us mean+/-std	cidr-experiments/data/source-cache/sf100-matrix-20260613-cn.md#Aggregate Matrix; lsmgraph-rs/baseline/run_w6_sf100_matrix_20260613.sh: EDGE_TYPES/SAMPLES/REPEATS and sample-plan reuse	W6 variants are precomposed layouts rather than one-switch component isolation; repeats reuse one imported store and are not independent process trials. Read-byte metrics retain the reader-overread caveat.
fig2-component-ablation	w6-layout-matrix	w6_sf100_fig2	SF100:edge-type-only:avg_latency_us_std	SemL0	edge-type-only	SF100	outgoing_typed_neighbor	edge_types=1,2,3,7,8,9,10,11,12; samples_per_type=5000; repeats=3; same_store_repeats				avg_latency_us_std	16.3	us_per_operation	stddev_across_same_store_repeats	w6_sf100_core_typed	PASS (45,000)	PLOT_WITH_CAVEAT	REUSE	cidr-experiments/data/source-cache/sf100-matrix-20260613-cn.md#Aggregate Matrix row=edge-type-only column=avg us mean+/-std	cidr-experiments/data/source-cache/sf100-matrix-20260613-cn.md#Aggregate Matrix; lsmgraph-rs/baseline/run_w6_sf100_matrix_20260613.sh: EDGE_TYPES/SAMPLES/REPEATS and sample-plan reuse	W6 variants are precomposed layouts rather than one-switch component isolation; repeats reuse one imported store and are not independent process trials. Read-byte metrics retain the reader-overread caveat.
fig2-component-ablation	w6-layout-matrix	w6_sf100_fig2	SF100:edge-type-only:p50_edge_mean_us	SemL0	edge-type-only	SF100	outgoing_typed_neighbor	edge_types=1,2,3,7,8,9,10,11,12; samples_per_type=5000; repeats=3; same_store_repeats				p50_edge_mean_us	9111	us	mean_of_per_edge_type_percentiles_across_repeats	w6_sf100_core_typed	PASS (45,000)	PLOT_WITH_CAVEAT	REUSE	cidr-experiments/data/source-cache/sf100-matrix-20260613-cn.md#Aggregate Matrix row=edge-type-only column=p50/p90/p99 edge-mean us	cidr-experiments/data/source-cache/sf100-matrix-20260613-cn.md#Aggregate Matrix; lsmgraph-rs/baseline/run_w6_sf100_matrix_20260613.sh: EDGE_TYPES/SAMPLES/REPEATS and sample-plan reuse	W6 variants are precomposed layouts rather than one-switch component isolation; repeats reuse one imported store and are not independent process trials. Read-byte metrics retain the reader-overread caveat.
fig2-component-ablation	w6-layout-matrix	w6_sf100_fig2	SF100:edge-type-only:p50_edge_mean_std_us	SemL0	edge-type-only	SF100	outgoing_typed_neighbor	edge_types=1,2,3,7,8,9,10,11,12; samples_per_type=5000; repeats=3; same_store_repeats				p50_edge_mean_std_us	45	us	stddev_of_per_edge_type_percentiles_across_repeats	w6_sf100_core_typed	PASS (45,000)	PLOT_WITH_CAVEAT	REUSE	cidr-experiments/data/source-cache/sf100-matrix-20260613-cn.md#Aggregate Matrix row=edge-type-only column=p50/p90/p99 edge-mean us	cidr-experiments/data/source-cache/sf100-matrix-20260613-cn.md#Aggregate Matrix; lsmgraph-rs/baseline/run_w6_sf100_matrix_20260613.sh: EDGE_TYPES/SAMPLES/REPEATS and sample-plan reuse	W6 variants are precomposed layouts rather than one-switch component isolation; repeats reuse one imported store and are not independent process trials. Read-byte metrics retain the reader-overread caveat.
fig2-component-ablation	w6-layout-matrix	w6_sf100_fig2	SF100:edge-type-only:p90_edge_mean_us	SemL0	edge-type-only	SF100	outgoing_typed_neighbor	edge_types=1,2,3,7,8,9,10,11,12; samples_per_type=5000; repeats=3; same_store_repeats				p90_edge_mean_us	22278	us	mean_of_per_edge_type_percentiles_across_repeats	w6_sf100_core_typed	PASS (45,000)	PLOT_WITH_CAVEAT	REUSE	cidr-experiments/data/source-cache/sf100-matrix-20260613-cn.md#Aggregate Matrix row=edge-type-only column=p50/p90/p99 edge-mean us	cidr-experiments/data/source-cache/sf100-matrix-20260613-cn.md#Aggregate Matrix; lsmgraph-rs/baseline/run_w6_sf100_matrix_20260613.sh: EDGE_TYPES/SAMPLES/REPEATS and sample-plan reuse	W6 variants are precomposed layouts rather than one-switch component isolation; repeats reuse one imported store and are not independent process trials. Read-byte metrics retain the reader-overread caveat.
fig2-component-ablation	w6-layout-matrix	w6_sf100_fig2	SF100:edge-type-only:p90_edge_mean_std_us	SemL0	edge-type-only	SF100	outgoing_typed_neighbor	edge_types=1,2,3,7,8,9,10,11,12; samples_per_type=5000; repeats=3; same_store_repeats				p90_edge_mean_std_us	1260	us	stddev_of_per_edge_type_percentiles_across_repeats	w6_sf100_core_typed	PASS (45,000)	PLOT_WITH_CAVEAT	REUSE	cidr-experiments/data/source-cache/sf100-matrix-20260613-cn.md#Aggregate Matrix row=edge-type-only column=p50/p90/p99 edge-mean us	cidr-experiments/data/source-cache/sf100-matrix-20260613-cn.md#Aggregate Matrix; lsmgraph-rs/baseline/run_w6_sf100_matrix_20260613.sh: EDGE_TYPES/SAMPLES/REPEATS and sample-plan reuse	W6 variants are precomposed layouts rather than one-switch component isolation; repeats reuse one imported store and are not independent process trials. Read-byte metrics retain the reader-overread caveat.
fig2-component-ablation	w6-layout-matrix	w6_sf100_fig2	SF100:edge-type-only:p99_edge_mean_us	SemL0	edge-type-only	SF100	outgoing_typed_neighbor	edge_types=1,2,3,7,8,9,10,11,12; samples_per_type=5000; repeats=3; same_store_repeats				p99_edge_mean_us	31074	us	mean_of_per_edge_type_percentiles_across_repeats	w6_sf100_core_typed	PASS (45,000)	PLOT_WITH_CAVEAT	REUSE	cidr-experiments/data/source-cache/sf100-matrix-20260613-cn.md#Aggregate Matrix row=edge-type-only column=p50/p90/p99 edge-mean us	cidr-experiments/data/source-cache/sf100-matrix-20260613-cn.md#Aggregate Matrix; lsmgraph-rs/baseline/run_w6_sf100_matrix_20260613.sh: EDGE_TYPES/SAMPLES/REPEATS and sample-plan reuse	W6 variants are precomposed layouts rather than one-switch component isolation; repeats reuse one imported store and are not independent process trials. Read-byte metrics retain the reader-overread caveat.
fig2-component-ablation	w6-layout-matrix	w6_sf100_fig2	SF100:edge-type-only:p99_edge_mean_std_us	SemL0	edge-type-only	SF100	outgoing_typed_neighbor	edge_types=1,2,3,7,8,9,10,11,12; samples_per_type=5000; repeats=3; same_store_repeats				p99_edge_mean_std_us	114	us	stddev_of_per_edge_type_percentiles_across_repeats	w6_sf100_core_typed	PASS (45,000)	PLOT_WITH_CAVEAT	REUSE	cidr-experiments/data/source-cache/sf100-matrix-20260613-cn.md#Aggregate Matrix row=edge-type-only column=p50/p90/p99 edge-mean us	cidr-experiments/data/source-cache/sf100-matrix-20260613-cn.md#Aggregate Matrix; lsmgraph-rs/baseline/run_w6_sf100_matrix_20260613.sh: EDGE_TYPES/SAMPLES/REPEATS and sample-plan reuse	W6 variants are precomposed layouts rather than one-switch component isolation; repeats reuse one imported store and are not independent process trials. Read-byte metrics retain the reader-overread caveat.
fig2-component-ablation	w6-layout-matrix	w6_sf100_fig2	SF100:edge-type-only:correctness_checked	SemL0	edge-type-only	SF100	outgoing_typed_neighbor	edge_types=1,2,3,7,8,9,10,11,12; samples_per_type=5000; repeats=3; same_store_repeats				correctness_checked	45000	queries	naive_anchor_compare	w6_sf100_core_typed	PASS (45,000)	PLOT_WITH_CAVEAT	REUSE	cidr-experiments/data/source-cache/sf100-matrix-20260613-cn.md#Correctness Compares row=edge-type-only column=checked	cidr-experiments/data/source-cache/sf100-matrix-20260613-cn.md#Aggregate Matrix; lsmgraph-rs/baseline/run_w6_sf100_matrix_20260613.sh: EDGE_TYPES/SAMPLES/REPEATS and sample-plan reuse	W6 variants are precomposed layouts rather than one-switch component isolation; repeats reuse one imported store and are not independent process trials. Read-byte metrics retain the reader-overread caveat.
fig2-component-ablation	w6-layout-matrix	w6_sf100_fig2	SF100:edge-type-only:correctness_mismatches	SemL0	edge-type-only	SF100	outgoing_typed_neighbor	edge_types=1,2,3,7,8,9,10,11,12; samples_per_type=5000; repeats=3; same_store_repeats				correctness_mismatches	0	queries	naive_anchor_compare	w6_sf100_core_typed	PASS (45,000)	PLOT_WITH_CAVEAT	REUSE	cidr-experiments/data/source-cache/sf100-matrix-20260613-cn.md#Correctness Compares row=edge-type-only column=mismatches	cidr-experiments/data/source-cache/sf100-matrix-20260613-cn.md#Aggregate Matrix; lsmgraph-rs/baseline/run_w6_sf100_matrix_20260613.sh: EDGE_TYPES/SAMPLES/REPEATS and sample-plan reuse	W6 variants are precomposed layouts rather than one-switch component isolation; repeats reuse one imported store and are not independent process trials. Read-byte metrics retain the reader-overread caveat.
fig2-component-ablation	w6-layout-matrix	w6_sf100_fig2	SF100:edge-type-only:import_max_rss_gib_reported	SemL0	edge-type-only	SF100	outgoing_typed_neighbor	edge_types=1,2,3,7,8,9,10,11,12; samples_per_type=5000; repeats=3; same_store_repeats				import_max_rss_gib_reported	2.53	GiB_reported	single_import_time_v	w6_sf100_core_typed	PASS (45,000)	PLOT_WITH_CAVEAT	REUSE	cidr-experiments/data/source-cache/sf100-matrix-20260613-cn.md#Import RSS row=edge-type-only column=max RSS GiB	cidr-experiments/data/source-cache/sf100-matrix-20260613-cn.md#Aggregate Matrix; lsmgraph-rs/baseline/run_w6_sf100_matrix_20260613.sh: EDGE_TYPES/SAMPLES/REPEATS and sample-plan reuse	W6 variants are precomposed layouts rather than one-switch component isolation; repeats reuse one imported store and are not independent process trials. Read-byte metrics retain the reader-overread caveat.
fig2-component-ablation	w6-layout-matrix	w6_sf100_fig2	SF100:semantic:ops_per_repeat	SemL0	semantic	SF100	outgoing_typed_neighbor	edge_types=1,2,3,7,8,9,10,11,12; samples_per_type=5000; repeats=3; same_store_repeats				ops_per_repeat	45000	operations	protocol_count	w6_sf100_core_typed	PASS (45,000)	PLOT_WITH_CAVEAT	REUSE	cidr-experiments/data/source-cache/sf100-matrix-20260613-cn.md#Aggregate Matrix row=semantic column=ops/repeat	cidr-experiments/data/source-cache/sf100-matrix-20260613-cn.md#Aggregate Matrix; lsmgraph-rs/baseline/run_w6_sf100_matrix_20260613.sh: EDGE_TYPES/SAMPLES/REPEATS and sample-plan reuse	W6 variants are precomposed layouts rather than one-switch component isolation; repeats reuse one imported store and are not independent process trials. Read-byte metrics retain the reader-overread caveat.
fig2-component-ablation	w6-layout-matrix	w6_sf100_fig2	SF100:semantic:store_size_gib_reported	SemL0	semantic	SF100	outgoing_typed_neighbor	edge_types=1,2,3,7,8,9,10,11,12; samples_per_type=5000; repeats=3; same_store_repeats				store_size_gib_reported	146.4	GiB_reported	single_import	w6_sf100_core_typed	PASS (45,000)	PLOT_WITH_CAVEAT	REUSE	cidr-experiments/data/source-cache/sf100-matrix-20260613-cn.md#Aggregate Matrix row=semantic column=store GiB	cidr-experiments/data/source-cache/sf100-matrix-20260613-cn.md#Aggregate Matrix; lsmgraph-rs/baseline/run_w6_sf100_matrix_20260613.sh: EDGE_TYPES/SAMPLES/REPEATS and sample-plan reuse	W6 variants are precomposed layouts rather than one-switch component isolation; repeats reuse one imported store and are not independent process trials. Read-byte metrics retain the reader-overread caveat.
fig2-component-ablation	w6-layout-matrix	w6_sf100_fig2	SF100:semantic:l0_files	SemL0	semantic	SF100	outgoing_typed_neighbor	edge_types=1,2,3,7,8,9,10,11,12; samples_per_type=5000; repeats=3; same_store_repeats				l0_files	6615	files	single_import	w6_sf100_core_typed	PASS (45,000)	PLOT_WITH_CAVEAT	REUSE	cidr-experiments/data/source-cache/sf100-matrix-20260613-cn.md#Aggregate Matrix row=semantic column=L0 files	cidr-experiments/data/source-cache/sf100-matrix-20260613-cn.md#Aggregate Matrix; lsmgraph-rs/baseline/run_w6_sf100_matrix_20260613.sh: EDGE_TYPES/SAMPLES/REPEATS and sample-plan reuse	W6 variants are precomposed layouts rather than one-switch component isolation; repeats reuse one imported store and are not independent process trials. Read-byte metrics retain the reader-overread caveat.
fig2-component-ablation	w6-layout-matrix	w6_sf100_fig2	SF100:semantic:candidate_l0_total_mean	SemL0	semantic	SF100	outgoing_typed_neighbor	edge_types=1,2,3,7,8,9,10,11,12; samples_per_type=5000; repeats=3; same_store_repeats				candidate_l0_total_mean	7782877	segments_per_repeat	mean_across_same_store_repeats	w6_sf100_core_typed	PASS (45,000)	PLOT_WITH_CAVEAT	REUSE	cidr-experiments/data/source-cache/sf100-matrix-20260613-cn.md#Aggregate Matrix row=semantic column=candidate L0 mean+/-std	cidr-experiments/data/source-cache/sf100-matrix-20260613-cn.md#Aggregate Matrix; lsmgraph-rs/baseline/run_w6_sf100_matrix_20260613.sh: EDGE_TYPES/SAMPLES/REPEATS and sample-plan reuse	W6 variants are precomposed layouts rather than one-switch component isolation; repeats reuse one imported store and are not independent process trials. Read-byte metrics retain the reader-overread caveat.
fig2-component-ablation	w6-layout-matrix	w6_sf100_fig2	SF100:semantic:candidate_l0_total_std	SemL0	semantic	SF100	outgoing_typed_neighbor	edge_types=1,2,3,7,8,9,10,11,12; samples_per_type=5000; repeats=3; same_store_repeats				candidate_l0_total_std	0	segments_per_repeat	stddev_across_same_store_repeats	w6_sf100_core_typed	PASS (45,000)	PLOT_WITH_CAVEAT	REUSE	cidr-experiments/data/source-cache/sf100-matrix-20260613-cn.md#Aggregate Matrix row=semantic column=candidate L0 mean+/-std	cidr-experiments/data/source-cache/sf100-matrix-20260613-cn.md#Aggregate Matrix; lsmgraph-rs/baseline/run_w6_sf100_matrix_20260613.sh: EDGE_TYPES/SAMPLES/REPEATS and sample-plan reuse	W6 variants are precomposed layouts rather than one-switch component isolation; repeats reuse one imported store and are not independent process trials. Read-byte metrics retain the reader-overread caveat.
fig2-component-ablation	w6-layout-matrix	w6_sf100_fig2	SF100:semantic:candidate_l0_per_op_mean	SemL0	semantic	SF100	outgoing_typed_neighbor	edge_types=1,2,3,7,8,9,10,11,12; samples_per_type=5000; repeats=3; same_store_repeats				candidate_l0_per_op_mean	172.9528222222222	segments_per_operation	derived_from_reported_means	w6_sf100_core_typed	PASS (45,000)	PLOT_WITH_CAVEAT	REUSE	cidr-experiments/data/source-cache/sf100-matrix-20260613-cn.md#Aggregate Matrix row=semantic column=candidate L0 mean+/-std / cidr-experiments/data/source-cache/sf100-matrix-20260613-cn.md#Aggregate Matrix row=semantic column=ops/repeat	cidr-experiments/data/source-cache/sf100-matrix-20260613-cn.md#Aggregate Matrix; lsmgraph-rs/baseline/run_w6_sf100_matrix_20260613.sh: EDGE_TYPES/SAMPLES/REPEATS and sample-plan reuse	W6 variants are precomposed layouts rather than one-switch component isolation; repeats reuse one imported store and are not independent process trials. Read-byte metrics retain the reader-overread caveat.
fig2-component-ablation	w6-layout-matrix	w6_sf100_fig2	SF100:semantic:candidate_l0_per_op_std	SemL0	semantic	SF100	outgoing_typed_neighbor	edge_types=1,2,3,7,8,9,10,11,12; samples_per_type=5000; repeats=3; same_store_repeats				candidate_l0_per_op_std	0	segments_per_operation	derived_from_reported_stddev	w6_sf100_core_typed	PASS (45,000)	PLOT_WITH_CAVEAT	REUSE	cidr-experiments/data/source-cache/sf100-matrix-20260613-cn.md#Aggregate Matrix row=semantic column=candidate L0 mean+/-std / cidr-experiments/data/source-cache/sf100-matrix-20260613-cn.md#Aggregate Matrix row=semantic column=ops/repeat	cidr-experiments/data/source-cache/sf100-matrix-20260613-cn.md#Aggregate Matrix; lsmgraph-rs/baseline/run_w6_sf100_matrix_20260613.sh: EDGE_TYPES/SAMPLES/REPEATS and sample-plan reuse	W6 variants are precomposed layouts rather than one-switch component isolation; repeats reuse one imported store and are not independent process trials. Read-byte metrics retain the reader-overread caveat.
fig2-component-ablation	w6-layout-matrix	w6_sf100_fig2	SF100:semantic:read_bytes_total_mean	SemL0	semantic	SF100	outgoing_typed_neighbor	edge_types=1,2,3,7,8,9,10,11,12; samples_per_type=5000; repeats=3; same_store_repeats				read_bytes_total_mean	673877573	bytes_per_repeat	mean_across_same_store_repeats	w6_sf100_core_typed	PASS (45,000)	SECONDARY_ONLY_READER_OVERREAD	REUSE	cidr-experiments/data/source-cache/sf100-matrix-20260613-cn.md#Aggregate Matrix row=semantic column=read bytes mean+/-std	cidr-experiments/data/source-cache/sf100-matrix-20260613-cn.md#Aggregate Matrix; lsmgraph-rs/baseline/run_w6_sf100_matrix_20260613.sh: EDGE_TYPES/SAMPLES/REPEATS and sample-plan reuse	W6 variants are precomposed layouts rather than one-switch component isolation; repeats reuse one imported store and are not independent process trials. Read-byte metrics retain the reader-overread caveat.
fig2-component-ablation	w6-layout-matrix	w6_sf100_fig2	SF100:semantic:read_bytes_total_std	SemL0	semantic	SF100	outgoing_typed_neighbor	edge_types=1,2,3,7,8,9,10,11,12; samples_per_type=5000; repeats=3; same_store_repeats				read_bytes_total_std	453538953	bytes_per_repeat	stddev_across_same_store_repeats	w6_sf100_core_typed	PASS (45,000)	SECONDARY_ONLY_READER_OVERREAD	REUSE	cidr-experiments/data/source-cache/sf100-matrix-20260613-cn.md#Aggregate Matrix row=semantic column=read bytes mean+/-std	cidr-experiments/data/source-cache/sf100-matrix-20260613-cn.md#Aggregate Matrix; lsmgraph-rs/baseline/run_w6_sf100_matrix_20260613.sh: EDGE_TYPES/SAMPLES/REPEATS and sample-plan reuse	W6 variants are precomposed layouts rather than one-switch component isolation; repeats reuse one imported store and are not independent process trials. Read-byte metrics retain the reader-overread caveat.
fig2-component-ablation	w6-layout-matrix	w6_sf100_fig2	SF100:semantic:read_bytes_per_op_mean	SemL0	semantic	SF100	outgoing_typed_neighbor	edge_types=1,2,3,7,8,9,10,11,12; samples_per_type=5000; repeats=3; same_store_repeats				read_bytes_per_op_mean	14975.057177777779	bytes_per_operation	derived_from_reported_means	w6_sf100_core_typed	PASS (45,000)	SECONDARY_ONLY_READER_OVERREAD	REUSE	cidr-experiments/data/source-cache/sf100-matrix-20260613-cn.md#Aggregate Matrix row=semantic column=read bytes mean+/-std / cidr-experiments/data/source-cache/sf100-matrix-20260613-cn.md#Aggregate Matrix row=semantic column=ops/repeat	cidr-experiments/data/source-cache/sf100-matrix-20260613-cn.md#Aggregate Matrix; lsmgraph-rs/baseline/run_w6_sf100_matrix_20260613.sh: EDGE_TYPES/SAMPLES/REPEATS and sample-plan reuse	W6 variants are precomposed layouts rather than one-switch component isolation; repeats reuse one imported store and are not independent process trials. Read-byte metrics retain the reader-overread caveat.
fig2-component-ablation	w6-layout-matrix	w6_sf100_fig2	SF100:semantic:avg_latency_us_mean	SemL0	semantic	SF100	outgoing_typed_neighbor	edge_types=1,2,3,7,8,9,10,11,12; samples_per_type=5000; repeats=3; same_store_repeats				avg_latency_us_mean	8250.9	us_per_operation	mean_across_same_store_repeats	w6_sf100_core_typed	PASS (45,000)	PLOT_WITH_CAVEAT	REUSE	cidr-experiments/data/source-cache/sf100-matrix-20260613-cn.md#Aggregate Matrix row=semantic column=avg us mean+/-std	cidr-experiments/data/source-cache/sf100-matrix-20260613-cn.md#Aggregate Matrix; lsmgraph-rs/baseline/run_w6_sf100_matrix_20260613.sh: EDGE_TYPES/SAMPLES/REPEATS and sample-plan reuse	W6 variants are precomposed layouts rather than one-switch component isolation; repeats reuse one imported store and are not independent process trials. Read-byte metrics retain the reader-overread caveat.
fig2-component-ablation	w6-layout-matrix	w6_sf100_fig2	SF100:semantic:avg_latency_us_std	SemL0	semantic	SF100	outgoing_typed_neighbor	edge_types=1,2,3,7,8,9,10,11,12; samples_per_type=5000; repeats=3; same_store_repeats				avg_latency_us_std	37.1	us_per_operation	stddev_across_same_store_repeats	w6_sf100_core_typed	PASS (45,000)	PLOT_WITH_CAVEAT	REUSE	cidr-experiments/data/source-cache/sf100-matrix-20260613-cn.md#Aggregate Matrix row=semantic column=avg us mean+/-std	cidr-experiments/data/source-cache/sf100-matrix-20260613-cn.md#Aggregate Matrix; lsmgraph-rs/baseline/run_w6_sf100_matrix_20260613.sh: EDGE_TYPES/SAMPLES/REPEATS and sample-plan reuse	W6 variants are precomposed layouts rather than one-switch component isolation; repeats reuse one imported store and are not independent process trials. Read-byte metrics retain the reader-overread caveat.
fig2-component-ablation	w6-layout-matrix	w6_sf100_fig2	SF100:semantic:p50_edge_mean_us	SemL0	semantic	SF100	outgoing_typed_neighbor	edge_types=1,2,3,7,8,9,10,11,12; samples_per_type=5000; repeats=3; same_store_repeats				p50_edge_mean_us	8733	us	mean_of_per_edge_type_percentiles_across_repeats	w6_sf100_core_typed	PASS (45,000)	PLOT_WITH_CAVEAT	REUSE	cidr-experiments/data/source-cache/sf100-matrix-20260613-cn.md#Aggregate Matrix row=semantic column=p50/p90/p99 edge-mean us	cidr-experiments/data/source-cache/sf100-matrix-20260613-cn.md#Aggregate Matrix; lsmgraph-rs/baseline/run_w6_sf100_matrix_20260613.sh: EDGE_TYPES/SAMPLES/REPEATS and sample-plan reuse	W6 variants are precomposed layouts rather than one-switch component isolation; repeats reuse one imported store and are not independent process trials. Read-byte metrics retain the reader-overread caveat.
fig2-component-ablation	w6-layout-matrix	w6_sf100_fig2	SF100:semantic:p50_edge_mean_std_us	SemL0	semantic	SF100	outgoing_typed_neighbor	edge_types=1,2,3,7,8,9,10,11,12; samples_per_type=5000; repeats=3; same_store_repeats				p50_edge_mean_std_us	5	us	stddev_of_per_edge_type_percentiles_across_repeats	w6_sf100_core_typed	PASS (45,000)	PLOT_WITH_CAVEAT	REUSE	cidr-experiments/data/source-cache/sf100-matrix-20260613-cn.md#Aggregate Matrix row=semantic column=p50/p90/p99 edge-mean us	cidr-experiments/data/source-cache/sf100-matrix-20260613-cn.md#Aggregate Matrix; lsmgraph-rs/baseline/run_w6_sf100_matrix_20260613.sh: EDGE_TYPES/SAMPLES/REPEATS and sample-plan reuse	W6 variants are precomposed layouts rather than one-switch component isolation; repeats reuse one imported store and are not independent process trials. Read-byte metrics retain the reader-overread caveat.
fig2-component-ablation	w6-layout-matrix	w6_sf100_fig2	SF100:semantic:p90_edge_mean_us	SemL0	semantic	SF100	outgoing_typed_neighbor	edge_types=1,2,3,7,8,9,10,11,12; samples_per_type=5000; repeats=3; same_store_repeats				p90_edge_mean_us	20989	us	mean_of_per_edge_type_percentiles_across_repeats	w6_sf100_core_typed	PASS (45,000)	PLOT_WITH_CAVEAT	REUSE	cidr-experiments/data/source-cache/sf100-matrix-20260613-cn.md#Aggregate Matrix row=semantic column=p50/p90/p99 edge-mean us	cidr-experiments/data/source-cache/sf100-matrix-20260613-cn.md#Aggregate Matrix; lsmgraph-rs/baseline/run_w6_sf100_matrix_20260613.sh: EDGE_TYPES/SAMPLES/REPEATS and sample-plan reuse	W6 variants are precomposed layouts rather than one-switch component isolation; repeats reuse one imported store and are not independent process trials. Read-byte metrics retain the reader-overread caveat.
fig2-component-ablation	w6-layout-matrix	w6_sf100_fig2	SF100:semantic:p90_edge_mean_std_us	SemL0	semantic	SF100	outgoing_typed_neighbor	edge_types=1,2,3,7,8,9,10,11,12; samples_per_type=5000; repeats=3; same_store_repeats				p90_edge_mean_std_us	79	us	stddev_of_per_edge_type_percentiles_across_repeats	w6_sf100_core_typed	PASS (45,000)	PLOT_WITH_CAVEAT	REUSE	cidr-experiments/data/source-cache/sf100-matrix-20260613-cn.md#Aggregate Matrix row=semantic column=p50/p90/p99 edge-mean us	cidr-experiments/data/source-cache/sf100-matrix-20260613-cn.md#Aggregate Matrix; lsmgraph-rs/baseline/run_w6_sf100_matrix_20260613.sh: EDGE_TYPES/SAMPLES/REPEATS and sample-plan reuse	W6 variants are precomposed layouts rather than one-switch component isolation; repeats reuse one imported store and are not independent process trials. Read-byte metrics retain the reader-overread caveat.
fig2-component-ablation	w6-layout-matrix	w6_sf100_fig2	SF100:semantic:p99_edge_mean_us	SemL0	semantic	SF100	outgoing_typed_neighbor	edge_types=1,2,3,7,8,9,10,11,12; samples_per_type=5000; repeats=3; same_store_repeats				p99_edge_mean_us	30415	us	mean_of_per_edge_type_percentiles_across_repeats	w6_sf100_core_typed	PASS (45,000)	PLOT_WITH_CAVEAT	REUSE	cidr-experiments/data/source-cache/sf100-matrix-20260613-cn.md#Aggregate Matrix row=semantic column=p50/p90/p99 edge-mean us	cidr-experiments/data/source-cache/sf100-matrix-20260613-cn.md#Aggregate Matrix; lsmgraph-rs/baseline/run_w6_sf100_matrix_20260613.sh: EDGE_TYPES/SAMPLES/REPEATS and sample-plan reuse	W6 variants are precomposed layouts rather than one-switch component isolation; repeats reuse one imported store and are not independent process trials. Read-byte metrics retain the reader-overread caveat.
fig2-component-ablation	w6-layout-matrix	w6_sf100_fig2	SF100:semantic:p99_edge_mean_std_us	SemL0	semantic	SF100	outgoing_typed_neighbor	edge_types=1,2,3,7,8,9,10,11,12; samples_per_type=5000; repeats=3; same_store_repeats				p99_edge_mean_std_us	13	us	stddev_of_per_edge_type_percentiles_across_repeats	w6_sf100_core_typed	PASS (45,000)	PLOT_WITH_CAVEAT	REUSE	cidr-experiments/data/source-cache/sf100-matrix-20260613-cn.md#Aggregate Matrix row=semantic column=p50/p90/p99 edge-mean us	cidr-experiments/data/source-cache/sf100-matrix-20260613-cn.md#Aggregate Matrix; lsmgraph-rs/baseline/run_w6_sf100_matrix_20260613.sh: EDGE_TYPES/SAMPLES/REPEATS and sample-plan reuse	W6 variants are precomposed layouts rather than one-switch component isolation; repeats reuse one imported store and are not independent process trials. Read-byte metrics retain the reader-overread caveat.
fig2-component-ablation	w6-layout-matrix	w6_sf100_fig2	SF100:semantic:correctness_checked	SemL0	semantic	SF100	outgoing_typed_neighbor	edge_types=1,2,3,7,8,9,10,11,12; samples_per_type=5000; repeats=3; same_store_repeats				correctness_checked	45000	queries	naive_anchor_compare	w6_sf100_core_typed	PASS (45,000)	PLOT_WITH_CAVEAT	REUSE	cidr-experiments/data/source-cache/sf100-matrix-20260613-cn.md#Correctness Compares row=semantic column=checked	cidr-experiments/data/source-cache/sf100-matrix-20260613-cn.md#Aggregate Matrix; lsmgraph-rs/baseline/run_w6_sf100_matrix_20260613.sh: EDGE_TYPES/SAMPLES/REPEATS and sample-plan reuse	W6 variants are precomposed layouts rather than one-switch component isolation; repeats reuse one imported store and are not independent process trials. Read-byte metrics retain the reader-overread caveat.
fig2-component-ablation	w6-layout-matrix	w6_sf100_fig2	SF100:semantic:correctness_mismatches	SemL0	semantic	SF100	outgoing_typed_neighbor	edge_types=1,2,3,7,8,9,10,11,12; samples_per_type=5000; repeats=3; same_store_repeats				correctness_mismatches	0	queries	naive_anchor_compare	w6_sf100_core_typed	PASS (45,000)	PLOT_WITH_CAVEAT	REUSE	cidr-experiments/data/source-cache/sf100-matrix-20260613-cn.md#Correctness Compares row=semantic column=mismatches	cidr-experiments/data/source-cache/sf100-matrix-20260613-cn.md#Aggregate Matrix; lsmgraph-rs/baseline/run_w6_sf100_matrix_20260613.sh: EDGE_TYPES/SAMPLES/REPEATS and sample-plan reuse	W6 variants are precomposed layouts rather than one-switch component isolation; repeats reuse one imported store and are not independent process trials. Read-byte metrics retain the reader-overread caveat.
fig2-component-ablation	w6-layout-matrix	w6_sf100_fig2	SF100:semantic:import_max_rss_gib_reported	SemL0	semantic	SF100	outgoing_typed_neighbor	edge_types=1,2,3,7,8,9,10,11,12; samples_per_type=5000; repeats=3; same_store_repeats				import_max_rss_gib_reported	118.03	GiB_reported	single_import_time_v	w6_sf100_core_typed	PASS (45,000)	PLOT_WITH_CAVEAT	REUSE	cidr-experiments/data/source-cache/sf100-matrix-20260613-cn.md#Import RSS row=semantic column=max RSS GiB	cidr-experiments/data/source-cache/sf100-matrix-20260613-cn.md#Aggregate Matrix; lsmgraph-rs/baseline/run_w6_sf100_matrix_20260613.sh: EDGE_TYPES/SAMPLES/REPEATS and sample-plan reuse	W6 variants are precomposed layouts rather than one-switch component isolation; repeats reuse one imported store and are not independent process trials. Read-byte metrics retain the reader-overread caveat.
fig2-component-ablation	w6-layout-matrix	w6_sf100_fig2	SF100:budg-b64:ops_per_repeat	SemL0	budg-b64	SF100	outgoing_typed_neighbor	edge_types=1,2,3,7,8,9,10,11,12; samples_per_type=5000; repeats=3; same_store_repeats				ops_per_repeat	45000	operations	protocol_count	w6_sf100_core_typed	PASS (45,000)	PLOT_WITH_CAVEAT	REUSE	cidr-experiments/data/source-cache/sf100-matrix-20260613-cn.md#Aggregate Matrix row=budg-b64 column=ops/repeat	cidr-experiments/data/source-cache/sf100-matrix-20260613-cn.md#Aggregate Matrix; lsmgraph-rs/baseline/run_w6_sf100_matrix_20260613.sh: EDGE_TYPES/SAMPLES/REPEATS and sample-plan reuse	W6 variants are precomposed layouts rather than one-switch component isolation; repeats reuse one imported store and are not independent process trials. Read-byte metrics retain the reader-overread caveat.
fig2-component-ablation	w6-layout-matrix	w6_sf100_fig2	SF100:budg-b64:store_size_gib_reported	SemL0	budg-b64	SF100	outgoing_typed_neighbor	edge_types=1,2,3,7,8,9,10,11,12; samples_per_type=5000; repeats=3; same_store_repeats				store_size_gib_reported	133.9	GiB_reported	single_import	w6_sf100_core_typed	PASS (45,000)	PLOT_WITH_CAVEAT	REUSE	cidr-experiments/data/source-cache/sf100-matrix-20260613-cn.md#Aggregate Matrix row=budg-b64 column=store GiB	cidr-experiments/data/source-cache/sf100-matrix-20260613-cn.md#Aggregate Matrix; lsmgraph-rs/baseline/run_w6_sf100_matrix_20260613.sh: EDGE_TYPES/SAMPLES/REPEATS and sample-plan reuse	W6 variants are precomposed layouts rather than one-switch component isolation; repeats reuse one imported store and are not independent process trials. Read-byte metrics retain the reader-overread caveat.
fig2-component-ablation	w6-layout-matrix	w6_sf100_fig2	SF100:budg-b64:l0_files	SemL0	budg-b64	SF100	outgoing_typed_neighbor	edge_types=1,2,3,7,8,9,10,11,12; samples_per_type=5000; repeats=3; same_store_repeats				l0_files	3483	files	single_import	w6_sf100_core_typed	PASS (45,000)	PLOT_WITH_CAVEAT	REUSE	cidr-experiments/data/source-cache/sf100-matrix-20260613-cn.md#Aggregate Matrix row=budg-b64 column=L0 files	cidr-experiments/data/source-cache/sf100-matrix-20260613-cn.md#Aggregate Matrix; lsmgraph-rs/baseline/run_w6_sf100_matrix_20260613.sh: EDGE_TYPES/SAMPLES/REPEATS and sample-plan reuse	W6 variants are precomposed layouts rather than one-switch component isolation; repeats reuse one imported store and are not independent process trials. Read-byte metrics retain the reader-overread caveat.
fig2-component-ablation	w6-layout-matrix	w6_sf100_fig2	SF100:budg-b64:candidate_l0_total_mean	SemL0	budg-b64	SF100	outgoing_typed_neighbor	edge_types=1,2,3,7,8,9,10,11,12; samples_per_type=5000; repeats=3; same_store_repeats				candidate_l0_total_mean	6022507	segments_per_repeat	mean_across_same_store_repeats	w6_sf100_core_typed	PASS (45,000)	PLOT_WITH_CAVEAT	REUSE	cidr-experiments/data/source-cache/sf100-matrix-20260613-cn.md#Aggregate Matrix row=budg-b64 column=candidate L0 mean+/-std	cidr-experiments/data/source-cache/sf100-matrix-20260613-cn.md#Aggregate Matrix; lsmgraph-rs/baseline/run_w6_sf100_matrix_20260613.sh: EDGE_TYPES/SAMPLES/REPEATS and sample-plan reuse	W6 variants are precomposed layouts rather than one-switch component isolation; repeats reuse one imported store and are not independent process trials. Read-byte metrics retain the reader-overread caveat.
fig2-component-ablation	w6-layout-matrix	w6_sf100_fig2	SF100:budg-b64:candidate_l0_total_std	SemL0	budg-b64	SF100	outgoing_typed_neighbor	edge_types=1,2,3,7,8,9,10,11,12; samples_per_type=5000; repeats=3; same_store_repeats				candidate_l0_total_std	0	segments_per_repeat	stddev_across_same_store_repeats	w6_sf100_core_typed	PASS (45,000)	PLOT_WITH_CAVEAT	REUSE	cidr-experiments/data/source-cache/sf100-matrix-20260613-cn.md#Aggregate Matrix row=budg-b64 column=candidate L0 mean+/-std	cidr-experiments/data/source-cache/sf100-matrix-20260613-cn.md#Aggregate Matrix; lsmgraph-rs/baseline/run_w6_sf100_matrix_20260613.sh: EDGE_TYPES/SAMPLES/REPEATS and sample-plan reuse	W6 variants are precomposed layouts rather than one-switch component isolation; repeats reuse one imported store and are not independent process trials. Read-byte metrics retain the reader-overread caveat.
fig2-component-ablation	w6-layout-matrix	w6_sf100_fig2	SF100:budg-b64:candidate_l0_per_op_mean	SemL0	budg-b64	SF100	outgoing_typed_neighbor	edge_types=1,2,3,7,8,9,10,11,12; samples_per_type=5000; repeats=3; same_store_repeats				candidate_l0_per_op_mean	133.8334888888889	segments_per_operation	derived_from_reported_means	w6_sf100_core_typed	PASS (45,000)	PLOT_WITH_CAVEAT	REUSE	cidr-experiments/data/source-cache/sf100-matrix-20260613-cn.md#Aggregate Matrix row=budg-b64 column=candidate L0 mean+/-std / cidr-experiments/data/source-cache/sf100-matrix-20260613-cn.md#Aggregate Matrix row=budg-b64 column=ops/repeat	cidr-experiments/data/source-cache/sf100-matrix-20260613-cn.md#Aggregate Matrix; lsmgraph-rs/baseline/run_w6_sf100_matrix_20260613.sh: EDGE_TYPES/SAMPLES/REPEATS and sample-plan reuse	W6 variants are precomposed layouts rather than one-switch component isolation; repeats reuse one imported store and are not independent process trials. Read-byte metrics retain the reader-overread caveat.
fig2-component-ablation	w6-layout-matrix	w6_sf100_fig2	SF100:budg-b64:candidate_l0_per_op_std	SemL0	budg-b64	SF100	outgoing_typed_neighbor	edge_types=1,2,3,7,8,9,10,11,12; samples_per_type=5000; repeats=3; same_store_repeats				candidate_l0_per_op_std	0	segments_per_operation	derived_from_reported_stddev	w6_sf100_core_typed	PASS (45,000)	PLOT_WITH_CAVEAT	REUSE	cidr-experiments/data/source-cache/sf100-matrix-20260613-cn.md#Aggregate Matrix row=budg-b64 column=candidate L0 mean+/-std / cidr-experiments/data/source-cache/sf100-matrix-20260613-cn.md#Aggregate Matrix row=budg-b64 column=ops/repeat	cidr-experiments/data/source-cache/sf100-matrix-20260613-cn.md#Aggregate Matrix; lsmgraph-rs/baseline/run_w6_sf100_matrix_20260613.sh: EDGE_TYPES/SAMPLES/REPEATS and sample-plan reuse	W6 variants are precomposed layouts rather than one-switch component isolation; repeats reuse one imported store and are not independent process trials. Read-byte metrics retain the reader-overread caveat.
fig2-component-ablation	w6-layout-matrix	w6_sf100_fig2	SF100:budg-b64:read_bytes_total_mean	SemL0	budg-b64	SF100	outgoing_typed_neighbor	edge_types=1,2,3,7,8,9,10,11,12; samples_per_type=5000; repeats=3; same_store_repeats				read_bytes_total_mean	859490557	bytes_per_repeat	mean_across_same_store_repeats	w6_sf100_core_typed	PASS (45,000)	SECONDARY_ONLY_READER_OVERREAD	REUSE	cidr-experiments/data/source-cache/sf100-matrix-20260613-cn.md#Aggregate Matrix row=budg-b64 column=read bytes mean+/-std	cidr-experiments/data/source-cache/sf100-matrix-20260613-cn.md#Aggregate Matrix; lsmgraph-rs/baseline/run_w6_sf100_matrix_20260613.sh: EDGE_TYPES/SAMPLES/REPEATS and sample-plan reuse	W6 variants are precomposed layouts rather than one-switch component isolation; repeats reuse one imported store and are not independent process trials. Read-byte metrics retain the reader-overread caveat.
fig2-component-ablation	w6-layout-matrix	w6_sf100_fig2	SF100:budg-b64:read_bytes_total_std	SemL0	budg-b64	SF100	outgoing_typed_neighbor	edge_types=1,2,3,7,8,9,10,11,12; samples_per_type=5000; repeats=3; same_store_repeats				read_bytes_total_std	697318824	bytes_per_repeat	stddev_across_same_store_repeats	w6_sf100_core_typed	PASS (45,000)	SECONDARY_ONLY_READER_OVERREAD	REUSE	cidr-experiments/data/source-cache/sf100-matrix-20260613-cn.md#Aggregate Matrix row=budg-b64 column=read bytes mean+/-std	cidr-experiments/data/source-cache/sf100-matrix-20260613-cn.md#Aggregate Matrix; lsmgraph-rs/baseline/run_w6_sf100_matrix_20260613.sh: EDGE_TYPES/SAMPLES/REPEATS and sample-plan reuse	W6 variants are precomposed layouts rather than one-switch component isolation; repeats reuse one imported store and are not independent process trials. Read-byte metrics retain the reader-overread caveat.
fig2-component-ablation	w6-layout-matrix	w6_sf100_fig2	SF100:budg-b64:read_bytes_per_op_mean	SemL0	budg-b64	SF100	outgoing_typed_neighbor	edge_types=1,2,3,7,8,9,10,11,12; samples_per_type=5000; repeats=3; same_store_repeats				read_bytes_per_op_mean	19099.790155555555	bytes_per_operation	derived_from_reported_means	w6_sf100_core_typed	PASS (45,000)	SECONDARY_ONLY_READER_OVERREAD	REUSE	cidr-experiments/data/source-cache/sf100-matrix-20260613-cn.md#Aggregate Matrix row=budg-b64 column=read bytes mean+/-std / cidr-experiments/data/source-cache/sf100-matrix-20260613-cn.md#Aggregate Matrix row=budg-b64 column=ops/repeat	cidr-experiments/data/source-cache/sf100-matrix-20260613-cn.md#Aggregate Matrix; lsmgraph-rs/baseline/run_w6_sf100_matrix_20260613.sh: EDGE_TYPES/SAMPLES/REPEATS and sample-plan reuse	W6 variants are precomposed layouts rather than one-switch component isolation; repeats reuse one imported store and are not independent process trials. Read-byte metrics retain the reader-overread caveat.
fig2-component-ablation	w6-layout-matrix	w6_sf100_fig2	SF100:budg-b64:avg_latency_us_mean	SemL0	budg-b64	SF100	outgoing_typed_neighbor	edge_types=1,2,3,7,8,9,10,11,12; samples_per_type=5000; repeats=3; same_store_repeats				avg_latency_us_mean	8722.1	us_per_operation	mean_across_same_store_repeats	w6_sf100_core_typed	PASS (45,000)	PLOT_WITH_CAVEAT	REUSE	cidr-experiments/data/source-cache/sf100-matrix-20260613-cn.md#Aggregate Matrix row=budg-b64 column=avg us mean+/-std	cidr-experiments/data/source-cache/sf100-matrix-20260613-cn.md#Aggregate Matrix; lsmgraph-rs/baseline/run_w6_sf100_matrix_20260613.sh: EDGE_TYPES/SAMPLES/REPEATS and sample-plan reuse	W6 variants are precomposed layouts rather than one-switch component isolation; repeats reuse one imported store and are not independent process trials. Read-byte metrics retain the reader-overread caveat.
fig2-component-ablation	w6-layout-matrix	w6_sf100_fig2	SF100:budg-b64:avg_latency_us_std	SemL0	budg-b64	SF100	outgoing_typed_neighbor	edge_types=1,2,3,7,8,9,10,11,12; samples_per_type=5000; repeats=3; same_store_repeats				avg_latency_us_std	37.1	us_per_operation	stddev_across_same_store_repeats	w6_sf100_core_typed	PASS (45,000)	PLOT_WITH_CAVEAT	REUSE	cidr-experiments/data/source-cache/sf100-matrix-20260613-cn.md#Aggregate Matrix row=budg-b64 column=avg us mean+/-std	cidr-experiments/data/source-cache/sf100-matrix-20260613-cn.md#Aggregate Matrix; lsmgraph-rs/baseline/run_w6_sf100_matrix_20260613.sh: EDGE_TYPES/SAMPLES/REPEATS and sample-plan reuse	W6 variants are precomposed layouts rather than one-switch component isolation; repeats reuse one imported store and are not independent process trials. Read-byte metrics retain the reader-overread caveat.
fig2-component-ablation	w6-layout-matrix	w6_sf100_fig2	SF100:budg-b64:p50_edge_mean_us	SemL0	budg-b64	SF100	outgoing_typed_neighbor	edge_types=1,2,3,7,8,9,10,11,12; samples_per_type=5000; repeats=3; same_store_repeats				p50_edge_mean_us	9065	us	mean_of_per_edge_type_percentiles_across_repeats	w6_sf100_core_typed	PASS (45,000)	PLOT_WITH_CAVEAT	REUSE	cidr-experiments/data/source-cache/sf100-matrix-20260613-cn.md#Aggregate Matrix row=budg-b64 column=p50/p90/p99 edge-mean us	cidr-experiments/data/source-cache/sf100-matrix-20260613-cn.md#Aggregate Matrix; lsmgraph-rs/baseline/run_w6_sf100_matrix_20260613.sh: EDGE_TYPES/SAMPLES/REPEATS and sample-plan reuse	W6 variants are precomposed layouts rather than one-switch component isolation; repeats reuse one imported store and are not independent process trials. Read-byte metrics retain the reader-overread caveat.
fig2-component-ablation	w6-layout-matrix	w6_sf100_fig2	SF100:budg-b64:p50_edge_mean_std_us	SemL0	budg-b64	SF100	outgoing_typed_neighbor	edge_types=1,2,3,7,8,9,10,11,12; samples_per_type=5000; repeats=3; same_store_repeats				p50_edge_mean_std_us	13	us	stddev_of_per_edge_type_percentiles_across_repeats	w6_sf100_core_typed	PASS (45,000)	PLOT_WITH_CAVEAT	REUSE	cidr-experiments/data/source-cache/sf100-matrix-20260613-cn.md#Aggregate Matrix row=budg-b64 column=p50/p90/p99 edge-mean us	cidr-experiments/data/source-cache/sf100-matrix-20260613-cn.md#Aggregate Matrix; lsmgraph-rs/baseline/run_w6_sf100_matrix_20260613.sh: EDGE_TYPES/SAMPLES/REPEATS and sample-plan reuse	W6 variants are precomposed layouts rather than one-switch component isolation; repeats reuse one imported store and are not independent process trials. Read-byte metrics retain the reader-overread caveat.
fig2-component-ablation	w6-layout-matrix	w6_sf100_fig2	SF100:budg-b64:p90_edge_mean_us	SemL0	budg-b64	SF100	outgoing_typed_neighbor	edge_types=1,2,3,7,8,9,10,11,12; samples_per_type=5000; repeats=3; same_store_repeats				p90_edge_mean_us	22500	us	mean_of_per_edge_type_percentiles_across_repeats	w6_sf100_core_typed	PASS (45,000)	PLOT_WITH_CAVEAT	REUSE	cidr-experiments/data/source-cache/sf100-matrix-20260613-cn.md#Aggregate Matrix row=budg-b64 column=p50/p90/p99 edge-mean us	cidr-experiments/data/source-cache/sf100-matrix-20260613-cn.md#Aggregate Matrix; lsmgraph-rs/baseline/run_w6_sf100_matrix_20260613.sh: EDGE_TYPES/SAMPLES/REPEATS and sample-plan reuse	W6 variants are precomposed layouts rather than one-switch component isolation; repeats reuse one imported store and are not independent process trials. Read-byte metrics retain the reader-overread caveat.
fig2-component-ablation	w6-layout-matrix	w6_sf100_fig2	SF100:budg-b64:p90_edge_mean_std_us	SemL0	budg-b64	SF100	outgoing_typed_neighbor	edge_types=1,2,3,7,8,9,10,11,12; samples_per_type=5000; repeats=3; same_store_repeats				p90_edge_mean_std_us	1574	us	stddev_of_per_edge_type_percentiles_across_repeats	w6_sf100_core_typed	PASS (45,000)	PLOT_WITH_CAVEAT	REUSE	cidr-experiments/data/source-cache/sf100-matrix-20260613-cn.md#Aggregate Matrix row=budg-b64 column=p50/p90/p99 edge-mean us	cidr-experiments/data/source-cache/sf100-matrix-20260613-cn.md#Aggregate Matrix; lsmgraph-rs/baseline/run_w6_sf100_matrix_20260613.sh: EDGE_TYPES/SAMPLES/REPEATS and sample-plan reuse	W6 variants are precomposed layouts rather than one-switch component isolation; repeats reuse one imported store and are not independent process trials. Read-byte metrics retain the reader-overread caveat.
fig2-component-ablation	w6-layout-matrix	w6_sf100_fig2	SF100:budg-b64:p99_edge_mean_us	SemL0	budg-b64	SF100	outgoing_typed_neighbor	edge_types=1,2,3,7,8,9,10,11,12; samples_per_type=5000; repeats=3; same_store_repeats				p99_edge_mean_us	30981	us	mean_of_per_edge_type_percentiles_across_repeats	w6_sf100_core_typed	PASS (45,000)	PLOT_WITH_CAVEAT	REUSE	cidr-experiments/data/source-cache/sf100-matrix-20260613-cn.md#Aggregate Matrix row=budg-b64 column=p50/p90/p99 edge-mean us	cidr-experiments/data/source-cache/sf100-matrix-20260613-cn.md#Aggregate Matrix; lsmgraph-rs/baseline/run_w6_sf100_matrix_20260613.sh: EDGE_TYPES/SAMPLES/REPEATS and sample-plan reuse	W6 variants are precomposed layouts rather than one-switch component isolation; repeats reuse one imported store and are not independent process trials. Read-byte metrics retain the reader-overread caveat.
fig2-component-ablation	w6-layout-matrix	w6_sf100_fig2	SF100:budg-b64:p99_edge_mean_std_us	SemL0	budg-b64	SF100	outgoing_typed_neighbor	edge_types=1,2,3,7,8,9,10,11,12; samples_per_type=5000; repeats=3; same_store_repeats				p99_edge_mean_std_us	250	us	stddev_of_per_edge_type_percentiles_across_repeats	w6_sf100_core_typed	PASS (45,000)	PLOT_WITH_CAVEAT	REUSE	cidr-experiments/data/source-cache/sf100-matrix-20260613-cn.md#Aggregate Matrix row=budg-b64 column=p50/p90/p99 edge-mean us	cidr-experiments/data/source-cache/sf100-matrix-20260613-cn.md#Aggregate Matrix; lsmgraph-rs/baseline/run_w6_sf100_matrix_20260613.sh: EDGE_TYPES/SAMPLES/REPEATS and sample-plan reuse	W6 variants are precomposed layouts rather than one-switch component isolation; repeats reuse one imported store and are not independent process trials. Read-byte metrics retain the reader-overread caveat.
fig2-component-ablation	w6-layout-matrix	w6_sf100_fig2	SF100:budg-b64:correctness_checked	SemL0	budg-b64	SF100	outgoing_typed_neighbor	edge_types=1,2,3,7,8,9,10,11,12; samples_per_type=5000; repeats=3; same_store_repeats				correctness_checked	45000	queries	naive_anchor_compare	w6_sf100_core_typed	PASS (45,000)	PLOT_WITH_CAVEAT	REUSE	cidr-experiments/data/source-cache/sf100-matrix-20260613-cn.md#Correctness Compares row=budg-b64 column=checked	cidr-experiments/data/source-cache/sf100-matrix-20260613-cn.md#Aggregate Matrix; lsmgraph-rs/baseline/run_w6_sf100_matrix_20260613.sh: EDGE_TYPES/SAMPLES/REPEATS and sample-plan reuse	W6 variants are precomposed layouts rather than one-switch component isolation; repeats reuse one imported store and are not independent process trials. Read-byte metrics retain the reader-overread caveat.
fig2-component-ablation	w6-layout-matrix	w6_sf100_fig2	SF100:budg-b64:correctness_mismatches	SemL0	budg-b64	SF100	outgoing_typed_neighbor	edge_types=1,2,3,7,8,9,10,11,12; samples_per_type=5000; repeats=3; same_store_repeats				correctness_mismatches	0	queries	naive_anchor_compare	w6_sf100_core_typed	PASS (45,000)	PLOT_WITH_CAVEAT	REUSE	cidr-experiments/data/source-cache/sf100-matrix-20260613-cn.md#Correctness Compares row=budg-b64 column=mismatches	cidr-experiments/data/source-cache/sf100-matrix-20260613-cn.md#Aggregate Matrix; lsmgraph-rs/baseline/run_w6_sf100_matrix_20260613.sh: EDGE_TYPES/SAMPLES/REPEATS and sample-plan reuse	W6 variants are precomposed layouts rather than one-switch component isolation; repeats reuse one imported store and are not independent process trials. Read-byte metrics retain the reader-overread caveat.
fig2-component-ablation	w6-layout-matrix	w6_sf100_fig2	SF100:budg-b64:import_max_rss_gib_reported	SemL0	budg-b64	SF100	outgoing_typed_neighbor	edge_types=1,2,3,7,8,9,10,11,12; samples_per_type=5000; repeats=3; same_store_repeats				import_max_rss_gib_reported	2.21	GiB_reported	single_import_time_v	w6_sf100_core_typed	PASS (45,000)	PLOT_WITH_CAVEAT	REUSE	cidr-experiments/data/source-cache/sf100-matrix-20260613-cn.md#Import RSS row=budg-b64 column=max RSS GiB	cidr-experiments/data/source-cache/sf100-matrix-20260613-cn.md#Aggregate Matrix; lsmgraph-rs/baseline/run_w6_sf100_matrix_20260613.sh: EDGE_TYPES/SAMPLES/REPEATS and sample-plan reuse	W6 variants are precomposed layouts rather than one-switch component isolation; repeats reuse one imported store and are not independent process trials. Read-byte metrics retain the reader-overread caveat.
fig2-component-ablation	w6-layout-matrix	w6_sf100_fig2	SF100:budg-b256:ops_per_repeat	SemL0	budg-b256	SF100	outgoing_typed_neighbor	edge_types=1,2,3,7,8,9,10,11,12; samples_per_type=5000; repeats=3; same_store_repeats				ops_per_repeat	45000	operations	protocol_count	w6_sf100_core_typed	PASS (45,000)	PLOT_WITH_CAVEAT	REUSE	cidr-experiments/data/source-cache/sf100-matrix-20260613-cn.md#Aggregate Matrix row=budg-b256 column=ops/repeat	cidr-experiments/data/source-cache/sf100-matrix-20260613-cn.md#Aggregate Matrix; lsmgraph-rs/baseline/run_w6_sf100_matrix_20260613.sh: EDGE_TYPES/SAMPLES/REPEATS and sample-plan reuse	W6 variants are precomposed layouts rather than one-switch component isolation; repeats reuse one imported store and are not independent process trials. Read-byte metrics retain the reader-overread caveat.
fig2-component-ablation	w6-layout-matrix	w6_sf100_fig2	SF100:budg-b256:store_size_gib_reported	SemL0	budg-b256	SF100	outgoing_typed_neighbor	edge_types=1,2,3,7,8,9,10,11,12; samples_per_type=5000; repeats=3; same_store_repeats				store_size_gib_reported	133.9	GiB_reported	single_import	w6_sf100_core_typed	PASS (45,000)	PLOT_WITH_CAVEAT	REUSE	cidr-experiments/data/source-cache/sf100-matrix-20260613-cn.md#Aggregate Matrix row=budg-b256 column=store GiB	cidr-experiments/data/source-cache/sf100-matrix-20260613-cn.md#Aggregate Matrix; lsmgraph-rs/baseline/run_w6_sf100_matrix_20260613.sh: EDGE_TYPES/SAMPLES/REPEATS and sample-plan reuse	W6 variants are precomposed layouts rather than one-switch component isolation; repeats reuse one imported store and are not independent process trials. Read-byte metrics retain the reader-overread caveat.
fig2-component-ablation	w6-layout-matrix	w6_sf100_fig2	SF100:budg-b256:l0_files	SemL0	budg-b256	SF100	outgoing_typed_neighbor	edge_types=1,2,3,7,8,9,10,11,12; samples_per_type=5000; repeats=3; same_store_repeats				l0_files	3675	files	single_import	w6_sf100_core_typed	PASS (45,000)	PLOT_WITH_CAVEAT	REUSE	cidr-experiments/data/source-cache/sf100-matrix-20260613-cn.md#Aggregate Matrix row=budg-b256 column=L0 files	cidr-experiments/data/source-cache/sf100-matrix-20260613-cn.md#Aggregate Matrix; lsmgraph-rs/baseline/run_w6_sf100_matrix_20260613.sh: EDGE_TYPES/SAMPLES/REPEATS and sample-plan reuse	W6 variants are precomposed layouts rather than one-switch component isolation; repeats reuse one imported store and are not independent process trials. Read-byte metrics retain the reader-overread caveat.
fig2-component-ablation	w6-layout-matrix	w6_sf100_fig2	SF100:budg-b256:candidate_l0_total_mean	SemL0	budg-b256	SF100	outgoing_typed_neighbor	edge_types=1,2,3,7,8,9,10,11,12; samples_per_type=5000; repeats=3; same_store_repeats				candidate_l0_total_mean	6480991	segments_per_repeat	mean_across_same_store_repeats	w6_sf100_core_typed	PASS (45,000)	PLOT_WITH_CAVEAT	REUSE	cidr-experiments/data/source-cache/sf100-matrix-20260613-cn.md#Aggregate Matrix row=budg-b256 column=candidate L0 mean+/-std	cidr-experiments/data/source-cache/sf100-matrix-20260613-cn.md#Aggregate Matrix; lsmgraph-rs/baseline/run_w6_sf100_matrix_20260613.sh: EDGE_TYPES/SAMPLES/REPEATS and sample-plan reuse	W6 variants are precomposed layouts rather than one-switch component isolation; repeats reuse one imported store and are not independent process trials. Read-byte metrics retain the reader-overread caveat.
fig2-component-ablation	w6-layout-matrix	w6_sf100_fig2	SF100:budg-b256:candidate_l0_total_std	SemL0	budg-b256	SF100	outgoing_typed_neighbor	edge_types=1,2,3,7,8,9,10,11,12; samples_per_type=5000; repeats=3; same_store_repeats				candidate_l0_total_std	0	segments_per_repeat	stddev_across_same_store_repeats	w6_sf100_core_typed	PASS (45,000)	PLOT_WITH_CAVEAT	REUSE	cidr-experiments/data/source-cache/sf100-matrix-20260613-cn.md#Aggregate Matrix row=budg-b256 column=candidate L0 mean+/-std	cidr-experiments/data/source-cache/sf100-matrix-20260613-cn.md#Aggregate Matrix; lsmgraph-rs/baseline/run_w6_sf100_matrix_20260613.sh: EDGE_TYPES/SAMPLES/REPEATS and sample-plan reuse	W6 variants are precomposed layouts rather than one-switch component isolation; repeats reuse one imported store and are not independent process trials. Read-byte metrics retain the reader-overread caveat.
fig2-component-ablation	w6-layout-matrix	w6_sf100_fig2	SF100:budg-b256:candidate_l0_per_op_mean	SemL0	budg-b256	SF100	outgoing_typed_neighbor	edge_types=1,2,3,7,8,9,10,11,12; samples_per_type=5000; repeats=3; same_store_repeats				candidate_l0_per_op_mean	144.02202222222223	segments_per_operation	derived_from_reported_means	w6_sf100_core_typed	PASS (45,000)	PLOT_WITH_CAVEAT	REUSE	cidr-experiments/data/source-cache/sf100-matrix-20260613-cn.md#Aggregate Matrix row=budg-b256 column=candidate L0 mean+/-std / cidr-experiments/data/source-cache/sf100-matrix-20260613-cn.md#Aggregate Matrix row=budg-b256 column=ops/repeat	cidr-experiments/data/source-cache/sf100-matrix-20260613-cn.md#Aggregate Matrix; lsmgraph-rs/baseline/run_w6_sf100_matrix_20260613.sh: EDGE_TYPES/SAMPLES/REPEATS and sample-plan reuse	W6 variants are precomposed layouts rather than one-switch component isolation; repeats reuse one imported store and are not independent process trials. Read-byte metrics retain the reader-overread caveat.
fig2-component-ablation	w6-layout-matrix	w6_sf100_fig2	SF100:budg-b256:candidate_l0_per_op_std	SemL0	budg-b256	SF100	outgoing_typed_neighbor	edge_types=1,2,3,7,8,9,10,11,12; samples_per_type=5000; repeats=3; same_store_repeats				candidate_l0_per_op_std	0	segments_per_operation	derived_from_reported_stddev	w6_sf100_core_typed	PASS (45,000)	PLOT_WITH_CAVEAT	REUSE	cidr-experiments/data/source-cache/sf100-matrix-20260613-cn.md#Aggregate Matrix row=budg-b256 column=candidate L0 mean+/-std / cidr-experiments/data/source-cache/sf100-matrix-20260613-cn.md#Aggregate Matrix row=budg-b256 column=ops/repeat	cidr-experiments/data/source-cache/sf100-matrix-20260613-cn.md#Aggregate Matrix; lsmgraph-rs/baseline/run_w6_sf100_matrix_20260613.sh: EDGE_TYPES/SAMPLES/REPEATS and sample-plan reuse	W6 variants are precomposed layouts rather than one-switch component isolation; repeats reuse one imported store and are not independent process trials. Read-byte metrics retain the reader-overread caveat.
fig2-component-ablation	w6-layout-matrix	w6_sf100_fig2	SF100:budg-b256:read_bytes_total_mean	SemL0	budg-b256	SF100	outgoing_typed_neighbor	edge_types=1,2,3,7,8,9,10,11,12; samples_per_type=5000; repeats=3; same_store_repeats				read_bytes_total_mean	858117440	bytes_per_repeat	mean_across_same_store_repeats	w6_sf100_core_typed	PASS (45,000)	SECONDARY_ONLY_READER_OVERREAD	REUSE	cidr-experiments/data/source-cache/sf100-matrix-20260613-cn.md#Aggregate Matrix row=budg-b256 column=read bytes mean+/-std	cidr-experiments/data/source-cache/sf100-matrix-20260613-cn.md#Aggregate Matrix; lsmgraph-rs/baseline/run_w6_sf100_matrix_20260613.sh: EDGE_TYPES/SAMPLES/REPEATS and sample-plan reuse	W6 variants are precomposed layouts rather than one-switch component isolation; repeats reuse one imported store and are not independent process trials. Read-byte metrics retain the reader-overread caveat.
fig2-component-ablation	w6-layout-matrix	w6_sf100_fig2	SF100:budg-b256:read_bytes_total_std	SemL0	budg-b256	SF100	outgoing_typed_neighbor	edge_types=1,2,3,7,8,9,10,11,12; samples_per_type=5000; repeats=3; same_store_repeats				read_bytes_total_std	697618110	bytes_per_repeat	stddev_across_same_store_repeats	w6_sf100_core_typed	PASS (45,000)	SECONDARY_ONLY_READER_OVERREAD	REUSE	cidr-experiments/data/source-cache/sf100-matrix-20260613-cn.md#Aggregate Matrix row=budg-b256 column=read bytes mean+/-std	cidr-experiments/data/source-cache/sf100-matrix-20260613-cn.md#Aggregate Matrix; lsmgraph-rs/baseline/run_w6_sf100_matrix_20260613.sh: EDGE_TYPES/SAMPLES/REPEATS and sample-plan reuse	W6 variants are precomposed layouts rather than one-switch component isolation; repeats reuse one imported store and are not independent process trials. Read-byte metrics retain the reader-overread caveat.
fig2-component-ablation	w6-layout-matrix	w6_sf100_fig2	SF100:budg-b256:read_bytes_per_op_mean	SemL0	budg-b256	SF100	outgoing_typed_neighbor	edge_types=1,2,3,7,8,9,10,11,12; samples_per_type=5000; repeats=3; same_store_repeats				read_bytes_per_op_mean	19069.276444444444	bytes_per_operation	derived_from_reported_means	w6_sf100_core_typed	PASS (45,000)	SECONDARY_ONLY_READER_OVERREAD	REUSE	cidr-experiments/data/source-cache/sf100-matrix-20260613-cn.md#Aggregate Matrix row=budg-b256 column=read bytes mean+/-std / cidr-experiments/data/source-cache/sf100-matrix-20260613-cn.md#Aggregate Matrix row=budg-b256 column=ops/repeat	cidr-experiments/data/source-cache/sf100-matrix-20260613-cn.md#Aggregate Matrix; lsmgraph-rs/baseline/run_w6_sf100_matrix_20260613.sh: EDGE_TYPES/SAMPLES/REPEATS and sample-plan reuse	W6 variants are precomposed layouts rather than one-switch component isolation; repeats reuse one imported store and are not independent process trials. Read-byte metrics retain the reader-overread caveat.
fig2-component-ablation	w6-layout-matrix	w6_sf100_fig2	SF100:budg-b256:avg_latency_us_mean	SemL0	budg-b256	SF100	outgoing_typed_neighbor	edge_types=1,2,3,7,8,9,10,11,12; samples_per_type=5000; repeats=3; same_store_repeats				avg_latency_us_mean	8588	us_per_operation	mean_across_same_store_repeats	w6_sf100_core_typed	PASS (45,000)	PLOT_WITH_CAVEAT	REUSE	cidr-experiments/data/source-cache/sf100-matrix-20260613-cn.md#Aggregate Matrix row=budg-b256 column=avg us mean+/-std	cidr-experiments/data/source-cache/sf100-matrix-20260613-cn.md#Aggregate Matrix; lsmgraph-rs/baseline/run_w6_sf100_matrix_20260613.sh: EDGE_TYPES/SAMPLES/REPEATS and sample-plan reuse	W6 variants are precomposed layouts rather than one-switch component isolation; repeats reuse one imported store and are not independent process trials. Read-byte metrics retain the reader-overread caveat.
fig2-component-ablation	w6-layout-matrix	w6_sf100_fig2	SF100:budg-b256:avg_latency_us_std	SemL0	budg-b256	SF100	outgoing_typed_neighbor	edge_types=1,2,3,7,8,9,10,11,12; samples_per_type=5000; repeats=3; same_store_repeats				avg_latency_us_std	13.8	us_per_operation	stddev_across_same_store_repeats	w6_sf100_core_typed	PASS (45,000)	PLOT_WITH_CAVEAT	REUSE	cidr-experiments/data/source-cache/sf100-matrix-20260613-cn.md#Aggregate Matrix row=budg-b256 column=avg us mean+/-std	cidr-experiments/data/source-cache/sf100-matrix-20260613-cn.md#Aggregate Matrix; lsmgraph-rs/baseline/run_w6_sf100_matrix_20260613.sh: EDGE_TYPES/SAMPLES/REPEATS and sample-plan reuse	W6 variants are precomposed layouts rather than one-switch component isolation; repeats reuse one imported store and are not independent process trials. Read-byte metrics retain the reader-overread caveat.
fig2-component-ablation	w6-layout-matrix	w6_sf100_fig2	SF100:budg-b256:p50_edge_mean_us	SemL0	budg-b256	SF100	outgoing_typed_neighbor	edge_types=1,2,3,7,8,9,10,11,12; samples_per_type=5000; repeats=3; same_store_repeats				p50_edge_mean_us	9065	us	mean_of_per_edge_type_percentiles_across_repeats	w6_sf100_core_typed	PASS (45,000)	PLOT_WITH_CAVEAT	REUSE	cidr-experiments/data/source-cache/sf100-matrix-20260613-cn.md#Aggregate Matrix row=budg-b256 column=p50/p90/p99 edge-mean us	cidr-experiments/data/source-cache/sf100-matrix-20260613-cn.md#Aggregate Matrix; lsmgraph-rs/baseline/run_w6_sf100_matrix_20260613.sh: EDGE_TYPES/SAMPLES/REPEATS and sample-plan reuse	W6 variants are precomposed layouts rather than one-switch component isolation; repeats reuse one imported store and are not independent process trials. Read-byte metrics retain the reader-overread caveat.
fig2-component-ablation	w6-layout-matrix	w6_sf100_fig2	SF100:budg-b256:p50_edge_mean_std_us	SemL0	budg-b256	SF100	outgoing_typed_neighbor	edge_types=1,2,3,7,8,9,10,11,12; samples_per_type=5000; repeats=3; same_store_repeats				p50_edge_mean_std_us	13	us	stddev_of_per_edge_type_percentiles_across_repeats	w6_sf100_core_typed	PASS (45,000)	PLOT_WITH_CAVEAT	REUSE	cidr-experiments/data/source-cache/sf100-matrix-20260613-cn.md#Aggregate Matrix row=budg-b256 column=p50/p90/p99 edge-mean us	cidr-experiments/data/source-cache/sf100-matrix-20260613-cn.md#Aggregate Matrix; lsmgraph-rs/baseline/run_w6_sf100_matrix_20260613.sh: EDGE_TYPES/SAMPLES/REPEATS and sample-plan reuse	W6 variants are precomposed layouts rather than one-switch component isolation; repeats reuse one imported store and are not independent process trials. Read-byte metrics retain the reader-overread caveat.
fig2-component-ablation	w6-layout-matrix	w6_sf100_fig2	SF100:budg-b256:p90_edge_mean_us	SemL0	budg-b256	SF100	outgoing_typed_neighbor	edge_types=1,2,3,7,8,9,10,11,12; samples_per_type=5000; repeats=3; same_store_repeats				p90_edge_mean_us	21019	us	mean_of_per_edge_type_percentiles_across_repeats	w6_sf100_core_typed	PASS (45,000)	PLOT_WITH_CAVEAT	REUSE	cidr-experiments/data/source-cache/sf100-matrix-20260613-cn.md#Aggregate Matrix row=budg-b256 column=p50/p90/p99 edge-mean us	cidr-experiments/data/source-cache/sf100-matrix-20260613-cn.md#Aggregate Matrix; lsmgraph-rs/baseline/run_w6_sf100_matrix_20260613.sh: EDGE_TYPES/SAMPLES/REPEATS and sample-plan reuse	W6 variants are precomposed layouts rather than one-switch component isolation; repeats reuse one imported store and are not independent process trials. Read-byte metrics retain the reader-overread caveat.
fig2-component-ablation	w6-layout-matrix	w6_sf100_fig2	SF100:budg-b256:p90_edge_mean_std_us	SemL0	budg-b256	SF100	outgoing_typed_neighbor	edge_types=1,2,3,7,8,9,10,11,12; samples_per_type=5000; repeats=3; same_store_repeats				p90_edge_mean_std_us	448	us	stddev_of_per_edge_type_percentiles_across_repeats	w6_sf100_core_typed	PASS (45,000)	PLOT_WITH_CAVEAT	REUSE	cidr-experiments/data/source-cache/sf100-matrix-20260613-cn.md#Aggregate Matrix row=budg-b256 column=p50/p90/p99 edge-mean us	cidr-experiments/data/source-cache/sf100-matrix-20260613-cn.md#Aggregate Matrix; lsmgraph-rs/baseline/run_w6_sf100_matrix_20260613.sh: EDGE_TYPES/SAMPLES/REPEATS and sample-plan reuse	W6 variants are precomposed layouts rather than one-switch component isolation; repeats reuse one imported store and are not independent process trials. Read-byte metrics retain the reader-overread caveat.
fig2-component-ablation	w6-layout-matrix	w6_sf100_fig2	SF100:budg-b256:p99_edge_mean_us	SemL0	budg-b256	SF100	outgoing_typed_neighbor	edge_types=1,2,3,7,8,9,10,11,12; samples_per_type=5000; repeats=3; same_store_repeats				p99_edge_mean_us	31019	us	mean_of_per_edge_type_percentiles_across_repeats	w6_sf100_core_typed	PASS (45,000)	PLOT_WITH_CAVEAT	REUSE	cidr-experiments/data/source-cache/sf100-matrix-20260613-cn.md#Aggregate Matrix row=budg-b256 column=p50/p90/p99 edge-mean us	cidr-experiments/data/source-cache/sf100-matrix-20260613-cn.md#Aggregate Matrix; lsmgraph-rs/baseline/run_w6_sf100_matrix_20260613.sh: EDGE_TYPES/SAMPLES/REPEATS and sample-plan reuse	W6 variants are precomposed layouts rather than one-switch component isolation; repeats reuse one imported store and are not independent process trials. Read-byte metrics retain the reader-overread caveat.
fig2-component-ablation	w6-layout-matrix	w6_sf100_fig2	SF100:budg-b256:p99_edge_mean_std_us	SemL0	budg-b256	SF100	outgoing_typed_neighbor	edge_types=1,2,3,7,8,9,10,11,12; samples_per_type=5000; repeats=3; same_store_repeats				p99_edge_mean_std_us	183	us	stddev_of_per_edge_type_percentiles_across_repeats	w6_sf100_core_typed	PASS (45,000)	PLOT_WITH_CAVEAT	REUSE	cidr-experiments/data/source-cache/sf100-matrix-20260613-cn.md#Aggregate Matrix row=budg-b256 column=p50/p90/p99 edge-mean us	cidr-experiments/data/source-cache/sf100-matrix-20260613-cn.md#Aggregate Matrix; lsmgraph-rs/baseline/run_w6_sf100_matrix_20260613.sh: EDGE_TYPES/SAMPLES/REPEATS and sample-plan reuse	W6 variants are precomposed layouts rather than one-switch component isolation; repeats reuse one imported store and are not independent process trials. Read-byte metrics retain the reader-overread caveat.
fig2-component-ablation	w6-layout-matrix	w6_sf100_fig2	SF100:budg-b256:correctness_checked	SemL0	budg-b256	SF100	outgoing_typed_neighbor	edge_types=1,2,3,7,8,9,10,11,12; samples_per_type=5000; repeats=3; same_store_repeats				correctness_checked	45000	queries	naive_anchor_compare	w6_sf100_core_typed	PASS (45,000)	PLOT_WITH_CAVEAT	REUSE	cidr-experiments/data/source-cache/sf100-matrix-20260613-cn.md#Correctness Compares row=budg-b256 column=checked	cidr-experiments/data/source-cache/sf100-matrix-20260613-cn.md#Aggregate Matrix; lsmgraph-rs/baseline/run_w6_sf100_matrix_20260613.sh: EDGE_TYPES/SAMPLES/REPEATS and sample-plan reuse	W6 variants are precomposed layouts rather than one-switch component isolation; repeats reuse one imported store and are not independent process trials. Read-byte metrics retain the reader-overread caveat.
fig2-component-ablation	w6-layout-matrix	w6_sf100_fig2	SF100:budg-b256:correctness_mismatches	SemL0	budg-b256	SF100	outgoing_typed_neighbor	edge_types=1,2,3,7,8,9,10,11,12; samples_per_type=5000; repeats=3; same_store_repeats				correctness_mismatches	0	queries	naive_anchor_compare	w6_sf100_core_typed	PASS (45,000)	PLOT_WITH_CAVEAT	REUSE	cidr-experiments/data/source-cache/sf100-matrix-20260613-cn.md#Correctness Compares row=budg-b256 column=mismatches	cidr-experiments/data/source-cache/sf100-matrix-20260613-cn.md#Aggregate Matrix; lsmgraph-rs/baseline/run_w6_sf100_matrix_20260613.sh: EDGE_TYPES/SAMPLES/REPEATS and sample-plan reuse	W6 variants are precomposed layouts rather than one-switch component isolation; repeats reuse one imported store and are not independent process trials. Read-byte metrics retain the reader-overread caveat.
fig2-component-ablation	w6-layout-matrix	w6_sf100_fig2	SF100:budg-b256:import_max_rss_gib_reported	SemL0	budg-b256	SF100	outgoing_typed_neighbor	edge_types=1,2,3,7,8,9,10,11,12; samples_per_type=5000; repeats=3; same_store_repeats				import_max_rss_gib_reported	2.49	GiB_reported	single_import_time_v	w6_sf100_core_typed	PASS (45,000)	PLOT_WITH_CAVEAT	REUSE	cidr-experiments/data/source-cache/sf100-matrix-20260613-cn.md#Import RSS row=budg-b256 column=max RSS GiB	cidr-experiments/data/source-cache/sf100-matrix-20260613-cn.md#Aggregate Matrix; lsmgraph-rs/baseline/run_w6_sf100_matrix_20260613.sh: EDGE_TYPES/SAMPLES/REPEATS and sample-plan reuse	W6 variants are precomposed layouts rather than one-switch component isolation; repeats reuse one imported store and are not independent process trials. Read-byte metrics retain the reader-overread caveat.
fig2-component-ablation	w6-layout-matrix	w6_sf100_fig2	SF100:budg-b1024:ops_per_repeat	SemL0	budg-b1024	SF100	outgoing_typed_neighbor	edge_types=1,2,3,7,8,9,10,11,12; samples_per_type=5000; repeats=3; same_store_repeats				ops_per_repeat	45000	operations	protocol_count	w6_sf100_core_typed	PASS (45,000)	PLOT_WITH_CAVEAT	REUSE	cidr-experiments/data/source-cache/sf100-matrix-20260613-cn.md#Aggregate Matrix row=budg-b1024 column=ops/repeat	cidr-experiments/data/source-cache/sf100-matrix-20260613-cn.md#Aggregate Matrix; lsmgraph-rs/baseline/run_w6_sf100_matrix_20260613.sh: EDGE_TYPES/SAMPLES/REPEATS and sample-plan reuse	W6 variants are precomposed layouts rather than one-switch component isolation; repeats reuse one imported store and are not independent process trials. Read-byte metrics retain the reader-overread caveat.
fig2-component-ablation	w6-layout-matrix	w6_sf100_fig2	SF100:budg-b1024:store_size_gib_reported	SemL0	budg-b1024	SF100	outgoing_typed_neighbor	edge_types=1,2,3,7,8,9,10,11,12; samples_per_type=5000; repeats=3; same_store_repeats				store_size_gib_reported	134	GiB_reported	single_import	w6_sf100_core_typed	PASS (45,000)	PLOT_WITH_CAVEAT	REUSE	cidr-experiments/data/source-cache/sf100-matrix-20260613-cn.md#Aggregate Matrix row=budg-b1024 column=store GiB	cidr-experiments/data/source-cache/sf100-matrix-20260613-cn.md#Aggregate Matrix; lsmgraph-rs/baseline/run_w6_sf100_matrix_20260613.sh: EDGE_TYPES/SAMPLES/REPEATS and sample-plan reuse	W6 variants are precomposed layouts rather than one-switch component isolation; repeats reuse one imported store and are not independent process trials. Read-byte metrics retain the reader-overread caveat.
fig2-component-ablation	w6-layout-matrix	w6_sf100_fig2	SF100:budg-b1024:l0_files	SemL0	budg-b1024	SF100	outgoing_typed_neighbor	edge_types=1,2,3,7,8,9,10,11,12; samples_per_type=5000; repeats=3; same_store_repeats				l0_files	4451	files	single_import	w6_sf100_core_typed	PASS (45,000)	PLOT_WITH_CAVEAT	REUSE	cidr-experiments/data/source-cache/sf100-matrix-20260613-cn.md#Aggregate Matrix row=budg-b1024 column=L0 files	cidr-experiments/data/source-cache/sf100-matrix-20260613-cn.md#Aggregate Matrix; lsmgraph-rs/baseline/run_w6_sf100_matrix_20260613.sh: EDGE_TYPES/SAMPLES/REPEATS and sample-plan reuse	W6 variants are precomposed layouts rather than one-switch component isolation; repeats reuse one imported store and are not independent process trials. Read-byte metrics retain the reader-overread caveat.
fig2-component-ablation	w6-layout-matrix	w6_sf100_fig2	SF100:budg-b1024:candidate_l0_total_mean	SemL0	budg-b1024	SF100	outgoing_typed_neighbor	edge_types=1,2,3,7,8,9,10,11,12; samples_per_type=5000; repeats=3; same_store_repeats				candidate_l0_total_mean	7929225	segments_per_repeat	mean_across_same_store_repeats	w6_sf100_core_typed	PASS (45,000)	PLOT_WITH_CAVEAT	REUSE	cidr-experiments/data/source-cache/sf100-matrix-20260613-cn.md#Aggregate Matrix row=budg-b1024 column=candidate L0 mean+/-std	cidr-experiments/data/source-cache/sf100-matrix-20260613-cn.md#Aggregate Matrix; lsmgraph-rs/baseline/run_w6_sf100_matrix_20260613.sh: EDGE_TYPES/SAMPLES/REPEATS and sample-plan reuse	W6 variants are precomposed layouts rather than one-switch component isolation; repeats reuse one imported store and are not independent process trials. Read-byte metrics retain the reader-overread caveat.
fig2-component-ablation	w6-layout-matrix	w6_sf100_fig2	SF100:budg-b1024:candidate_l0_total_std	SemL0	budg-b1024	SF100	outgoing_typed_neighbor	edge_types=1,2,3,7,8,9,10,11,12; samples_per_type=5000; repeats=3; same_store_repeats				candidate_l0_total_std	0	segments_per_repeat	stddev_across_same_store_repeats	w6_sf100_core_typed	PASS (45,000)	PLOT_WITH_CAVEAT	REUSE	cidr-experiments/data/source-cache/sf100-matrix-20260613-cn.md#Aggregate Matrix row=budg-b1024 column=candidate L0 mean+/-std	cidr-experiments/data/source-cache/sf100-matrix-20260613-cn.md#Aggregate Matrix; lsmgraph-rs/baseline/run_w6_sf100_matrix_20260613.sh: EDGE_TYPES/SAMPLES/REPEATS and sample-plan reuse	W6 variants are precomposed layouts rather than one-switch component isolation; repeats reuse one imported store and are not independent process trials. Read-byte metrics retain the reader-overread caveat.
fig2-component-ablation	w6-layout-matrix	w6_sf100_fig2	SF100:budg-b1024:candidate_l0_per_op_mean	SemL0	budg-b1024	SF100	outgoing_typed_neighbor	edge_types=1,2,3,7,8,9,10,11,12; samples_per_type=5000; repeats=3; same_store_repeats				candidate_l0_per_op_mean	176.205	segments_per_operation	derived_from_reported_means	w6_sf100_core_typed	PASS (45,000)	PLOT_WITH_CAVEAT	REUSE	cidr-experiments/data/source-cache/sf100-matrix-20260613-cn.md#Aggregate Matrix row=budg-b1024 column=candidate L0 mean+/-std / cidr-experiments/data/source-cache/sf100-matrix-20260613-cn.md#Aggregate Matrix row=budg-b1024 column=ops/repeat	cidr-experiments/data/source-cache/sf100-matrix-20260613-cn.md#Aggregate Matrix; lsmgraph-rs/baseline/run_w6_sf100_matrix_20260613.sh: EDGE_TYPES/SAMPLES/REPEATS and sample-plan reuse	W6 variants are precomposed layouts rather than one-switch component isolation; repeats reuse one imported store and are not independent process trials. Read-byte metrics retain the reader-overread caveat.
fig2-component-ablation	w6-layout-matrix	w6_sf100_fig2	SF100:budg-b1024:candidate_l0_per_op_std	SemL0	budg-b1024	SF100	outgoing_typed_neighbor	edge_types=1,2,3,7,8,9,10,11,12; samples_per_type=5000; repeats=3; same_store_repeats				candidate_l0_per_op_std	0	segments_per_operation	derived_from_reported_stddev	w6_sf100_core_typed	PASS (45,000)	PLOT_WITH_CAVEAT	REUSE	cidr-experiments/data/source-cache/sf100-matrix-20260613-cn.md#Aggregate Matrix row=budg-b1024 column=candidate L0 mean+/-std / cidr-experiments/data/source-cache/sf100-matrix-20260613-cn.md#Aggregate Matrix row=budg-b1024 column=ops/repeat	cidr-experiments/data/source-cache/sf100-matrix-20260613-cn.md#Aggregate Matrix; lsmgraph-rs/baseline/run_w6_sf100_matrix_20260613.sh: EDGE_TYPES/SAMPLES/REPEATS and sample-plan reuse	W6 variants are precomposed layouts rather than one-switch component isolation; repeats reuse one imported store and are not independent process trials. Read-byte metrics retain the reader-overread caveat.
fig2-component-ablation	w6-layout-matrix	w6_sf100_fig2	SF100:budg-b1024:read_bytes_total_mean	SemL0	budg-b1024	SF100	outgoing_typed_neighbor	edge_types=1,2,3,7,8,9,10,11,12; samples_per_type=5000; repeats=3; same_store_repeats				read_bytes_total_mean	856071877	bytes_per_repeat	mean_across_same_store_repeats	w6_sf100_core_typed	PASS (45,000)	SECONDARY_ONLY_READER_OVERREAD	REUSE	cidr-experiments/data/source-cache/sf100-matrix-20260613-cn.md#Aggregate Matrix row=budg-b1024 column=read bytes mean+/-std	cidr-experiments/data/source-cache/sf100-matrix-20260613-cn.md#Aggregate Matrix; lsmgraph-rs/baseline/run_w6_sf100_matrix_20260613.sh: EDGE_TYPES/SAMPLES/REPEATS and sample-plan reuse	W6 variants are precomposed layouts rather than one-switch component isolation; repeats reuse one imported store and are not independent process trials. Read-byte metrics retain the reader-overread caveat.
fig2-component-ablation	w6-layout-matrix	w6_sf100_fig2	SF100:budg-b1024:read_bytes_total_std	SemL0	budg-b1024	SF100	outgoing_typed_neighbor	edge_types=1,2,3,7,8,9,10,11,12; samples_per_type=5000; repeats=3; same_store_repeats				read_bytes_total_std	699563826	bytes_per_repeat	stddev_across_same_store_repeats	w6_sf100_core_typed	PASS (45,000)	SECONDARY_ONLY_READER_OVERREAD	REUSE	cidr-experiments/data/source-cache/sf100-matrix-20260613-cn.md#Aggregate Matrix row=budg-b1024 column=read bytes mean+/-std	cidr-experiments/data/source-cache/sf100-matrix-20260613-cn.md#Aggregate Matrix; lsmgraph-rs/baseline/run_w6_sf100_matrix_20260613.sh: EDGE_TYPES/SAMPLES/REPEATS and sample-plan reuse	W6 variants are precomposed layouts rather than one-switch component isolation; repeats reuse one imported store and are not independent process trials. Read-byte metrics retain the reader-overread caveat.
fig2-component-ablation	w6-layout-matrix	w6_sf100_fig2	SF100:budg-b1024:read_bytes_per_op_mean	SemL0	budg-b1024	SF100	outgoing_typed_neighbor	edge_types=1,2,3,7,8,9,10,11,12; samples_per_type=5000; repeats=3; same_store_repeats				read_bytes_per_op_mean	19023.81948888889	bytes_per_operation	derived_from_reported_means	w6_sf100_core_typed	PASS (45,000)	SECONDARY_ONLY_READER_OVERREAD	REUSE	cidr-experiments/data/source-cache/sf100-matrix-20260613-cn.md#Aggregate Matrix row=budg-b1024 column=read bytes mean+/-std / cidr-experiments/data/source-cache/sf100-matrix-20260613-cn.md#Aggregate Matrix row=budg-b1024 column=ops/repeat	cidr-experiments/data/source-cache/sf100-matrix-20260613-cn.md#Aggregate Matrix; lsmgraph-rs/baseline/run_w6_sf100_matrix_20260613.sh: EDGE_TYPES/SAMPLES/REPEATS and sample-plan reuse	W6 variants are precomposed layouts rather than one-switch component isolation; repeats reuse one imported store and are not independent process trials. Read-byte metrics retain the reader-overread caveat.
fig2-component-ablation	w6-layout-matrix	w6_sf100_fig2	SF100:budg-b1024:avg_latency_us_mean	SemL0	budg-b1024	SF100	outgoing_typed_neighbor	edge_types=1,2,3,7,8,9,10,11,12; samples_per_type=5000; repeats=3; same_store_repeats				avg_latency_us_mean	8564.5	us_per_operation	mean_across_same_store_repeats	w6_sf100_core_typed	PASS (45,000)	PLOT_WITH_CAVEAT	REUSE	cidr-experiments/data/source-cache/sf100-matrix-20260613-cn.md#Aggregate Matrix row=budg-b1024 column=avg us mean+/-std	cidr-experiments/data/source-cache/sf100-matrix-20260613-cn.md#Aggregate Matrix; lsmgraph-rs/baseline/run_w6_sf100_matrix_20260613.sh: EDGE_TYPES/SAMPLES/REPEATS and sample-plan reuse	W6 variants are precomposed layouts rather than one-switch component isolation; repeats reuse one imported store and are not independent process trials. Read-byte metrics retain the reader-overread caveat.
fig2-component-ablation	w6-layout-matrix	w6_sf100_fig2	SF100:budg-b1024:avg_latency_us_std	SemL0	budg-b1024	SF100	outgoing_typed_neighbor	edge_types=1,2,3,7,8,9,10,11,12; samples_per_type=5000; repeats=3; same_store_repeats				avg_latency_us_std	27.1	us_per_operation	stddev_across_same_store_repeats	w6_sf100_core_typed	PASS (45,000)	PLOT_WITH_CAVEAT	REUSE	cidr-experiments/data/source-cache/sf100-matrix-20260613-cn.md#Aggregate Matrix row=budg-b1024 column=avg us mean+/-std	cidr-experiments/data/source-cache/sf100-matrix-20260613-cn.md#Aggregate Matrix; lsmgraph-rs/baseline/run_w6_sf100_matrix_20260613.sh: EDGE_TYPES/SAMPLES/REPEATS and sample-plan reuse	W6 variants are precomposed layouts rather than one-switch component isolation; repeats reuse one imported store and are not independent process trials. Read-byte metrics retain the reader-overread caveat.
fig2-component-ablation	w6-layout-matrix	w6_sf100_fig2	SF100:budg-b1024:p50_edge_mean_us	SemL0	budg-b1024	SF100	outgoing_typed_neighbor	edge_types=1,2,3,7,8,9,10,11,12; samples_per_type=5000; repeats=3; same_store_repeats				p50_edge_mean_us	9120	us	mean_of_per_edge_type_percentiles_across_repeats	w6_sf100_core_typed	PASS (45,000)	PLOT_WITH_CAVEAT	REUSE	cidr-experiments/data/source-cache/sf100-matrix-20260613-cn.md#Aggregate Matrix row=budg-b1024 column=p50/p90/p99 edge-mean us	cidr-experiments/data/source-cache/sf100-matrix-20260613-cn.md#Aggregate Matrix; lsmgraph-rs/baseline/run_w6_sf100_matrix_20260613.sh: EDGE_TYPES/SAMPLES/REPEATS and sample-plan reuse	W6 variants are precomposed layouts rather than one-switch component isolation; repeats reuse one imported store and are not independent process trials. Read-byte metrics retain the reader-overread caveat.
fig2-component-ablation	w6-layout-matrix	w6_sf100_fig2	SF100:budg-b1024:p50_edge_mean_std_us	SemL0	budg-b1024	SF100	outgoing_typed_neighbor	edge_types=1,2,3,7,8,9,10,11,12; samples_per_type=5000; repeats=3; same_store_repeats				p50_edge_mean_std_us	26	us	stddev_of_per_edge_type_percentiles_across_repeats	w6_sf100_core_typed	PASS (45,000)	PLOT_WITH_CAVEAT	REUSE	cidr-experiments/data/source-cache/sf100-matrix-20260613-cn.md#Aggregate Matrix row=budg-b1024 column=p50/p90/p99 edge-mean us	cidr-experiments/data/source-cache/sf100-matrix-20260613-cn.md#Aggregate Matrix; lsmgraph-rs/baseline/run_w6_sf100_matrix_20260613.sh: EDGE_TYPES/SAMPLES/REPEATS and sample-plan reuse	W6 variants are precomposed layouts rather than one-switch component isolation; repeats reuse one imported store and are not independent process trials. Read-byte metrics retain the reader-overread caveat.
fig2-component-ablation	w6-layout-matrix	w6_sf100_fig2	SF100:budg-b1024:p90_edge_mean_us	SemL0	budg-b1024	SF100	outgoing_typed_neighbor	edge_types=1,2,3,7,8,9,10,11,12; samples_per_type=5000; repeats=3; same_store_repeats				p90_edge_mean_us	20056	us	mean_of_per_edge_type_percentiles_across_repeats	w6_sf100_core_typed	PASS (45,000)	PLOT_WITH_CAVEAT	REUSE	cidr-experiments/data/source-cache/sf100-matrix-20260613-cn.md#Aggregate Matrix row=budg-b1024 column=p50/p90/p99 edge-mean us	cidr-experiments/data/source-cache/sf100-matrix-20260613-cn.md#Aggregate Matrix; lsmgraph-rs/baseline/run_w6_sf100_matrix_20260613.sh: EDGE_TYPES/SAMPLES/REPEATS and sample-plan reuse	W6 variants are precomposed layouts rather than one-switch component isolation; repeats reuse one imported store and are not independent process trials. Read-byte metrics retain the reader-overread caveat.
fig2-component-ablation	w6-layout-matrix	w6_sf100_fig2	SF100:budg-b1024:p90_edge_mean_std_us	SemL0	budg-b1024	SF100	outgoing_typed_neighbor	edge_types=1,2,3,7,8,9,10,11,12; samples_per_type=5000; repeats=3; same_store_repeats				p90_edge_mean_std_us	1227	us	stddev_of_per_edge_type_percentiles_across_repeats	w6_sf100_core_typed	PASS (45,000)	PLOT_WITH_CAVEAT	REUSE	cidr-experiments/data/source-cache/sf100-matrix-20260613-cn.md#Aggregate Matrix row=budg-b1024 column=p50/p90/p99 edge-mean us	cidr-experiments/data/source-cache/sf100-matrix-20260613-cn.md#Aggregate Matrix; lsmgraph-rs/baseline/run_w6_sf100_matrix_20260613.sh: EDGE_TYPES/SAMPLES/REPEATS and sample-plan reuse	W6 variants are precomposed layouts rather than one-switch component isolation; repeats reuse one imported store and are not independent process trials. Read-byte metrics retain the reader-overread caveat.
fig2-component-ablation	w6-layout-matrix	w6_sf100_fig2	SF100:budg-b1024:p99_edge_mean_us	SemL0	budg-b1024	SF100	outgoing_typed_neighbor	edge_types=1,2,3,7,8,9,10,11,12; samples_per_type=5000; repeats=3; same_store_repeats				p99_edge_mean_us	31148	us	mean_of_per_edge_type_percentiles_across_repeats	w6_sf100_core_typed	PASS (45,000)	PLOT_WITH_CAVEAT	REUSE	cidr-experiments/data/source-cache/sf100-matrix-20260613-cn.md#Aggregate Matrix row=budg-b1024 column=p50/p90/p99 edge-mean us	cidr-experiments/data/source-cache/sf100-matrix-20260613-cn.md#Aggregate Matrix; lsmgraph-rs/baseline/run_w6_sf100_matrix_20260613.sh: EDGE_TYPES/SAMPLES/REPEATS and sample-plan reuse	W6 variants are precomposed layouts rather than one-switch component isolation; repeats reuse one imported store and are not independent process trials. Read-byte metrics retain the reader-overread caveat.
fig2-component-ablation	w6-layout-matrix	w6_sf100_fig2	SF100:budg-b1024:p99_edge_mean_std_us	SemL0	budg-b1024	SF100	outgoing_typed_neighbor	edge_types=1,2,3,7,8,9,10,11,12; samples_per_type=5000; repeats=3; same_store_repeats				p99_edge_mean_std_us	131	us	stddev_of_per_edge_type_percentiles_across_repeats	w6_sf100_core_typed	PASS (45,000)	PLOT_WITH_CAVEAT	REUSE	cidr-experiments/data/source-cache/sf100-matrix-20260613-cn.md#Aggregate Matrix row=budg-b1024 column=p50/p90/p99 edge-mean us	cidr-experiments/data/source-cache/sf100-matrix-20260613-cn.md#Aggregate Matrix; lsmgraph-rs/baseline/run_w6_sf100_matrix_20260613.sh: EDGE_TYPES/SAMPLES/REPEATS and sample-plan reuse	W6 variants are precomposed layouts rather than one-switch component isolation; repeats reuse one imported store and are not independent process trials. Read-byte metrics retain the reader-overread caveat.
fig2-component-ablation	w6-layout-matrix	w6_sf100_fig2	SF100:budg-b1024:correctness_checked	SemL0	budg-b1024	SF100	outgoing_typed_neighbor	edge_types=1,2,3,7,8,9,10,11,12; samples_per_type=5000; repeats=3; same_store_repeats				correctness_checked	45000	queries	naive_anchor_compare	w6_sf100_core_typed	PASS (45,000)	PLOT_WITH_CAVEAT	REUSE	cidr-experiments/data/source-cache/sf100-matrix-20260613-cn.md#Correctness Compares row=budg-b1024 column=checked	cidr-experiments/data/source-cache/sf100-matrix-20260613-cn.md#Aggregate Matrix; lsmgraph-rs/baseline/run_w6_sf100_matrix_20260613.sh: EDGE_TYPES/SAMPLES/REPEATS and sample-plan reuse	W6 variants are precomposed layouts rather than one-switch component isolation; repeats reuse one imported store and are not independent process trials. Read-byte metrics retain the reader-overread caveat.
fig2-component-ablation	w6-layout-matrix	w6_sf100_fig2	SF100:budg-b1024:correctness_mismatches	SemL0	budg-b1024	SF100	outgoing_typed_neighbor	edge_types=1,2,3,7,8,9,10,11,12; samples_per_type=5000; repeats=3; same_store_repeats				correctness_mismatches	0	queries	naive_anchor_compare	w6_sf100_core_typed	PASS (45,000)	PLOT_WITH_CAVEAT	REUSE	cidr-experiments/data/source-cache/sf100-matrix-20260613-cn.md#Correctness Compares row=budg-b1024 column=mismatches	cidr-experiments/data/source-cache/sf100-matrix-20260613-cn.md#Aggregate Matrix; lsmgraph-rs/baseline/run_w6_sf100_matrix_20260613.sh: EDGE_TYPES/SAMPLES/REPEATS and sample-plan reuse	W6 variants are precomposed layouts rather than one-switch component isolation; repeats reuse one imported store and are not independent process trials. Read-byte metrics retain the reader-overread caveat.
fig2-component-ablation	w6-layout-matrix	w6_sf100_fig2	SF100:budg-b1024:import_max_rss_gib_reported	SemL0	budg-b1024	SF100	outgoing_typed_neighbor	edge_types=1,2,3,7,8,9,10,11,12; samples_per_type=5000; repeats=3; same_store_repeats				import_max_rss_gib_reported	2.68	GiB_reported	single_import_time_v	w6_sf100_core_typed	PASS (45,000)	PLOT_WITH_CAVEAT	REUSE	cidr-experiments/data/source-cache/sf100-matrix-20260613-cn.md#Import RSS row=budg-b1024 column=max RSS GiB	cidr-experiments/data/source-cache/sf100-matrix-20260613-cn.md#Aggregate Matrix; lsmgraph-rs/baseline/run_w6_sf100_matrix_20260613.sh: EDGE_TYPES/SAMPLES/REPEATS and sample-plan reuse	W6 variants are precomposed layouts rather than one-switch component isolation; repeats reuse one imported store and are not independent process trials. Read-byte metrics retain the reader-overread caveat.
fig2-component-ablation	w6-layout-matrix	w6_sf100_fig2	SF100:oracle:ops_per_repeat	SemL0	oracle	SF100	outgoing_typed_neighbor	edge_types=1,2,3,7,8,9,10,11,12; samples_per_type=5000; repeats=3; same_store_repeats				ops_per_repeat	45000	operations	protocol_count	w6_sf100_core_typed	PASS (45,000)	PLOT_WITH_CAVEAT	REUSE	cidr-experiments/data/source-cache/sf100-matrix-20260613-cn.md#Aggregate Matrix row=oracle column=ops/repeat	cidr-experiments/data/source-cache/sf100-matrix-20260613-cn.md#Aggregate Matrix; lsmgraph-rs/baseline/run_w6_sf100_matrix_20260613.sh: EDGE_TYPES/SAMPLES/REPEATS and sample-plan reuse	W6 variants are precomposed layouts rather than one-switch component isolation; repeats reuse one imported store and are not independent process trials. Read-byte metrics retain the reader-overread caveat.
fig2-component-ablation	w6-layout-matrix	w6_sf100_fig2	SF100:oracle:store_size_gib_reported	SemL0	oracle	SF100	outgoing_typed_neighbor	edge_types=1,2,3,7,8,9,10,11,12; samples_per_type=5000; repeats=3; same_store_repeats				store_size_gib_reported	134.6	GiB_reported	single_import	w6_sf100_core_typed	PASS (45,000)	PLOT_WITH_CAVEAT	REUSE	cidr-experiments/data/source-cache/sf100-matrix-20260613-cn.md#Aggregate Matrix row=oracle column=store GiB	cidr-experiments/data/source-cache/sf100-matrix-20260613-cn.md#Aggregate Matrix; lsmgraph-rs/baseline/run_w6_sf100_matrix_20260613.sh: EDGE_TYPES/SAMPLES/REPEATS and sample-plan reuse	W6 variants are precomposed layouts rather than one-switch component isolation; repeats reuse one imported store and are not independent process trials. Read-byte metrics retain the reader-overread caveat.
fig2-component-ablation	w6-layout-matrix	w6_sf100_fig2	SF100:oracle:l0_files	SemL0	oracle	SF100	outgoing_typed_neighbor	edge_types=1,2,3,7,8,9,10,11,12; samples_per_type=5000; repeats=3; same_store_repeats				l0_files	1703	files	single_import	w6_sf100_core_typed	PASS (45,000)	PLOT_WITH_CAVEAT	REUSE	cidr-experiments/data/source-cache/sf100-matrix-20260613-cn.md#Aggregate Matrix row=oracle column=L0 files	cidr-experiments/data/source-cache/sf100-matrix-20260613-cn.md#Aggregate Matrix; lsmgraph-rs/baseline/run_w6_sf100_matrix_20260613.sh: EDGE_TYPES/SAMPLES/REPEATS and sample-plan reuse	W6 variants are precomposed layouts rather than one-switch component isolation; repeats reuse one imported store and are not independent process trials. Read-byte metrics retain the reader-overread caveat.
fig2-component-ablation	w6-layout-matrix	w6_sf100_fig2	SF100:oracle:candidate_l0_total_mean	SemL0	oracle	SF100	outgoing_typed_neighbor	edge_types=1,2,3,7,8,9,10,11,12; samples_per_type=5000; repeats=3; same_store_repeats				candidate_l0_total_mean	532193	segments_per_repeat	mean_across_same_store_repeats	w6_sf100_core_typed	PASS (45,000)	PLOT_WITH_CAVEAT	REUSE	cidr-experiments/data/source-cache/sf100-matrix-20260613-cn.md#Aggregate Matrix row=oracle column=candidate L0 mean+/-std	cidr-experiments/data/source-cache/sf100-matrix-20260613-cn.md#Aggregate Matrix; lsmgraph-rs/baseline/run_w6_sf100_matrix_20260613.sh: EDGE_TYPES/SAMPLES/REPEATS and sample-plan reuse	W6 variants are precomposed layouts rather than one-switch component isolation; repeats reuse one imported store and are not independent process trials. Read-byte metrics retain the reader-overread caveat.
fig2-component-ablation	w6-layout-matrix	w6_sf100_fig2	SF100:oracle:candidate_l0_total_std	SemL0	oracle	SF100	outgoing_typed_neighbor	edge_types=1,2,3,7,8,9,10,11,12; samples_per_type=5000; repeats=3; same_store_repeats				candidate_l0_total_std	0	segments_per_repeat	stddev_across_same_store_repeats	w6_sf100_core_typed	PASS (45,000)	PLOT_WITH_CAVEAT	REUSE	cidr-experiments/data/source-cache/sf100-matrix-20260613-cn.md#Aggregate Matrix row=oracle column=candidate L0 mean+/-std	cidr-experiments/data/source-cache/sf100-matrix-20260613-cn.md#Aggregate Matrix; lsmgraph-rs/baseline/run_w6_sf100_matrix_20260613.sh: EDGE_TYPES/SAMPLES/REPEATS and sample-plan reuse	W6 variants are precomposed layouts rather than one-switch component isolation; repeats reuse one imported store and are not independent process trials. Read-byte metrics retain the reader-overread caveat.
fig2-component-ablation	w6-layout-matrix	w6_sf100_fig2	SF100:oracle:candidate_l0_per_op_mean	SemL0	oracle	SF100	outgoing_typed_neighbor	edge_types=1,2,3,7,8,9,10,11,12; samples_per_type=5000; repeats=3; same_store_repeats				candidate_l0_per_op_mean	11.826511111111111	segments_per_operation	derived_from_reported_means	w6_sf100_core_typed	PASS (45,000)	PLOT_WITH_CAVEAT	REUSE	cidr-experiments/data/source-cache/sf100-matrix-20260613-cn.md#Aggregate Matrix row=oracle column=candidate L0 mean+/-std / cidr-experiments/data/source-cache/sf100-matrix-20260613-cn.md#Aggregate Matrix row=oracle column=ops/repeat	cidr-experiments/data/source-cache/sf100-matrix-20260613-cn.md#Aggregate Matrix; lsmgraph-rs/baseline/run_w6_sf100_matrix_20260613.sh: EDGE_TYPES/SAMPLES/REPEATS and sample-plan reuse	W6 variants are precomposed layouts rather than one-switch component isolation; repeats reuse one imported store and are not independent process trials. Read-byte metrics retain the reader-overread caveat.
fig2-component-ablation	w6-layout-matrix	w6_sf100_fig2	SF100:oracle:candidate_l0_per_op_std	SemL0	oracle	SF100	outgoing_typed_neighbor	edge_types=1,2,3,7,8,9,10,11,12; samples_per_type=5000; repeats=3; same_store_repeats				candidate_l0_per_op_std	0	segments_per_operation	derived_from_reported_stddev	w6_sf100_core_typed	PASS (45,000)	PLOT_WITH_CAVEAT	REUSE	cidr-experiments/data/source-cache/sf100-matrix-20260613-cn.md#Aggregate Matrix row=oracle column=candidate L0 mean+/-std / cidr-experiments/data/source-cache/sf100-matrix-20260613-cn.md#Aggregate Matrix row=oracle column=ops/repeat	cidr-experiments/data/source-cache/sf100-matrix-20260613-cn.md#Aggregate Matrix; lsmgraph-rs/baseline/run_w6_sf100_matrix_20260613.sh: EDGE_TYPES/SAMPLES/REPEATS and sample-plan reuse	W6 variants are precomposed layouts rather than one-switch component isolation; repeats reuse one imported store and are not independent process trials. Read-byte metrics retain the reader-overread caveat.
fig2-component-ablation	w6-layout-matrix	w6_sf100_fig2	SF100:oracle:read_bytes_total_mean	SemL0	oracle	SF100	outgoing_typed_neighbor	edge_types=1,2,3,7,8,9,10,11,12; samples_per_type=5000; repeats=3; same_store_repeats				read_bytes_total_mean	1318896776	bytes_per_repeat	mean_across_same_store_repeats	w6_sf100_core_typed	PASS (45,000)	SECONDARY_ONLY_READER_OVERREAD	REUSE	cidr-experiments/data/source-cache/sf100-matrix-20260613-cn.md#Aggregate Matrix row=oracle column=read bytes mean+/-std	cidr-experiments/data/source-cache/sf100-matrix-20260613-cn.md#Aggregate Matrix; lsmgraph-rs/baseline/run_w6_sf100_matrix_20260613.sh: EDGE_TYPES/SAMPLES/REPEATS and sample-plan reuse	W6 variants are precomposed layouts rather than one-switch component isolation; repeats reuse one imported store and are not independent process trials. Read-byte metrics retain the reader-overread caveat.
fig2-component-ablation	w6-layout-matrix	w6_sf100_fig2	SF100:oracle:read_bytes_total_std	SemL0	oracle	SF100	outgoing_typed_neighbor	edge_types=1,2,3,7,8,9,10,11,12; samples_per_type=5000; repeats=3; same_store_repeats				read_bytes_total_std	1338783348	bytes_per_repeat	stddev_across_same_store_repeats	w6_sf100_core_typed	PASS (45,000)	SECONDARY_ONLY_READER_OVERREAD	REUSE	cidr-experiments/data/source-cache/sf100-matrix-20260613-cn.md#Aggregate Matrix row=oracle column=read bytes mean+/-std	cidr-experiments/data/source-cache/sf100-matrix-20260613-cn.md#Aggregate Matrix; lsmgraph-rs/baseline/run_w6_sf100_matrix_20260613.sh: EDGE_TYPES/SAMPLES/REPEATS and sample-plan reuse	W6 variants are precomposed layouts rather than one-switch component isolation; repeats reuse one imported store and are not independent process trials. Read-byte metrics retain the reader-overread caveat.
fig2-component-ablation	w6-layout-matrix	w6_sf100_fig2	SF100:oracle:read_bytes_per_op_mean	SemL0	oracle	SF100	outgoing_typed_neighbor	edge_types=1,2,3,7,8,9,10,11,12; samples_per_type=5000; repeats=3; same_store_repeats				read_bytes_per_op_mean	29308.817244444446	bytes_per_operation	derived_from_reported_means	w6_sf100_core_typed	PASS (45,000)	SECONDARY_ONLY_READER_OVERREAD	REUSE	cidr-experiments/data/source-cache/sf100-matrix-20260613-cn.md#Aggregate Matrix row=oracle column=read bytes mean+/-std / cidr-experiments/data/source-cache/sf100-matrix-20260613-cn.md#Aggregate Matrix row=oracle column=ops/repeat	cidr-experiments/data/source-cache/sf100-matrix-20260613-cn.md#Aggregate Matrix; lsmgraph-rs/baseline/run_w6_sf100_matrix_20260613.sh: EDGE_TYPES/SAMPLES/REPEATS and sample-plan reuse	W6 variants are precomposed layouts rather than one-switch component isolation; repeats reuse one imported store and are not independent process trials. Read-byte metrics retain the reader-overread caveat.
fig2-component-ablation	w6-layout-matrix	w6_sf100_fig2	SF100:oracle:avg_latency_us_mean	SemL0	oracle	SF100	outgoing_typed_neighbor	edge_types=1,2,3,7,8,9,10,11,12; samples_per_type=5000; repeats=3; same_store_repeats				avg_latency_us_mean	9723.8	us_per_operation	mean_across_same_store_repeats	w6_sf100_core_typed	PASS (45,000)	PLOT_WITH_CAVEAT	REUSE	cidr-experiments/data/source-cache/sf100-matrix-20260613-cn.md#Aggregate Matrix row=oracle column=avg us mean+/-std	cidr-experiments/data/source-cache/sf100-matrix-20260613-cn.md#Aggregate Matrix; lsmgraph-rs/baseline/run_w6_sf100_matrix_20260613.sh: EDGE_TYPES/SAMPLES/REPEATS and sample-plan reuse	W6 variants are precomposed layouts rather than one-switch component isolation; repeats reuse one imported store and are not independent process trials. Read-byte metrics retain the reader-overread caveat.
fig2-component-ablation	w6-layout-matrix	w6_sf100_fig2	SF100:oracle:avg_latency_us_std	SemL0	oracle	SF100	outgoing_typed_neighbor	edge_types=1,2,3,7,8,9,10,11,12; samples_per_type=5000; repeats=3; same_store_repeats				avg_latency_us_std	1641.3	us_per_operation	stddev_across_same_store_repeats	w6_sf100_core_typed	PASS (45,000)	PLOT_WITH_CAVEAT	REUSE	cidr-experiments/data/source-cache/sf100-matrix-20260613-cn.md#Aggregate Matrix row=oracle column=avg us mean+/-std	cidr-experiments/data/source-cache/sf100-matrix-20260613-cn.md#Aggregate Matrix; lsmgraph-rs/baseline/run_w6_sf100_matrix_20260613.sh: EDGE_TYPES/SAMPLES/REPEATS and sample-plan reuse	W6 variants are precomposed layouts rather than one-switch component isolation; repeats reuse one imported store and are not independent process trials. Read-byte metrics retain the reader-overread caveat.
fig2-component-ablation	w6-layout-matrix	w6_sf100_fig2	SF100:oracle:p50_edge_mean_us	SemL0	oracle	SF100	outgoing_typed_neighbor	edge_types=1,2,3,7,8,9,10,11,12; samples_per_type=5000; repeats=3; same_store_repeats				p50_edge_mean_us	10028	us	mean_of_per_edge_type_percentiles_across_repeats	w6_sf100_core_typed	PASS (45,000)	PLOT_WITH_CAVEAT	REUSE	cidr-experiments/data/source-cache/sf100-matrix-20260613-cn.md#Aggregate Matrix row=oracle column=p50/p90/p99 edge-mean us	cidr-experiments/data/source-cache/sf100-matrix-20260613-cn.md#Aggregate Matrix; lsmgraph-rs/baseline/run_w6_sf100_matrix_20260613.sh: EDGE_TYPES/SAMPLES/REPEATS and sample-plan reuse	W6 variants are precomposed layouts rather than one-switch component isolation; repeats reuse one imported store and are not independent process trials. Read-byte metrics retain the reader-overread caveat.
fig2-component-ablation	w6-layout-matrix	w6_sf100_fig2	SF100:oracle:p50_edge_mean_std_us	SemL0	oracle	SF100	outgoing_typed_neighbor	edge_types=1,2,3,7,8,9,10,11,12; samples_per_type=5000; repeats=3; same_store_repeats				p50_edge_mean_std_us	1473	us	stddev_of_per_edge_type_percentiles_across_repeats	w6_sf100_core_typed	PASS (45,000)	PLOT_WITH_CAVEAT	REUSE	cidr-experiments/data/source-cache/sf100-matrix-20260613-cn.md#Aggregate Matrix row=oracle column=p50/p90/p99 edge-mean us	cidr-experiments/data/source-cache/sf100-matrix-20260613-cn.md#Aggregate Matrix; lsmgraph-rs/baseline/run_w6_sf100_matrix_20260613.sh: EDGE_TYPES/SAMPLES/REPEATS and sample-plan reuse	W6 variants are precomposed layouts rather than one-switch component isolation; repeats reuse one imported store and are not independent process trials. Read-byte metrics retain the reader-overread caveat.
fig2-component-ablation	w6-layout-matrix	w6_sf100_fig2	SF100:oracle:p90_edge_mean_us	SemL0	oracle	SF100	outgoing_typed_neighbor	edge_types=1,2,3,7,8,9,10,11,12; samples_per_type=5000; repeats=3; same_store_repeats				p90_edge_mean_us	25741	us	mean_of_per_edge_type_percentiles_across_repeats	w6_sf100_core_typed	PASS (45,000)	PLOT_WITH_CAVEAT	REUSE	cidr-experiments/data/source-cache/sf100-matrix-20260613-cn.md#Aggregate Matrix row=oracle column=p50/p90/p99 edge-mean us	cidr-experiments/data/source-cache/sf100-matrix-20260613-cn.md#Aggregate Matrix; lsmgraph-rs/baseline/run_w6_sf100_matrix_20260613.sh: EDGE_TYPES/SAMPLES/REPEATS and sample-plan reuse	W6 variants are precomposed layouts rather than one-switch component isolation; repeats reuse one imported store and are not independent process trials. Read-byte metrics retain the reader-overread caveat.
fig2-component-ablation	w6-layout-matrix	w6_sf100_fig2	SF100:oracle:p90_edge_mean_std_us	SemL0	oracle	SF100	outgoing_typed_neighbor	edge_types=1,2,3,7,8,9,10,11,12; samples_per_type=5000; repeats=3; same_store_repeats				p90_edge_mean_std_us	3169	us	stddev_of_per_edge_type_percentiles_across_repeats	w6_sf100_core_typed	PASS (45,000)	PLOT_WITH_CAVEAT	REUSE	cidr-experiments/data/source-cache/sf100-matrix-20260613-cn.md#Aggregate Matrix row=oracle column=p50/p90/p99 edge-mean us	cidr-experiments/data/source-cache/sf100-matrix-20260613-cn.md#Aggregate Matrix; lsmgraph-rs/baseline/run_w6_sf100_matrix_20260613.sh: EDGE_TYPES/SAMPLES/REPEATS and sample-plan reuse	W6 variants are precomposed layouts rather than one-switch component isolation; repeats reuse one imported store and are not independent process trials. Read-byte metrics retain the reader-overread caveat.
fig2-component-ablation	w6-layout-matrix	w6_sf100_fig2	SF100:oracle:p99_edge_mean_us	SemL0	oracle	SF100	outgoing_typed_neighbor	edge_types=1,2,3,7,8,9,10,11,12; samples_per_type=5000; repeats=3; same_store_repeats				p99_edge_mean_us	36704	us	mean_of_per_edge_type_percentiles_across_repeats	w6_sf100_core_typed	PASS (45,000)	PLOT_WITH_CAVEAT	REUSE	cidr-experiments/data/source-cache/sf100-matrix-20260613-cn.md#Aggregate Matrix row=oracle column=p50/p90/p99 edge-mean us	cidr-experiments/data/source-cache/sf100-matrix-20260613-cn.md#Aggregate Matrix; lsmgraph-rs/baseline/run_w6_sf100_matrix_20260613.sh: EDGE_TYPES/SAMPLES/REPEATS and sample-plan reuse	W6 variants are precomposed layouts rather than one-switch component isolation; repeats reuse one imported store and are not independent process trials. Read-byte metrics retain the reader-overread caveat.
fig2-component-ablation	w6-layout-matrix	w6_sf100_fig2	SF100:oracle:p99_edge_mean_std_us	SemL0	oracle	SF100	outgoing_typed_neighbor	edge_types=1,2,3,7,8,9,10,11,12; samples_per_type=5000; repeats=3; same_store_repeats				p99_edge_mean_std_us	10580	us	stddev_of_per_edge_type_percentiles_across_repeats	w6_sf100_core_typed	PASS (45,000)	PLOT_WITH_CAVEAT	REUSE	cidr-experiments/data/source-cache/sf100-matrix-20260613-cn.md#Aggregate Matrix row=oracle column=p50/p90/p99 edge-mean us	cidr-experiments/data/source-cache/sf100-matrix-20260613-cn.md#Aggregate Matrix; lsmgraph-rs/baseline/run_w6_sf100_matrix_20260613.sh: EDGE_TYPES/SAMPLES/REPEATS and sample-plan reuse	W6 variants are precomposed layouts rather than one-switch component isolation; repeats reuse one imported store and are not independent process trials. Read-byte metrics retain the reader-overread caveat.
fig2-component-ablation	w6-layout-matrix	w6_sf100_fig2	SF100:oracle:correctness_checked	SemL0	oracle	SF100	outgoing_typed_neighbor	edge_types=1,2,3,7,8,9,10,11,12; samples_per_type=5000; repeats=3; same_store_repeats				correctness_checked	45000	queries	naive_anchor_compare	w6_sf100_core_typed	PASS (45,000)	PLOT_WITH_CAVEAT	REUSE	cidr-experiments/data/source-cache/sf100-matrix-20260613-cn.md#Correctness Compares row=oracle column=checked	cidr-experiments/data/source-cache/sf100-matrix-20260613-cn.md#Aggregate Matrix; lsmgraph-rs/baseline/run_w6_sf100_matrix_20260613.sh: EDGE_TYPES/SAMPLES/REPEATS and sample-plan reuse	W6 variants are precomposed layouts rather than one-switch component isolation; repeats reuse one imported store and are not independent process trials. Read-byte metrics retain the reader-overread caveat.
fig2-component-ablation	w6-layout-matrix	w6_sf100_fig2	SF100:oracle:correctness_mismatches	SemL0	oracle	SF100	outgoing_typed_neighbor	edge_types=1,2,3,7,8,9,10,11,12; samples_per_type=5000; repeats=3; same_store_repeats				correctness_mismatches	0	queries	naive_anchor_compare	w6_sf100_core_typed	PASS (45,000)	PLOT_WITH_CAVEAT	REUSE	cidr-experiments/data/source-cache/sf100-matrix-20260613-cn.md#Correctness Compares row=oracle column=mismatches	cidr-experiments/data/source-cache/sf100-matrix-20260613-cn.md#Aggregate Matrix; lsmgraph-rs/baseline/run_w6_sf100_matrix_20260613.sh: EDGE_TYPES/SAMPLES/REPEATS and sample-plan reuse	W6 variants are precomposed layouts rather than one-switch component isolation; repeats reuse one imported store and are not independent process trials. Read-byte metrics retain the reader-overread caveat.
fig2-component-ablation	w6-layout-matrix	w6_sf100_fig2	SF100:oracle:import_max_rss_gib_reported	SemL0	oracle	SF100	outgoing_typed_neighbor	edge_types=1,2,3,7,8,9,10,11,12; samples_per_type=5000; repeats=3; same_store_repeats				import_max_rss_gib_reported	2.67	GiB_reported	single_import_time_v	w6_sf100_core_typed	PASS (45,000)	PLOT_WITH_CAVEAT	REUSE	cidr-experiments/data/source-cache/sf100-matrix-20260613-cn.md#Import RSS row=oracle column=max RSS GiB	cidr-experiments/data/source-cache/sf100-matrix-20260613-cn.md#Aggregate Matrix; lsmgraph-rs/baseline/run_w6_sf100_matrix_20260613.sh: EDGE_TYPES/SAMPLES/REPEATS and sample-plan reuse	W6 variants are precomposed layouts rather than one-switch component isolation; repeats reuse one imported store and are not independent process trials. Read-byte metrics retain the reader-overread caveat.
