figure_id	panel_id	source_id	record_id	system	variant	dataset	workload	scope	x_name	x_value	x_unit	metric	value	unit	aggregation	protocol_id	correctness_status	plot_eligibility	verdict	value_provenance	protocol_provenance	caveat
fig4-dynamic-compaction	c2-layer-a-controlled	c2_layer_a_fig4	C2A:SF1:naive:pruning_retention	SemL0	naive	SF1	controlled_typed_neighbor_full_read	controlled synthetic merge; full read consequence and correctness				pruning_retention	0	ratio	single_controlled_run	c2_controlled_full_read	mismatches=0	PLOT_CANDIDATE_CONTROLLED	REUSE	baseline/seml0-lifecycle-paper/tables/table-c2-retention.md#Layer A row=SF1/naive column=pruning_retention	baseline/seml0-lifecycle-paper/tables/table-c2-retention.md#Layer A source note	Intentionally controlled synthetic partition structure; do not label as real LDBC end-to-end.
fig4-dynamic-compaction	c2-layer-a-controlled	c2_layer_a_fig4	C2A:SF1:naive:output_segments	SemL0	naive	SF1	controlled_typed_neighbor_full_read	controlled synthetic merge; full read consequence and correctness				output_segments	1	segments	single_controlled_run	c2_controlled_full_read	mismatches=0	PLOT_CANDIDATE_CONTROLLED	REUSE	baseline/seml0-lifecycle-paper/tables/table-c2-retention.md#Layer A row=SF1/naive column=output segs	baseline/seml0-lifecycle-paper/tables/table-c2-retention.md#Layer A source note	Intentionally controlled synthetic partition structure; do not label as real LDBC end-to-end.
fig4-dynamic-compaction	c2-layer-a-controlled	c2_layer_a_fig4	C2A:SF1:naive:write_amplification	SemL0	naive	SF1	controlled_typed_neighbor_full_read	controlled synthetic merge; full read consequence and correctness				write_amplification	1.22	ratio	single_controlled_run	c2_controlled_full_read	mismatches=0	PLOT_CANDIDATE_CONTROLLED	REUSE	baseline/seml0-lifecycle-paper/tables/table-c2-retention.md#Layer A row=SF1/naive column=write_amp	baseline/seml0-lifecycle-paper/tables/table-c2-retention.md#Layer A source note	Intentionally controlled synthetic partition structure; do not label as real LDBC end-to-end.
fig4-dynamic-compaction	c2-layer-a-controlled	c2_layer_a_fig4	C2A:SF1:naive:relative_full_read_cost_after_vs_before	SemL0	naive	SF1	controlled_typed_neighbor_full_read	controlled synthetic merge; full read consequence and correctness				relative_full_read_cost_after_vs_before	4	ratio	single_controlled_run	c2_controlled_full_read	mismatches=0	PLOT_CANDIDATE_CONTROLLED	REUSE	baseline/seml0-lifecycle-paper/tables/table-c2-retention.md#Layer A row=SF1/naive column=read after vs before	baseline/seml0-lifecycle-paper/tables/table-c2-retention.md#Layer A source note	Intentionally controlled synthetic partition structure; do not label as real LDBC end-to-end.
fig4-dynamic-compaction	c2-layer-a-controlled	c2_layer_a_fig4	C2A:SF1:naive:correctness_mismatches	SemL0	naive	SF1	controlled_typed_neighbor_full_read	controlled synthetic merge; full read consequence and correctness				correctness_mismatches	0	queries	digest_compare	c2_controlled_full_read	mismatches=0	PLOT_CANDIDATE_CONTROLLED	REUSE	baseline/seml0-lifecycle-paper/tables/table-c2-retention.md#Layer A row=SF1/naive column=mismatches	baseline/seml0-lifecycle-paper/tables/table-c2-retention.md#Layer A source note	Intentionally controlled synthetic partition structure; do not label as real LDBC end-to-end.
fig4-dynamic-compaction	c2-layer-a-controlled	c2_layer_a_fig4	C2A:SF1:semantic:pruning_retention	SemL0	semantic	SF1	controlled_typed_neighbor_full_read	controlled synthetic merge; full read consequence and correctness				pruning_retention	1	ratio	single_controlled_run	c2_controlled_full_read	mismatches=0	PLOT_CANDIDATE_CONTROLLED	REUSE	baseline/seml0-lifecycle-paper/tables/table-c2-retention.md#Layer A row=SF1/semantic column=pruning_retention	baseline/seml0-lifecycle-paper/tables/table-c2-retention.md#Layer A source note	Intentionally controlled synthetic partition structure; do not label as real LDBC end-to-end.
fig4-dynamic-compaction	c2-layer-a-controlled	c2_layer_a_fig4	C2A:SF1:semantic:output_segments	SemL0	semantic	SF1	controlled_typed_neighbor_full_read	controlled synthetic merge; full read consequence and correctness				output_segments	4	segments	single_controlled_run	c2_controlled_full_read	mismatches=0	PLOT_CANDIDATE_CONTROLLED	REUSE	baseline/seml0-lifecycle-paper/tables/table-c2-retention.md#Layer A row=SF1/semantic column=output segs	baseline/seml0-lifecycle-paper/tables/table-c2-retention.md#Layer A source note	Intentionally controlled synthetic partition structure; do not label as real LDBC end-to-end.
fig4-dynamic-compaction	c2-layer-a-controlled	c2_layer_a_fig4	C2A:SF1:semantic:write_amplification	SemL0	semantic	SF1	controlled_typed_neighbor_full_read	controlled synthetic merge; full read consequence and correctness				write_amplification	1.87	ratio	single_controlled_run	c2_controlled_full_read	mismatches=0	PLOT_CANDIDATE_CONTROLLED	REUSE	baseline/seml0-lifecycle-paper/tables/table-c2-retention.md#Layer A row=SF1/semantic column=write_amp	baseline/seml0-lifecycle-paper/tables/table-c2-retention.md#Layer A source note	Intentionally controlled synthetic partition structure; do not label as real LDBC end-to-end.
fig4-dynamic-compaction	c2-layer-a-controlled	c2_layer_a_fig4	C2A:SF1:semantic:relative_full_read_cost_after_vs_before	SemL0	semantic	SF1	controlled_typed_neighbor_full_read	controlled synthetic merge; full read consequence and correctness				relative_full_read_cost_after_vs_before	1	ratio	single_controlled_run	c2_controlled_full_read	mismatches=0	PLOT_CANDIDATE_CONTROLLED	REUSE	baseline/seml0-lifecycle-paper/tables/table-c2-retention.md#Layer A row=SF1/semantic column=read after vs before	baseline/seml0-lifecycle-paper/tables/table-c2-retention.md#Layer A source note	Intentionally controlled synthetic partition structure; do not label as real LDBC end-to-end.
fig4-dynamic-compaction	c2-layer-a-controlled	c2_layer_a_fig4	C2A:SF1:semantic:correctness_mismatches	SemL0	semantic	SF1	controlled_typed_neighbor_full_read	controlled synthetic merge; full read consequence and correctness				correctness_mismatches	0	queries	digest_compare	c2_controlled_full_read	mismatches=0	PLOT_CANDIDATE_CONTROLLED	REUSE	baseline/seml0-lifecycle-paper/tables/table-c2-retention.md#Layer A row=SF1/semantic column=mismatches	baseline/seml0-lifecycle-paper/tables/table-c2-retention.md#Layer A source note	Intentionally controlled synthetic partition structure; do not label as real LDBC end-to-end.
fig4-dynamic-compaction	c2-layer-a-controlled	c2_layer_a_fig4	C2A:SF10c:naive:pruning_retention	SemL0	naive	SF10c	controlled_typed_neighbor_full_read	controlled synthetic merge; full read consequence and correctness				pruning_retention	0	ratio	single_controlled_run	c2_controlled_full_read	mismatches=0	PLOT_CANDIDATE_CONTROLLED	REUSE	baseline/seml0-lifecycle-paper/tables/table-c2-retention.md#Layer A row=SF10c/naive column=pruning_retention	baseline/seml0-lifecycle-paper/tables/table-c2-retention.md#Layer A source note	Intentionally controlled synthetic partition structure; do not label as real LDBC end-to-end.
fig4-dynamic-compaction	c2-layer-a-controlled	c2_layer_a_fig4	C2A:SF10c:naive:output_segments	SemL0	naive	SF10c	controlled_typed_neighbor_full_read	controlled synthetic merge; full read consequence and correctness				output_segments	1	segments	single_controlled_run	c2_controlled_full_read	mismatches=0	PLOT_CANDIDATE_CONTROLLED	REUSE	baseline/seml0-lifecycle-paper/tables/table-c2-retention.md#Layer A row=SF10c/naive column=output segs	baseline/seml0-lifecycle-paper/tables/table-c2-retention.md#Layer A source note	Intentionally controlled synthetic partition structure; do not label as real LDBC end-to-end.
fig4-dynamic-compaction	c2-layer-a-controlled	c2_layer_a_fig4	C2A:SF10c:naive:write_amplification	SemL0	naive	SF10c	controlled_typed_neighbor_full_read	controlled synthetic merge; full read consequence and correctness				write_amplification	1.14	ratio	single_controlled_run	c2_controlled_full_read	mismatches=0	PLOT_CANDIDATE_CONTROLLED	REUSE	baseline/seml0-lifecycle-paper/tables/table-c2-retention.md#Layer A row=SF10c/naive column=write_amp	baseline/seml0-lifecycle-paper/tables/table-c2-retention.md#Layer A source note	Intentionally controlled synthetic partition structure; do not label as real LDBC end-to-end.
fig4-dynamic-compaction	c2-layer-a-controlled	c2_layer_a_fig4	C2A:SF10c:naive:relative_full_read_cost_after_vs_before	SemL0	naive	SF10c	controlled_typed_neighbor_full_read	controlled synthetic merge; full read consequence and correctness				relative_full_read_cost_after_vs_before	6	ratio	single_controlled_run	c2_controlled_full_read	mismatches=0	PLOT_CANDIDATE_CONTROLLED	REUSE	baseline/seml0-lifecycle-paper/tables/table-c2-retention.md#Layer A row=SF10c/naive column=read after vs before	baseline/seml0-lifecycle-paper/tables/table-c2-retention.md#Layer A source note	Intentionally controlled synthetic partition structure; do not label as real LDBC end-to-end.
fig4-dynamic-compaction	c2-layer-a-controlled	c2_layer_a_fig4	C2A:SF10c:naive:correctness_mismatches	SemL0	naive	SF10c	controlled_typed_neighbor_full_read	controlled synthetic merge; full read consequence and correctness				correctness_mismatches	0	queries	digest_compare	c2_controlled_full_read	mismatches=0	PLOT_CANDIDATE_CONTROLLED	REUSE	baseline/seml0-lifecycle-paper/tables/table-c2-retention.md#Layer A row=SF10c/naive column=mismatches	baseline/seml0-lifecycle-paper/tables/table-c2-retention.md#Layer A source note	Intentionally controlled synthetic partition structure; do not label as real LDBC end-to-end.
fig4-dynamic-compaction	c2-layer-a-controlled	c2_layer_a_fig4	C2A:SF10c:semantic:pruning_retention	SemL0	semantic	SF10c	controlled_typed_neighbor_full_read	controlled synthetic merge; full read consequence and correctness				pruning_retention	1	ratio	single_controlled_run	c2_controlled_full_read	mismatches=0	PLOT_CANDIDATE_CONTROLLED	REUSE	baseline/seml0-lifecycle-paper/tables/table-c2-retention.md#Layer A row=SF10c/semantic column=pruning_retention	baseline/seml0-lifecycle-paper/tables/table-c2-retention.md#Layer A source note	Intentionally controlled synthetic partition structure; do not label as real LDBC end-to-end.
fig4-dynamic-compaction	c2-layer-a-controlled	c2_layer_a_fig4	C2A:SF10c:semantic:output_segments	SemL0	semantic	SF10c	controlled_typed_neighbor_full_read	controlled synthetic merge; full read consequence and correctness				output_segments	6	segments	single_controlled_run	c2_controlled_full_read	mismatches=0	PLOT_CANDIDATE_CONTROLLED	REUSE	baseline/seml0-lifecycle-paper/tables/table-c2-retention.md#Layer A row=SF10c/semantic column=output segs	baseline/seml0-lifecycle-paper/tables/table-c2-retention.md#Layer A source note	Intentionally controlled synthetic partition structure; do not label as real LDBC end-to-end.
fig4-dynamic-compaction	c2-layer-a-controlled	c2_layer_a_fig4	C2A:SF10c:semantic:write_amplification	SemL0	semantic	SF10c	controlled_typed_neighbor_full_read	controlled synthetic merge; full read consequence and correctness				write_amplification	1.85	ratio	single_controlled_run	c2_controlled_full_read	mismatches=0	PLOT_CANDIDATE_CONTROLLED	REUSE	baseline/seml0-lifecycle-paper/tables/table-c2-retention.md#Layer A row=SF10c/semantic column=write_amp	baseline/seml0-lifecycle-paper/tables/table-c2-retention.md#Layer A source note	Intentionally controlled synthetic partition structure; do not label as real LDBC end-to-end.
fig4-dynamic-compaction	c2-layer-a-controlled	c2_layer_a_fig4	C2A:SF10c:semantic:relative_full_read_cost_after_vs_before	SemL0	semantic	SF10c	controlled_typed_neighbor_full_read	controlled synthetic merge; full read consequence and correctness				relative_full_read_cost_after_vs_before	1	ratio	single_controlled_run	c2_controlled_full_read	mismatches=0	PLOT_CANDIDATE_CONTROLLED	REUSE	baseline/seml0-lifecycle-paper/tables/table-c2-retention.md#Layer A row=SF10c/semantic column=read after vs before	baseline/seml0-lifecycle-paper/tables/table-c2-retention.md#Layer A source note	Intentionally controlled synthetic partition structure; do not label as real LDBC end-to-end.
fig4-dynamic-compaction	c2-layer-a-controlled	c2_layer_a_fig4	C2A:SF10c:semantic:correctness_mismatches	SemL0	semantic	SF10c	controlled_typed_neighbor_full_read	controlled synthetic merge; full read consequence and correctness				correctness_mismatches	0	queries	digest_compare	c2_controlled_full_read	mismatches=0	PLOT_CANDIDATE_CONTROLLED	REUSE	baseline/seml0-lifecycle-paper/tables/table-c2-retention.md#Layer A row=SF10c/semantic column=mismatches	baseline/seml0-lifecycle-paper/tables/table-c2-retention.md#Layer A source note	Intentionally controlled synthetic partition structure; do not label as real LDBC end-to-end.
fig4-dynamic-compaction	c2-layer-b-real-retention-cost	c2_layer_b_fig4	C2B:SF1 (real):naive:pruning_retention	SemL0	naive	SF1 (real)	open_mode_retention_and_write_cost	real LDBC open-mode; no per-run full read workload				pruning_retention	0	ratio	single_open_mode_run	c2_real_open_mode	LOSSLESSNESS_COVERED_BY_ENGINE_TESTS_NOT_PER_RUN_DIGEST	PLOT_CANDIDATE_REAL_RETENTION_COST	REUSE	baseline/seml0-lifecycle-paper/tables/table-c2-retention.md#Layer B row=SF1 (real)/naive column=pruning_retention	baseline/seml0-lifecycle-paper/tables/table-c2-retention.md#Layer B source note	Real-data retention and write-cost evidence only; no full body-read latency in this layer.
fig4-dynamic-compaction	c2-layer-b-real-retention-cost	c2_layer_b_fig4	C2B:SF1 (real):naive:exact_surface_after	SemL0	naive	SF1 (real)	open_mode_retention_and_write_cost	real LDBC open-mode; no per-run full read workload				exact_surface_after	0	ratio	single_open_mode_run	c2_real_open_mode	LOSSLESSNESS_COVERED_BY_ENGINE_TESTS_NOT_PER_RUN_DIGEST	PLOT_CANDIDATE_REAL_RETENTION_COST	REUSE	baseline/seml0-lifecycle-paper/tables/table-c2-retention.md#Layer B row=SF1 (real)/naive column=exact_surface after	baseline/seml0-lifecycle-paper/tables/table-c2-retention.md#Layer B source note	Real-data retention and write-cost evidence only; no full body-read latency in this layer.
fig4-dynamic-compaction	c2-layer-b-real-retention-cost	c2_layer_b_fig4	C2B:SF1 (real):naive:output_segments	SemL0	naive	SF1 (real)	open_mode_retention_and_write_cost	real LDBC open-mode; no per-run full read workload				output_segments	17	segments	single_open_mode_run	c2_real_open_mode	LOSSLESSNESS_COVERED_BY_ENGINE_TESTS_NOT_PER_RUN_DIGEST	PLOT_CANDIDATE_REAL_RETENTION_COST	REUSE	baseline/seml0-lifecycle-paper/tables/table-c2-retention.md#Layer B row=SF1 (real)/naive column=output segs	baseline/seml0-lifecycle-paper/tables/table-c2-retention.md#Layer B source note	Real-data retention and write-cost evidence only; no full body-read latency in this layer.
fig4-dynamic-compaction	c2-layer-b-real-retention-cost	c2_layer_b_fig4	C2B:SF1 (real):naive:write_amplification	SemL0	naive	SF1 (real)	open_mode_retention_and_write_cost	real LDBC open-mode; no per-run full read workload				write_amplification	1.08	ratio	single_open_mode_run	c2_real_open_mode	LOSSLESSNESS_COVERED_BY_ENGINE_TESTS_NOT_PER_RUN_DIGEST	PLOT_CANDIDATE_REAL_RETENTION_COST	REUSE	baseline/seml0-lifecycle-paper/tables/table-c2-retention.md#Layer B row=SF1 (real)/naive column=write_amp	baseline/seml0-lifecycle-paper/tables/table-c2-retention.md#Layer B source note	Real-data retention and write-cost evidence only; no full body-read latency in this layer.
fig4-dynamic-compaction	c2-layer-b-real-retention-cost	c2_layer_b_fig4	C2B:SF1 (real):semantic:pruning_retention	SemL0	semantic	SF1 (real)	open_mode_retention_and_write_cost	real LDBC open-mode; no per-run full read workload				pruning_retention	1	ratio	single_open_mode_run	c2_real_open_mode	LOSSLESSNESS_COVERED_BY_ENGINE_TESTS_NOT_PER_RUN_DIGEST	PLOT_CANDIDATE_REAL_RETENTION_COST	REUSE	baseline/seml0-lifecycle-paper/tables/table-c2-retention.md#Layer B row=SF1 (real)/semantic column=pruning_retention	baseline/seml0-lifecycle-paper/tables/table-c2-retention.md#Layer B source note	Real-data retention and write-cost evidence only; no full body-read latency in this layer.
fig4-dynamic-compaction	c2-layer-b-real-retention-cost	c2_layer_b_fig4	C2B:SF1 (real):semantic:exact_surface_after	SemL0	semantic	SF1 (real)	open_mode_retention_and_write_cost	real LDBC open-mode; no per-run full read workload				exact_surface_after	1	ratio	single_open_mode_run	c2_real_open_mode	LOSSLESSNESS_COVERED_BY_ENGINE_TESTS_NOT_PER_RUN_DIGEST	PLOT_CANDIDATE_REAL_RETENTION_COST	REUSE	baseline/seml0-lifecycle-paper/tables/table-c2-retention.md#Layer B row=SF1 (real)/semantic column=exact_surface after	baseline/seml0-lifecycle-paper/tables/table-c2-retention.md#Layer B source note	Real-data retention and write-cost evidence only; no full body-read latency in this layer.
fig4-dynamic-compaction	c2-layer-b-real-retention-cost	c2_layer_b_fig4	C2B:SF1 (real):semantic:output_segments	SemL0	semantic	SF1 (real)	open_mode_retention_and_write_cost	real LDBC open-mode; no per-run full read workload				output_segments	44	segments	single_open_mode_run	c2_real_open_mode	LOSSLESSNESS_COVERED_BY_ENGINE_TESTS_NOT_PER_RUN_DIGEST	PLOT_CANDIDATE_REAL_RETENTION_COST	REUSE	baseline/seml0-lifecycle-paper/tables/table-c2-retention.md#Layer B row=SF1 (real)/semantic column=output segs	baseline/seml0-lifecycle-paper/tables/table-c2-retention.md#Layer B source note	Real-data retention and write-cost evidence only; no full body-read latency in this layer.
fig4-dynamic-compaction	c2-layer-b-real-retention-cost	c2_layer_b_fig4	C2B:SF1 (real):semantic:write_amplification	SemL0	semantic	SF1 (real)	open_mode_retention_and_write_cost	real LDBC open-mode; no per-run full read workload				write_amplification	1.27	ratio	single_open_mode_run	c2_real_open_mode	LOSSLESSNESS_COVERED_BY_ENGINE_TESTS_NOT_PER_RUN_DIGEST	PLOT_CANDIDATE_REAL_RETENTION_COST	REUSE	baseline/seml0-lifecycle-paper/tables/table-c2-retention.md#Layer B row=SF1 (real)/semantic column=write_amp	baseline/seml0-lifecycle-paper/tables/table-c2-retention.md#Layer B source note	Real-data retention and write-cost evidence only; no full body-read latency in this layer.
fig4-dynamic-compaction	c2-layer-b-real-retention-cost	c2_layer_b_fig4	C2B:SF30 (real, 1.09B edges):naive:pruning_retention	SemL0	naive	SF30 (real, 1.09B edges)	open_mode_retention_and_write_cost	real LDBC open-mode; no per-run full read workload				pruning_retention	0	ratio	single_open_mode_run	c2_real_open_mode	LOSSLESSNESS_COVERED_BY_ENGINE_TESTS_NOT_PER_RUN_DIGEST	PLOT_CANDIDATE_REAL_RETENTION_COST	REUSE	baseline/seml0-lifecycle-paper/tables/table-c2-retention.md#Layer B row=SF30 (real, 1.09B edges)/naive column=pruning_retention	baseline/seml0-lifecycle-paper/tables/table-c2-retention.md#Layer B source note	Real-data retention and write-cost evidence only; no full body-read latency in this layer.
fig4-dynamic-compaction	c2-layer-b-real-retention-cost	c2_layer_b_fig4	C2B:SF30 (real, 1.09B edges):naive:exact_surface_after	SemL0	naive	SF30 (real, 1.09B edges)	open_mode_retention_and_write_cost	real LDBC open-mode; no per-run full read workload				exact_surface_after	0	ratio	single_open_mode_run	c2_real_open_mode	LOSSLESSNESS_COVERED_BY_ENGINE_TESTS_NOT_PER_RUN_DIGEST	PLOT_CANDIDATE_REAL_RETENTION_COST	REUSE	baseline/seml0-lifecycle-paper/tables/table-c2-retention.md#Layer B row=SF30 (real, 1.09B edges)/naive column=exact_surface after	baseline/seml0-lifecycle-paper/tables/table-c2-retention.md#Layer B source note	Real-data retention and write-cost evidence only; no full body-read latency in this layer.
fig4-dynamic-compaction	c2-layer-b-real-retention-cost	c2_layer_b_fig4	C2B:SF30 (real, 1.09B edges):naive:output_segments	SemL0	naive	SF30 (real, 1.09B edges)	open_mode_retention_and_write_cost	real LDBC open-mode; no per-run full read workload				output_segments	503	segments	single_open_mode_run	c2_real_open_mode	LOSSLESSNESS_COVERED_BY_ENGINE_TESTS_NOT_PER_RUN_DIGEST	PLOT_CANDIDATE_REAL_RETENTION_COST	REUSE	baseline/seml0-lifecycle-paper/tables/table-c2-retention.md#Layer B row=SF30 (real, 1.09B edges)/naive column=output segs	baseline/seml0-lifecycle-paper/tables/table-c2-retention.md#Layer B source note	Real-data retention and write-cost evidence only; no full body-read latency in this layer.
fig4-dynamic-compaction	c2-layer-b-real-retention-cost	c2_layer_b_fig4	C2B:SF30 (real, 1.09B edges):naive:output_bytes_reported	SemL0	naive	SF30 (real, 1.09B edges)	open_mode_retention_and_write_cost	real LDBC open-mode; no per-run full read workload				output_bytes_reported	37.2	GB	single_open_mode_run	c2_real_open_mode	LOSSLESSNESS_COVERED_BY_ENGINE_TESTS_NOT_PER_RUN_DIGEST	PLOT_CANDIDATE_REAL_RETENTION_COST	REUSE	baseline/seml0-lifecycle-paper/tables/table-c2-retention.md#Layer B row=SF30 (real, 1.09B edges)/naive column=output_bytes	baseline/seml0-lifecycle-paper/tables/table-c2-retention.md#Layer B source note	Real-data retention and write-cost evidence only; no full body-read latency in this layer.
fig4-dynamic-compaction	c2-layer-b-real-retention-cost	c2_layer_b_fig4	C2B:SF30 (real, 1.09B edges):naive:logical_bytes_reported	SemL0	naive	SF30 (real, 1.09B edges)	open_mode_retention_and_write_cost	real LDBC open-mode; no per-run full read workload				logical_bytes_reported	32.4	GB	single_open_mode_run	c2_real_open_mode	LOSSLESSNESS_COVERED_BY_ENGINE_TESTS_NOT_PER_RUN_DIGEST	PLOT_CANDIDATE_REAL_RETENTION_COST	REUSE	baseline/seml0-lifecycle-paper/tables/table-c2-retention.md#Layer B row=SF30 (real, 1.09B edges)/naive column=logical_bytes	baseline/seml0-lifecycle-paper/tables/table-c2-retention.md#Layer B source note	Real-data retention and write-cost evidence only; no full body-read latency in this layer.
fig4-dynamic-compaction	c2-layer-b-real-retention-cost	c2_layer_b_fig4	C2B:SF30 (real, 1.09B edges):naive:write_amplification	SemL0	naive	SF30 (real, 1.09B edges)	open_mode_retention_and_write_cost	real LDBC open-mode; no per-run full read workload				write_amplification	1.07	ratio	single_open_mode_run	c2_real_open_mode	LOSSLESSNESS_COVERED_BY_ENGINE_TESTS_NOT_PER_RUN_DIGEST	PLOT_CANDIDATE_REAL_RETENTION_COST	REUSE	baseline/seml0-lifecycle-paper/tables/table-c2-retention.md#Layer B row=SF30 (real, 1.09B edges)/naive column=write_amp	baseline/seml0-lifecycle-paper/tables/table-c2-retention.md#Layer B source note	Real-data retention and write-cost evidence only; no full body-read latency in this layer.
fig4-dynamic-compaction	c2-layer-b-real-retention-cost	c2_layer_b_fig4	C2B:SF30 (real, 1.09B edges):semantic:pruning_retention	SemL0	semantic	SF30 (real, 1.09B edges)	open_mode_retention_and_write_cost	real LDBC open-mode; no per-run full read workload				pruning_retention	1	ratio	single_open_mode_run	c2_real_open_mode	LOSSLESSNESS_COVERED_BY_ENGINE_TESTS_NOT_PER_RUN_DIGEST	PLOT_CANDIDATE_REAL_RETENTION_COST	REUSE	baseline/seml0-lifecycle-paper/tables/table-c2-retention.md#Layer B row=SF30 (real, 1.09B edges)/semantic column=pruning_retention	baseline/seml0-lifecycle-paper/tables/table-c2-retention.md#Layer B source note	Real-data retention and write-cost evidence only; no full body-read latency in this layer.
fig4-dynamic-compaction	c2-layer-b-real-retention-cost	c2_layer_b_fig4	C2B:SF30 (real, 1.09B edges):semantic:exact_surface_after	SemL0	semantic	SF30 (real, 1.09B edges)	open_mode_retention_and_write_cost	real LDBC open-mode; no per-run full read workload				exact_surface_after	1	ratio	single_open_mode_run	c2_real_open_mode	LOSSLESSNESS_COVERED_BY_ENGINE_TESTS_NOT_PER_RUN_DIGEST	PLOT_CANDIDATE_REAL_RETENTION_COST	REUSE	baseline/seml0-lifecycle-paper/tables/table-c2-retention.md#Layer B row=SF30 (real, 1.09B edges)/semantic column=exact_surface after	baseline/seml0-lifecycle-paper/tables/table-c2-retention.md#Layer B source note	Real-data retention and write-cost evidence only; no full body-read latency in this layer.
fig4-dynamic-compaction	c2-layer-b-real-retention-cost	c2_layer_b_fig4	C2B:SF30 (real, 1.09B edges):semantic:output_segments	SemL0	semantic	SF30 (real, 1.09B edges)	open_mode_retention_and_write_cost	real LDBC open-mode; no per-run full read workload				output_segments	528	segments	single_open_mode_run	c2_real_open_mode	LOSSLESSNESS_COVERED_BY_ENGINE_TESTS_NOT_PER_RUN_DIGEST	PLOT_CANDIDATE_REAL_RETENTION_COST	REUSE	baseline/seml0-lifecycle-paper/tables/table-c2-retention.md#Layer B row=SF30 (real, 1.09B edges)/semantic column=output segs	baseline/seml0-lifecycle-paper/tables/table-c2-retention.md#Layer B source note	Real-data retention and write-cost evidence only; no full body-read latency in this layer.
fig4-dynamic-compaction	c2-layer-b-real-retention-cost	c2_layer_b_fig4	C2B:SF30 (real, 1.09B edges):semantic:output_bytes_reported	SemL0	semantic	SF30 (real, 1.09B edges)	open_mode_retention_and_write_cost	real LDBC open-mode; no per-run full read workload				output_bytes_reported	43.25	GB	single_open_mode_run	c2_real_open_mode	LOSSLESSNESS_COVERED_BY_ENGINE_TESTS_NOT_PER_RUN_DIGEST	PLOT_CANDIDATE_REAL_RETENTION_COST	REUSE	baseline/seml0-lifecycle-paper/tables/table-c2-retention.md#Layer B row=SF30 (real, 1.09B edges)/semantic column=output_bytes	baseline/seml0-lifecycle-paper/tables/table-c2-retention.md#Layer B source note	Real-data retention and write-cost evidence only; no full body-read latency in this layer.
fig4-dynamic-compaction	c2-layer-b-real-retention-cost	c2_layer_b_fig4	C2B:SF30 (real, 1.09B edges):semantic:logical_bytes_reported	SemL0	semantic	SF30 (real, 1.09B edges)	open_mode_retention_and_write_cost	real LDBC open-mode; no per-run full read workload				logical_bytes_reported	32.4	GB	single_open_mode_run	c2_real_open_mode	LOSSLESSNESS_COVERED_BY_ENGINE_TESTS_NOT_PER_RUN_DIGEST	PLOT_CANDIDATE_REAL_RETENTION_COST	REUSE	baseline/seml0-lifecycle-paper/tables/table-c2-retention.md#Layer B row=SF30 (real, 1.09B edges)/semantic column=logical_bytes	baseline/seml0-lifecycle-paper/tables/table-c2-retention.md#Layer B source note	Real-data retention and write-cost evidence only; no full body-read latency in this layer.
fig4-dynamic-compaction	c2-layer-b-real-retention-cost	c2_layer_b_fig4	C2B:SF30 (real, 1.09B edges):semantic:write_amplification	SemL0	semantic	SF30 (real, 1.09B edges)	open_mode_retention_and_write_cost	real LDBC open-mode; no per-run full read workload				write_amplification	1.24	ratio	single_open_mode_run	c2_real_open_mode	LOSSLESSNESS_COVERED_BY_ENGINE_TESTS_NOT_PER_RUN_DIGEST	PLOT_CANDIDATE_REAL_RETENTION_COST	REUSE	baseline/seml0-lifecycle-paper/tables/table-c2-retention.md#Layer B row=SF30 (real, 1.09B edges)/semantic column=write_amp	baseline/seml0-lifecycle-paper/tables/table-c2-retention.md#Layer B source note	Real-data retention and write-cost evidence only; no full body-read latency in this layer.
fig4-dynamic-compaction	c2-layer-c-real-metadata-proxy	c2_layer_c_fig4	C2C:SF30 (real metadata replay):naive:query_partitions	SemL0	naive	SF30 (real metadata replay)	metadata_typed_neighbor_partition_replay	40 active typed partitions; metadata candidates only; no body decode				query_partitions	40	partitions	single_metadata_replay	c2_sf30_metadata_proxy	NOT_A_QUERY_DIGEST_RUN	PLOT_CANDIDATE_METADATA_PROXY_ONLY	REUSE	baseline/seml0-lifecycle-paper/tables/table-c2-retention.md#Layer C row=SF30 (real metadata replay)/naive column=query partitions	cidr-experiments/data/source-cache/stage7-sf30-readamp-proxy-summary-20260622-cn.md#方法; baseline/seml0-lifecycle-paper/tables/table-c2-retention.md#Layer C	Metadata-level proxy only. Never label 6.52x as end-to-end latency or full SF30 body-read speedup.
fig4-dynamic-compaction	c2-layer-c-real-metadata-proxy	c2_layer_c_fig4	C2C:SF30 (real metadata replay):naive:avg_candidate_segments_per_query	SemL0	naive	SF30 (real metadata replay)	metadata_typed_neighbor_partition_replay	40 active typed partitions; metadata candidates only; no body decode				avg_candidate_segments_per_query	93.6	segments_per_partition_query	single_metadata_replay	c2_sf30_metadata_proxy	NOT_A_QUERY_DIGEST_RUN	PLOT_CANDIDATE_METADATA_PROXY_ONLY	REUSE	baseline/seml0-lifecycle-paper/tables/table-c2-retention.md#Layer C row=SF30 (real metadata replay)/naive column=avg candidate segs/query	cidr-experiments/data/source-cache/stage7-sf30-readamp-proxy-summary-20260622-cn.md#方法; baseline/seml0-lifecycle-paper/tables/table-c2-retention.md#Layer C	Metadata-level proxy only. Never label 6.52x as end-to-end latency or full SF30 body-read speedup.
fig4-dynamic-compaction	c2-layer-c-real-metadata-proxy	c2_layer_c_fig4	C2C:SF30 (real metadata replay):naive:candidate_bytes_total_reported	SemL0	naive	SF30 (real metadata replay)	metadata_typed_neighbor_partition_replay	40 active typed partitions; metadata candidates only; no body decode				candidate_bytes_total_reported	282.16	GB	single_metadata_replay	c2_sf30_metadata_proxy	NOT_A_QUERY_DIGEST_RUN	PLOT_CANDIDATE_METADATA_PROXY_ONLY	REUSE	baseline/seml0-lifecycle-paper/tables/table-c2-retention.md#Layer C row=SF30 (real metadata replay)/naive column=candidate bytes total	cidr-experiments/data/source-cache/stage7-sf30-readamp-proxy-summary-20260622-cn.md#方法; baseline/seml0-lifecycle-paper/tables/table-c2-retention.md#Layer C	Metadata-level proxy only. Never label 6.52x as end-to-end latency or full SF30 body-read speedup.
fig4-dynamic-compaction	c2-layer-c-real-metadata-proxy	c2_layer_c_fig4	C2C:SF30 (real metadata replay):naive:exact_bytes_before_reported	SemL0	naive	SF30 (real metadata replay)	metadata_typed_neighbor_partition_replay	40 active typed partitions; metadata candidates only; no body decode				exact_bytes_before_reported	43.25	GB	single_metadata_replay	c2_sf30_metadata_proxy	NOT_A_QUERY_DIGEST_RUN	PLOT_CANDIDATE_METADATA_PROXY_ONLY	REUSE	baseline/seml0-lifecycle-paper/tables/table-c2-retention.md#Layer C row=SF30 (real metadata replay)/naive column=exact bytes before	cidr-experiments/data/source-cache/stage7-sf30-readamp-proxy-summary-20260622-cn.md#方法; baseline/seml0-lifecycle-paper/tables/table-c2-retention.md#Layer C	Metadata-level proxy only. Never label 6.52x as end-to-end latency or full SF30 body-read speedup.
fig4-dynamic-compaction	c2-layer-c-real-metadata-proxy	c2_layer_c_fig4	C2C:SF30 (real metadata replay):naive:weighted_read_amplification_proxy	SemL0	naive	SF30 (real metadata replay)	metadata_typed_neighbor_partition_replay	40 active typed partitions; metadata candidates only; no body decode				weighted_read_amplification_proxy	6.52	ratio	single_metadata_replay	c2_sf30_metadata_proxy	NOT_A_QUERY_DIGEST_RUN	PLOT_CANDIDATE_METADATA_PROXY_ONLY	REUSE	baseline/seml0-lifecycle-paper/tables/table-c2-retention.md#Layer C row=SF30 (real metadata replay)/naive column=weighted read-amp proxy	cidr-experiments/data/source-cache/stage7-sf30-readamp-proxy-summary-20260622-cn.md#方法; baseline/seml0-lifecycle-paper/tables/table-c2-retention.md#Layer C	Metadata-level proxy only. Never label 6.52x as end-to-end latency or full SF30 body-read speedup.
fig4-dynamic-compaction	c2-layer-c-real-metadata-proxy	c2_layer_c_fig4	C2C:SF30 (real metadata replay):naive:mixed_candidate_segments	SemL0	naive	SF30 (real metadata replay)	metadata_typed_neighbor_partition_replay	40 active typed partitions; metadata candidates only; no body decode				mixed_candidate_segments	3745	segments	single_metadata_replay	c2_sf30_metadata_proxy	NOT_A_QUERY_DIGEST_RUN	PLOT_CANDIDATE_METADATA_PROXY_ONLY	REUSE	baseline/seml0-lifecycle-paper/tables/table-c2-retention.md#Layer C row=SF30 (real metadata replay)/naive column=mixed candidate segs	cidr-experiments/data/source-cache/stage7-sf30-readamp-proxy-summary-20260622-cn.md#方法; baseline/seml0-lifecycle-paper/tables/table-c2-retention.md#Layer C	Metadata-level proxy only. Never label 6.52x as end-to-end latency or full SF30 body-read speedup.
fig4-dynamic-compaction	c2-layer-c-real-metadata-proxy	c2_layer_c_fig4	C2C:SF30 (real metadata replay):semantic:query_partitions	SemL0	semantic	SF30 (real metadata replay)	metadata_typed_neighbor_partition_replay	40 active typed partitions; metadata candidates only; no body decode				query_partitions	40	partitions	single_metadata_replay	c2_sf30_metadata_proxy	NOT_A_QUERY_DIGEST_RUN	PLOT_CANDIDATE_METADATA_PROXY_ONLY	REUSE	baseline/seml0-lifecycle-paper/tables/table-c2-retention.md#Layer C row=SF30 (real metadata replay)/semantic column=query partitions	cidr-experiments/data/source-cache/stage7-sf30-readamp-proxy-summary-20260622-cn.md#方法; baseline/seml0-lifecycle-paper/tables/table-c2-retention.md#Layer C	Metadata-level proxy only. Never label 6.52x as end-to-end latency or full SF30 body-read speedup.
fig4-dynamic-compaction	c2-layer-c-real-metadata-proxy	c2_layer_c_fig4	C2C:SF30 (real metadata replay):semantic:avg_candidate_segments_per_query	SemL0	semantic	SF30 (real metadata replay)	metadata_typed_neighbor_partition_replay	40 active typed partitions; metadata candidates only; no body decode				avg_candidate_segments_per_query	13.2	segments_per_partition_query	single_metadata_replay	c2_sf30_metadata_proxy	NOT_A_QUERY_DIGEST_RUN	PLOT_CANDIDATE_METADATA_PROXY_ONLY	REUSE	baseline/seml0-lifecycle-paper/tables/table-c2-retention.md#Layer C row=SF30 (real metadata replay)/semantic column=avg candidate segs/query	cidr-experiments/data/source-cache/stage7-sf30-readamp-proxy-summary-20260622-cn.md#方法; baseline/seml0-lifecycle-paper/tables/table-c2-retention.md#Layer C	Metadata-level proxy only. Never label 6.52x as end-to-end latency or full SF30 body-read speedup.
fig4-dynamic-compaction	c2-layer-c-real-metadata-proxy	c2_layer_c_fig4	C2C:SF30 (real metadata replay):semantic:candidate_bytes_total_reported	SemL0	semantic	SF30 (real metadata replay)	metadata_typed_neighbor_partition_replay	40 active typed partitions; metadata candidates only; no body decode				candidate_bytes_total_reported	43.25	GB	single_metadata_replay	c2_sf30_metadata_proxy	NOT_A_QUERY_DIGEST_RUN	PLOT_CANDIDATE_METADATA_PROXY_ONLY	REUSE	baseline/seml0-lifecycle-paper/tables/table-c2-retention.md#Layer C row=SF30 (real metadata replay)/semantic column=candidate bytes total	cidr-experiments/data/source-cache/stage7-sf30-readamp-proxy-summary-20260622-cn.md#方法; baseline/seml0-lifecycle-paper/tables/table-c2-retention.md#Layer C	Metadata-level proxy only. Never label 6.52x as end-to-end latency or full SF30 body-read speedup.
fig4-dynamic-compaction	c2-layer-c-real-metadata-proxy	c2_layer_c_fig4	C2C:SF30 (real metadata replay):semantic:exact_bytes_before_reported	SemL0	semantic	SF30 (real metadata replay)	metadata_typed_neighbor_partition_replay	40 active typed partitions; metadata candidates only; no body decode				exact_bytes_before_reported	43.25	GB	single_metadata_replay	c2_sf30_metadata_proxy	NOT_A_QUERY_DIGEST_RUN	PLOT_CANDIDATE_METADATA_PROXY_ONLY	REUSE	baseline/seml0-lifecycle-paper/tables/table-c2-retention.md#Layer C row=SF30 (real metadata replay)/semantic column=exact bytes before	cidr-experiments/data/source-cache/stage7-sf30-readamp-proxy-summary-20260622-cn.md#方法; baseline/seml0-lifecycle-paper/tables/table-c2-retention.md#Layer C	Metadata-level proxy only. Never label 6.52x as end-to-end latency or full SF30 body-read speedup.
fig4-dynamic-compaction	c2-layer-c-real-metadata-proxy	c2_layer_c_fig4	C2C:SF30 (real metadata replay):semantic:weighted_read_amplification_proxy	SemL0	semantic	SF30 (real metadata replay)	metadata_typed_neighbor_partition_replay	40 active typed partitions; metadata candidates only; no body decode				weighted_read_amplification_proxy	1	ratio	single_metadata_replay	c2_sf30_metadata_proxy	NOT_A_QUERY_DIGEST_RUN	PLOT_CANDIDATE_METADATA_PROXY_ONLY	REUSE	baseline/seml0-lifecycle-paper/tables/table-c2-retention.md#Layer C row=SF30 (real metadata replay)/semantic column=weighted read-amp proxy	cidr-experiments/data/source-cache/stage7-sf30-readamp-proxy-summary-20260622-cn.md#方法; baseline/seml0-lifecycle-paper/tables/table-c2-retention.md#Layer C	Metadata-level proxy only. Never label 6.52x as end-to-end latency or full SF30 body-read speedup.
fig4-dynamic-compaction	c2-layer-c-real-metadata-proxy	c2_layer_c_fig4	C2C:SF30 (real metadata replay):semantic:mixed_candidate_segments	SemL0	semantic	SF30 (real metadata replay)	metadata_typed_neighbor_partition_replay	40 active typed partitions; metadata candidates only; no body decode				mixed_candidate_segments	0	segments	single_metadata_replay	c2_sf30_metadata_proxy	NOT_A_QUERY_DIGEST_RUN	PLOT_CANDIDATE_METADATA_PROXY_ONLY	REUSE	baseline/seml0-lifecycle-paper/tables/table-c2-retention.md#Layer C row=SF30 (real metadata replay)/semantic column=mixed candidate segs	cidr-experiments/data/source-cache/stage7-sf30-readamp-proxy-summary-20260622-cn.md#方法; baseline/seml0-lifecycle-paper/tables/table-c2-retention.md#Layer C	Metadata-level proxy only. Never label 6.52x as end-to-end latency or full SF30 body-read speedup.
fig4-dynamic-compaction	w9-no-compaction-timeline	w9_fig4	W9:schema:300:queries	SemL0	schema	SF30	mixed_read_write_append_only_trace	duration=1800s; checkpoint=300s; target query_rate=200/s; target write_rate=200/s; flush_every=1024; compact_every=0	elapsed	300	seconds	queries	49150	queries_per_checkpoint	checkpoint	w9_sf30_no_compaction	writer_errors=0; no_query_digest	SUPPORTING_NO_COMPACTION_ONLY	RERUN	cidr-experiments/data/source-cache/w9-steady-state-summary-20260615-cn.md#Per-checkpoint trace row=schema/300s column=queries	lsmgraph-rs/baseline/w9-steady-state-progress-20260613-cn.md#Planned command; lsmgraph-rs/baseline/run_w9_steady_state_20260612.sh: QUERY_RATE/WRITE_RATE/FLUSH_EVERY_WRITES/COMPACT_EVERY_SECS	COMPACT_EVERY_SECS=0 and one sequential run per variant; checkpoints are correlated time points, not independent repeats. Formal JSONL raw is remote-only.
fig4-dynamic-compaction	w9-no-compaction-timeline	w9_fig4	W9:schema:300:query_rate	SemL0	schema	SF30	mixed_read_write_append_only_trace	duration=1800s; checkpoint=300s; target query_rate=200/s; target write_rate=200/s; flush_every=1024; compact_every=0	elapsed	300	seconds	query_rate	163.83	queries_per_second	checkpoint	w9_sf30_no_compaction	writer_errors=0; no_query_digest	SUPPORTING_NO_COMPACTION_ONLY	RERUN	cidr-experiments/data/source-cache/w9-steady-state-summary-20260615-cn.md#Per-checkpoint trace row=schema/300s column=query rate/s	lsmgraph-rs/baseline/w9-steady-state-progress-20260613-cn.md#Planned command; lsmgraph-rs/baseline/run_w9_steady_state_20260612.sh: QUERY_RATE/WRITE_RATE/FLUSH_EVERY_WRITES/COMPACT_EVERY_SECS	COMPACT_EVERY_SECS=0 and one sequential run per variant; checkpoints are correlated time points, not independent repeats. Formal JSONL raw is remote-only.
fig4-dynamic-compaction	w9-no-compaction-timeline	w9_fig4	W9:schema:300:p50_us	SemL0	schema	SF30	mixed_read_write_append_only_trace	duration=1800s; checkpoint=300s; target query_rate=200/s; target write_rate=200/s; flush_every=1024; compact_every=0	elapsed	300	seconds	p50_us	28.94	us	checkpoint_percentile	w9_sf30_no_compaction	writer_errors=0; no_query_digest	SUPPORTING_NO_COMPACTION_ONLY	RERUN	cidr-experiments/data/source-cache/w9-steady-state-summary-20260615-cn.md#Per-checkpoint trace row=schema/300s column=p50 us	lsmgraph-rs/baseline/w9-steady-state-progress-20260613-cn.md#Planned command; lsmgraph-rs/baseline/run_w9_steady_state_20260612.sh: QUERY_RATE/WRITE_RATE/FLUSH_EVERY_WRITES/COMPACT_EVERY_SECS	COMPACT_EVERY_SECS=0 and one sequential run per variant; checkpoints are correlated time points, not independent repeats. Formal JSONL raw is remote-only.
fig4-dynamic-compaction	w9-no-compaction-timeline	w9_fig4	W9:schema:300:p99_us	SemL0	schema	SF30	mixed_read_write_append_only_trace	duration=1800s; checkpoint=300s; target query_rate=200/s; target write_rate=200/s; flush_every=1024; compact_every=0	elapsed	300	seconds	p99_us	1270.59	us	checkpoint_percentile	w9_sf30_no_compaction	writer_errors=0; no_query_digest	SUPPORTING_NO_COMPACTION_ONLY	RERUN	cidr-experiments/data/source-cache/w9-steady-state-summary-20260615-cn.md#Per-checkpoint trace row=schema/300s column=p99 us	lsmgraph-rs/baseline/w9-steady-state-progress-20260613-cn.md#Planned command; lsmgraph-rs/baseline/run_w9_steady_state_20260612.sh: QUERY_RATE/WRITE_RATE/FLUSH_EVERY_WRITES/COMPACT_EVERY_SECS	COMPACT_EVERY_SECS=0 and one sequential run per variant; checkpoints are correlated time points, not independent repeats. Formal JSONL raw is remote-only.
fig4-dynamic-compaction	w9-no-compaction-timeline	w9_fig4	W9:schema:300:candidate_l0_mean	SemL0	schema	SF30	mixed_read_write_append_only_trace	duration=1800s; checkpoint=300s; target query_rate=200/s; target write_rate=200/s; flush_every=1024; compact_every=0	elapsed	300	seconds	candidate_l0_mean	48.61	segments_per_query	checkpoint_mean	w9_sf30_no_compaction	writer_errors=0; no_query_digest	SUPPORTING_NO_COMPACTION_ONLY	RERUN	cidr-experiments/data/source-cache/w9-steady-state-summary-20260615-cn.md#Per-checkpoint trace row=schema/300s column=candidate L0 mean	lsmgraph-rs/baseline/w9-steady-state-progress-20260613-cn.md#Planned command; lsmgraph-rs/baseline/run_w9_steady_state_20260612.sh: QUERY_RATE/WRITE_RATE/FLUSH_EVERY_WRITES/COMPACT_EVERY_SECS	COMPACT_EVERY_SECS=0 and one sequential run per variant; checkpoints are correlated time points, not independent repeats. Formal JSONL raw is remote-only.
fig4-dynamic-compaction	w9-no-compaction-timeline	w9_fig4	W9:schema:300:l0_files	SemL0	schema	SF30	mixed_read_write_append_only_trace	duration=1800s; checkpoint=300s; target query_rate=200/s; target write_rate=200/s; flush_every=1024; compact_every=0	elapsed	300	seconds	l0_files	1124	files	checkpoint	w9_sf30_no_compaction	writer_errors=0; no_query_digest	SUPPORTING_NO_COMPACTION_ONLY	RERUN	cidr-experiments/data/source-cache/w9-steady-state-summary-20260615-cn.md#Per-checkpoint trace row=schema/300s column=L0 files	lsmgraph-rs/baseline/w9-steady-state-progress-20260613-cn.md#Planned command; lsmgraph-rs/baseline/run_w9_steady_state_20260612.sh: QUERY_RATE/WRITE_RATE/FLUSH_EVERY_WRITES/COMPACT_EVERY_SECS	COMPACT_EVERY_SECS=0 and one sequential run per variant; checkpoints are correlated time points, not independent repeats. Formal JSONL raw is remote-only.
fig4-dynamic-compaction	w9-no-compaction-timeline	w9_fig4	W9:schema:300:rewrite_bytes_reported	SemL0	schema	SF30	mixed_read_write_append_only_trace	duration=1800s; checkpoint=300s; target query_rate=200/s; target write_rate=200/s; flush_every=1024; compact_every=0	elapsed	300	seconds	rewrite_bytes_reported	0	B	checkpoint_delta	w9_sf30_no_compaction	writer_errors=0; no_query_digest	SUPPORTING_NO_COMPACTION_ONLY	RERUN	cidr-experiments/data/source-cache/w9-steady-state-summary-20260615-cn.md#Per-checkpoint trace row=schema/300s column=rewrite bytes	lsmgraph-rs/baseline/w9-steady-state-progress-20260613-cn.md#Planned command; lsmgraph-rs/baseline/run_w9_steady_state_20260612.sh: QUERY_RATE/WRITE_RATE/FLUSH_EVERY_WRITES/COMPACT_EVERY_SECS	COMPACT_EVERY_SECS=0 and one sequential run per variant; checkpoints are correlated time points, not independent repeats. Formal JSONL raw is remote-only.
fig4-dynamic-compaction	w9-no-compaction-timeline	w9_fig4	W9:schema:300:io_write_bytes_reported	SemL0	schema	SF30	mixed_read_write_append_only_trace	duration=1800s; checkpoint=300s; target query_rate=200/s; target write_rate=200/s; flush_every=1024; compact_every=0	elapsed	300	seconds	io_write_bytes_reported	2.16	MiB	checkpoint_delta	w9_sf30_no_compaction	writer_errors=0; no_query_digest	SUPPORTING_NO_COMPACTION_ONLY	RERUN	cidr-experiments/data/source-cache/w9-steady-state-summary-20260615-cn.md#Per-checkpoint trace row=schema/300s column=io write bytes	lsmgraph-rs/baseline/w9-steady-state-progress-20260613-cn.md#Planned command; lsmgraph-rs/baseline/run_w9_steady_state_20260612.sh: QUERY_RATE/WRITE_RATE/FLUSH_EVERY_WRITES/COMPACT_EVERY_SECS	COMPACT_EVERY_SECS=0 and one sequential run per variant; checkpoints are correlated time points, not independent repeats. Formal JSONL raw is remote-only.
fig4-dynamic-compaction	w9-no-compaction-timeline	w9_fig4	W9:schema:300:writer_errors	SemL0	schema	SF30	mixed_read_write_append_only_trace	duration=1800s; checkpoint=300s; target query_rate=200/s; target write_rate=200/s; flush_every=1024; compact_every=0	elapsed	300	seconds	writer_errors	0	operations	checkpoint	w9_sf30_no_compaction	writer_errors=0; no_query_digest	SUPPORTING_NO_COMPACTION_ONLY	RERUN	cidr-experiments/data/source-cache/w9-steady-state-summary-20260615-cn.md#Per-checkpoint trace row=schema/300s column=writer errors	lsmgraph-rs/baseline/w9-steady-state-progress-20260613-cn.md#Planned command; lsmgraph-rs/baseline/run_w9_steady_state_20260612.sh: QUERY_RATE/WRITE_RATE/FLUSH_EVERY_WRITES/COMPACT_EVERY_SECS	COMPACT_EVERY_SECS=0 and one sequential run per variant; checkpoints are correlated time points, not independent repeats. Formal JSONL raw is remote-only.
fig4-dynamic-compaction	w9-no-compaction-timeline	w9_fig4	W9:schema:300:writer_slow_ops	SemL0	schema	SF30	mixed_read_write_append_only_trace	duration=1800s; checkpoint=300s; target query_rate=200/s; target write_rate=200/s; flush_every=1024; compact_every=0	elapsed	300	seconds	writer_slow_ops	0	operations	checkpoint	w9_sf30_no_compaction	writer_errors=0; no_query_digest	SUPPORTING_NO_COMPACTION_ONLY	RERUN	cidr-experiments/data/source-cache/w9-steady-state-summary-20260615-cn.md#Per-checkpoint trace row=schema/300s column=writer slow ops	lsmgraph-rs/baseline/w9-steady-state-progress-20260613-cn.md#Planned command; lsmgraph-rs/baseline/run_w9_steady_state_20260612.sh: QUERY_RATE/WRITE_RATE/FLUSH_EVERY_WRITES/COMPACT_EVERY_SECS	COMPACT_EVERY_SECS=0 and one sequential run per variant; checkpoints are correlated time points, not independent repeats. Formal JSONL raw is remote-only.
fig4-dynamic-compaction	w9-no-compaction-timeline	w9_fig4	W9:schema:600:queries	SemL0	schema	SF30	mixed_read_write_append_only_trace	duration=1800s; checkpoint=300s; target query_rate=200/s; target write_rate=200/s; flush_every=1024; compact_every=0	elapsed	600	seconds	queries	49155	queries_per_checkpoint	checkpoint	w9_sf30_no_compaction	writer_errors=0; no_query_digest	SUPPORTING_NO_COMPACTION_ONLY	RERUN	cidr-experiments/data/source-cache/w9-steady-state-summary-20260615-cn.md#Per-checkpoint trace row=schema/600s column=queries	lsmgraph-rs/baseline/w9-steady-state-progress-20260613-cn.md#Planned command; lsmgraph-rs/baseline/run_w9_steady_state_20260612.sh: QUERY_RATE/WRITE_RATE/FLUSH_EVERY_WRITES/COMPACT_EVERY_SECS	COMPACT_EVERY_SECS=0 and one sequential run per variant; checkpoints are correlated time points, not independent repeats. Formal JSONL raw is remote-only.
fig4-dynamic-compaction	w9-no-compaction-timeline	w9_fig4	W9:schema:600:query_rate	SemL0	schema	SF30	mixed_read_write_append_only_trace	duration=1800s; checkpoint=300s; target query_rate=200/s; target write_rate=200/s; flush_every=1024; compact_every=0	elapsed	600	seconds	query_rate	163.85	queries_per_second	checkpoint	w9_sf30_no_compaction	writer_errors=0; no_query_digest	SUPPORTING_NO_COMPACTION_ONLY	RERUN	cidr-experiments/data/source-cache/w9-steady-state-summary-20260615-cn.md#Per-checkpoint trace row=schema/600s column=query rate/s	lsmgraph-rs/baseline/w9-steady-state-progress-20260613-cn.md#Planned command; lsmgraph-rs/baseline/run_w9_steady_state_20260612.sh: QUERY_RATE/WRITE_RATE/FLUSH_EVERY_WRITES/COMPACT_EVERY_SECS	COMPACT_EVERY_SECS=0 and one sequential run per variant; checkpoints are correlated time points, not independent repeats. Formal JSONL raw is remote-only.
fig4-dynamic-compaction	w9-no-compaction-timeline	w9_fig4	W9:schema:600:p50_us	SemL0	schema	SF30	mixed_read_write_append_only_trace	duration=1800s; checkpoint=300s; target query_rate=200/s; target write_rate=200/s; flush_every=1024; compact_every=0	elapsed	600	seconds	p50_us	50.33	us	checkpoint_percentile	w9_sf30_no_compaction	writer_errors=0; no_query_digest	SUPPORTING_NO_COMPACTION_ONLY	RERUN	cidr-experiments/data/source-cache/w9-steady-state-summary-20260615-cn.md#Per-checkpoint trace row=schema/600s column=p50 us	lsmgraph-rs/baseline/w9-steady-state-progress-20260613-cn.md#Planned command; lsmgraph-rs/baseline/run_w9_steady_state_20260612.sh: QUERY_RATE/WRITE_RATE/FLUSH_EVERY_WRITES/COMPACT_EVERY_SECS	COMPACT_EVERY_SECS=0 and one sequential run per variant; checkpoints are correlated time points, not independent repeats. Formal JSONL raw is remote-only.
fig4-dynamic-compaction	w9-no-compaction-timeline	w9_fig4	W9:schema:600:p99_us	SemL0	schema	SF30	mixed_read_write_append_only_trace	duration=1800s; checkpoint=300s; target query_rate=200/s; target write_rate=200/s; flush_every=1024; compact_every=0	elapsed	600	seconds	p99_us	2689.06	us	checkpoint_percentile	w9_sf30_no_compaction	writer_errors=0; no_query_digest	SUPPORTING_NO_COMPACTION_ONLY	RERUN	cidr-experiments/data/source-cache/w9-steady-state-summary-20260615-cn.md#Per-checkpoint trace row=schema/600s column=p99 us	lsmgraph-rs/baseline/w9-steady-state-progress-20260613-cn.md#Planned command; lsmgraph-rs/baseline/run_w9_steady_state_20260612.sh: QUERY_RATE/WRITE_RATE/FLUSH_EVERY_WRITES/COMPACT_EVERY_SECS	COMPACT_EVERY_SECS=0 and one sequential run per variant; checkpoints are correlated time points, not independent repeats. Formal JSONL raw is remote-only.
fig4-dynamic-compaction	w9-no-compaction-timeline	w9_fig4	W9:schema:600:candidate_l0_mean	SemL0	schema	SF30	mixed_read_write_append_only_trace	duration=1800s; checkpoint=300s; target query_rate=200/s; target write_rate=200/s; flush_every=1024; compact_every=0	elapsed	600	seconds	candidate_l0_mean	96.85	segments_per_query	checkpoint_mean	w9_sf30_no_compaction	writer_errors=0; no_query_digest	SUPPORTING_NO_COMPACTION_ONLY	RERUN	cidr-experiments/data/source-cache/w9-steady-state-summary-20260615-cn.md#Per-checkpoint trace row=schema/600s column=candidate L0 mean	lsmgraph-rs/baseline/w9-steady-state-progress-20260613-cn.md#Planned command; lsmgraph-rs/baseline/run_w9_steady_state_20260612.sh: QUERY_RATE/WRITE_RATE/FLUSH_EVERY_WRITES/COMPACT_EVERY_SECS	COMPACT_EVERY_SECS=0 and one sequential run per variant; checkpoints are correlated time points, not independent repeats. Formal JSONL raw is remote-only.
fig4-dynamic-compaction	w9-no-compaction-timeline	w9_fig4	W9:schema:600:l0_files	SemL0	schema	SF30	mixed_read_write_append_only_trace	duration=1800s; checkpoint=300s; target query_rate=200/s; target write_rate=200/s; flush_every=1024; compact_every=0	elapsed	600	seconds	l0_files	1172	files	checkpoint	w9_sf30_no_compaction	writer_errors=0; no_query_digest	SUPPORTING_NO_COMPACTION_ONLY	RERUN	cidr-experiments/data/source-cache/w9-steady-state-summary-20260615-cn.md#Per-checkpoint trace row=schema/600s column=L0 files	lsmgraph-rs/baseline/w9-steady-state-progress-20260613-cn.md#Planned command; lsmgraph-rs/baseline/run_w9_steady_state_20260612.sh: QUERY_RATE/WRITE_RATE/FLUSH_EVERY_WRITES/COMPACT_EVERY_SECS	COMPACT_EVERY_SECS=0 and one sequential run per variant; checkpoints are correlated time points, not independent repeats. Formal JSONL raw is remote-only.
fig4-dynamic-compaction	w9-no-compaction-timeline	w9_fig4	W9:schema:600:rewrite_bytes_reported	SemL0	schema	SF30	mixed_read_write_append_only_trace	duration=1800s; checkpoint=300s; target query_rate=200/s; target write_rate=200/s; flush_every=1024; compact_every=0	elapsed	600	seconds	rewrite_bytes_reported	0	B	checkpoint_delta	w9_sf30_no_compaction	writer_errors=0; no_query_digest	SUPPORTING_NO_COMPACTION_ONLY	RERUN	cidr-experiments/data/source-cache/w9-steady-state-summary-20260615-cn.md#Per-checkpoint trace row=schema/600s column=rewrite bytes	lsmgraph-rs/baseline/w9-steady-state-progress-20260613-cn.md#Planned command; lsmgraph-rs/baseline/run_w9_steady_state_20260612.sh: QUERY_RATE/WRITE_RATE/FLUSH_EVERY_WRITES/COMPACT_EVERY_SECS	COMPACT_EVERY_SECS=0 and one sequential run per variant; checkpoints are correlated time points, not independent repeats. Formal JSONL raw is remote-only.
fig4-dynamic-compaction	w9-no-compaction-timeline	w9_fig4	W9:schema:600:io_write_bytes_reported	SemL0	schema	SF30	mixed_read_write_append_only_trace	duration=1800s; checkpoint=300s; target query_rate=200/s; target write_rate=200/s; flush_every=1024; compact_every=0	elapsed	600	seconds	io_write_bytes_reported	2.17	MiB	checkpoint_delta	w9_sf30_no_compaction	writer_errors=0; no_query_digest	SUPPORTING_NO_COMPACTION_ONLY	RERUN	cidr-experiments/data/source-cache/w9-steady-state-summary-20260615-cn.md#Per-checkpoint trace row=schema/600s column=io write bytes	lsmgraph-rs/baseline/w9-steady-state-progress-20260613-cn.md#Planned command; lsmgraph-rs/baseline/run_w9_steady_state_20260612.sh: QUERY_RATE/WRITE_RATE/FLUSH_EVERY_WRITES/COMPACT_EVERY_SECS	COMPACT_EVERY_SECS=0 and one sequential run per variant; checkpoints are correlated time points, not independent repeats. Formal JSONL raw is remote-only.
fig4-dynamic-compaction	w9-no-compaction-timeline	w9_fig4	W9:schema:600:writer_errors	SemL0	schema	SF30	mixed_read_write_append_only_trace	duration=1800s; checkpoint=300s; target query_rate=200/s; target write_rate=200/s; flush_every=1024; compact_every=0	elapsed	600	seconds	writer_errors	0	operations	checkpoint	w9_sf30_no_compaction	writer_errors=0; no_query_digest	SUPPORTING_NO_COMPACTION_ONLY	RERUN	cidr-experiments/data/source-cache/w9-steady-state-summary-20260615-cn.md#Per-checkpoint trace row=schema/600s column=writer errors	lsmgraph-rs/baseline/w9-steady-state-progress-20260613-cn.md#Planned command; lsmgraph-rs/baseline/run_w9_steady_state_20260612.sh: QUERY_RATE/WRITE_RATE/FLUSH_EVERY_WRITES/COMPACT_EVERY_SECS	COMPACT_EVERY_SECS=0 and one sequential run per variant; checkpoints are correlated time points, not independent repeats. Formal JSONL raw is remote-only.
fig4-dynamic-compaction	w9-no-compaction-timeline	w9_fig4	W9:schema:600:writer_slow_ops	SemL0	schema	SF30	mixed_read_write_append_only_trace	duration=1800s; checkpoint=300s; target query_rate=200/s; target write_rate=200/s; flush_every=1024; compact_every=0	elapsed	600	seconds	writer_slow_ops	0	operations	checkpoint	w9_sf30_no_compaction	writer_errors=0; no_query_digest	SUPPORTING_NO_COMPACTION_ONLY	RERUN	cidr-experiments/data/source-cache/w9-steady-state-summary-20260615-cn.md#Per-checkpoint trace row=schema/600s column=writer slow ops	lsmgraph-rs/baseline/w9-steady-state-progress-20260613-cn.md#Planned command; lsmgraph-rs/baseline/run_w9_steady_state_20260612.sh: QUERY_RATE/WRITE_RATE/FLUSH_EVERY_WRITES/COMPACT_EVERY_SECS	COMPACT_EVERY_SECS=0 and one sequential run per variant; checkpoints are correlated time points, not independent repeats. Formal JSONL raw is remote-only.
fig4-dynamic-compaction	w9-no-compaction-timeline	w9_fig4	W9:schema:900:queries	SemL0	schema	SF30	mixed_read_write_append_only_trace	duration=1800s; checkpoint=300s; target query_rate=200/s; target write_rate=200/s; flush_every=1024; compact_every=0	elapsed	900	seconds	queries	49065	queries_per_checkpoint	checkpoint	w9_sf30_no_compaction	writer_errors=0; no_query_digest	SUPPORTING_NO_COMPACTION_ONLY	RERUN	cidr-experiments/data/source-cache/w9-steady-state-summary-20260615-cn.md#Per-checkpoint trace row=schema/900s column=queries	lsmgraph-rs/baseline/w9-steady-state-progress-20260613-cn.md#Planned command; lsmgraph-rs/baseline/run_w9_steady_state_20260612.sh: QUERY_RATE/WRITE_RATE/FLUSH_EVERY_WRITES/COMPACT_EVERY_SECS	COMPACT_EVERY_SECS=0 and one sequential run per variant; checkpoints are correlated time points, not independent repeats. Formal JSONL raw is remote-only.
fig4-dynamic-compaction	w9-no-compaction-timeline	w9_fig4	W9:schema:900:query_rate	SemL0	schema	SF30	mixed_read_write_append_only_trace	duration=1800s; checkpoint=300s; target query_rate=200/s; target write_rate=200/s; flush_every=1024; compact_every=0	elapsed	900	seconds	query_rate	163.55	queries_per_second	checkpoint	w9_sf30_no_compaction	writer_errors=0; no_query_digest	SUPPORTING_NO_COMPACTION_ONLY	RERUN	cidr-experiments/data/source-cache/w9-steady-state-summary-20260615-cn.md#Per-checkpoint trace row=schema/900s column=query rate/s	lsmgraph-rs/baseline/w9-steady-state-progress-20260613-cn.md#Planned command; lsmgraph-rs/baseline/run_w9_steady_state_20260612.sh: QUERY_RATE/WRITE_RATE/FLUSH_EVERY_WRITES/COMPACT_EVERY_SECS	COMPACT_EVERY_SECS=0 and one sequential run per variant; checkpoints are correlated time points, not independent repeats. Formal JSONL raw is remote-only.
fig4-dynamic-compaction	w9-no-compaction-timeline	w9_fig4	W9:schema:900:p50_us	SemL0	schema	SF30	mixed_read_write_append_only_trace	duration=1800s; checkpoint=300s; target query_rate=200/s; target write_rate=200/s; flush_every=1024; compact_every=0	elapsed	900	seconds	p50_us	396.14	us	checkpoint_percentile	w9_sf30_no_compaction	writer_errors=0; no_query_digest	SUPPORTING_NO_COMPACTION_ONLY	RERUN	cidr-experiments/data/source-cache/w9-steady-state-summary-20260615-cn.md#Per-checkpoint trace row=schema/900s column=p50 us	lsmgraph-rs/baseline/w9-steady-state-progress-20260613-cn.md#Planned command; lsmgraph-rs/baseline/run_w9_steady_state_20260612.sh: QUERY_RATE/WRITE_RATE/FLUSH_EVERY_WRITES/COMPACT_EVERY_SECS	COMPACT_EVERY_SECS=0 and one sequential run per variant; checkpoints are correlated time points, not independent repeats. Formal JSONL raw is remote-only.
fig4-dynamic-compaction	w9-no-compaction-timeline	w9_fig4	W9:schema:900:p99_us	SemL0	schema	SF30	mixed_read_write_append_only_trace	duration=1800s; checkpoint=300s; target query_rate=200/s; target write_rate=200/s; flush_every=1024; compact_every=0	elapsed	900	seconds	p99_us	4070.45	us	checkpoint_percentile	w9_sf30_no_compaction	writer_errors=0; no_query_digest	SUPPORTING_NO_COMPACTION_ONLY	RERUN	cidr-experiments/data/source-cache/w9-steady-state-summary-20260615-cn.md#Per-checkpoint trace row=schema/900s column=p99 us	lsmgraph-rs/baseline/w9-steady-state-progress-20260613-cn.md#Planned command; lsmgraph-rs/baseline/run_w9_steady_state_20260612.sh: QUERY_RATE/WRITE_RATE/FLUSH_EVERY_WRITES/COMPACT_EVERY_SECS	COMPACT_EVERY_SECS=0 and one sequential run per variant; checkpoints are correlated time points, not independent repeats. Formal JSONL raw is remote-only.
fig4-dynamic-compaction	w9-no-compaction-timeline	w9_fig4	W9:schema:900:candidate_l0_mean	SemL0	schema	SF30	mixed_read_write_append_only_trace	duration=1800s; checkpoint=300s; target query_rate=200/s; target write_rate=200/s; flush_every=1024; compact_every=0	elapsed	900	seconds	candidate_l0_mean	145.13	segments_per_query	checkpoint_mean	w9_sf30_no_compaction	writer_errors=0; no_query_digest	SUPPORTING_NO_COMPACTION_ONLY	RERUN	cidr-experiments/data/source-cache/w9-steady-state-summary-20260615-cn.md#Per-checkpoint trace row=schema/900s column=candidate L0 mean	lsmgraph-rs/baseline/w9-steady-state-progress-20260613-cn.md#Planned command; lsmgraph-rs/baseline/run_w9_steady_state_20260612.sh: QUERY_RATE/WRITE_RATE/FLUSH_EVERY_WRITES/COMPACT_EVERY_SECS	COMPACT_EVERY_SECS=0 and one sequential run per variant; checkpoints are correlated time points, not independent repeats. Formal JSONL raw is remote-only.
fig4-dynamic-compaction	w9-no-compaction-timeline	w9_fig4	W9:schema:900:l0_files	SemL0	schema	SF30	mixed_read_write_append_only_trace	duration=1800s; checkpoint=300s; target query_rate=200/s; target write_rate=200/s; flush_every=1024; compact_every=0	elapsed	900	seconds	l0_files	1220	files	checkpoint	w9_sf30_no_compaction	writer_errors=0; no_query_digest	SUPPORTING_NO_COMPACTION_ONLY	RERUN	cidr-experiments/data/source-cache/w9-steady-state-summary-20260615-cn.md#Per-checkpoint trace row=schema/900s column=L0 files	lsmgraph-rs/baseline/w9-steady-state-progress-20260613-cn.md#Planned command; lsmgraph-rs/baseline/run_w9_steady_state_20260612.sh: QUERY_RATE/WRITE_RATE/FLUSH_EVERY_WRITES/COMPACT_EVERY_SECS	COMPACT_EVERY_SECS=0 and one sequential run per variant; checkpoints are correlated time points, not independent repeats. Formal JSONL raw is remote-only.
fig4-dynamic-compaction	w9-no-compaction-timeline	w9_fig4	W9:schema:900:rewrite_bytes_reported	SemL0	schema	SF30	mixed_read_write_append_only_trace	duration=1800s; checkpoint=300s; target query_rate=200/s; target write_rate=200/s; flush_every=1024; compact_every=0	elapsed	900	seconds	rewrite_bytes_reported	0	B	checkpoint_delta	w9_sf30_no_compaction	writer_errors=0; no_query_digest	SUPPORTING_NO_COMPACTION_ONLY	RERUN	cidr-experiments/data/source-cache/w9-steady-state-summary-20260615-cn.md#Per-checkpoint trace row=schema/900s column=rewrite bytes	lsmgraph-rs/baseline/w9-steady-state-progress-20260613-cn.md#Planned command; lsmgraph-rs/baseline/run_w9_steady_state_20260612.sh: QUERY_RATE/WRITE_RATE/FLUSH_EVERY_WRITES/COMPACT_EVERY_SECS	COMPACT_EVERY_SECS=0 and one sequential run per variant; checkpoints are correlated time points, not independent repeats. Formal JSONL raw is remote-only.
fig4-dynamic-compaction	w9-no-compaction-timeline	w9_fig4	W9:schema:900:io_write_bytes_reported	SemL0	schema	SF30	mixed_read_write_append_only_trace	duration=1800s; checkpoint=300s; target query_rate=200/s; target write_rate=200/s; flush_every=1024; compact_every=0	elapsed	900	seconds	io_write_bytes_reported	2.16	MiB	checkpoint_delta	w9_sf30_no_compaction	writer_errors=0; no_query_digest	SUPPORTING_NO_COMPACTION_ONLY	RERUN	cidr-experiments/data/source-cache/w9-steady-state-summary-20260615-cn.md#Per-checkpoint trace row=schema/900s column=io write bytes	lsmgraph-rs/baseline/w9-steady-state-progress-20260613-cn.md#Planned command; lsmgraph-rs/baseline/run_w9_steady_state_20260612.sh: QUERY_RATE/WRITE_RATE/FLUSH_EVERY_WRITES/COMPACT_EVERY_SECS	COMPACT_EVERY_SECS=0 and one sequential run per variant; checkpoints are correlated time points, not independent repeats. Formal JSONL raw is remote-only.
fig4-dynamic-compaction	w9-no-compaction-timeline	w9_fig4	W9:schema:900:writer_errors	SemL0	schema	SF30	mixed_read_write_append_only_trace	duration=1800s; checkpoint=300s; target query_rate=200/s; target write_rate=200/s; flush_every=1024; compact_every=0	elapsed	900	seconds	writer_errors	0	operations	checkpoint	w9_sf30_no_compaction	writer_errors=0; no_query_digest	SUPPORTING_NO_COMPACTION_ONLY	RERUN	cidr-experiments/data/source-cache/w9-steady-state-summary-20260615-cn.md#Per-checkpoint trace row=schema/900s column=writer errors	lsmgraph-rs/baseline/w9-steady-state-progress-20260613-cn.md#Planned command; lsmgraph-rs/baseline/run_w9_steady_state_20260612.sh: QUERY_RATE/WRITE_RATE/FLUSH_EVERY_WRITES/COMPACT_EVERY_SECS	COMPACT_EVERY_SECS=0 and one sequential run per variant; checkpoints are correlated time points, not independent repeats. Formal JSONL raw is remote-only.
fig4-dynamic-compaction	w9-no-compaction-timeline	w9_fig4	W9:schema:900:writer_slow_ops	SemL0	schema	SF30	mixed_read_write_append_only_trace	duration=1800s; checkpoint=300s; target query_rate=200/s; target write_rate=200/s; flush_every=1024; compact_every=0	elapsed	900	seconds	writer_slow_ops	0	operations	checkpoint	w9_sf30_no_compaction	writer_errors=0; no_query_digest	SUPPORTING_NO_COMPACTION_ONLY	RERUN	cidr-experiments/data/source-cache/w9-steady-state-summary-20260615-cn.md#Per-checkpoint trace row=schema/900s column=writer slow ops	lsmgraph-rs/baseline/w9-steady-state-progress-20260613-cn.md#Planned command; lsmgraph-rs/baseline/run_w9_steady_state_20260612.sh: QUERY_RATE/WRITE_RATE/FLUSH_EVERY_WRITES/COMPACT_EVERY_SECS	COMPACT_EVERY_SECS=0 and one sequential run per variant; checkpoints are correlated time points, not independent repeats. Formal JSONL raw is remote-only.
fig4-dynamic-compaction	w9-no-compaction-timeline	w9_fig4	W9:schema:1200:queries	SemL0	schema	SF30	mixed_read_write_append_only_trace	duration=1800s; checkpoint=300s; target query_rate=200/s; target write_rate=200/s; flush_every=1024; compact_every=0	elapsed	1200	seconds	queries	48917	queries_per_checkpoint	checkpoint	w9_sf30_no_compaction	writer_errors=0; no_query_digest	SUPPORTING_NO_COMPACTION_ONLY	RERUN	cidr-experiments/data/source-cache/w9-steady-state-summary-20260615-cn.md#Per-checkpoint trace row=schema/1200s column=queries	lsmgraph-rs/baseline/w9-steady-state-progress-20260613-cn.md#Planned command; lsmgraph-rs/baseline/run_w9_steady_state_20260612.sh: QUERY_RATE/WRITE_RATE/FLUSH_EVERY_WRITES/COMPACT_EVERY_SECS	COMPACT_EVERY_SECS=0 and one sequential run per variant; checkpoints are correlated time points, not independent repeats. Formal JSONL raw is remote-only.
fig4-dynamic-compaction	w9-no-compaction-timeline	w9_fig4	W9:schema:1200:query_rate	SemL0	schema	SF30	mixed_read_write_append_only_trace	duration=1800s; checkpoint=300s; target query_rate=200/s; target write_rate=200/s; flush_every=1024; compact_every=0	elapsed	1200	seconds	query_rate	163.05	queries_per_second	checkpoint	w9_sf30_no_compaction	writer_errors=0; no_query_digest	SUPPORTING_NO_COMPACTION_ONLY	RERUN	cidr-experiments/data/source-cache/w9-steady-state-summary-20260615-cn.md#Per-checkpoint trace row=schema/1200s column=query rate/s	lsmgraph-rs/baseline/w9-steady-state-progress-20260613-cn.md#Planned command; lsmgraph-rs/baseline/run_w9_steady_state_20260612.sh: QUERY_RATE/WRITE_RATE/FLUSH_EVERY_WRITES/COMPACT_EVERY_SECS	COMPACT_EVERY_SECS=0 and one sequential run per variant; checkpoints are correlated time points, not independent repeats. Formal JSONL raw is remote-only.
fig4-dynamic-compaction	w9-no-compaction-timeline	w9_fig4	W9:schema:1200:p50_us	SemL0	schema	SF30	mixed_read_write_append_only_trace	duration=1800s; checkpoint=300s; target query_rate=200/s; target write_rate=200/s; flush_every=1024; compact_every=0	elapsed	1200	seconds	p50_us	447.92	us	checkpoint_percentile	w9_sf30_no_compaction	writer_errors=0; no_query_digest	SUPPORTING_NO_COMPACTION_ONLY	RERUN	cidr-experiments/data/source-cache/w9-steady-state-summary-20260615-cn.md#Per-checkpoint trace row=schema/1200s column=p50 us	lsmgraph-rs/baseline/w9-steady-state-progress-20260613-cn.md#Planned command; lsmgraph-rs/baseline/run_w9_steady_state_20260612.sh: QUERY_RATE/WRITE_RATE/FLUSH_EVERY_WRITES/COMPACT_EVERY_SECS	COMPACT_EVERY_SECS=0 and one sequential run per variant; checkpoints are correlated time points, not independent repeats. Formal JSONL raw is remote-only.
fig4-dynamic-compaction	w9-no-compaction-timeline	w9_fig4	W9:schema:1200:p99_us	SemL0	schema	SF30	mixed_read_write_append_only_trace	duration=1800s; checkpoint=300s; target query_rate=200/s; target write_rate=200/s; flush_every=1024; compact_every=0	elapsed	1200	seconds	p99_us	5493.15	us	checkpoint_percentile	w9_sf30_no_compaction	writer_errors=0; no_query_digest	SUPPORTING_NO_COMPACTION_ONLY	RERUN	cidr-experiments/data/source-cache/w9-steady-state-summary-20260615-cn.md#Per-checkpoint trace row=schema/1200s column=p99 us	lsmgraph-rs/baseline/w9-steady-state-progress-20260613-cn.md#Planned command; lsmgraph-rs/baseline/run_w9_steady_state_20260612.sh: QUERY_RATE/WRITE_RATE/FLUSH_EVERY_WRITES/COMPACT_EVERY_SECS	COMPACT_EVERY_SECS=0 and one sequential run per variant; checkpoints are correlated time points, not independent repeats. Formal JSONL raw is remote-only.
fig4-dynamic-compaction	w9-no-compaction-timeline	w9_fig4	W9:schema:1200:candidate_l0_mean	SemL0	schema	SF30	mixed_read_write_append_only_trace	duration=1800s; checkpoint=300s; target query_rate=200/s; target write_rate=200/s; flush_every=1024; compact_every=0	elapsed	1200	seconds	candidate_l0_mean	193.41	segments_per_query	checkpoint_mean	w9_sf30_no_compaction	writer_errors=0; no_query_digest	SUPPORTING_NO_COMPACTION_ONLY	RERUN	cidr-experiments/data/source-cache/w9-steady-state-summary-20260615-cn.md#Per-checkpoint trace row=schema/1200s column=candidate L0 mean	lsmgraph-rs/baseline/w9-steady-state-progress-20260613-cn.md#Planned command; lsmgraph-rs/baseline/run_w9_steady_state_20260612.sh: QUERY_RATE/WRITE_RATE/FLUSH_EVERY_WRITES/COMPACT_EVERY_SECS	COMPACT_EVERY_SECS=0 and one sequential run per variant; checkpoints are correlated time points, not independent repeats. Formal JSONL raw is remote-only.
fig4-dynamic-compaction	w9-no-compaction-timeline	w9_fig4	W9:schema:1200:l0_files	SemL0	schema	SF30	mixed_read_write_append_only_trace	duration=1800s; checkpoint=300s; target query_rate=200/s; target write_rate=200/s; flush_every=1024; compact_every=0	elapsed	1200	seconds	l0_files	1269	files	checkpoint	w9_sf30_no_compaction	writer_errors=0; no_query_digest	SUPPORTING_NO_COMPACTION_ONLY	RERUN	cidr-experiments/data/source-cache/w9-steady-state-summary-20260615-cn.md#Per-checkpoint trace row=schema/1200s column=L0 files	lsmgraph-rs/baseline/w9-steady-state-progress-20260613-cn.md#Planned command; lsmgraph-rs/baseline/run_w9_steady_state_20260612.sh: QUERY_RATE/WRITE_RATE/FLUSH_EVERY_WRITES/COMPACT_EVERY_SECS	COMPACT_EVERY_SECS=0 and one sequential run per variant; checkpoints are correlated time points, not independent repeats. Formal JSONL raw is remote-only.
fig4-dynamic-compaction	w9-no-compaction-timeline	w9_fig4	W9:schema:1200:rewrite_bytes_reported	SemL0	schema	SF30	mixed_read_write_append_only_trace	duration=1800s; checkpoint=300s; target query_rate=200/s; target write_rate=200/s; flush_every=1024; compact_every=0	elapsed	1200	seconds	rewrite_bytes_reported	0	B	checkpoint_delta	w9_sf30_no_compaction	writer_errors=0; no_query_digest	SUPPORTING_NO_COMPACTION_ONLY	RERUN	cidr-experiments/data/source-cache/w9-steady-state-summary-20260615-cn.md#Per-checkpoint trace row=schema/1200s column=rewrite bytes	lsmgraph-rs/baseline/w9-steady-state-progress-20260613-cn.md#Planned command; lsmgraph-rs/baseline/run_w9_steady_state_20260612.sh: QUERY_RATE/WRITE_RATE/FLUSH_EVERY_WRITES/COMPACT_EVERY_SECS	COMPACT_EVERY_SECS=0 and one sequential run per variant; checkpoints are correlated time points, not independent repeats. Formal JSONL raw is remote-only.
fig4-dynamic-compaction	w9-no-compaction-timeline	w9_fig4	W9:schema:1200:io_write_bytes_reported	SemL0	schema	SF30	mixed_read_write_append_only_trace	duration=1800s; checkpoint=300s; target query_rate=200/s; target write_rate=200/s; flush_every=1024; compact_every=0	elapsed	1200	seconds	io_write_bytes_reported	2.21	MiB	checkpoint_delta	w9_sf30_no_compaction	writer_errors=0; no_query_digest	SUPPORTING_NO_COMPACTION_ONLY	RERUN	cidr-experiments/data/source-cache/w9-steady-state-summary-20260615-cn.md#Per-checkpoint trace row=schema/1200s column=io write bytes	lsmgraph-rs/baseline/w9-steady-state-progress-20260613-cn.md#Planned command; lsmgraph-rs/baseline/run_w9_steady_state_20260612.sh: QUERY_RATE/WRITE_RATE/FLUSH_EVERY_WRITES/COMPACT_EVERY_SECS	COMPACT_EVERY_SECS=0 and one sequential run per variant; checkpoints are correlated time points, not independent repeats. Formal JSONL raw is remote-only.
fig4-dynamic-compaction	w9-no-compaction-timeline	w9_fig4	W9:schema:1200:writer_errors	SemL0	schema	SF30	mixed_read_write_append_only_trace	duration=1800s; checkpoint=300s; target query_rate=200/s; target write_rate=200/s; flush_every=1024; compact_every=0	elapsed	1200	seconds	writer_errors	0	operations	checkpoint	w9_sf30_no_compaction	writer_errors=0; no_query_digest	SUPPORTING_NO_COMPACTION_ONLY	RERUN	cidr-experiments/data/source-cache/w9-steady-state-summary-20260615-cn.md#Per-checkpoint trace row=schema/1200s column=writer errors	lsmgraph-rs/baseline/w9-steady-state-progress-20260613-cn.md#Planned command; lsmgraph-rs/baseline/run_w9_steady_state_20260612.sh: QUERY_RATE/WRITE_RATE/FLUSH_EVERY_WRITES/COMPACT_EVERY_SECS	COMPACT_EVERY_SECS=0 and one sequential run per variant; checkpoints are correlated time points, not independent repeats. Formal JSONL raw is remote-only.
fig4-dynamic-compaction	w9-no-compaction-timeline	w9_fig4	W9:schema:1200:writer_slow_ops	SemL0	schema	SF30	mixed_read_write_append_only_trace	duration=1800s; checkpoint=300s; target query_rate=200/s; target write_rate=200/s; flush_every=1024; compact_every=0	elapsed	1200	seconds	writer_slow_ops	0	operations	checkpoint	w9_sf30_no_compaction	writer_errors=0; no_query_digest	SUPPORTING_NO_COMPACTION_ONLY	RERUN	cidr-experiments/data/source-cache/w9-steady-state-summary-20260615-cn.md#Per-checkpoint trace row=schema/1200s column=writer slow ops	lsmgraph-rs/baseline/w9-steady-state-progress-20260613-cn.md#Planned command; lsmgraph-rs/baseline/run_w9_steady_state_20260612.sh: QUERY_RATE/WRITE_RATE/FLUSH_EVERY_WRITES/COMPACT_EVERY_SECS	COMPACT_EVERY_SECS=0 and one sequential run per variant; checkpoints are correlated time points, not independent repeats. Formal JSONL raw is remote-only.
fig4-dynamic-compaction	w9-no-compaction-timeline	w9_fig4	W9:schema:1500:queries	SemL0	schema	SF30	mixed_read_write_append_only_trace	duration=1800s; checkpoint=300s; target query_rate=200/s; target write_rate=200/s; flush_every=1024; compact_every=0	elapsed	1500	seconds	queries	48774	queries_per_checkpoint	checkpoint	w9_sf30_no_compaction	writer_errors=0; no_query_digest	SUPPORTING_NO_COMPACTION_ONLY	RERUN	cidr-experiments/data/source-cache/w9-steady-state-summary-20260615-cn.md#Per-checkpoint trace row=schema/1500s column=queries	lsmgraph-rs/baseline/w9-steady-state-progress-20260613-cn.md#Planned command; lsmgraph-rs/baseline/run_w9_steady_state_20260612.sh: QUERY_RATE/WRITE_RATE/FLUSH_EVERY_WRITES/COMPACT_EVERY_SECS	COMPACT_EVERY_SECS=0 and one sequential run per variant; checkpoints are correlated time points, not independent repeats. Formal JSONL raw is remote-only.
fig4-dynamic-compaction	w9-no-compaction-timeline	w9_fig4	W9:schema:1500:query_rate	SemL0	schema	SF30	mixed_read_write_append_only_trace	duration=1800s; checkpoint=300s; target query_rate=200/s; target write_rate=200/s; flush_every=1024; compact_every=0	elapsed	1500	seconds	query_rate	162.58	queries_per_second	checkpoint	w9_sf30_no_compaction	writer_errors=0; no_query_digest	SUPPORTING_NO_COMPACTION_ONLY	RERUN	cidr-experiments/data/source-cache/w9-steady-state-summary-20260615-cn.md#Per-checkpoint trace row=schema/1500s column=query rate/s	lsmgraph-rs/baseline/w9-steady-state-progress-20260613-cn.md#Planned command; lsmgraph-rs/baseline/run_w9_steady_state_20260612.sh: QUERY_RATE/WRITE_RATE/FLUSH_EVERY_WRITES/COMPACT_EVERY_SECS	COMPACT_EVERY_SECS=0 and one sequential run per variant; checkpoints are correlated time points, not independent repeats. Formal JSONL raw is remote-only.
fig4-dynamic-compaction	w9-no-compaction-timeline	w9_fig4	W9:schema:1500:p50_us	SemL0	schema	SF30	mixed_read_write_append_only_trace	duration=1800s; checkpoint=300s; target query_rate=200/s; target write_rate=200/s; flush_every=1024; compact_every=0	elapsed	1500	seconds	p50_us	714.27	us	checkpoint_percentile	w9_sf30_no_compaction	writer_errors=0; no_query_digest	SUPPORTING_NO_COMPACTION_ONLY	RERUN	cidr-experiments/data/source-cache/w9-steady-state-summary-20260615-cn.md#Per-checkpoint trace row=schema/1500s column=p50 us	lsmgraph-rs/baseline/w9-steady-state-progress-20260613-cn.md#Planned command; lsmgraph-rs/baseline/run_w9_steady_state_20260612.sh: QUERY_RATE/WRITE_RATE/FLUSH_EVERY_WRITES/COMPACT_EVERY_SECS	COMPACT_EVERY_SECS=0 and one sequential run per variant; checkpoints are correlated time points, not independent repeats. Formal JSONL raw is remote-only.
fig4-dynamic-compaction	w9-no-compaction-timeline	w9_fig4	W9:schema:1500:p99_us	SemL0	schema	SF30	mixed_read_write_append_only_trace	duration=1800s; checkpoint=300s; target query_rate=200/s; target write_rate=200/s; flush_every=1024; compact_every=0	elapsed	1500	seconds	p99_us	6886.92	us	checkpoint_percentile	w9_sf30_no_compaction	writer_errors=0; no_query_digest	SUPPORTING_NO_COMPACTION_ONLY	RERUN	cidr-experiments/data/source-cache/w9-steady-state-summary-20260615-cn.md#Per-checkpoint trace row=schema/1500s column=p99 us	lsmgraph-rs/baseline/w9-steady-state-progress-20260613-cn.md#Planned command; lsmgraph-rs/baseline/run_w9_steady_state_20260612.sh: QUERY_RATE/WRITE_RATE/FLUSH_EVERY_WRITES/COMPACT_EVERY_SECS	COMPACT_EVERY_SECS=0 and one sequential run per variant; checkpoints are correlated time points, not independent repeats. Formal JSONL raw is remote-only.
fig4-dynamic-compaction	w9-no-compaction-timeline	w9_fig4	W9:schema:1500:candidate_l0_mean	SemL0	schema	SF30	mixed_read_write_append_only_trace	duration=1800s; checkpoint=300s; target query_rate=200/s; target write_rate=200/s; flush_every=1024; compact_every=0	elapsed	1500	seconds	candidate_l0_mean	241.67	segments_per_query	checkpoint_mean	w9_sf30_no_compaction	writer_errors=0; no_query_digest	SUPPORTING_NO_COMPACTION_ONLY	RERUN	cidr-experiments/data/source-cache/w9-steady-state-summary-20260615-cn.md#Per-checkpoint trace row=schema/1500s column=candidate L0 mean	lsmgraph-rs/baseline/w9-steady-state-progress-20260613-cn.md#Planned command; lsmgraph-rs/baseline/run_w9_steady_state_20260612.sh: QUERY_RATE/WRITE_RATE/FLUSH_EVERY_WRITES/COMPACT_EVERY_SECS	COMPACT_EVERY_SECS=0 and one sequential run per variant; checkpoints are correlated time points, not independent repeats. Formal JSONL raw is remote-only.
fig4-dynamic-compaction	w9-no-compaction-timeline	w9_fig4	W9:schema:1500:l0_files	SemL0	schema	SF30	mixed_read_write_append_only_trace	duration=1800s; checkpoint=300s; target query_rate=200/s; target write_rate=200/s; flush_every=1024; compact_every=0	elapsed	1500	seconds	l0_files	1317	files	checkpoint	w9_sf30_no_compaction	writer_errors=0; no_query_digest	SUPPORTING_NO_COMPACTION_ONLY	RERUN	cidr-experiments/data/source-cache/w9-steady-state-summary-20260615-cn.md#Per-checkpoint trace row=schema/1500s column=L0 files	lsmgraph-rs/baseline/w9-steady-state-progress-20260613-cn.md#Planned command; lsmgraph-rs/baseline/run_w9_steady_state_20260612.sh: QUERY_RATE/WRITE_RATE/FLUSH_EVERY_WRITES/COMPACT_EVERY_SECS	COMPACT_EVERY_SECS=0 and one sequential run per variant; checkpoints are correlated time points, not independent repeats. Formal JSONL raw is remote-only.
fig4-dynamic-compaction	w9-no-compaction-timeline	w9_fig4	W9:schema:1500:rewrite_bytes_reported	SemL0	schema	SF30	mixed_read_write_append_only_trace	duration=1800s; checkpoint=300s; target query_rate=200/s; target write_rate=200/s; flush_every=1024; compact_every=0	elapsed	1500	seconds	rewrite_bytes_reported	0	B	checkpoint_delta	w9_sf30_no_compaction	writer_errors=0; no_query_digest	SUPPORTING_NO_COMPACTION_ONLY	RERUN	cidr-experiments/data/source-cache/w9-steady-state-summary-20260615-cn.md#Per-checkpoint trace row=schema/1500s column=rewrite bytes	lsmgraph-rs/baseline/w9-steady-state-progress-20260613-cn.md#Planned command; lsmgraph-rs/baseline/run_w9_steady_state_20260612.sh: QUERY_RATE/WRITE_RATE/FLUSH_EVERY_WRITES/COMPACT_EVERY_SECS	COMPACT_EVERY_SECS=0 and one sequential run per variant; checkpoints are correlated time points, not independent repeats. Formal JSONL raw is remote-only.
fig4-dynamic-compaction	w9-no-compaction-timeline	w9_fig4	W9:schema:1500:io_write_bytes_reported	SemL0	schema	SF30	mixed_read_write_append_only_trace	duration=1800s; checkpoint=300s; target query_rate=200/s; target write_rate=200/s; flush_every=1024; compact_every=0	elapsed	1500	seconds	io_write_bytes_reported	2.17	MiB	checkpoint_delta	w9_sf30_no_compaction	writer_errors=0; no_query_digest	SUPPORTING_NO_COMPACTION_ONLY	RERUN	cidr-experiments/data/source-cache/w9-steady-state-summary-20260615-cn.md#Per-checkpoint trace row=schema/1500s column=io write bytes	lsmgraph-rs/baseline/w9-steady-state-progress-20260613-cn.md#Planned command; lsmgraph-rs/baseline/run_w9_steady_state_20260612.sh: QUERY_RATE/WRITE_RATE/FLUSH_EVERY_WRITES/COMPACT_EVERY_SECS	COMPACT_EVERY_SECS=0 and one sequential run per variant; checkpoints are correlated time points, not independent repeats. Formal JSONL raw is remote-only.
fig4-dynamic-compaction	w9-no-compaction-timeline	w9_fig4	W9:schema:1500:writer_errors	SemL0	schema	SF30	mixed_read_write_append_only_trace	duration=1800s; checkpoint=300s; target query_rate=200/s; target write_rate=200/s; flush_every=1024; compact_every=0	elapsed	1500	seconds	writer_errors	0	operations	checkpoint	w9_sf30_no_compaction	writer_errors=0; no_query_digest	SUPPORTING_NO_COMPACTION_ONLY	RERUN	cidr-experiments/data/source-cache/w9-steady-state-summary-20260615-cn.md#Per-checkpoint trace row=schema/1500s column=writer errors	lsmgraph-rs/baseline/w9-steady-state-progress-20260613-cn.md#Planned command; lsmgraph-rs/baseline/run_w9_steady_state_20260612.sh: QUERY_RATE/WRITE_RATE/FLUSH_EVERY_WRITES/COMPACT_EVERY_SECS	COMPACT_EVERY_SECS=0 and one sequential run per variant; checkpoints are correlated time points, not independent repeats. Formal JSONL raw is remote-only.
fig4-dynamic-compaction	w9-no-compaction-timeline	w9_fig4	W9:schema:1500:writer_slow_ops	SemL0	schema	SF30	mixed_read_write_append_only_trace	duration=1800s; checkpoint=300s; target query_rate=200/s; target write_rate=200/s; flush_every=1024; compact_every=0	elapsed	1500	seconds	writer_slow_ops	0	operations	checkpoint	w9_sf30_no_compaction	writer_errors=0; no_query_digest	SUPPORTING_NO_COMPACTION_ONLY	RERUN	cidr-experiments/data/source-cache/w9-steady-state-summary-20260615-cn.md#Per-checkpoint trace row=schema/1500s column=writer slow ops	lsmgraph-rs/baseline/w9-steady-state-progress-20260613-cn.md#Planned command; lsmgraph-rs/baseline/run_w9_steady_state_20260612.sh: QUERY_RATE/WRITE_RATE/FLUSH_EVERY_WRITES/COMPACT_EVERY_SECS	COMPACT_EVERY_SECS=0 and one sequential run per variant; checkpoints are correlated time points, not independent repeats. Formal JSONL raw is remote-only.
fig4-dynamic-compaction	w9-no-compaction-timeline	w9_fig4	W9:schema:1800:queries	SemL0	schema	SF30	mixed_read_write_append_only_trace	duration=1800s; checkpoint=300s; target query_rate=200/s; target write_rate=200/s; flush_every=1024; compact_every=0	elapsed	1800	seconds	queries	48441	queries_per_checkpoint	checkpoint	w9_sf30_no_compaction	writer_errors=0; no_query_digest	SUPPORTING_NO_COMPACTION_ONLY	RERUN	cidr-experiments/data/source-cache/w9-steady-state-summary-20260615-cn.md#Per-checkpoint trace row=schema/1800s column=queries	lsmgraph-rs/baseline/w9-steady-state-progress-20260613-cn.md#Planned command; lsmgraph-rs/baseline/run_w9_steady_state_20260612.sh: QUERY_RATE/WRITE_RATE/FLUSH_EVERY_WRITES/COMPACT_EVERY_SECS	COMPACT_EVERY_SECS=0 and one sequential run per variant; checkpoints are correlated time points, not independent repeats. Formal JSONL raw is remote-only.
fig4-dynamic-compaction	w9-no-compaction-timeline	w9_fig4	W9:schema:1800:query_rate	SemL0	schema	SF30	mixed_read_write_append_only_trace	duration=1800s; checkpoint=300s; target query_rate=200/s; target write_rate=200/s; flush_every=1024; compact_every=0	elapsed	1800	seconds	query_rate	161.47	queries_per_second	checkpoint	w9_sf30_no_compaction	writer_errors=0; no_query_digest	SUPPORTING_NO_COMPACTION_ONLY	RERUN	cidr-experiments/data/source-cache/w9-steady-state-summary-20260615-cn.md#Per-checkpoint trace row=schema/1800s column=query rate/s	lsmgraph-rs/baseline/w9-steady-state-progress-20260613-cn.md#Planned command; lsmgraph-rs/baseline/run_w9_steady_state_20260612.sh: QUERY_RATE/WRITE_RATE/FLUSH_EVERY_WRITES/COMPACT_EVERY_SECS	COMPACT_EVERY_SECS=0 and one sequential run per variant; checkpoints are correlated time points, not independent repeats. Formal JSONL raw is remote-only.
fig4-dynamic-compaction	w9-no-compaction-timeline	w9_fig4	W9:schema:1800:p50_us	SemL0	schema	SF30	mixed_read_write_append_only_trace	duration=1800s; checkpoint=300s; target query_rate=200/s; target write_rate=200/s; flush_every=1024; compact_every=0	elapsed	1800	seconds	p50_us	817.62	us	checkpoint_percentile	w9_sf30_no_compaction	writer_errors=0; no_query_digest	SUPPORTING_NO_COMPACTION_ONLY	RERUN	cidr-experiments/data/source-cache/w9-steady-state-summary-20260615-cn.md#Per-checkpoint trace row=schema/1800s column=p50 us	lsmgraph-rs/baseline/w9-steady-state-progress-20260613-cn.md#Planned command; lsmgraph-rs/baseline/run_w9_steady_state_20260612.sh: QUERY_RATE/WRITE_RATE/FLUSH_EVERY_WRITES/COMPACT_EVERY_SECS	COMPACT_EVERY_SECS=0 and one sequential run per variant; checkpoints are correlated time points, not independent repeats. Formal JSONL raw is remote-only.
fig4-dynamic-compaction	w9-no-compaction-timeline	w9_fig4	W9:schema:1800:p99_us	SemL0	schema	SF30	mixed_read_write_append_only_trace	duration=1800s; checkpoint=300s; target query_rate=200/s; target write_rate=200/s; flush_every=1024; compact_every=0	elapsed	1800	seconds	p99_us	8740.23	us	checkpoint_percentile	w9_sf30_no_compaction	writer_errors=0; no_query_digest	SUPPORTING_NO_COMPACTION_ONLY	RERUN	cidr-experiments/data/source-cache/w9-steady-state-summary-20260615-cn.md#Per-checkpoint trace row=schema/1800s column=p99 us	lsmgraph-rs/baseline/w9-steady-state-progress-20260613-cn.md#Planned command; lsmgraph-rs/baseline/run_w9_steady_state_20260612.sh: QUERY_RATE/WRITE_RATE/FLUSH_EVERY_WRITES/COMPACT_EVERY_SECS	COMPACT_EVERY_SECS=0 and one sequential run per variant; checkpoints are correlated time points, not independent repeats. Formal JSONL raw is remote-only.
fig4-dynamic-compaction	w9-no-compaction-timeline	w9_fig4	W9:schema:1800:candidate_l0_mean	SemL0	schema	SF30	mixed_read_write_append_only_trace	duration=1800s; checkpoint=300s; target query_rate=200/s; target write_rate=200/s; flush_every=1024; compact_every=0	elapsed	1800	seconds	candidate_l0_mean	289.89	segments_per_query	checkpoint_mean	w9_sf30_no_compaction	writer_errors=0; no_query_digest	SUPPORTING_NO_COMPACTION_ONLY	RERUN	cidr-experiments/data/source-cache/w9-steady-state-summary-20260615-cn.md#Per-checkpoint trace row=schema/1800s column=candidate L0 mean	lsmgraph-rs/baseline/w9-steady-state-progress-20260613-cn.md#Planned command; lsmgraph-rs/baseline/run_w9_steady_state_20260612.sh: QUERY_RATE/WRITE_RATE/FLUSH_EVERY_WRITES/COMPACT_EVERY_SECS	COMPACT_EVERY_SECS=0 and one sequential run per variant; checkpoints are correlated time points, not independent repeats. Formal JSONL raw is remote-only.
fig4-dynamic-compaction	w9-no-compaction-timeline	w9_fig4	W9:schema:1800:l0_files	SemL0	schema	SF30	mixed_read_write_append_only_trace	duration=1800s; checkpoint=300s; target query_rate=200/s; target write_rate=200/s; flush_every=1024; compact_every=0	elapsed	1800	seconds	l0_files	1365	files	checkpoint	w9_sf30_no_compaction	writer_errors=0; no_query_digest	SUPPORTING_NO_COMPACTION_ONLY	RERUN	cidr-experiments/data/source-cache/w9-steady-state-summary-20260615-cn.md#Per-checkpoint trace row=schema/1800s column=L0 files	lsmgraph-rs/baseline/w9-steady-state-progress-20260613-cn.md#Planned command; lsmgraph-rs/baseline/run_w9_steady_state_20260612.sh: QUERY_RATE/WRITE_RATE/FLUSH_EVERY_WRITES/COMPACT_EVERY_SECS	COMPACT_EVERY_SECS=0 and one sequential run per variant; checkpoints are correlated time points, not independent repeats. Formal JSONL raw is remote-only.
fig4-dynamic-compaction	w9-no-compaction-timeline	w9_fig4	W9:schema:1800:rewrite_bytes_reported	SemL0	schema	SF30	mixed_read_write_append_only_trace	duration=1800s; checkpoint=300s; target query_rate=200/s; target write_rate=200/s; flush_every=1024; compact_every=0	elapsed	1800	seconds	rewrite_bytes_reported	0	B	checkpoint_delta	w9_sf30_no_compaction	writer_errors=0; no_query_digest	SUPPORTING_NO_COMPACTION_ONLY	RERUN	cidr-experiments/data/source-cache/w9-steady-state-summary-20260615-cn.md#Per-checkpoint trace row=schema/1800s column=rewrite bytes	lsmgraph-rs/baseline/w9-steady-state-progress-20260613-cn.md#Planned command; lsmgraph-rs/baseline/run_w9_steady_state_20260612.sh: QUERY_RATE/WRITE_RATE/FLUSH_EVERY_WRITES/COMPACT_EVERY_SECS	COMPACT_EVERY_SECS=0 and one sequential run per variant; checkpoints are correlated time points, not independent repeats. Formal JSONL raw is remote-only.
fig4-dynamic-compaction	w9-no-compaction-timeline	w9_fig4	W9:schema:1800:io_write_bytes_reported	SemL0	schema	SF30	mixed_read_write_append_only_trace	duration=1800s; checkpoint=300s; target query_rate=200/s; target write_rate=200/s; flush_every=1024; compact_every=0	elapsed	1800	seconds	io_write_bytes_reported	2.17	MiB	checkpoint_delta	w9_sf30_no_compaction	writer_errors=0; no_query_digest	SUPPORTING_NO_COMPACTION_ONLY	RERUN	cidr-experiments/data/source-cache/w9-steady-state-summary-20260615-cn.md#Per-checkpoint trace row=schema/1800s column=io write bytes	lsmgraph-rs/baseline/w9-steady-state-progress-20260613-cn.md#Planned command; lsmgraph-rs/baseline/run_w9_steady_state_20260612.sh: QUERY_RATE/WRITE_RATE/FLUSH_EVERY_WRITES/COMPACT_EVERY_SECS	COMPACT_EVERY_SECS=0 and one sequential run per variant; checkpoints are correlated time points, not independent repeats. Formal JSONL raw is remote-only.
fig4-dynamic-compaction	w9-no-compaction-timeline	w9_fig4	W9:schema:1800:writer_errors	SemL0	schema	SF30	mixed_read_write_append_only_trace	duration=1800s; checkpoint=300s; target query_rate=200/s; target write_rate=200/s; flush_every=1024; compact_every=0	elapsed	1800	seconds	writer_errors	0	operations	checkpoint	w9_sf30_no_compaction	writer_errors=0; no_query_digest	SUPPORTING_NO_COMPACTION_ONLY	RERUN	cidr-experiments/data/source-cache/w9-steady-state-summary-20260615-cn.md#Per-checkpoint trace row=schema/1800s column=writer errors	lsmgraph-rs/baseline/w9-steady-state-progress-20260613-cn.md#Planned command; lsmgraph-rs/baseline/run_w9_steady_state_20260612.sh: QUERY_RATE/WRITE_RATE/FLUSH_EVERY_WRITES/COMPACT_EVERY_SECS	COMPACT_EVERY_SECS=0 and one sequential run per variant; checkpoints are correlated time points, not independent repeats. Formal JSONL raw is remote-only.
fig4-dynamic-compaction	w9-no-compaction-timeline	w9_fig4	W9:schema:1800:writer_slow_ops	SemL0	schema	SF30	mixed_read_write_append_only_trace	duration=1800s; checkpoint=300s; target query_rate=200/s; target write_rate=200/s; flush_every=1024; compact_every=0	elapsed	1800	seconds	writer_slow_ops	0	operations	checkpoint	w9_sf30_no_compaction	writer_errors=0; no_query_digest	SUPPORTING_NO_COMPACTION_ONLY	RERUN	cidr-experiments/data/source-cache/w9-steady-state-summary-20260615-cn.md#Per-checkpoint trace row=schema/1800s column=writer slow ops	lsmgraph-rs/baseline/w9-steady-state-progress-20260613-cn.md#Planned command; lsmgraph-rs/baseline/run_w9_steady_state_20260612.sh: QUERY_RATE/WRITE_RATE/FLUSH_EVERY_WRITES/COMPACT_EVERY_SECS	COMPACT_EVERY_SECS=0 and one sequential run per variant; checkpoints are correlated time points, not independent repeats. Formal JSONL raw is remote-only.
fig4-dynamic-compaction	w9-no-compaction-timeline	w9_fig4	W9:budg-b64:300:queries	SemL0	budg-b64	SF30	mixed_read_write_append_only_trace	duration=1800s; checkpoint=300s; target query_rate=200/s; target write_rate=200/s; flush_every=1024; compact_every=0	elapsed	300	seconds	queries	49214	queries_per_checkpoint	checkpoint	w9_sf30_no_compaction	writer_errors=0; no_query_digest	SUPPORTING_NO_COMPACTION_ONLY	RERUN	cidr-experiments/data/source-cache/w9-steady-state-summary-20260615-cn.md#Per-checkpoint trace row=budg-b64/300s column=queries	lsmgraph-rs/baseline/w9-steady-state-progress-20260613-cn.md#Planned command; lsmgraph-rs/baseline/run_w9_steady_state_20260612.sh: QUERY_RATE/WRITE_RATE/FLUSH_EVERY_WRITES/COMPACT_EVERY_SECS	COMPACT_EVERY_SECS=0 and one sequential run per variant; checkpoints are correlated time points, not independent repeats. Formal JSONL raw is remote-only.
fig4-dynamic-compaction	w9-no-compaction-timeline	w9_fig4	W9:budg-b64:300:query_rate	SemL0	budg-b64	SF30	mixed_read_write_append_only_trace	duration=1800s; checkpoint=300s; target query_rate=200/s; target write_rate=200/s; flush_every=1024; compact_every=0	elapsed	300	seconds	query_rate	164.04	queries_per_second	checkpoint	w9_sf30_no_compaction	writer_errors=0; no_query_digest	SUPPORTING_NO_COMPACTION_ONLY	RERUN	cidr-experiments/data/source-cache/w9-steady-state-summary-20260615-cn.md#Per-checkpoint trace row=budg-b64/300s column=query rate/s	lsmgraph-rs/baseline/w9-steady-state-progress-20260613-cn.md#Planned command; lsmgraph-rs/baseline/run_w9_steady_state_20260612.sh: QUERY_RATE/WRITE_RATE/FLUSH_EVERY_WRITES/COMPACT_EVERY_SECS	COMPACT_EVERY_SECS=0 and one sequential run per variant; checkpoints are correlated time points, not independent repeats. Formal JSONL raw is remote-only.
fig4-dynamic-compaction	w9-no-compaction-timeline	w9_fig4	W9:budg-b64:300:p50_us	SemL0	budg-b64	SF30	mixed_read_write_append_only_trace	duration=1800s; checkpoint=300s; target query_rate=200/s; target write_rate=200/s; flush_every=1024; compact_every=0	elapsed	300	seconds	p50_us	27.67	us	checkpoint_percentile	w9_sf30_no_compaction	writer_errors=0; no_query_digest	SUPPORTING_NO_COMPACTION_ONLY	RERUN	cidr-experiments/data/source-cache/w9-steady-state-summary-20260615-cn.md#Per-checkpoint trace row=budg-b64/300s column=p50 us	lsmgraph-rs/baseline/w9-steady-state-progress-20260613-cn.md#Planned command; lsmgraph-rs/baseline/run_w9_steady_state_20260612.sh: QUERY_RATE/WRITE_RATE/FLUSH_EVERY_WRITES/COMPACT_EVERY_SECS	COMPACT_EVERY_SECS=0 and one sequential run per variant; checkpoints are correlated time points, not independent repeats. Formal JSONL raw is remote-only.
fig4-dynamic-compaction	w9-no-compaction-timeline	w9_fig4	W9:budg-b64:300:p99_us	SemL0	budg-b64	SF30	mixed_read_write_append_only_trace	duration=1800s; checkpoint=300s; target query_rate=200/s; target write_rate=200/s; flush_every=1024; compact_every=0	elapsed	300	seconds	p99_us	1275.69	us	checkpoint_percentile	w9_sf30_no_compaction	writer_errors=0; no_query_digest	SUPPORTING_NO_COMPACTION_ONLY	RERUN	cidr-experiments/data/source-cache/w9-steady-state-summary-20260615-cn.md#Per-checkpoint trace row=budg-b64/300s column=p99 us	lsmgraph-rs/baseline/w9-steady-state-progress-20260613-cn.md#Planned command; lsmgraph-rs/baseline/run_w9_steady_state_20260612.sh: QUERY_RATE/WRITE_RATE/FLUSH_EVERY_WRITES/COMPACT_EVERY_SECS	COMPACT_EVERY_SECS=0 and one sequential run per variant; checkpoints are correlated time points, not independent repeats. Formal JSONL raw is remote-only.
fig4-dynamic-compaction	w9-no-compaction-timeline	w9_fig4	W9:budg-b64:300:candidate_l0_mean	SemL0	budg-b64	SF30	mixed_read_write_append_only_trace	duration=1800s; checkpoint=300s; target query_rate=200/s; target write_rate=200/s; flush_every=1024; compact_every=0	elapsed	300	seconds	candidate_l0_mean	41.62	segments_per_query	checkpoint_mean	w9_sf30_no_compaction	writer_errors=0; no_query_digest	SUPPORTING_NO_COMPACTION_ONLY	RERUN	cidr-experiments/data/source-cache/w9-steady-state-summary-20260615-cn.md#Per-checkpoint trace row=budg-b64/300s column=candidate L0 mean	lsmgraph-rs/baseline/w9-steady-state-progress-20260613-cn.md#Planned command; lsmgraph-rs/baseline/run_w9_steady_state_20260612.sh: QUERY_RATE/WRITE_RATE/FLUSH_EVERY_WRITES/COMPACT_EVERY_SECS	COMPACT_EVERY_SECS=0 and one sequential run per variant; checkpoints are correlated time points, not independent repeats. Formal JSONL raw is remote-only.
fig4-dynamic-compaction	w9-no-compaction-timeline	w9_fig4	W9:budg-b64:300:l0_files	SemL0	budg-b64	SF30	mixed_read_write_append_only_trace	duration=1800s; checkpoint=300s; target query_rate=200/s; target write_rate=200/s; flush_every=1024; compact_every=0	elapsed	300	seconds	l0_files	1191	files	checkpoint	w9_sf30_no_compaction	writer_errors=0; no_query_digest	SUPPORTING_NO_COMPACTION_ONLY	RERUN	cidr-experiments/data/source-cache/w9-steady-state-summary-20260615-cn.md#Per-checkpoint trace row=budg-b64/300s column=L0 files	lsmgraph-rs/baseline/w9-steady-state-progress-20260613-cn.md#Planned command; lsmgraph-rs/baseline/run_w9_steady_state_20260612.sh: QUERY_RATE/WRITE_RATE/FLUSH_EVERY_WRITES/COMPACT_EVERY_SECS	COMPACT_EVERY_SECS=0 and one sequential run per variant; checkpoints are correlated time points, not independent repeats. Formal JSONL raw is remote-only.
fig4-dynamic-compaction	w9-no-compaction-timeline	w9_fig4	W9:budg-b64:300:rewrite_bytes_reported	SemL0	budg-b64	SF30	mixed_read_write_append_only_trace	duration=1800s; checkpoint=300s; target query_rate=200/s; target write_rate=200/s; flush_every=1024; compact_every=0	elapsed	300	seconds	rewrite_bytes_reported	0	B	checkpoint_delta	w9_sf30_no_compaction	writer_errors=0; no_query_digest	SUPPORTING_NO_COMPACTION_ONLY	RERUN	cidr-experiments/data/source-cache/w9-steady-state-summary-20260615-cn.md#Per-checkpoint trace row=budg-b64/300s column=rewrite bytes	lsmgraph-rs/baseline/w9-steady-state-progress-20260613-cn.md#Planned command; lsmgraph-rs/baseline/run_w9_steady_state_20260612.sh: QUERY_RATE/WRITE_RATE/FLUSH_EVERY_WRITES/COMPACT_EVERY_SECS	COMPACT_EVERY_SECS=0 and one sequential run per variant; checkpoints are correlated time points, not independent repeats. Formal JSONL raw is remote-only.
fig4-dynamic-compaction	w9-no-compaction-timeline	w9_fig4	W9:budg-b64:300:io_write_bytes_reported	SemL0	budg-b64	SF30	mixed_read_write_append_only_trace	duration=1800s; checkpoint=300s; target query_rate=200/s; target write_rate=200/s; flush_every=1024; compact_every=0	elapsed	300	seconds	io_write_bytes_reported	2.16	MiB	checkpoint_delta	w9_sf30_no_compaction	writer_errors=0; no_query_digest	SUPPORTING_NO_COMPACTION_ONLY	RERUN	cidr-experiments/data/source-cache/w9-steady-state-summary-20260615-cn.md#Per-checkpoint trace row=budg-b64/300s column=io write bytes	lsmgraph-rs/baseline/w9-steady-state-progress-20260613-cn.md#Planned command; lsmgraph-rs/baseline/run_w9_steady_state_20260612.sh: QUERY_RATE/WRITE_RATE/FLUSH_EVERY_WRITES/COMPACT_EVERY_SECS	COMPACT_EVERY_SECS=0 and one sequential run per variant; checkpoints are correlated time points, not independent repeats. Formal JSONL raw is remote-only.
fig4-dynamic-compaction	w9-no-compaction-timeline	w9_fig4	W9:budg-b64:300:writer_errors	SemL0	budg-b64	SF30	mixed_read_write_append_only_trace	duration=1800s; checkpoint=300s; target query_rate=200/s; target write_rate=200/s; flush_every=1024; compact_every=0	elapsed	300	seconds	writer_errors	0	operations	checkpoint	w9_sf30_no_compaction	writer_errors=0; no_query_digest	SUPPORTING_NO_COMPACTION_ONLY	RERUN	cidr-experiments/data/source-cache/w9-steady-state-summary-20260615-cn.md#Per-checkpoint trace row=budg-b64/300s column=writer errors	lsmgraph-rs/baseline/w9-steady-state-progress-20260613-cn.md#Planned command; lsmgraph-rs/baseline/run_w9_steady_state_20260612.sh: QUERY_RATE/WRITE_RATE/FLUSH_EVERY_WRITES/COMPACT_EVERY_SECS	COMPACT_EVERY_SECS=0 and one sequential run per variant; checkpoints are correlated time points, not independent repeats. Formal JSONL raw is remote-only.
fig4-dynamic-compaction	w9-no-compaction-timeline	w9_fig4	W9:budg-b64:300:writer_slow_ops	SemL0	budg-b64	SF30	mixed_read_write_append_only_trace	duration=1800s; checkpoint=300s; target query_rate=200/s; target write_rate=200/s; flush_every=1024; compact_every=0	elapsed	300	seconds	writer_slow_ops	0	operations	checkpoint	w9_sf30_no_compaction	writer_errors=0; no_query_digest	SUPPORTING_NO_COMPACTION_ONLY	RERUN	cidr-experiments/data/source-cache/w9-steady-state-summary-20260615-cn.md#Per-checkpoint trace row=budg-b64/300s column=writer slow ops	lsmgraph-rs/baseline/w9-steady-state-progress-20260613-cn.md#Planned command; lsmgraph-rs/baseline/run_w9_steady_state_20260612.sh: QUERY_RATE/WRITE_RATE/FLUSH_EVERY_WRITES/COMPACT_EVERY_SECS	COMPACT_EVERY_SECS=0 and one sequential run per variant; checkpoints are correlated time points, not independent repeats. Formal JSONL raw is remote-only.
fig4-dynamic-compaction	w9-no-compaction-timeline	w9_fig4	W9:budg-b64:600:queries	SemL0	budg-b64	SF30	mixed_read_write_append_only_trace	duration=1800s; checkpoint=300s; target query_rate=200/s; target write_rate=200/s; flush_every=1024; compact_every=0	elapsed	600	seconds	queries	49138	queries_per_checkpoint	checkpoint	w9_sf30_no_compaction	writer_errors=0; no_query_digest	SUPPORTING_NO_COMPACTION_ONLY	RERUN	cidr-experiments/data/source-cache/w9-steady-state-summary-20260615-cn.md#Per-checkpoint trace row=budg-b64/600s column=queries	lsmgraph-rs/baseline/w9-steady-state-progress-20260613-cn.md#Planned command; lsmgraph-rs/baseline/run_w9_steady_state_20260612.sh: QUERY_RATE/WRITE_RATE/FLUSH_EVERY_WRITES/COMPACT_EVERY_SECS	COMPACT_EVERY_SECS=0 and one sequential run per variant; checkpoints are correlated time points, not independent repeats. Formal JSONL raw is remote-only.
fig4-dynamic-compaction	w9-no-compaction-timeline	w9_fig4	W9:budg-b64:600:query_rate	SemL0	budg-b64	SF30	mixed_read_write_append_only_trace	duration=1800s; checkpoint=300s; target query_rate=200/s; target write_rate=200/s; flush_every=1024; compact_every=0	elapsed	600	seconds	query_rate	163.8	queries_per_second	checkpoint	w9_sf30_no_compaction	writer_errors=0; no_query_digest	SUPPORTING_NO_COMPACTION_ONLY	RERUN	cidr-experiments/data/source-cache/w9-steady-state-summary-20260615-cn.md#Per-checkpoint trace row=budg-b64/600s column=query rate/s	lsmgraph-rs/baseline/w9-steady-state-progress-20260613-cn.md#Planned command; lsmgraph-rs/baseline/run_w9_steady_state_20260612.sh: QUERY_RATE/WRITE_RATE/FLUSH_EVERY_WRITES/COMPACT_EVERY_SECS	COMPACT_EVERY_SECS=0 and one sequential run per variant; checkpoints are correlated time points, not independent repeats. Formal JSONL raw is remote-only.
fig4-dynamic-compaction	w9-no-compaction-timeline	w9_fig4	W9:budg-b64:600:p50_us	SemL0	budg-b64	SF30	mixed_read_write_append_only_trace	duration=1800s; checkpoint=300s; target query_rate=200/s; target write_rate=200/s; flush_every=1024; compact_every=0	elapsed	600	seconds	p50_us	48.64	us	checkpoint_percentile	w9_sf30_no_compaction	writer_errors=0; no_query_digest	SUPPORTING_NO_COMPACTION_ONLY	RERUN	cidr-experiments/data/source-cache/w9-steady-state-summary-20260615-cn.md#Per-checkpoint trace row=budg-b64/600s column=p50 us	lsmgraph-rs/baseline/w9-steady-state-progress-20260613-cn.md#Planned command; lsmgraph-rs/baseline/run_w9_steady_state_20260612.sh: QUERY_RATE/WRITE_RATE/FLUSH_EVERY_WRITES/COMPACT_EVERY_SECS	COMPACT_EVERY_SECS=0 and one sequential run per variant; checkpoints are correlated time points, not independent repeats. Formal JSONL raw is remote-only.
fig4-dynamic-compaction	w9-no-compaction-timeline	w9_fig4	W9:budg-b64:600:p99_us	SemL0	budg-b64	SF30	mixed_read_write_append_only_trace	duration=1800s; checkpoint=300s; target query_rate=200/s; target write_rate=200/s; flush_every=1024; compact_every=0	elapsed	600	seconds	p99_us	2668.46	us	checkpoint_percentile	w9_sf30_no_compaction	writer_errors=0; no_query_digest	SUPPORTING_NO_COMPACTION_ONLY	RERUN	cidr-experiments/data/source-cache/w9-steady-state-summary-20260615-cn.md#Per-checkpoint trace row=budg-b64/600s column=p99 us	lsmgraph-rs/baseline/w9-steady-state-progress-20260613-cn.md#Planned command; lsmgraph-rs/baseline/run_w9_steady_state_20260612.sh: QUERY_RATE/WRITE_RATE/FLUSH_EVERY_WRITES/COMPACT_EVERY_SECS	COMPACT_EVERY_SECS=0 and one sequential run per variant; checkpoints are correlated time points, not independent repeats. Formal JSONL raw is remote-only.
fig4-dynamic-compaction	w9-no-compaction-timeline	w9_fig4	W9:budg-b64:600:candidate_l0_mean	SemL0	budg-b64	SF30	mixed_read_write_append_only_trace	duration=1800s; checkpoint=300s; target query_rate=200/s; target write_rate=200/s; flush_every=1024; compact_every=0	elapsed	600	seconds	candidate_l0_mean	89.85	segments_per_query	checkpoint_mean	w9_sf30_no_compaction	writer_errors=0; no_query_digest	SUPPORTING_NO_COMPACTION_ONLY	RERUN	cidr-experiments/data/source-cache/w9-steady-state-summary-20260615-cn.md#Per-checkpoint trace row=budg-b64/600s column=candidate L0 mean	lsmgraph-rs/baseline/w9-steady-state-progress-20260613-cn.md#Planned command; lsmgraph-rs/baseline/run_w9_steady_state_20260612.sh: QUERY_RATE/WRITE_RATE/FLUSH_EVERY_WRITES/COMPACT_EVERY_SECS	COMPACT_EVERY_SECS=0 and one sequential run per variant; checkpoints are correlated time points, not independent repeats. Formal JSONL raw is remote-only.
fig4-dynamic-compaction	w9-no-compaction-timeline	w9_fig4	W9:budg-b64:600:l0_files	SemL0	budg-b64	SF30	mixed_read_write_append_only_trace	duration=1800s; checkpoint=300s; target query_rate=200/s; target write_rate=200/s; flush_every=1024; compact_every=0	elapsed	600	seconds	l0_files	1239	files	checkpoint	w9_sf30_no_compaction	writer_errors=0; no_query_digest	SUPPORTING_NO_COMPACTION_ONLY	RERUN	cidr-experiments/data/source-cache/w9-steady-state-summary-20260615-cn.md#Per-checkpoint trace row=budg-b64/600s column=L0 files	lsmgraph-rs/baseline/w9-steady-state-progress-20260613-cn.md#Planned command; lsmgraph-rs/baseline/run_w9_steady_state_20260612.sh: QUERY_RATE/WRITE_RATE/FLUSH_EVERY_WRITES/COMPACT_EVERY_SECS	COMPACT_EVERY_SECS=0 and one sequential run per variant; checkpoints are correlated time points, not independent repeats. Formal JSONL raw is remote-only.
fig4-dynamic-compaction	w9-no-compaction-timeline	w9_fig4	W9:budg-b64:600:rewrite_bytes_reported	SemL0	budg-b64	SF30	mixed_read_write_append_only_trace	duration=1800s; checkpoint=300s; target query_rate=200/s; target write_rate=200/s; flush_every=1024; compact_every=0	elapsed	600	seconds	rewrite_bytes_reported	0	B	checkpoint_delta	w9_sf30_no_compaction	writer_errors=0; no_query_digest	SUPPORTING_NO_COMPACTION_ONLY	RERUN	cidr-experiments/data/source-cache/w9-steady-state-summary-20260615-cn.md#Per-checkpoint trace row=budg-b64/600s column=rewrite bytes	lsmgraph-rs/baseline/w9-steady-state-progress-20260613-cn.md#Planned command; lsmgraph-rs/baseline/run_w9_steady_state_20260612.sh: QUERY_RATE/WRITE_RATE/FLUSH_EVERY_WRITES/COMPACT_EVERY_SECS	COMPACT_EVERY_SECS=0 and one sequential run per variant; checkpoints are correlated time points, not independent repeats. Formal JSONL raw is remote-only.
fig4-dynamic-compaction	w9-no-compaction-timeline	w9_fig4	W9:budg-b64:600:io_write_bytes_reported	SemL0	budg-b64	SF30	mixed_read_write_append_only_trace	duration=1800s; checkpoint=300s; target query_rate=200/s; target write_rate=200/s; flush_every=1024; compact_every=0	elapsed	600	seconds	io_write_bytes_reported	2.17	MiB	checkpoint_delta	w9_sf30_no_compaction	writer_errors=0; no_query_digest	SUPPORTING_NO_COMPACTION_ONLY	RERUN	cidr-experiments/data/source-cache/w9-steady-state-summary-20260615-cn.md#Per-checkpoint trace row=budg-b64/600s column=io write bytes	lsmgraph-rs/baseline/w9-steady-state-progress-20260613-cn.md#Planned command; lsmgraph-rs/baseline/run_w9_steady_state_20260612.sh: QUERY_RATE/WRITE_RATE/FLUSH_EVERY_WRITES/COMPACT_EVERY_SECS	COMPACT_EVERY_SECS=0 and one sequential run per variant; checkpoints are correlated time points, not independent repeats. Formal JSONL raw is remote-only.
fig4-dynamic-compaction	w9-no-compaction-timeline	w9_fig4	W9:budg-b64:600:writer_errors	SemL0	budg-b64	SF30	mixed_read_write_append_only_trace	duration=1800s; checkpoint=300s; target query_rate=200/s; target write_rate=200/s; flush_every=1024; compact_every=0	elapsed	600	seconds	writer_errors	0	operations	checkpoint	w9_sf30_no_compaction	writer_errors=0; no_query_digest	SUPPORTING_NO_COMPACTION_ONLY	RERUN	cidr-experiments/data/source-cache/w9-steady-state-summary-20260615-cn.md#Per-checkpoint trace row=budg-b64/600s column=writer errors	lsmgraph-rs/baseline/w9-steady-state-progress-20260613-cn.md#Planned command; lsmgraph-rs/baseline/run_w9_steady_state_20260612.sh: QUERY_RATE/WRITE_RATE/FLUSH_EVERY_WRITES/COMPACT_EVERY_SECS	COMPACT_EVERY_SECS=0 and one sequential run per variant; checkpoints are correlated time points, not independent repeats. Formal JSONL raw is remote-only.
fig4-dynamic-compaction	w9-no-compaction-timeline	w9_fig4	W9:budg-b64:600:writer_slow_ops	SemL0	budg-b64	SF30	mixed_read_write_append_only_trace	duration=1800s; checkpoint=300s; target query_rate=200/s; target write_rate=200/s; flush_every=1024; compact_every=0	elapsed	600	seconds	writer_slow_ops	0	operations	checkpoint	w9_sf30_no_compaction	writer_errors=0; no_query_digest	SUPPORTING_NO_COMPACTION_ONLY	RERUN	cidr-experiments/data/source-cache/w9-steady-state-summary-20260615-cn.md#Per-checkpoint trace row=budg-b64/600s column=writer slow ops	lsmgraph-rs/baseline/w9-steady-state-progress-20260613-cn.md#Planned command; lsmgraph-rs/baseline/run_w9_steady_state_20260612.sh: QUERY_RATE/WRITE_RATE/FLUSH_EVERY_WRITES/COMPACT_EVERY_SECS	COMPACT_EVERY_SECS=0 and one sequential run per variant; checkpoints are correlated time points, not independent repeats. Formal JSONL raw is remote-only.
fig4-dynamic-compaction	w9-no-compaction-timeline	w9_fig4	W9:budg-b64:900:queries	SemL0	budg-b64	SF30	mixed_read_write_append_only_trace	duration=1800s; checkpoint=300s; target query_rate=200/s; target write_rate=200/s; flush_every=1024; compact_every=0	elapsed	900	seconds	queries	49002	queries_per_checkpoint	checkpoint	w9_sf30_no_compaction	writer_errors=0; no_query_digest	SUPPORTING_NO_COMPACTION_ONLY	RERUN	cidr-experiments/data/source-cache/w9-steady-state-summary-20260615-cn.md#Per-checkpoint trace row=budg-b64/900s column=queries	lsmgraph-rs/baseline/w9-steady-state-progress-20260613-cn.md#Planned command; lsmgraph-rs/baseline/run_w9_steady_state_20260612.sh: QUERY_RATE/WRITE_RATE/FLUSH_EVERY_WRITES/COMPACT_EVERY_SECS	COMPACT_EVERY_SECS=0 and one sequential run per variant; checkpoints are correlated time points, not independent repeats. Formal JSONL raw is remote-only.
fig4-dynamic-compaction	w9-no-compaction-timeline	w9_fig4	W9:budg-b64:900:query_rate	SemL0	budg-b64	SF30	mixed_read_write_append_only_trace	duration=1800s; checkpoint=300s; target query_rate=200/s; target write_rate=200/s; flush_every=1024; compact_every=0	elapsed	900	seconds	query_rate	163.34	queries_per_second	checkpoint	w9_sf30_no_compaction	writer_errors=0; no_query_digest	SUPPORTING_NO_COMPACTION_ONLY	RERUN	cidr-experiments/data/source-cache/w9-steady-state-summary-20260615-cn.md#Per-checkpoint trace row=budg-b64/900s column=query rate/s	lsmgraph-rs/baseline/w9-steady-state-progress-20260613-cn.md#Planned command; lsmgraph-rs/baseline/run_w9_steady_state_20260612.sh: QUERY_RATE/WRITE_RATE/FLUSH_EVERY_WRITES/COMPACT_EVERY_SECS	COMPACT_EVERY_SECS=0 and one sequential run per variant; checkpoints are correlated time points, not independent repeats. Formal JSONL raw is remote-only.
fig4-dynamic-compaction	w9-no-compaction-timeline	w9_fig4	W9:budg-b64:900:p50_us	SemL0	budg-b64	SF30	mixed_read_write_append_only_trace	duration=1800s; checkpoint=300s; target query_rate=200/s; target write_rate=200/s; flush_every=1024; compact_every=0	elapsed	900	seconds	p50_us	392.52	us	checkpoint_percentile	w9_sf30_no_compaction	writer_errors=0; no_query_digest	SUPPORTING_NO_COMPACTION_ONLY	RERUN	cidr-experiments/data/source-cache/w9-steady-state-summary-20260615-cn.md#Per-checkpoint trace row=budg-b64/900s column=p50 us	lsmgraph-rs/baseline/w9-steady-state-progress-20260613-cn.md#Planned command; lsmgraph-rs/baseline/run_w9_steady_state_20260612.sh: QUERY_RATE/WRITE_RATE/FLUSH_EVERY_WRITES/COMPACT_EVERY_SECS	COMPACT_EVERY_SECS=0 and one sequential run per variant; checkpoints are correlated time points, not independent repeats. Formal JSONL raw is remote-only.
fig4-dynamic-compaction	w9-no-compaction-timeline	w9_fig4	W9:budg-b64:900:p99_us	SemL0	budg-b64	SF30	mixed_read_write_append_only_trace	duration=1800s; checkpoint=300s; target query_rate=200/s; target write_rate=200/s; flush_every=1024; compact_every=0	elapsed	900	seconds	p99_us	4019.79	us	checkpoint_percentile	w9_sf30_no_compaction	writer_errors=0; no_query_digest	SUPPORTING_NO_COMPACTION_ONLY	RERUN	cidr-experiments/data/source-cache/w9-steady-state-summary-20260615-cn.md#Per-checkpoint trace row=budg-b64/900s column=p99 us	lsmgraph-rs/baseline/w9-steady-state-progress-20260613-cn.md#Planned command; lsmgraph-rs/baseline/run_w9_steady_state_20260612.sh: QUERY_RATE/WRITE_RATE/FLUSH_EVERY_WRITES/COMPACT_EVERY_SECS	COMPACT_EVERY_SECS=0 and one sequential run per variant; checkpoints are correlated time points, not independent repeats. Formal JSONL raw is remote-only.
fig4-dynamic-compaction	w9-no-compaction-timeline	w9_fig4	W9:budg-b64:900:candidate_l0_mean	SemL0	budg-b64	SF30	mixed_read_write_append_only_trace	duration=1800s; checkpoint=300s; target query_rate=200/s; target write_rate=200/s; flush_every=1024; compact_every=0	elapsed	900	seconds	candidate_l0_mean	138.13	segments_per_query	checkpoint_mean	w9_sf30_no_compaction	writer_errors=0; no_query_digest	SUPPORTING_NO_COMPACTION_ONLY	RERUN	cidr-experiments/data/source-cache/w9-steady-state-summary-20260615-cn.md#Per-checkpoint trace row=budg-b64/900s column=candidate L0 mean	lsmgraph-rs/baseline/w9-steady-state-progress-20260613-cn.md#Planned command; lsmgraph-rs/baseline/run_w9_steady_state_20260612.sh: QUERY_RATE/WRITE_RATE/FLUSH_EVERY_WRITES/COMPACT_EVERY_SECS	COMPACT_EVERY_SECS=0 and one sequential run per variant; checkpoints are correlated time points, not independent repeats. Formal JSONL raw is remote-only.
fig4-dynamic-compaction	w9-no-compaction-timeline	w9_fig4	W9:budg-b64:900:l0_files	SemL0	budg-b64	SF30	mixed_read_write_append_only_trace	duration=1800s; checkpoint=300s; target query_rate=200/s; target write_rate=200/s; flush_every=1024; compact_every=0	elapsed	900	seconds	l0_files	1287	files	checkpoint	w9_sf30_no_compaction	writer_errors=0; no_query_digest	SUPPORTING_NO_COMPACTION_ONLY	RERUN	cidr-experiments/data/source-cache/w9-steady-state-summary-20260615-cn.md#Per-checkpoint trace row=budg-b64/900s column=L0 files	lsmgraph-rs/baseline/w9-steady-state-progress-20260613-cn.md#Planned command; lsmgraph-rs/baseline/run_w9_steady_state_20260612.sh: QUERY_RATE/WRITE_RATE/FLUSH_EVERY_WRITES/COMPACT_EVERY_SECS	COMPACT_EVERY_SECS=0 and one sequential run per variant; checkpoints are correlated time points, not independent repeats. Formal JSONL raw is remote-only.
fig4-dynamic-compaction	w9-no-compaction-timeline	w9_fig4	W9:budg-b64:900:rewrite_bytes_reported	SemL0	budg-b64	SF30	mixed_read_write_append_only_trace	duration=1800s; checkpoint=300s; target query_rate=200/s; target write_rate=200/s; flush_every=1024; compact_every=0	elapsed	900	seconds	rewrite_bytes_reported	0	B	checkpoint_delta	w9_sf30_no_compaction	writer_errors=0; no_query_digest	SUPPORTING_NO_COMPACTION_ONLY	RERUN	cidr-experiments/data/source-cache/w9-steady-state-summary-20260615-cn.md#Per-checkpoint trace row=budg-b64/900s column=rewrite bytes	lsmgraph-rs/baseline/w9-steady-state-progress-20260613-cn.md#Planned command; lsmgraph-rs/baseline/run_w9_steady_state_20260612.sh: QUERY_RATE/WRITE_RATE/FLUSH_EVERY_WRITES/COMPACT_EVERY_SECS	COMPACT_EVERY_SECS=0 and one sequential run per variant; checkpoints are correlated time points, not independent repeats. Formal JSONL raw is remote-only.
fig4-dynamic-compaction	w9-no-compaction-timeline	w9_fig4	W9:budg-b64:900:io_write_bytes_reported	SemL0	budg-b64	SF30	mixed_read_write_append_only_trace	duration=1800s; checkpoint=300s; target query_rate=200/s; target write_rate=200/s; flush_every=1024; compact_every=0	elapsed	900	seconds	io_write_bytes_reported	2.16	MiB	checkpoint_delta	w9_sf30_no_compaction	writer_errors=0; no_query_digest	SUPPORTING_NO_COMPACTION_ONLY	RERUN	cidr-experiments/data/source-cache/w9-steady-state-summary-20260615-cn.md#Per-checkpoint trace row=budg-b64/900s column=io write bytes	lsmgraph-rs/baseline/w9-steady-state-progress-20260613-cn.md#Planned command; lsmgraph-rs/baseline/run_w9_steady_state_20260612.sh: QUERY_RATE/WRITE_RATE/FLUSH_EVERY_WRITES/COMPACT_EVERY_SECS	COMPACT_EVERY_SECS=0 and one sequential run per variant; checkpoints are correlated time points, not independent repeats. Formal JSONL raw is remote-only.
fig4-dynamic-compaction	w9-no-compaction-timeline	w9_fig4	W9:budg-b64:900:writer_errors	SemL0	budg-b64	SF30	mixed_read_write_append_only_trace	duration=1800s; checkpoint=300s; target query_rate=200/s; target write_rate=200/s; flush_every=1024; compact_every=0	elapsed	900	seconds	writer_errors	0	operations	checkpoint	w9_sf30_no_compaction	writer_errors=0; no_query_digest	SUPPORTING_NO_COMPACTION_ONLY	RERUN	cidr-experiments/data/source-cache/w9-steady-state-summary-20260615-cn.md#Per-checkpoint trace row=budg-b64/900s column=writer errors	lsmgraph-rs/baseline/w9-steady-state-progress-20260613-cn.md#Planned command; lsmgraph-rs/baseline/run_w9_steady_state_20260612.sh: QUERY_RATE/WRITE_RATE/FLUSH_EVERY_WRITES/COMPACT_EVERY_SECS	COMPACT_EVERY_SECS=0 and one sequential run per variant; checkpoints are correlated time points, not independent repeats. Formal JSONL raw is remote-only.
fig4-dynamic-compaction	w9-no-compaction-timeline	w9_fig4	W9:budg-b64:900:writer_slow_ops	SemL0	budg-b64	SF30	mixed_read_write_append_only_trace	duration=1800s; checkpoint=300s; target query_rate=200/s; target write_rate=200/s; flush_every=1024; compact_every=0	elapsed	900	seconds	writer_slow_ops	0	operations	checkpoint	w9_sf30_no_compaction	writer_errors=0; no_query_digest	SUPPORTING_NO_COMPACTION_ONLY	RERUN	cidr-experiments/data/source-cache/w9-steady-state-summary-20260615-cn.md#Per-checkpoint trace row=budg-b64/900s column=writer slow ops	lsmgraph-rs/baseline/w9-steady-state-progress-20260613-cn.md#Planned command; lsmgraph-rs/baseline/run_w9_steady_state_20260612.sh: QUERY_RATE/WRITE_RATE/FLUSH_EVERY_WRITES/COMPACT_EVERY_SECS	COMPACT_EVERY_SECS=0 and one sequential run per variant; checkpoints are correlated time points, not independent repeats. Formal JSONL raw is remote-only.
fig4-dynamic-compaction	w9-no-compaction-timeline	w9_fig4	W9:budg-b64:1200:queries	SemL0	budg-b64	SF30	mixed_read_write_append_only_trace	duration=1800s; checkpoint=300s; target query_rate=200/s; target write_rate=200/s; flush_every=1024; compact_every=0	elapsed	1200	seconds	queries	48896	queries_per_checkpoint	checkpoint	w9_sf30_no_compaction	writer_errors=0; no_query_digest	SUPPORTING_NO_COMPACTION_ONLY	RERUN	cidr-experiments/data/source-cache/w9-steady-state-summary-20260615-cn.md#Per-checkpoint trace row=budg-b64/1200s column=queries	lsmgraph-rs/baseline/w9-steady-state-progress-20260613-cn.md#Planned command; lsmgraph-rs/baseline/run_w9_steady_state_20260612.sh: QUERY_RATE/WRITE_RATE/FLUSH_EVERY_WRITES/COMPACT_EVERY_SECS	COMPACT_EVERY_SECS=0 and one sequential run per variant; checkpoints are correlated time points, not independent repeats. Formal JSONL raw is remote-only.
fig4-dynamic-compaction	w9-no-compaction-timeline	w9_fig4	W9:budg-b64:1200:query_rate	SemL0	budg-b64	SF30	mixed_read_write_append_only_trace	duration=1800s; checkpoint=300s; target query_rate=200/s; target write_rate=200/s; flush_every=1024; compact_every=0	elapsed	1200	seconds	query_rate	162.99	queries_per_second	checkpoint	w9_sf30_no_compaction	writer_errors=0; no_query_digest	SUPPORTING_NO_COMPACTION_ONLY	RERUN	cidr-experiments/data/source-cache/w9-steady-state-summary-20260615-cn.md#Per-checkpoint trace row=budg-b64/1200s column=query rate/s	lsmgraph-rs/baseline/w9-steady-state-progress-20260613-cn.md#Planned command; lsmgraph-rs/baseline/run_w9_steady_state_20260612.sh: QUERY_RATE/WRITE_RATE/FLUSH_EVERY_WRITES/COMPACT_EVERY_SECS	COMPACT_EVERY_SECS=0 and one sequential run per variant; checkpoints are correlated time points, not independent repeats. Formal JSONL raw is remote-only.
fig4-dynamic-compaction	w9-no-compaction-timeline	w9_fig4	W9:budg-b64:1200:p50_us	SemL0	budg-b64	SF30	mixed_read_write_append_only_trace	duration=1800s; checkpoint=300s; target query_rate=200/s; target write_rate=200/s; flush_every=1024; compact_every=0	elapsed	1200	seconds	p50_us	455.66	us	checkpoint_percentile	w9_sf30_no_compaction	writer_errors=0; no_query_digest	SUPPORTING_NO_COMPACTION_ONLY	RERUN	cidr-experiments/data/source-cache/w9-steady-state-summary-20260615-cn.md#Per-checkpoint trace row=budg-b64/1200s column=p50 us	lsmgraph-rs/baseline/w9-steady-state-progress-20260613-cn.md#Planned command; lsmgraph-rs/baseline/run_w9_steady_state_20260612.sh: QUERY_RATE/WRITE_RATE/FLUSH_EVERY_WRITES/COMPACT_EVERY_SECS	COMPACT_EVERY_SECS=0 and one sequential run per variant; checkpoints are correlated time points, not independent repeats. Formal JSONL raw is remote-only.
fig4-dynamic-compaction	w9-no-compaction-timeline	w9_fig4	W9:budg-b64:1200:p99_us	SemL0	budg-b64	SF30	mixed_read_write_append_only_trace	duration=1800s; checkpoint=300s; target query_rate=200/s; target write_rate=200/s; flush_every=1024; compact_every=0	elapsed	1200	seconds	p99_us	5558.31	us	checkpoint_percentile	w9_sf30_no_compaction	writer_errors=0; no_query_digest	SUPPORTING_NO_COMPACTION_ONLY	RERUN	cidr-experiments/data/source-cache/w9-steady-state-summary-20260615-cn.md#Per-checkpoint trace row=budg-b64/1200s column=p99 us	lsmgraph-rs/baseline/w9-steady-state-progress-20260613-cn.md#Planned command; lsmgraph-rs/baseline/run_w9_steady_state_20260612.sh: QUERY_RATE/WRITE_RATE/FLUSH_EVERY_WRITES/COMPACT_EVERY_SECS	COMPACT_EVERY_SECS=0 and one sequential run per variant; checkpoints are correlated time points, not independent repeats. Formal JSONL raw is remote-only.
fig4-dynamic-compaction	w9-no-compaction-timeline	w9_fig4	W9:budg-b64:1200:candidate_l0_mean	SemL0	budg-b64	SF30	mixed_read_write_append_only_trace	duration=1800s; checkpoint=300s; target query_rate=200/s; target write_rate=200/s; flush_every=1024; compact_every=0	elapsed	1200	seconds	candidate_l0_mean	186.38	segments_per_query	checkpoint_mean	w9_sf30_no_compaction	writer_errors=0; no_query_digest	SUPPORTING_NO_COMPACTION_ONLY	RERUN	cidr-experiments/data/source-cache/w9-steady-state-summary-20260615-cn.md#Per-checkpoint trace row=budg-b64/1200s column=candidate L0 mean	lsmgraph-rs/baseline/w9-steady-state-progress-20260613-cn.md#Planned command; lsmgraph-rs/baseline/run_w9_steady_state_20260612.sh: QUERY_RATE/WRITE_RATE/FLUSH_EVERY_WRITES/COMPACT_EVERY_SECS	COMPACT_EVERY_SECS=0 and one sequential run per variant; checkpoints are correlated time points, not independent repeats. Formal JSONL raw is remote-only.
fig4-dynamic-compaction	w9-no-compaction-timeline	w9_fig4	W9:budg-b64:1200:l0_files	SemL0	budg-b64	SF30	mixed_read_write_append_only_trace	duration=1800s; checkpoint=300s; target query_rate=200/s; target write_rate=200/s; flush_every=1024; compact_every=0	elapsed	1200	seconds	l0_files	1336	files	checkpoint	w9_sf30_no_compaction	writer_errors=0; no_query_digest	SUPPORTING_NO_COMPACTION_ONLY	RERUN	cidr-experiments/data/source-cache/w9-steady-state-summary-20260615-cn.md#Per-checkpoint trace row=budg-b64/1200s column=L0 files	lsmgraph-rs/baseline/w9-steady-state-progress-20260613-cn.md#Planned command; lsmgraph-rs/baseline/run_w9_steady_state_20260612.sh: QUERY_RATE/WRITE_RATE/FLUSH_EVERY_WRITES/COMPACT_EVERY_SECS	COMPACT_EVERY_SECS=0 and one sequential run per variant; checkpoints are correlated time points, not independent repeats. Formal JSONL raw is remote-only.
fig4-dynamic-compaction	w9-no-compaction-timeline	w9_fig4	W9:budg-b64:1200:rewrite_bytes_reported	SemL0	budg-b64	SF30	mixed_read_write_append_only_trace	duration=1800s; checkpoint=300s; target query_rate=200/s; target write_rate=200/s; flush_every=1024; compact_every=0	elapsed	1200	seconds	rewrite_bytes_reported	0	B	checkpoint_delta	w9_sf30_no_compaction	writer_errors=0; no_query_digest	SUPPORTING_NO_COMPACTION_ONLY	RERUN	cidr-experiments/data/source-cache/w9-steady-state-summary-20260615-cn.md#Per-checkpoint trace row=budg-b64/1200s column=rewrite bytes	lsmgraph-rs/baseline/w9-steady-state-progress-20260613-cn.md#Planned command; lsmgraph-rs/baseline/run_w9_steady_state_20260612.sh: QUERY_RATE/WRITE_RATE/FLUSH_EVERY_WRITES/COMPACT_EVERY_SECS	COMPACT_EVERY_SECS=0 and one sequential run per variant; checkpoints are correlated time points, not independent repeats. Formal JSONL raw is remote-only.
fig4-dynamic-compaction	w9-no-compaction-timeline	w9_fig4	W9:budg-b64:1200:io_write_bytes_reported	SemL0	budg-b64	SF30	mixed_read_write_append_only_trace	duration=1800s; checkpoint=300s; target query_rate=200/s; target write_rate=200/s; flush_every=1024; compact_every=0	elapsed	1200	seconds	io_write_bytes_reported	2.21	MiB	checkpoint_delta	w9_sf30_no_compaction	writer_errors=0; no_query_digest	SUPPORTING_NO_COMPACTION_ONLY	RERUN	cidr-experiments/data/source-cache/w9-steady-state-summary-20260615-cn.md#Per-checkpoint trace row=budg-b64/1200s column=io write bytes	lsmgraph-rs/baseline/w9-steady-state-progress-20260613-cn.md#Planned command; lsmgraph-rs/baseline/run_w9_steady_state_20260612.sh: QUERY_RATE/WRITE_RATE/FLUSH_EVERY_WRITES/COMPACT_EVERY_SECS	COMPACT_EVERY_SECS=0 and one sequential run per variant; checkpoints are correlated time points, not independent repeats. Formal JSONL raw is remote-only.
fig4-dynamic-compaction	w9-no-compaction-timeline	w9_fig4	W9:budg-b64:1200:writer_errors	SemL0	budg-b64	SF30	mixed_read_write_append_only_trace	duration=1800s; checkpoint=300s; target query_rate=200/s; target write_rate=200/s; flush_every=1024; compact_every=0	elapsed	1200	seconds	writer_errors	0	operations	checkpoint	w9_sf30_no_compaction	writer_errors=0; no_query_digest	SUPPORTING_NO_COMPACTION_ONLY	RERUN	cidr-experiments/data/source-cache/w9-steady-state-summary-20260615-cn.md#Per-checkpoint trace row=budg-b64/1200s column=writer errors	lsmgraph-rs/baseline/w9-steady-state-progress-20260613-cn.md#Planned command; lsmgraph-rs/baseline/run_w9_steady_state_20260612.sh: QUERY_RATE/WRITE_RATE/FLUSH_EVERY_WRITES/COMPACT_EVERY_SECS	COMPACT_EVERY_SECS=0 and one sequential run per variant; checkpoints are correlated time points, not independent repeats. Formal JSONL raw is remote-only.
fig4-dynamic-compaction	w9-no-compaction-timeline	w9_fig4	W9:budg-b64:1200:writer_slow_ops	SemL0	budg-b64	SF30	mixed_read_write_append_only_trace	duration=1800s; checkpoint=300s; target query_rate=200/s; target write_rate=200/s; flush_every=1024; compact_every=0	elapsed	1200	seconds	writer_slow_ops	0	operations	checkpoint	w9_sf30_no_compaction	writer_errors=0; no_query_digest	SUPPORTING_NO_COMPACTION_ONLY	RERUN	cidr-experiments/data/source-cache/w9-steady-state-summary-20260615-cn.md#Per-checkpoint trace row=budg-b64/1200s column=writer slow ops	lsmgraph-rs/baseline/w9-steady-state-progress-20260613-cn.md#Planned command; lsmgraph-rs/baseline/run_w9_steady_state_20260612.sh: QUERY_RATE/WRITE_RATE/FLUSH_EVERY_WRITES/COMPACT_EVERY_SECS	COMPACT_EVERY_SECS=0 and one sequential run per variant; checkpoints are correlated time points, not independent repeats. Formal JSONL raw is remote-only.
fig4-dynamic-compaction	w9-no-compaction-timeline	w9_fig4	W9:budg-b64:1500:queries	SemL0	budg-b64	SF30	mixed_read_write_append_only_trace	duration=1800s; checkpoint=300s; target query_rate=200/s; target write_rate=200/s; flush_every=1024; compact_every=0	elapsed	1500	seconds	queries	48677	queries_per_checkpoint	checkpoint	w9_sf30_no_compaction	writer_errors=0; no_query_digest	SUPPORTING_NO_COMPACTION_ONLY	RERUN	cidr-experiments/data/source-cache/w9-steady-state-summary-20260615-cn.md#Per-checkpoint trace row=budg-b64/1500s column=queries	lsmgraph-rs/baseline/w9-steady-state-progress-20260613-cn.md#Planned command; lsmgraph-rs/baseline/run_w9_steady_state_20260612.sh: QUERY_RATE/WRITE_RATE/FLUSH_EVERY_WRITES/COMPACT_EVERY_SECS	COMPACT_EVERY_SECS=0 and one sequential run per variant; checkpoints are correlated time points, not independent repeats. Formal JSONL raw is remote-only.
fig4-dynamic-compaction	w9-no-compaction-timeline	w9_fig4	W9:budg-b64:1500:query_rate	SemL0	budg-b64	SF30	mixed_read_write_append_only_trace	duration=1800s; checkpoint=300s; target query_rate=200/s; target write_rate=200/s; flush_every=1024; compact_every=0	elapsed	1500	seconds	query_rate	162.25	queries_per_second	checkpoint	w9_sf30_no_compaction	writer_errors=0; no_query_digest	SUPPORTING_NO_COMPACTION_ONLY	RERUN	cidr-experiments/data/source-cache/w9-steady-state-summary-20260615-cn.md#Per-checkpoint trace row=budg-b64/1500s column=query rate/s	lsmgraph-rs/baseline/w9-steady-state-progress-20260613-cn.md#Planned command; lsmgraph-rs/baseline/run_w9_steady_state_20260612.sh: QUERY_RATE/WRITE_RATE/FLUSH_EVERY_WRITES/COMPACT_EVERY_SECS	COMPACT_EVERY_SECS=0 and one sequential run per variant; checkpoints are correlated time points, not independent repeats. Formal JSONL raw is remote-only.
fig4-dynamic-compaction	w9-no-compaction-timeline	w9_fig4	W9:budg-b64:1500:p50_us	SemL0	budg-b64	SF30	mixed_read_write_append_only_trace	duration=1800s; checkpoint=300s; target query_rate=200/s; target write_rate=200/s; flush_every=1024; compact_every=0	elapsed	1500	seconds	p50_us	741.68	us	checkpoint_percentile	w9_sf30_no_compaction	writer_errors=0; no_query_digest	SUPPORTING_NO_COMPACTION_ONLY	RERUN	cidr-experiments/data/source-cache/w9-steady-state-summary-20260615-cn.md#Per-checkpoint trace row=budg-b64/1500s column=p50 us	lsmgraph-rs/baseline/w9-steady-state-progress-20260613-cn.md#Planned command; lsmgraph-rs/baseline/run_w9_steady_state_20260612.sh: QUERY_RATE/WRITE_RATE/FLUSH_EVERY_WRITES/COMPACT_EVERY_SECS	COMPACT_EVERY_SECS=0 and one sequential run per variant; checkpoints are correlated time points, not independent repeats. Formal JSONL raw is remote-only.
fig4-dynamic-compaction	w9-no-compaction-timeline	w9_fig4	W9:budg-b64:1500:p99_us	SemL0	budg-b64	SF30	mixed_read_write_append_only_trace	duration=1800s; checkpoint=300s; target query_rate=200/s; target write_rate=200/s; flush_every=1024; compact_every=0	elapsed	1500	seconds	p99_us	7029.1	us	checkpoint_percentile	w9_sf30_no_compaction	writer_errors=0; no_query_digest	SUPPORTING_NO_COMPACTION_ONLY	RERUN	cidr-experiments/data/source-cache/w9-steady-state-summary-20260615-cn.md#Per-checkpoint trace row=budg-b64/1500s column=p99 us	lsmgraph-rs/baseline/w9-steady-state-progress-20260613-cn.md#Planned command; lsmgraph-rs/baseline/run_w9_steady_state_20260612.sh: QUERY_RATE/WRITE_RATE/FLUSH_EVERY_WRITES/COMPACT_EVERY_SECS	COMPACT_EVERY_SECS=0 and one sequential run per variant; checkpoints are correlated time points, not independent repeats. Formal JSONL raw is remote-only.
fig4-dynamic-compaction	w9-no-compaction-timeline	w9_fig4	W9:budg-b64:1500:candidate_l0_mean	SemL0	budg-b64	SF30	mixed_read_write_append_only_trace	duration=1800s; checkpoint=300s; target query_rate=200/s; target write_rate=200/s; flush_every=1024; compact_every=0	elapsed	1500	seconds	candidate_l0_mean	234.65	segments_per_query	checkpoint_mean	w9_sf30_no_compaction	writer_errors=0; no_query_digest	SUPPORTING_NO_COMPACTION_ONLY	RERUN	cidr-experiments/data/source-cache/w9-steady-state-summary-20260615-cn.md#Per-checkpoint trace row=budg-b64/1500s column=candidate L0 mean	lsmgraph-rs/baseline/w9-steady-state-progress-20260613-cn.md#Planned command; lsmgraph-rs/baseline/run_w9_steady_state_20260612.sh: QUERY_RATE/WRITE_RATE/FLUSH_EVERY_WRITES/COMPACT_EVERY_SECS	COMPACT_EVERY_SECS=0 and one sequential run per variant; checkpoints are correlated time points, not independent repeats. Formal JSONL raw is remote-only.
fig4-dynamic-compaction	w9-no-compaction-timeline	w9_fig4	W9:budg-b64:1500:l0_files	SemL0	budg-b64	SF30	mixed_read_write_append_only_trace	duration=1800s; checkpoint=300s; target query_rate=200/s; target write_rate=200/s; flush_every=1024; compact_every=0	elapsed	1500	seconds	l0_files	1384	files	checkpoint	w9_sf30_no_compaction	writer_errors=0; no_query_digest	SUPPORTING_NO_COMPACTION_ONLY	RERUN	cidr-experiments/data/source-cache/w9-steady-state-summary-20260615-cn.md#Per-checkpoint trace row=budg-b64/1500s column=L0 files	lsmgraph-rs/baseline/w9-steady-state-progress-20260613-cn.md#Planned command; lsmgraph-rs/baseline/run_w9_steady_state_20260612.sh: QUERY_RATE/WRITE_RATE/FLUSH_EVERY_WRITES/COMPACT_EVERY_SECS	COMPACT_EVERY_SECS=0 and one sequential run per variant; checkpoints are correlated time points, not independent repeats. Formal JSONL raw is remote-only.
fig4-dynamic-compaction	w9-no-compaction-timeline	w9_fig4	W9:budg-b64:1500:rewrite_bytes_reported	SemL0	budg-b64	SF30	mixed_read_write_append_only_trace	duration=1800s; checkpoint=300s; target query_rate=200/s; target write_rate=200/s; flush_every=1024; compact_every=0	elapsed	1500	seconds	rewrite_bytes_reported	0	B	checkpoint_delta	w9_sf30_no_compaction	writer_errors=0; no_query_digest	SUPPORTING_NO_COMPACTION_ONLY	RERUN	cidr-experiments/data/source-cache/w9-steady-state-summary-20260615-cn.md#Per-checkpoint trace row=budg-b64/1500s column=rewrite bytes	lsmgraph-rs/baseline/w9-steady-state-progress-20260613-cn.md#Planned command; lsmgraph-rs/baseline/run_w9_steady_state_20260612.sh: QUERY_RATE/WRITE_RATE/FLUSH_EVERY_WRITES/COMPACT_EVERY_SECS	COMPACT_EVERY_SECS=0 and one sequential run per variant; checkpoints are correlated time points, not independent repeats. Formal JSONL raw is remote-only.
fig4-dynamic-compaction	w9-no-compaction-timeline	w9_fig4	W9:budg-b64:1500:io_write_bytes_reported	SemL0	budg-b64	SF30	mixed_read_write_append_only_trace	duration=1800s; checkpoint=300s; target query_rate=200/s; target write_rate=200/s; flush_every=1024; compact_every=0	elapsed	1500	seconds	io_write_bytes_reported	2.17	MiB	checkpoint_delta	w9_sf30_no_compaction	writer_errors=0; no_query_digest	SUPPORTING_NO_COMPACTION_ONLY	RERUN	cidr-experiments/data/source-cache/w9-steady-state-summary-20260615-cn.md#Per-checkpoint trace row=budg-b64/1500s column=io write bytes	lsmgraph-rs/baseline/w9-steady-state-progress-20260613-cn.md#Planned command; lsmgraph-rs/baseline/run_w9_steady_state_20260612.sh: QUERY_RATE/WRITE_RATE/FLUSH_EVERY_WRITES/COMPACT_EVERY_SECS	COMPACT_EVERY_SECS=0 and one sequential run per variant; checkpoints are correlated time points, not independent repeats. Formal JSONL raw is remote-only.
fig4-dynamic-compaction	w9-no-compaction-timeline	w9_fig4	W9:budg-b64:1500:writer_errors	SemL0	budg-b64	SF30	mixed_read_write_append_only_trace	duration=1800s; checkpoint=300s; target query_rate=200/s; target write_rate=200/s; flush_every=1024; compact_every=0	elapsed	1500	seconds	writer_errors	0	operations	checkpoint	w9_sf30_no_compaction	writer_errors=0; no_query_digest	SUPPORTING_NO_COMPACTION_ONLY	RERUN	cidr-experiments/data/source-cache/w9-steady-state-summary-20260615-cn.md#Per-checkpoint trace row=budg-b64/1500s column=writer errors	lsmgraph-rs/baseline/w9-steady-state-progress-20260613-cn.md#Planned command; lsmgraph-rs/baseline/run_w9_steady_state_20260612.sh: QUERY_RATE/WRITE_RATE/FLUSH_EVERY_WRITES/COMPACT_EVERY_SECS	COMPACT_EVERY_SECS=0 and one sequential run per variant; checkpoints are correlated time points, not independent repeats. Formal JSONL raw is remote-only.
fig4-dynamic-compaction	w9-no-compaction-timeline	w9_fig4	W9:budg-b64:1500:writer_slow_ops	SemL0	budg-b64	SF30	mixed_read_write_append_only_trace	duration=1800s; checkpoint=300s; target query_rate=200/s; target write_rate=200/s; flush_every=1024; compact_every=0	elapsed	1500	seconds	writer_slow_ops	0	operations	checkpoint	w9_sf30_no_compaction	writer_errors=0; no_query_digest	SUPPORTING_NO_COMPACTION_ONLY	RERUN	cidr-experiments/data/source-cache/w9-steady-state-summary-20260615-cn.md#Per-checkpoint trace row=budg-b64/1500s column=writer slow ops	lsmgraph-rs/baseline/w9-steady-state-progress-20260613-cn.md#Planned command; lsmgraph-rs/baseline/run_w9_steady_state_20260612.sh: QUERY_RATE/WRITE_RATE/FLUSH_EVERY_WRITES/COMPACT_EVERY_SECS	COMPACT_EVERY_SECS=0 and one sequential run per variant; checkpoints are correlated time points, not independent repeats. Formal JSONL raw is remote-only.
fig4-dynamic-compaction	w9-no-compaction-timeline	w9_fig4	W9:budg-b64:1800:queries	SemL0	budg-b64	SF30	mixed_read_write_append_only_trace	duration=1800s; checkpoint=300s; target query_rate=200/s; target write_rate=200/s; flush_every=1024; compact_every=0	elapsed	1800	seconds	queries	48484	queries_per_checkpoint	checkpoint	w9_sf30_no_compaction	writer_errors=0; no_query_digest	SUPPORTING_NO_COMPACTION_ONLY	RERUN	cidr-experiments/data/source-cache/w9-steady-state-summary-20260615-cn.md#Per-checkpoint trace row=budg-b64/1800s column=queries	lsmgraph-rs/baseline/w9-steady-state-progress-20260613-cn.md#Planned command; lsmgraph-rs/baseline/run_w9_steady_state_20260612.sh: QUERY_RATE/WRITE_RATE/FLUSH_EVERY_WRITES/COMPACT_EVERY_SECS	COMPACT_EVERY_SECS=0 and one sequential run per variant; checkpoints are correlated time points, not independent repeats. Formal JSONL raw is remote-only.
fig4-dynamic-compaction	w9-no-compaction-timeline	w9_fig4	W9:budg-b64:1800:query_rate	SemL0	budg-b64	SF30	mixed_read_write_append_only_trace	duration=1800s; checkpoint=300s; target query_rate=200/s; target write_rate=200/s; flush_every=1024; compact_every=0	elapsed	1800	seconds	query_rate	161.61	queries_per_second	checkpoint	w9_sf30_no_compaction	writer_errors=0; no_query_digest	SUPPORTING_NO_COMPACTION_ONLY	RERUN	cidr-experiments/data/source-cache/w9-steady-state-summary-20260615-cn.md#Per-checkpoint trace row=budg-b64/1800s column=query rate/s	lsmgraph-rs/baseline/w9-steady-state-progress-20260613-cn.md#Planned command; lsmgraph-rs/baseline/run_w9_steady_state_20260612.sh: QUERY_RATE/WRITE_RATE/FLUSH_EVERY_WRITES/COMPACT_EVERY_SECS	COMPACT_EVERY_SECS=0 and one sequential run per variant; checkpoints are correlated time points, not independent repeats. Formal JSONL raw is remote-only.
fig4-dynamic-compaction	w9-no-compaction-timeline	w9_fig4	W9:budg-b64:1800:p50_us	SemL0	budg-b64	SF30	mixed_read_write_append_only_trace	duration=1800s; checkpoint=300s; target query_rate=200/s; target write_rate=200/s; flush_every=1024; compact_every=0	elapsed	1800	seconds	p50_us	834.28	us	checkpoint_percentile	w9_sf30_no_compaction	writer_errors=0; no_query_digest	SUPPORTING_NO_COMPACTION_ONLY	RERUN	cidr-experiments/data/source-cache/w9-steady-state-summary-20260615-cn.md#Per-checkpoint trace row=budg-b64/1800s column=p50 us	lsmgraph-rs/baseline/w9-steady-state-progress-20260613-cn.md#Planned command; lsmgraph-rs/baseline/run_w9_steady_state_20260612.sh: QUERY_RATE/WRITE_RATE/FLUSH_EVERY_WRITES/COMPACT_EVERY_SECS	COMPACT_EVERY_SECS=0 and one sequential run per variant; checkpoints are correlated time points, not independent repeats. Formal JSONL raw is remote-only.
fig4-dynamic-compaction	w9-no-compaction-timeline	w9_fig4	W9:budg-b64:1800:p99_us	SemL0	budg-b64	SF30	mixed_read_write_append_only_trace	duration=1800s; checkpoint=300s; target query_rate=200/s; target write_rate=200/s; flush_every=1024; compact_every=0	elapsed	1800	seconds	p99_us	8255.77	us	checkpoint_percentile	w9_sf30_no_compaction	writer_errors=0; no_query_digest	SUPPORTING_NO_COMPACTION_ONLY	RERUN	cidr-experiments/data/source-cache/w9-steady-state-summary-20260615-cn.md#Per-checkpoint trace row=budg-b64/1800s column=p99 us	lsmgraph-rs/baseline/w9-steady-state-progress-20260613-cn.md#Planned command; lsmgraph-rs/baseline/run_w9_steady_state_20260612.sh: QUERY_RATE/WRITE_RATE/FLUSH_EVERY_WRITES/COMPACT_EVERY_SECS	COMPACT_EVERY_SECS=0 and one sequential run per variant; checkpoints are correlated time points, not independent repeats. Formal JSONL raw is remote-only.
fig4-dynamic-compaction	w9-no-compaction-timeline	w9_fig4	W9:budg-b64:1800:candidate_l0_mean	SemL0	budg-b64	SF30	mixed_read_write_append_only_trace	duration=1800s; checkpoint=300s; target query_rate=200/s; target write_rate=200/s; flush_every=1024; compact_every=0	elapsed	1800	seconds	candidate_l0_mean	282.85	segments_per_query	checkpoint_mean	w9_sf30_no_compaction	writer_errors=0; no_query_digest	SUPPORTING_NO_COMPACTION_ONLY	RERUN	cidr-experiments/data/source-cache/w9-steady-state-summary-20260615-cn.md#Per-checkpoint trace row=budg-b64/1800s column=candidate L0 mean	lsmgraph-rs/baseline/w9-steady-state-progress-20260613-cn.md#Planned command; lsmgraph-rs/baseline/run_w9_steady_state_20260612.sh: QUERY_RATE/WRITE_RATE/FLUSH_EVERY_WRITES/COMPACT_EVERY_SECS	COMPACT_EVERY_SECS=0 and one sequential run per variant; checkpoints are correlated time points, not independent repeats. Formal JSONL raw is remote-only.
fig4-dynamic-compaction	w9-no-compaction-timeline	w9_fig4	W9:budg-b64:1800:l0_files	SemL0	budg-b64	SF30	mixed_read_write_append_only_trace	duration=1800s; checkpoint=300s; target query_rate=200/s; target write_rate=200/s; flush_every=1024; compact_every=0	elapsed	1800	seconds	l0_files	1432	files	checkpoint	w9_sf30_no_compaction	writer_errors=0; no_query_digest	SUPPORTING_NO_COMPACTION_ONLY	RERUN	cidr-experiments/data/source-cache/w9-steady-state-summary-20260615-cn.md#Per-checkpoint trace row=budg-b64/1800s column=L0 files	lsmgraph-rs/baseline/w9-steady-state-progress-20260613-cn.md#Planned command; lsmgraph-rs/baseline/run_w9_steady_state_20260612.sh: QUERY_RATE/WRITE_RATE/FLUSH_EVERY_WRITES/COMPACT_EVERY_SECS	COMPACT_EVERY_SECS=0 and one sequential run per variant; checkpoints are correlated time points, not independent repeats. Formal JSONL raw is remote-only.
fig4-dynamic-compaction	w9-no-compaction-timeline	w9_fig4	W9:budg-b64:1800:rewrite_bytes_reported	SemL0	budg-b64	SF30	mixed_read_write_append_only_trace	duration=1800s; checkpoint=300s; target query_rate=200/s; target write_rate=200/s; flush_every=1024; compact_every=0	elapsed	1800	seconds	rewrite_bytes_reported	0	B	checkpoint_delta	w9_sf30_no_compaction	writer_errors=0; no_query_digest	SUPPORTING_NO_COMPACTION_ONLY	RERUN	cidr-experiments/data/source-cache/w9-steady-state-summary-20260615-cn.md#Per-checkpoint trace row=budg-b64/1800s column=rewrite bytes	lsmgraph-rs/baseline/w9-steady-state-progress-20260613-cn.md#Planned command; lsmgraph-rs/baseline/run_w9_steady_state_20260612.sh: QUERY_RATE/WRITE_RATE/FLUSH_EVERY_WRITES/COMPACT_EVERY_SECS	COMPACT_EVERY_SECS=0 and one sequential run per variant; checkpoints are correlated time points, not independent repeats. Formal JSONL raw is remote-only.
fig4-dynamic-compaction	w9-no-compaction-timeline	w9_fig4	W9:budg-b64:1800:io_write_bytes_reported	SemL0	budg-b64	SF30	mixed_read_write_append_only_trace	duration=1800s; checkpoint=300s; target query_rate=200/s; target write_rate=200/s; flush_every=1024; compact_every=0	elapsed	1800	seconds	io_write_bytes_reported	2.17	MiB	checkpoint_delta	w9_sf30_no_compaction	writer_errors=0; no_query_digest	SUPPORTING_NO_COMPACTION_ONLY	RERUN	cidr-experiments/data/source-cache/w9-steady-state-summary-20260615-cn.md#Per-checkpoint trace row=budg-b64/1800s column=io write bytes	lsmgraph-rs/baseline/w9-steady-state-progress-20260613-cn.md#Planned command; lsmgraph-rs/baseline/run_w9_steady_state_20260612.sh: QUERY_RATE/WRITE_RATE/FLUSH_EVERY_WRITES/COMPACT_EVERY_SECS	COMPACT_EVERY_SECS=0 and one sequential run per variant; checkpoints are correlated time points, not independent repeats. Formal JSONL raw is remote-only.
fig4-dynamic-compaction	w9-no-compaction-timeline	w9_fig4	W9:budg-b64:1800:writer_errors	SemL0	budg-b64	SF30	mixed_read_write_append_only_trace	duration=1800s; checkpoint=300s; target query_rate=200/s; target write_rate=200/s; flush_every=1024; compact_every=0	elapsed	1800	seconds	writer_errors	0	operations	checkpoint	w9_sf30_no_compaction	writer_errors=0; no_query_digest	SUPPORTING_NO_COMPACTION_ONLY	RERUN	cidr-experiments/data/source-cache/w9-steady-state-summary-20260615-cn.md#Per-checkpoint trace row=budg-b64/1800s column=writer errors	lsmgraph-rs/baseline/w9-steady-state-progress-20260613-cn.md#Planned command; lsmgraph-rs/baseline/run_w9_steady_state_20260612.sh: QUERY_RATE/WRITE_RATE/FLUSH_EVERY_WRITES/COMPACT_EVERY_SECS	COMPACT_EVERY_SECS=0 and one sequential run per variant; checkpoints are correlated time points, not independent repeats. Formal JSONL raw is remote-only.
fig4-dynamic-compaction	w9-no-compaction-timeline	w9_fig4	W9:budg-b64:1800:writer_slow_ops	SemL0	budg-b64	SF30	mixed_read_write_append_only_trace	duration=1800s; checkpoint=300s; target query_rate=200/s; target write_rate=200/s; flush_every=1024; compact_every=0	elapsed	1800	seconds	writer_slow_ops	0	operations	checkpoint	w9_sf30_no_compaction	writer_errors=0; no_query_digest	SUPPORTING_NO_COMPACTION_ONLY	RERUN	cidr-experiments/data/source-cache/w9-steady-state-summary-20260615-cn.md#Per-checkpoint trace row=budg-b64/1800s column=writer slow ops	lsmgraph-rs/baseline/w9-steady-state-progress-20260613-cn.md#Planned command; lsmgraph-rs/baseline/run_w9_steady_state_20260612.sh: QUERY_RATE/WRITE_RATE/FLUSH_EVERY_WRITES/COMPACT_EVERY_SECS	COMPACT_EVERY_SECS=0 and one sequential run per variant; checkpoints are correlated time points, not independent repeats. Formal JSONL raw is remote-only.
fig4-dynamic-compaction	w9-no-compaction-timeline	w9_fig4	W9:semantic:300:queries	SemL0	semantic	SF30	mixed_read_write_append_only_trace	duration=1800s; checkpoint=300s; target query_rate=200/s; target write_rate=200/s; flush_every=1024; compact_every=0	elapsed	300	seconds	queries	49251	queries_per_checkpoint	checkpoint	w9_sf30_no_compaction	writer_errors=0; no_query_digest	SUPPORTING_NO_COMPACTION_ONLY	RERUN	cidr-experiments/data/source-cache/w9-steady-state-summary-20260615-cn.md#Per-checkpoint trace row=semantic/300s column=queries	lsmgraph-rs/baseline/w9-steady-state-progress-20260613-cn.md#Planned command; lsmgraph-rs/baseline/run_w9_steady_state_20260612.sh: QUERY_RATE/WRITE_RATE/FLUSH_EVERY_WRITES/COMPACT_EVERY_SECS	COMPACT_EVERY_SECS=0 and one sequential run per variant; checkpoints are correlated time points, not independent repeats. Formal JSONL raw is remote-only.
fig4-dynamic-compaction	w9-no-compaction-timeline	w9_fig4	W9:semantic:300:query_rate	SemL0	semantic	SF30	mixed_read_write_append_only_trace	duration=1800s; checkpoint=300s; target query_rate=200/s; target write_rate=200/s; flush_every=1024; compact_every=0	elapsed	300	seconds	query_rate	164.17	queries_per_second	checkpoint	w9_sf30_no_compaction	writer_errors=0; no_query_digest	SUPPORTING_NO_COMPACTION_ONLY	RERUN	cidr-experiments/data/source-cache/w9-steady-state-summary-20260615-cn.md#Per-checkpoint trace row=semantic/300s column=query rate/s	lsmgraph-rs/baseline/w9-steady-state-progress-20260613-cn.md#Planned command; lsmgraph-rs/baseline/run_w9_steady_state_20260612.sh: QUERY_RATE/WRITE_RATE/FLUSH_EVERY_WRITES/COMPACT_EVERY_SECS	COMPACT_EVERY_SECS=0 and one sequential run per variant; checkpoints are correlated time points, not independent repeats. Formal JSONL raw is remote-only.
fig4-dynamic-compaction	w9-no-compaction-timeline	w9_fig4	W9:semantic:300:p50_us	SemL0	semantic	SF30	mixed_read_write_append_only_trace	duration=1800s; checkpoint=300s; target query_rate=200/s; target write_rate=200/s; flush_every=1024; compact_every=0	elapsed	300	seconds	p50_us	50.71	us	checkpoint_percentile	w9_sf30_no_compaction	writer_errors=0; no_query_digest	SUPPORTING_NO_COMPACTION_ONLY	RERUN	cidr-experiments/data/source-cache/w9-steady-state-summary-20260615-cn.md#Per-checkpoint trace row=semantic/300s column=p50 us	lsmgraph-rs/baseline/w9-steady-state-progress-20260613-cn.md#Planned command; lsmgraph-rs/baseline/run_w9_steady_state_20260612.sh: QUERY_RATE/WRITE_RATE/FLUSH_EVERY_WRITES/COMPACT_EVERY_SECS	COMPACT_EVERY_SECS=0 and one sequential run per variant; checkpoints are correlated time points, not independent repeats. Formal JSONL raw is remote-only.
fig4-dynamic-compaction	w9-no-compaction-timeline	w9_fig4	W9:semantic:300:p99_us	SemL0	semantic	SF30	mixed_read_write_append_only_trace	duration=1800s; checkpoint=300s; target query_rate=200/s; target write_rate=200/s; flush_every=1024; compact_every=0	elapsed	300	seconds	p99_us	414.58	us	checkpoint_percentile	w9_sf30_no_compaction	writer_errors=0; no_query_digest	SUPPORTING_NO_COMPACTION_ONLY	RERUN	cidr-experiments/data/source-cache/w9-steady-state-summary-20260615-cn.md#Per-checkpoint trace row=semantic/300s column=p99 us	lsmgraph-rs/baseline/w9-steady-state-progress-20260613-cn.md#Planned command; lsmgraph-rs/baseline/run_w9_steady_state_20260612.sh: QUERY_RATE/WRITE_RATE/FLUSH_EVERY_WRITES/COMPACT_EVERY_SECS	COMPACT_EVERY_SECS=0 and one sequential run per variant; checkpoints are correlated time points, not independent repeats. Formal JSONL raw is remote-only.
fig4-dynamic-compaction	w9-no-compaction-timeline	w9_fig4	W9:semantic:300:candidate_l0_mean	SemL0	semantic	SF30	mixed_read_write_append_only_trace	duration=1800s; checkpoint=300s; target query_rate=200/s; target write_rate=200/s; flush_every=1024; compact_every=0	elapsed	300	seconds	candidate_l0_mean	74.23	segments_per_query	checkpoint_mean	w9_sf30_no_compaction	writer_errors=0; no_query_digest	SUPPORTING_NO_COMPACTION_ONLY	RERUN	cidr-experiments/data/source-cache/w9-steady-state-summary-20260615-cn.md#Per-checkpoint trace row=semantic/300s column=candidate L0 mean	lsmgraph-rs/baseline/w9-steady-state-progress-20260613-cn.md#Planned command; lsmgraph-rs/baseline/run_w9_steady_state_20260612.sh: QUERY_RATE/WRITE_RATE/FLUSH_EVERY_WRITES/COMPACT_EVERY_SECS	COMPACT_EVERY_SECS=0 and one sequential run per variant; checkpoints are correlated time points, not independent repeats. Formal JSONL raw is remote-only.
fig4-dynamic-compaction	w9-no-compaction-timeline	w9_fig4	W9:semantic:300:l0_files	SemL0	semantic	SF30	mixed_read_write_append_only_trace	duration=1800s; checkpoint=300s; target query_rate=200/s; target write_rate=200/s; flush_every=1024; compact_every=0	elapsed	300	seconds	l0_files	2158	files	checkpoint	w9_sf30_no_compaction	writer_errors=0; no_query_digest	SUPPORTING_NO_COMPACTION_ONLY	RERUN	cidr-experiments/data/source-cache/w9-steady-state-summary-20260615-cn.md#Per-checkpoint trace row=semantic/300s column=L0 files	lsmgraph-rs/baseline/w9-steady-state-progress-20260613-cn.md#Planned command; lsmgraph-rs/baseline/run_w9_steady_state_20260612.sh: QUERY_RATE/WRITE_RATE/FLUSH_EVERY_WRITES/COMPACT_EVERY_SECS	COMPACT_EVERY_SECS=0 and one sequential run per variant; checkpoints are correlated time points, not independent repeats. Formal JSONL raw is remote-only.
fig4-dynamic-compaction	w9-no-compaction-timeline	w9_fig4	W9:semantic:300:rewrite_bytes_reported	SemL0	semantic	SF30	mixed_read_write_append_only_trace	duration=1800s; checkpoint=300s; target query_rate=200/s; target write_rate=200/s; flush_every=1024; compact_every=0	elapsed	300	seconds	rewrite_bytes_reported	0	B	checkpoint_delta	w9_sf30_no_compaction	writer_errors=0; no_query_digest	SUPPORTING_NO_COMPACTION_ONLY	RERUN	cidr-experiments/data/source-cache/w9-steady-state-summary-20260615-cn.md#Per-checkpoint trace row=semantic/300s column=rewrite bytes	lsmgraph-rs/baseline/w9-steady-state-progress-20260613-cn.md#Planned command; lsmgraph-rs/baseline/run_w9_steady_state_20260612.sh: QUERY_RATE/WRITE_RATE/FLUSH_EVERY_WRITES/COMPACT_EVERY_SECS	COMPACT_EVERY_SECS=0 and one sequential run per variant; checkpoints are correlated time points, not independent repeats. Formal JSONL raw is remote-only.
fig4-dynamic-compaction	w9-no-compaction-timeline	w9_fig4	W9:semantic:300:io_write_bytes_reported	SemL0	semantic	SF30	mixed_read_write_append_only_trace	duration=1800s; checkpoint=300s; target query_rate=200/s; target write_rate=200/s; flush_every=1024; compact_every=0	elapsed	300	seconds	io_write_bytes_reported	2.14	MiB	checkpoint_delta	w9_sf30_no_compaction	writer_errors=0; no_query_digest	SUPPORTING_NO_COMPACTION_ONLY	RERUN	cidr-experiments/data/source-cache/w9-steady-state-summary-20260615-cn.md#Per-checkpoint trace row=semantic/300s column=io write bytes	lsmgraph-rs/baseline/w9-steady-state-progress-20260613-cn.md#Planned command; lsmgraph-rs/baseline/run_w9_steady_state_20260612.sh: QUERY_RATE/WRITE_RATE/FLUSH_EVERY_WRITES/COMPACT_EVERY_SECS	COMPACT_EVERY_SECS=0 and one sequential run per variant; checkpoints are correlated time points, not independent repeats. Formal JSONL raw is remote-only.
fig4-dynamic-compaction	w9-no-compaction-timeline	w9_fig4	W9:semantic:300:writer_errors	SemL0	semantic	SF30	mixed_read_write_append_only_trace	duration=1800s; checkpoint=300s; target query_rate=200/s; target write_rate=200/s; flush_every=1024; compact_every=0	elapsed	300	seconds	writer_errors	0	operations	checkpoint	w9_sf30_no_compaction	writer_errors=0; no_query_digest	SUPPORTING_NO_COMPACTION_ONLY	RERUN	cidr-experiments/data/source-cache/w9-steady-state-summary-20260615-cn.md#Per-checkpoint trace row=semantic/300s column=writer errors	lsmgraph-rs/baseline/w9-steady-state-progress-20260613-cn.md#Planned command; lsmgraph-rs/baseline/run_w9_steady_state_20260612.sh: QUERY_RATE/WRITE_RATE/FLUSH_EVERY_WRITES/COMPACT_EVERY_SECS	COMPACT_EVERY_SECS=0 and one sequential run per variant; checkpoints are correlated time points, not independent repeats. Formal JSONL raw is remote-only.
fig4-dynamic-compaction	w9-no-compaction-timeline	w9_fig4	W9:semantic:300:writer_slow_ops	SemL0	semantic	SF30	mixed_read_write_append_only_trace	duration=1800s; checkpoint=300s; target query_rate=200/s; target write_rate=200/s; flush_every=1024; compact_every=0	elapsed	300	seconds	writer_slow_ops	0	operations	checkpoint	w9_sf30_no_compaction	writer_errors=0; no_query_digest	SUPPORTING_NO_COMPACTION_ONLY	RERUN	cidr-experiments/data/source-cache/w9-steady-state-summary-20260615-cn.md#Per-checkpoint trace row=semantic/300s column=writer slow ops	lsmgraph-rs/baseline/w9-steady-state-progress-20260613-cn.md#Planned command; lsmgraph-rs/baseline/run_w9_steady_state_20260612.sh: QUERY_RATE/WRITE_RATE/FLUSH_EVERY_WRITES/COMPACT_EVERY_SECS	COMPACT_EVERY_SECS=0 and one sequential run per variant; checkpoints are correlated time points, not independent repeats. Formal JSONL raw is remote-only.
fig4-dynamic-compaction	w9-no-compaction-timeline	w9_fig4	W9:semantic:600:queries	SemL0	semantic	SF30	mixed_read_write_append_only_trace	duration=1800s; checkpoint=300s; target query_rate=200/s; target write_rate=200/s; flush_every=1024; compact_every=0	elapsed	600	seconds	queries	49259	queries_per_checkpoint	checkpoint	w9_sf30_no_compaction	writer_errors=0; no_query_digest	SUPPORTING_NO_COMPACTION_ONLY	RERUN	cidr-experiments/data/source-cache/w9-steady-state-summary-20260615-cn.md#Per-checkpoint trace row=semantic/600s column=queries	lsmgraph-rs/baseline/w9-steady-state-progress-20260613-cn.md#Planned command; lsmgraph-rs/baseline/run_w9_steady_state_20260612.sh: QUERY_RATE/WRITE_RATE/FLUSH_EVERY_WRITES/COMPACT_EVERY_SECS	COMPACT_EVERY_SECS=0 and one sequential run per variant; checkpoints are correlated time points, not independent repeats. Formal JSONL raw is remote-only.
fig4-dynamic-compaction	w9-no-compaction-timeline	w9_fig4	W9:semantic:600:query_rate	SemL0	semantic	SF30	mixed_read_write_append_only_trace	duration=1800s; checkpoint=300s; target query_rate=200/s; target write_rate=200/s; flush_every=1024; compact_every=0	elapsed	600	seconds	query_rate	164.2	queries_per_second	checkpoint	w9_sf30_no_compaction	writer_errors=0; no_query_digest	SUPPORTING_NO_COMPACTION_ONLY	RERUN	cidr-experiments/data/source-cache/w9-steady-state-summary-20260615-cn.md#Per-checkpoint trace row=semantic/600s column=query rate/s	lsmgraph-rs/baseline/w9-steady-state-progress-20260613-cn.md#Planned command; lsmgraph-rs/baseline/run_w9_steady_state_20260612.sh: QUERY_RATE/WRITE_RATE/FLUSH_EVERY_WRITES/COMPACT_EVERY_SECS	COMPACT_EVERY_SECS=0 and one sequential run per variant; checkpoints are correlated time points, not independent repeats. Formal JSONL raw is remote-only.
fig4-dynamic-compaction	w9-no-compaction-timeline	w9_fig4	W9:semantic:600:p50_us	SemL0	semantic	SF30	mixed_read_write_append_only_trace	duration=1800s; checkpoint=300s; target query_rate=200/s; target write_rate=200/s; flush_every=1024; compact_every=0	elapsed	600	seconds	p50_us	80.79	us	checkpoint_percentile	w9_sf30_no_compaction	writer_errors=0; no_query_digest	SUPPORTING_NO_COMPACTION_ONLY	RERUN	cidr-experiments/data/source-cache/w9-steady-state-summary-20260615-cn.md#Per-checkpoint trace row=semantic/600s column=p50 us	lsmgraph-rs/baseline/w9-steady-state-progress-20260613-cn.md#Planned command; lsmgraph-rs/baseline/run_w9_steady_state_20260612.sh: QUERY_RATE/WRITE_RATE/FLUSH_EVERY_WRITES/COMPACT_EVERY_SECS	COMPACT_EVERY_SECS=0 and one sequential run per variant; checkpoints are correlated time points, not independent repeats. Formal JSONL raw is remote-only.
fig4-dynamic-compaction	w9-no-compaction-timeline	w9_fig4	W9:semantic:600:p99_us	SemL0	semantic	SF30	mixed_read_write_append_only_trace	duration=1800s; checkpoint=300s; target query_rate=200/s; target write_rate=200/s; flush_every=1024; compact_every=0	elapsed	600	seconds	p99_us	557.76	us	checkpoint_percentile	w9_sf30_no_compaction	writer_errors=0; no_query_digest	SUPPORTING_NO_COMPACTION_ONLY	RERUN	cidr-experiments/data/source-cache/w9-steady-state-summary-20260615-cn.md#Per-checkpoint trace row=semantic/600s column=p99 us	lsmgraph-rs/baseline/w9-steady-state-progress-20260613-cn.md#Planned command; lsmgraph-rs/baseline/run_w9_steady_state_20260612.sh: QUERY_RATE/WRITE_RATE/FLUSH_EVERY_WRITES/COMPACT_EVERY_SECS	COMPACT_EVERY_SECS=0 and one sequential run per variant; checkpoints are correlated time points, not independent repeats. Formal JSONL raw is remote-only.
fig4-dynamic-compaction	w9-no-compaction-timeline	w9_fig4	W9:semantic:600:candidate_l0_mean	SemL0	semantic	SF30	mixed_read_write_append_only_trace	duration=1800s; checkpoint=300s; target query_rate=200/s; target write_rate=200/s; flush_every=1024; compact_every=0	elapsed	600	seconds	candidate_l0_mean	170.65	segments_per_query	checkpoint_mean	w9_sf30_no_compaction	writer_errors=0; no_query_digest	SUPPORTING_NO_COMPACTION_ONLY	RERUN	cidr-experiments/data/source-cache/w9-steady-state-summary-20260615-cn.md#Per-checkpoint trace row=semantic/600s column=candidate L0 mean	lsmgraph-rs/baseline/w9-steady-state-progress-20260613-cn.md#Planned command; lsmgraph-rs/baseline/run_w9_steady_state_20260612.sh: QUERY_RATE/WRITE_RATE/FLUSH_EVERY_WRITES/COMPACT_EVERY_SECS	COMPACT_EVERY_SECS=0 and one sequential run per variant; checkpoints are correlated time points, not independent repeats. Formal JSONL raw is remote-only.
fig4-dynamic-compaction	w9-no-compaction-timeline	w9_fig4	W9:semantic:600:l0_files	SemL0	semantic	SF30	mixed_read_write_append_only_trace	duration=1800s; checkpoint=300s; target query_rate=200/s; target write_rate=200/s; flush_every=1024; compact_every=0	elapsed	600	seconds	l0_files	2254	files	checkpoint	w9_sf30_no_compaction	writer_errors=0; no_query_digest	SUPPORTING_NO_COMPACTION_ONLY	RERUN	cidr-experiments/data/source-cache/w9-steady-state-summary-20260615-cn.md#Per-checkpoint trace row=semantic/600s column=L0 files	lsmgraph-rs/baseline/w9-steady-state-progress-20260613-cn.md#Planned command; lsmgraph-rs/baseline/run_w9_steady_state_20260612.sh: QUERY_RATE/WRITE_RATE/FLUSH_EVERY_WRITES/COMPACT_EVERY_SECS	COMPACT_EVERY_SECS=0 and one sequential run per variant; checkpoints are correlated time points, not independent repeats. Formal JSONL raw is remote-only.
fig4-dynamic-compaction	w9-no-compaction-timeline	w9_fig4	W9:semantic:600:rewrite_bytes_reported	SemL0	semantic	SF30	mixed_read_write_append_only_trace	duration=1800s; checkpoint=300s; target query_rate=200/s; target write_rate=200/s; flush_every=1024; compact_every=0	elapsed	600	seconds	rewrite_bytes_reported	0	B	checkpoint_delta	w9_sf30_no_compaction	writer_errors=0; no_query_digest	SUPPORTING_NO_COMPACTION_ONLY	RERUN	cidr-experiments/data/source-cache/w9-steady-state-summary-20260615-cn.md#Per-checkpoint trace row=semantic/600s column=rewrite bytes	lsmgraph-rs/baseline/w9-steady-state-progress-20260613-cn.md#Planned command; lsmgraph-rs/baseline/run_w9_steady_state_20260612.sh: QUERY_RATE/WRITE_RATE/FLUSH_EVERY_WRITES/COMPACT_EVERY_SECS	COMPACT_EVERY_SECS=0 and one sequential run per variant; checkpoints are correlated time points, not independent repeats. Formal JSONL raw is remote-only.
fig4-dynamic-compaction	w9-no-compaction-timeline	w9_fig4	W9:semantic:600:io_write_bytes_reported	SemL0	semantic	SF30	mixed_read_write_append_only_trace	duration=1800s; checkpoint=300s; target query_rate=200/s; target write_rate=200/s; flush_every=1024; compact_every=0	elapsed	600	seconds	io_write_bytes_reported	2.16	MiB	checkpoint_delta	w9_sf30_no_compaction	writer_errors=0; no_query_digest	SUPPORTING_NO_COMPACTION_ONLY	RERUN	cidr-experiments/data/source-cache/w9-steady-state-summary-20260615-cn.md#Per-checkpoint trace row=semantic/600s column=io write bytes	lsmgraph-rs/baseline/w9-steady-state-progress-20260613-cn.md#Planned command; lsmgraph-rs/baseline/run_w9_steady_state_20260612.sh: QUERY_RATE/WRITE_RATE/FLUSH_EVERY_WRITES/COMPACT_EVERY_SECS	COMPACT_EVERY_SECS=0 and one sequential run per variant; checkpoints are correlated time points, not independent repeats. Formal JSONL raw is remote-only.
fig4-dynamic-compaction	w9-no-compaction-timeline	w9_fig4	W9:semantic:600:writer_errors	SemL0	semantic	SF30	mixed_read_write_append_only_trace	duration=1800s; checkpoint=300s; target query_rate=200/s; target write_rate=200/s; flush_every=1024; compact_every=0	elapsed	600	seconds	writer_errors	0	operations	checkpoint	w9_sf30_no_compaction	writer_errors=0; no_query_digest	SUPPORTING_NO_COMPACTION_ONLY	RERUN	cidr-experiments/data/source-cache/w9-steady-state-summary-20260615-cn.md#Per-checkpoint trace row=semantic/600s column=writer errors	lsmgraph-rs/baseline/w9-steady-state-progress-20260613-cn.md#Planned command; lsmgraph-rs/baseline/run_w9_steady_state_20260612.sh: QUERY_RATE/WRITE_RATE/FLUSH_EVERY_WRITES/COMPACT_EVERY_SECS	COMPACT_EVERY_SECS=0 and one sequential run per variant; checkpoints are correlated time points, not independent repeats. Formal JSONL raw is remote-only.
fig4-dynamic-compaction	w9-no-compaction-timeline	w9_fig4	W9:semantic:600:writer_slow_ops	SemL0	semantic	SF30	mixed_read_write_append_only_trace	duration=1800s; checkpoint=300s; target query_rate=200/s; target write_rate=200/s; flush_every=1024; compact_every=0	elapsed	600	seconds	writer_slow_ops	0	operations	checkpoint	w9_sf30_no_compaction	writer_errors=0; no_query_digest	SUPPORTING_NO_COMPACTION_ONLY	RERUN	cidr-experiments/data/source-cache/w9-steady-state-summary-20260615-cn.md#Per-checkpoint trace row=semantic/600s column=writer slow ops	lsmgraph-rs/baseline/w9-steady-state-progress-20260613-cn.md#Planned command; lsmgraph-rs/baseline/run_w9_steady_state_20260612.sh: QUERY_RATE/WRITE_RATE/FLUSH_EVERY_WRITES/COMPACT_EVERY_SECS	COMPACT_EVERY_SECS=0 and one sequential run per variant; checkpoints are correlated time points, not independent repeats. Formal JSONL raw is remote-only.
fig4-dynamic-compaction	w9-no-compaction-timeline	w9_fig4	W9:semantic:900.01:queries	SemL0	semantic	SF30	mixed_read_write_append_only_trace	duration=1800s; checkpoint=300s; target query_rate=200/s; target write_rate=200/s; flush_every=1024; compact_every=0	elapsed	900.01	seconds	queries	49191	queries_per_checkpoint	checkpoint	w9_sf30_no_compaction	writer_errors=0; no_query_digest	SUPPORTING_NO_COMPACTION_ONLY	RERUN	cidr-experiments/data/source-cache/w9-steady-state-summary-20260615-cn.md#Per-checkpoint trace row=semantic/900.01s column=queries	lsmgraph-rs/baseline/w9-steady-state-progress-20260613-cn.md#Planned command; lsmgraph-rs/baseline/run_w9_steady_state_20260612.sh: QUERY_RATE/WRITE_RATE/FLUSH_EVERY_WRITES/COMPACT_EVERY_SECS	COMPACT_EVERY_SECS=0 and one sequential run per variant; checkpoints are correlated time points, not independent repeats. Formal JSONL raw is remote-only.
fig4-dynamic-compaction	w9-no-compaction-timeline	w9_fig4	W9:semantic:900.01:query_rate	SemL0	semantic	SF30	mixed_read_write_append_only_trace	duration=1800s; checkpoint=300s; target query_rate=200/s; target write_rate=200/s; flush_every=1024; compact_every=0	elapsed	900.01	seconds	query_rate	163.97	queries_per_second	checkpoint	w9_sf30_no_compaction	writer_errors=0; no_query_digest	SUPPORTING_NO_COMPACTION_ONLY	RERUN	cidr-experiments/data/source-cache/w9-steady-state-summary-20260615-cn.md#Per-checkpoint trace row=semantic/900.01s column=query rate/s	lsmgraph-rs/baseline/w9-steady-state-progress-20260613-cn.md#Planned command; lsmgraph-rs/baseline/run_w9_steady_state_20260612.sh: QUERY_RATE/WRITE_RATE/FLUSH_EVERY_WRITES/COMPACT_EVERY_SECS	COMPACT_EVERY_SECS=0 and one sequential run per variant; checkpoints are correlated time points, not independent repeats. Formal JSONL raw is remote-only.
fig4-dynamic-compaction	w9-no-compaction-timeline	w9_fig4	W9:semantic:900.01:p50_us	SemL0	semantic	SF30	mixed_read_write_append_only_trace	duration=1800s; checkpoint=300s; target query_rate=200/s; target write_rate=200/s; flush_every=1024; compact_every=0	elapsed	900.01	seconds	p50_us	126.42	us	checkpoint_percentile	w9_sf30_no_compaction	writer_errors=0; no_query_digest	SUPPORTING_NO_COMPACTION_ONLY	RERUN	cidr-experiments/data/source-cache/w9-steady-state-summary-20260615-cn.md#Per-checkpoint trace row=semantic/900.01s column=p50 us	lsmgraph-rs/baseline/w9-steady-state-progress-20260613-cn.md#Planned command; lsmgraph-rs/baseline/run_w9_steady_state_20260612.sh: QUERY_RATE/WRITE_RATE/FLUSH_EVERY_WRITES/COMPACT_EVERY_SECS	COMPACT_EVERY_SECS=0 and one sequential run per variant; checkpoints are correlated time points, not independent repeats. Formal JSONL raw is remote-only.
fig4-dynamic-compaction	w9-no-compaction-timeline	w9_fig4	W9:semantic:900.01:p99_us	SemL0	semantic	SF30	mixed_read_write_append_only_trace	duration=1800s; checkpoint=300s; target query_rate=200/s; target write_rate=200/s; flush_every=1024; compact_every=0	elapsed	900.01	seconds	p99_us	792.06	us	checkpoint_percentile	w9_sf30_no_compaction	writer_errors=0; no_query_digest	SUPPORTING_NO_COMPACTION_ONLY	RERUN	cidr-experiments/data/source-cache/w9-steady-state-summary-20260615-cn.md#Per-checkpoint trace row=semantic/900.01s column=p99 us	lsmgraph-rs/baseline/w9-steady-state-progress-20260613-cn.md#Planned command; lsmgraph-rs/baseline/run_w9_steady_state_20260612.sh: QUERY_RATE/WRITE_RATE/FLUSH_EVERY_WRITES/COMPACT_EVERY_SECS	COMPACT_EVERY_SECS=0 and one sequential run per variant; checkpoints are correlated time points, not independent repeats. Formal JSONL raw is remote-only.
fig4-dynamic-compaction	w9-no-compaction-timeline	w9_fig4	W9:semantic:900.01:candidate_l0_mean	SemL0	semantic	SF30	mixed_read_write_append_only_trace	duration=1800s; checkpoint=300s; target query_rate=200/s; target write_rate=200/s; flush_every=1024; compact_every=0	elapsed	900.01	seconds	candidate_l0_mean	267.11	segments_per_query	checkpoint_mean	w9_sf30_no_compaction	writer_errors=0; no_query_digest	SUPPORTING_NO_COMPACTION_ONLY	RERUN	cidr-experiments/data/source-cache/w9-steady-state-summary-20260615-cn.md#Per-checkpoint trace row=semantic/900.01s column=candidate L0 mean	lsmgraph-rs/baseline/w9-steady-state-progress-20260613-cn.md#Planned command; lsmgraph-rs/baseline/run_w9_steady_state_20260612.sh: QUERY_RATE/WRITE_RATE/FLUSH_EVERY_WRITES/COMPACT_EVERY_SECS	COMPACT_EVERY_SECS=0 and one sequential run per variant; checkpoints are correlated time points, not independent repeats. Formal JSONL raw is remote-only.
fig4-dynamic-compaction	w9-no-compaction-timeline	w9_fig4	W9:semantic:900.01:l0_files	SemL0	semantic	SF30	mixed_read_write_append_only_trace	duration=1800s; checkpoint=300s; target query_rate=200/s; target write_rate=200/s; flush_every=1024; compact_every=0	elapsed	900.01	seconds	l0_files	2350	files	checkpoint	w9_sf30_no_compaction	writer_errors=0; no_query_digest	SUPPORTING_NO_COMPACTION_ONLY	RERUN	cidr-experiments/data/source-cache/w9-steady-state-summary-20260615-cn.md#Per-checkpoint trace row=semantic/900.01s column=L0 files	lsmgraph-rs/baseline/w9-steady-state-progress-20260613-cn.md#Planned command; lsmgraph-rs/baseline/run_w9_steady_state_20260612.sh: QUERY_RATE/WRITE_RATE/FLUSH_EVERY_WRITES/COMPACT_EVERY_SECS	COMPACT_EVERY_SECS=0 and one sequential run per variant; checkpoints are correlated time points, not independent repeats. Formal JSONL raw is remote-only.
fig4-dynamic-compaction	w9-no-compaction-timeline	w9_fig4	W9:semantic:900.01:rewrite_bytes_reported	SemL0	semantic	SF30	mixed_read_write_append_only_trace	duration=1800s; checkpoint=300s; target query_rate=200/s; target write_rate=200/s; flush_every=1024; compact_every=0	elapsed	900.01	seconds	rewrite_bytes_reported	0	B	checkpoint_delta	w9_sf30_no_compaction	writer_errors=0; no_query_digest	SUPPORTING_NO_COMPACTION_ONLY	RERUN	cidr-experiments/data/source-cache/w9-steady-state-summary-20260615-cn.md#Per-checkpoint trace row=semantic/900.01s column=rewrite bytes	lsmgraph-rs/baseline/w9-steady-state-progress-20260613-cn.md#Planned command; lsmgraph-rs/baseline/run_w9_steady_state_20260612.sh: QUERY_RATE/WRITE_RATE/FLUSH_EVERY_WRITES/COMPACT_EVERY_SECS	COMPACT_EVERY_SECS=0 and one sequential run per variant; checkpoints are correlated time points, not independent repeats. Formal JSONL raw is remote-only.
fig4-dynamic-compaction	w9-no-compaction-timeline	w9_fig4	W9:semantic:900.01:io_write_bytes_reported	SemL0	semantic	SF30	mixed_read_write_append_only_trace	duration=1800s; checkpoint=300s; target query_rate=200/s; target write_rate=200/s; flush_every=1024; compact_every=0	elapsed	900.01	seconds	io_write_bytes_reported	2.14	MiB	checkpoint_delta	w9_sf30_no_compaction	writer_errors=0; no_query_digest	SUPPORTING_NO_COMPACTION_ONLY	RERUN	cidr-experiments/data/source-cache/w9-steady-state-summary-20260615-cn.md#Per-checkpoint trace row=semantic/900.01s column=io write bytes	lsmgraph-rs/baseline/w9-steady-state-progress-20260613-cn.md#Planned command; lsmgraph-rs/baseline/run_w9_steady_state_20260612.sh: QUERY_RATE/WRITE_RATE/FLUSH_EVERY_WRITES/COMPACT_EVERY_SECS	COMPACT_EVERY_SECS=0 and one sequential run per variant; checkpoints are correlated time points, not independent repeats. Formal JSONL raw is remote-only.
fig4-dynamic-compaction	w9-no-compaction-timeline	w9_fig4	W9:semantic:900.01:writer_errors	SemL0	semantic	SF30	mixed_read_write_append_only_trace	duration=1800s; checkpoint=300s; target query_rate=200/s; target write_rate=200/s; flush_every=1024; compact_every=0	elapsed	900.01	seconds	writer_errors	0	operations	checkpoint	w9_sf30_no_compaction	writer_errors=0; no_query_digest	SUPPORTING_NO_COMPACTION_ONLY	RERUN	cidr-experiments/data/source-cache/w9-steady-state-summary-20260615-cn.md#Per-checkpoint trace row=semantic/900.01s column=writer errors	lsmgraph-rs/baseline/w9-steady-state-progress-20260613-cn.md#Planned command; lsmgraph-rs/baseline/run_w9_steady_state_20260612.sh: QUERY_RATE/WRITE_RATE/FLUSH_EVERY_WRITES/COMPACT_EVERY_SECS	COMPACT_EVERY_SECS=0 and one sequential run per variant; checkpoints are correlated time points, not independent repeats. Formal JSONL raw is remote-only.
fig4-dynamic-compaction	w9-no-compaction-timeline	w9_fig4	W9:semantic:900.01:writer_slow_ops	SemL0	semantic	SF30	mixed_read_write_append_only_trace	duration=1800s; checkpoint=300s; target query_rate=200/s; target write_rate=200/s; flush_every=1024; compact_every=0	elapsed	900.01	seconds	writer_slow_ops	0	operations	checkpoint	w9_sf30_no_compaction	writer_errors=0; no_query_digest	SUPPORTING_NO_COMPACTION_ONLY	RERUN	cidr-experiments/data/source-cache/w9-steady-state-summary-20260615-cn.md#Per-checkpoint trace row=semantic/900.01s column=writer slow ops	lsmgraph-rs/baseline/w9-steady-state-progress-20260613-cn.md#Planned command; lsmgraph-rs/baseline/run_w9_steady_state_20260612.sh: QUERY_RATE/WRITE_RATE/FLUSH_EVERY_WRITES/COMPACT_EVERY_SECS	COMPACT_EVERY_SECS=0 and one sequential run per variant; checkpoints are correlated time points, not independent repeats. Formal JSONL raw is remote-only.
fig4-dynamic-compaction	w9-no-compaction-timeline	w9_fig4	W9:semantic:1200:queries	SemL0	semantic	SF30	mixed_read_write_append_only_trace	duration=1800s; checkpoint=300s; target query_rate=200/s; target write_rate=200/s; flush_every=1024; compact_every=0	elapsed	1200	seconds	queries	49163	queries_per_checkpoint	checkpoint	w9_sf30_no_compaction	writer_errors=0; no_query_digest	SUPPORTING_NO_COMPACTION_ONLY	RERUN	cidr-experiments/data/source-cache/w9-steady-state-summary-20260615-cn.md#Per-checkpoint trace row=semantic/1200s column=queries	lsmgraph-rs/baseline/w9-steady-state-progress-20260613-cn.md#Planned command; lsmgraph-rs/baseline/run_w9_steady_state_20260612.sh: QUERY_RATE/WRITE_RATE/FLUSH_EVERY_WRITES/COMPACT_EVERY_SECS	COMPACT_EVERY_SECS=0 and one sequential run per variant; checkpoints are correlated time points, not independent repeats. Formal JSONL raw is remote-only.
fig4-dynamic-compaction	w9-no-compaction-timeline	w9_fig4	W9:semantic:1200:query_rate	SemL0	semantic	SF30	mixed_read_write_append_only_trace	duration=1800s; checkpoint=300s; target query_rate=200/s; target write_rate=200/s; flush_every=1024; compact_every=0	elapsed	1200	seconds	query_rate	163.88	queries_per_second	checkpoint	w9_sf30_no_compaction	writer_errors=0; no_query_digest	SUPPORTING_NO_COMPACTION_ONLY	RERUN	cidr-experiments/data/source-cache/w9-steady-state-summary-20260615-cn.md#Per-checkpoint trace row=semantic/1200s column=query rate/s	lsmgraph-rs/baseline/w9-steady-state-progress-20260613-cn.md#Planned command; lsmgraph-rs/baseline/run_w9_steady_state_20260612.sh: QUERY_RATE/WRITE_RATE/FLUSH_EVERY_WRITES/COMPACT_EVERY_SECS	COMPACT_EVERY_SECS=0 and one sequential run per variant; checkpoints are correlated time points, not independent repeats. Formal JSONL raw is remote-only.
fig4-dynamic-compaction	w9-no-compaction-timeline	w9_fig4	W9:semantic:1200:p50_us	SemL0	semantic	SF30	mixed_read_write_append_only_trace	duration=1800s; checkpoint=300s; target query_rate=200/s; target write_rate=200/s; flush_every=1024; compact_every=0	elapsed	1200	seconds	p50_us	162.53	us	checkpoint_percentile	w9_sf30_no_compaction	writer_errors=0; no_query_digest	SUPPORTING_NO_COMPACTION_ONLY	RERUN	cidr-experiments/data/source-cache/w9-steady-state-summary-20260615-cn.md#Per-checkpoint trace row=semantic/1200s column=p50 us	lsmgraph-rs/baseline/w9-steady-state-progress-20260613-cn.md#Planned command; lsmgraph-rs/baseline/run_w9_steady_state_20260612.sh: QUERY_RATE/WRITE_RATE/FLUSH_EVERY_WRITES/COMPACT_EVERY_SECS	COMPACT_EVERY_SECS=0 and one sequential run per variant; checkpoints are correlated time points, not independent repeats. Formal JSONL raw is remote-only.
fig4-dynamic-compaction	w9-no-compaction-timeline	w9_fig4	W9:semantic:1200:p99_us	SemL0	semantic	SF30	mixed_read_write_append_only_trace	duration=1800s; checkpoint=300s; target query_rate=200/s; target write_rate=200/s; flush_every=1024; compact_every=0	elapsed	1200	seconds	p99_us	958.19	us	checkpoint_percentile	w9_sf30_no_compaction	writer_errors=0; no_query_digest	SUPPORTING_NO_COMPACTION_ONLY	RERUN	cidr-experiments/data/source-cache/w9-steady-state-summary-20260615-cn.md#Per-checkpoint trace row=semantic/1200s column=p99 us	lsmgraph-rs/baseline/w9-steady-state-progress-20260613-cn.md#Planned command; lsmgraph-rs/baseline/run_w9_steady_state_20260612.sh: QUERY_RATE/WRITE_RATE/FLUSH_EVERY_WRITES/COMPACT_EVERY_SECS	COMPACT_EVERY_SECS=0 and one sequential run per variant; checkpoints are correlated time points, not independent repeats. Formal JSONL raw is remote-only.
fig4-dynamic-compaction	w9-no-compaction-timeline	w9_fig4	W9:semantic:1200:candidate_l0_mean	SemL0	semantic	SF30	mixed_read_write_append_only_trace	duration=1800s; checkpoint=300s; target query_rate=200/s; target write_rate=200/s; flush_every=1024; compact_every=0	elapsed	1200	seconds	candidate_l0_mean	363.55	segments_per_query	checkpoint_mean	w9_sf30_no_compaction	writer_errors=0; no_query_digest	SUPPORTING_NO_COMPACTION_ONLY	RERUN	cidr-experiments/data/source-cache/w9-steady-state-summary-20260615-cn.md#Per-checkpoint trace row=semantic/1200s column=candidate L0 mean	lsmgraph-rs/baseline/w9-steady-state-progress-20260613-cn.md#Planned command; lsmgraph-rs/baseline/run_w9_steady_state_20260612.sh: QUERY_RATE/WRITE_RATE/FLUSH_EVERY_WRITES/COMPACT_EVERY_SECS	COMPACT_EVERY_SECS=0 and one sequential run per variant; checkpoints are correlated time points, not independent repeats. Formal JSONL raw is remote-only.
fig4-dynamic-compaction	w9-no-compaction-timeline	w9_fig4	W9:semantic:1200:l0_files	SemL0	semantic	SF30	mixed_read_write_append_only_trace	duration=1800s; checkpoint=300s; target query_rate=200/s; target write_rate=200/s; flush_every=1024; compact_every=0	elapsed	1200	seconds	l0_files	2446	files	checkpoint	w9_sf30_no_compaction	writer_errors=0; no_query_digest	SUPPORTING_NO_COMPACTION_ONLY	RERUN	cidr-experiments/data/source-cache/w9-steady-state-summary-20260615-cn.md#Per-checkpoint trace row=semantic/1200s column=L0 files	lsmgraph-rs/baseline/w9-steady-state-progress-20260613-cn.md#Planned command; lsmgraph-rs/baseline/run_w9_steady_state_20260612.sh: QUERY_RATE/WRITE_RATE/FLUSH_EVERY_WRITES/COMPACT_EVERY_SECS	COMPACT_EVERY_SECS=0 and one sequential run per variant; checkpoints are correlated time points, not independent repeats. Formal JSONL raw is remote-only.
fig4-dynamic-compaction	w9-no-compaction-timeline	w9_fig4	W9:semantic:1200:rewrite_bytes_reported	SemL0	semantic	SF30	mixed_read_write_append_only_trace	duration=1800s; checkpoint=300s; target query_rate=200/s; target write_rate=200/s; flush_every=1024; compact_every=0	elapsed	1200	seconds	rewrite_bytes_reported	0	B	checkpoint_delta	w9_sf30_no_compaction	writer_errors=0; no_query_digest	SUPPORTING_NO_COMPACTION_ONLY	RERUN	cidr-experiments/data/source-cache/w9-steady-state-summary-20260615-cn.md#Per-checkpoint trace row=semantic/1200s column=rewrite bytes	lsmgraph-rs/baseline/w9-steady-state-progress-20260613-cn.md#Planned command; lsmgraph-rs/baseline/run_w9_steady_state_20260612.sh: QUERY_RATE/WRITE_RATE/FLUSH_EVERY_WRITES/COMPACT_EVERY_SECS	COMPACT_EVERY_SECS=0 and one sequential run per variant; checkpoints are correlated time points, not independent repeats. Formal JSONL raw is remote-only.
fig4-dynamic-compaction	w9-no-compaction-timeline	w9_fig4	W9:semantic:1200:io_write_bytes_reported	SemL0	semantic	SF30	mixed_read_write_append_only_trace	duration=1800s; checkpoint=300s; target query_rate=200/s; target write_rate=200/s; flush_every=1024; compact_every=0	elapsed	1200	seconds	io_write_bytes_reported	2.15	MiB	checkpoint_delta	w9_sf30_no_compaction	writer_errors=0; no_query_digest	SUPPORTING_NO_COMPACTION_ONLY	RERUN	cidr-experiments/data/source-cache/w9-steady-state-summary-20260615-cn.md#Per-checkpoint trace row=semantic/1200s column=io write bytes	lsmgraph-rs/baseline/w9-steady-state-progress-20260613-cn.md#Planned command; lsmgraph-rs/baseline/run_w9_steady_state_20260612.sh: QUERY_RATE/WRITE_RATE/FLUSH_EVERY_WRITES/COMPACT_EVERY_SECS	COMPACT_EVERY_SECS=0 and one sequential run per variant; checkpoints are correlated time points, not independent repeats. Formal JSONL raw is remote-only.
fig4-dynamic-compaction	w9-no-compaction-timeline	w9_fig4	W9:semantic:1200:writer_errors	SemL0	semantic	SF30	mixed_read_write_append_only_trace	duration=1800s; checkpoint=300s; target query_rate=200/s; target write_rate=200/s; flush_every=1024; compact_every=0	elapsed	1200	seconds	writer_errors	0	operations	checkpoint	w9_sf30_no_compaction	writer_errors=0; no_query_digest	SUPPORTING_NO_COMPACTION_ONLY	RERUN	cidr-experiments/data/source-cache/w9-steady-state-summary-20260615-cn.md#Per-checkpoint trace row=semantic/1200s column=writer errors	lsmgraph-rs/baseline/w9-steady-state-progress-20260613-cn.md#Planned command; lsmgraph-rs/baseline/run_w9_steady_state_20260612.sh: QUERY_RATE/WRITE_RATE/FLUSH_EVERY_WRITES/COMPACT_EVERY_SECS	COMPACT_EVERY_SECS=0 and one sequential run per variant; checkpoints are correlated time points, not independent repeats. Formal JSONL raw is remote-only.
fig4-dynamic-compaction	w9-no-compaction-timeline	w9_fig4	W9:semantic:1200:writer_slow_ops	SemL0	semantic	SF30	mixed_read_write_append_only_trace	duration=1800s; checkpoint=300s; target query_rate=200/s; target write_rate=200/s; flush_every=1024; compact_every=0	elapsed	1200	seconds	writer_slow_ops	0	operations	checkpoint	w9_sf30_no_compaction	writer_errors=0; no_query_digest	SUPPORTING_NO_COMPACTION_ONLY	RERUN	cidr-experiments/data/source-cache/w9-steady-state-summary-20260615-cn.md#Per-checkpoint trace row=semantic/1200s column=writer slow ops	lsmgraph-rs/baseline/w9-steady-state-progress-20260613-cn.md#Planned command; lsmgraph-rs/baseline/run_w9_steady_state_20260612.sh: QUERY_RATE/WRITE_RATE/FLUSH_EVERY_WRITES/COMPACT_EVERY_SECS	COMPACT_EVERY_SECS=0 and one sequential run per variant; checkpoints are correlated time points, not independent repeats. Formal JSONL raw is remote-only.
fig4-dynamic-compaction	w9-no-compaction-timeline	w9_fig4	W9:semantic:1500:queries	SemL0	semantic	SF30	mixed_read_write_append_only_trace	duration=1800s; checkpoint=300s; target query_rate=200/s; target write_rate=200/s; flush_every=1024; compact_every=0	elapsed	1500	seconds	queries	49247	queries_per_checkpoint	checkpoint	w9_sf30_no_compaction	writer_errors=0; no_query_digest	SUPPORTING_NO_COMPACTION_ONLY	RERUN	cidr-experiments/data/source-cache/w9-steady-state-summary-20260615-cn.md#Per-checkpoint trace row=semantic/1500s column=queries	lsmgraph-rs/baseline/w9-steady-state-progress-20260613-cn.md#Planned command; lsmgraph-rs/baseline/run_w9_steady_state_20260612.sh: QUERY_RATE/WRITE_RATE/FLUSH_EVERY_WRITES/COMPACT_EVERY_SECS	COMPACT_EVERY_SECS=0 and one sequential run per variant; checkpoints are correlated time points, not independent repeats. Formal JSONL raw is remote-only.
fig4-dynamic-compaction	w9-no-compaction-timeline	w9_fig4	W9:semantic:1500:query_rate	SemL0	semantic	SF30	mixed_read_write_append_only_trace	duration=1800s; checkpoint=300s; target query_rate=200/s; target write_rate=200/s; flush_every=1024; compact_every=0	elapsed	1500	seconds	query_rate	164.15	queries_per_second	checkpoint	w9_sf30_no_compaction	writer_errors=0; no_query_digest	SUPPORTING_NO_COMPACTION_ONLY	RERUN	cidr-experiments/data/source-cache/w9-steady-state-summary-20260615-cn.md#Per-checkpoint trace row=semantic/1500s column=query rate/s	lsmgraph-rs/baseline/w9-steady-state-progress-20260613-cn.md#Planned command; lsmgraph-rs/baseline/run_w9_steady_state_20260612.sh: QUERY_RATE/WRITE_RATE/FLUSH_EVERY_WRITES/COMPACT_EVERY_SECS	COMPACT_EVERY_SECS=0 and one sequential run per variant; checkpoints are correlated time points, not independent repeats. Formal JSONL raw is remote-only.
fig4-dynamic-compaction	w9-no-compaction-timeline	w9_fig4	W9:semantic:1500:p50_us	SemL0	semantic	SF30	mixed_read_write_append_only_trace	duration=1800s; checkpoint=300s; target query_rate=200/s; target write_rate=200/s; flush_every=1024; compact_every=0	elapsed	1500	seconds	p50_us	213.38	us	checkpoint_percentile	w9_sf30_no_compaction	writer_errors=0; no_query_digest	SUPPORTING_NO_COMPACTION_ONLY	RERUN	cidr-experiments/data/source-cache/w9-steady-state-summary-20260615-cn.md#Per-checkpoint trace row=semantic/1500s column=p50 us	lsmgraph-rs/baseline/w9-steady-state-progress-20260613-cn.md#Planned command; lsmgraph-rs/baseline/run_w9_steady_state_20260612.sh: QUERY_RATE/WRITE_RATE/FLUSH_EVERY_WRITES/COMPACT_EVERY_SECS	COMPACT_EVERY_SECS=0 and one sequential run per variant; checkpoints are correlated time points, not independent repeats. Formal JSONL raw is remote-only.
fig4-dynamic-compaction	w9-no-compaction-timeline	w9_fig4	W9:semantic:1500:p99_us	SemL0	semantic	SF30	mixed_read_write_append_only_trace	duration=1800s; checkpoint=300s; target query_rate=200/s; target write_rate=200/s; flush_every=1024; compact_every=0	elapsed	1500	seconds	p99_us	1096.84	us	checkpoint_percentile	w9_sf30_no_compaction	writer_errors=0; no_query_digest	SUPPORTING_NO_COMPACTION_ONLY	RERUN	cidr-experiments/data/source-cache/w9-steady-state-summary-20260615-cn.md#Per-checkpoint trace row=semantic/1500s column=p99 us	lsmgraph-rs/baseline/w9-steady-state-progress-20260613-cn.md#Planned command; lsmgraph-rs/baseline/run_w9_steady_state_20260612.sh: QUERY_RATE/WRITE_RATE/FLUSH_EVERY_WRITES/COMPACT_EVERY_SECS	COMPACT_EVERY_SECS=0 and one sequential run per variant; checkpoints are correlated time points, not independent repeats. Formal JSONL raw is remote-only.
fig4-dynamic-compaction	w9-no-compaction-timeline	w9_fig4	W9:semantic:1500:candidate_l0_mean	SemL0	semantic	SF30	mixed_read_write_append_only_trace	duration=1800s; checkpoint=300s; target query_rate=200/s; target write_rate=200/s; flush_every=1024; compact_every=0	elapsed	1500	seconds	candidate_l0_mean	459.91	segments_per_query	checkpoint_mean	w9_sf30_no_compaction	writer_errors=0; no_query_digest	SUPPORTING_NO_COMPACTION_ONLY	RERUN	cidr-experiments/data/source-cache/w9-steady-state-summary-20260615-cn.md#Per-checkpoint trace row=semantic/1500s column=candidate L0 mean	lsmgraph-rs/baseline/w9-steady-state-progress-20260613-cn.md#Planned command; lsmgraph-rs/baseline/run_w9_steady_state_20260612.sh: QUERY_RATE/WRITE_RATE/FLUSH_EVERY_WRITES/COMPACT_EVERY_SECS	COMPACT_EVERY_SECS=0 and one sequential run per variant; checkpoints are correlated time points, not independent repeats. Formal JSONL raw is remote-only.
fig4-dynamic-compaction	w9-no-compaction-timeline	w9_fig4	W9:semantic:1500:l0_files	SemL0	semantic	SF30	mixed_read_write_append_only_trace	duration=1800s; checkpoint=300s; target query_rate=200/s; target write_rate=200/s; flush_every=1024; compact_every=0	elapsed	1500	seconds	l0_files	2544	files	checkpoint	w9_sf30_no_compaction	writer_errors=0; no_query_digest	SUPPORTING_NO_COMPACTION_ONLY	RERUN	cidr-experiments/data/source-cache/w9-steady-state-summary-20260615-cn.md#Per-checkpoint trace row=semantic/1500s column=L0 files	lsmgraph-rs/baseline/w9-steady-state-progress-20260613-cn.md#Planned command; lsmgraph-rs/baseline/run_w9_steady_state_20260612.sh: QUERY_RATE/WRITE_RATE/FLUSH_EVERY_WRITES/COMPACT_EVERY_SECS	COMPACT_EVERY_SECS=0 and one sequential run per variant; checkpoints are correlated time points, not independent repeats. Formal JSONL raw is remote-only.
fig4-dynamic-compaction	w9-no-compaction-timeline	w9_fig4	W9:semantic:1500:rewrite_bytes_reported	SemL0	semantic	SF30	mixed_read_write_append_only_trace	duration=1800s; checkpoint=300s; target query_rate=200/s; target write_rate=200/s; flush_every=1024; compact_every=0	elapsed	1500	seconds	rewrite_bytes_reported	0	B	checkpoint_delta	w9_sf30_no_compaction	writer_errors=0; no_query_digest	SUPPORTING_NO_COMPACTION_ONLY	RERUN	cidr-experiments/data/source-cache/w9-steady-state-summary-20260615-cn.md#Per-checkpoint trace row=semantic/1500s column=rewrite bytes	lsmgraph-rs/baseline/w9-steady-state-progress-20260613-cn.md#Planned command; lsmgraph-rs/baseline/run_w9_steady_state_20260612.sh: QUERY_RATE/WRITE_RATE/FLUSH_EVERY_WRITES/COMPACT_EVERY_SECS	COMPACT_EVERY_SECS=0 and one sequential run per variant; checkpoints are correlated time points, not independent repeats. Formal JSONL raw is remote-only.
fig4-dynamic-compaction	w9-no-compaction-timeline	w9_fig4	W9:semantic:1500:io_write_bytes_reported	SemL0	semantic	SF30	mixed_read_write_append_only_trace	duration=1800s; checkpoint=300s; target query_rate=200/s; target write_rate=200/s; flush_every=1024; compact_every=0	elapsed	1500	seconds	io_write_bytes_reported	2.19	MiB	checkpoint_delta	w9_sf30_no_compaction	writer_errors=0; no_query_digest	SUPPORTING_NO_COMPACTION_ONLY	RERUN	cidr-experiments/data/source-cache/w9-steady-state-summary-20260615-cn.md#Per-checkpoint trace row=semantic/1500s column=io write bytes	lsmgraph-rs/baseline/w9-steady-state-progress-20260613-cn.md#Planned command; lsmgraph-rs/baseline/run_w9_steady_state_20260612.sh: QUERY_RATE/WRITE_RATE/FLUSH_EVERY_WRITES/COMPACT_EVERY_SECS	COMPACT_EVERY_SECS=0 and one sequential run per variant; checkpoints are correlated time points, not independent repeats. Formal JSONL raw is remote-only.
fig4-dynamic-compaction	w9-no-compaction-timeline	w9_fig4	W9:semantic:1500:writer_errors	SemL0	semantic	SF30	mixed_read_write_append_only_trace	duration=1800s; checkpoint=300s; target query_rate=200/s; target write_rate=200/s; flush_every=1024; compact_every=0	elapsed	1500	seconds	writer_errors	0	operations	checkpoint	w9_sf30_no_compaction	writer_errors=0; no_query_digest	SUPPORTING_NO_COMPACTION_ONLY	RERUN	cidr-experiments/data/source-cache/w9-steady-state-summary-20260615-cn.md#Per-checkpoint trace row=semantic/1500s column=writer errors	lsmgraph-rs/baseline/w9-steady-state-progress-20260613-cn.md#Planned command; lsmgraph-rs/baseline/run_w9_steady_state_20260612.sh: QUERY_RATE/WRITE_RATE/FLUSH_EVERY_WRITES/COMPACT_EVERY_SECS	COMPACT_EVERY_SECS=0 and one sequential run per variant; checkpoints are correlated time points, not independent repeats. Formal JSONL raw is remote-only.
fig4-dynamic-compaction	w9-no-compaction-timeline	w9_fig4	W9:semantic:1500:writer_slow_ops	SemL0	semantic	SF30	mixed_read_write_append_only_trace	duration=1800s; checkpoint=300s; target query_rate=200/s; target write_rate=200/s; flush_every=1024; compact_every=0	elapsed	1500	seconds	writer_slow_ops	0	operations	checkpoint	w9_sf30_no_compaction	writer_errors=0; no_query_digest	SUPPORTING_NO_COMPACTION_ONLY	RERUN	cidr-experiments/data/source-cache/w9-steady-state-summary-20260615-cn.md#Per-checkpoint trace row=semantic/1500s column=writer slow ops	lsmgraph-rs/baseline/w9-steady-state-progress-20260613-cn.md#Planned command; lsmgraph-rs/baseline/run_w9_steady_state_20260612.sh: QUERY_RATE/WRITE_RATE/FLUSH_EVERY_WRITES/COMPACT_EVERY_SECS	COMPACT_EVERY_SECS=0 and one sequential run per variant; checkpoints are correlated time points, not independent repeats. Formal JSONL raw is remote-only.
fig4-dynamic-compaction	w9-no-compaction-timeline	w9_fig4	W9:semantic:1800:queries	SemL0	semantic	SF30	mixed_read_write_append_only_trace	duration=1800s; checkpoint=300s; target query_rate=200/s; target write_rate=200/s; flush_every=1024; compact_every=0	elapsed	1800	seconds	queries	49140	queries_per_checkpoint	checkpoint	w9_sf30_no_compaction	writer_errors=0; no_query_digest	SUPPORTING_NO_COMPACTION_ONLY	RERUN	cidr-experiments/data/source-cache/w9-steady-state-summary-20260615-cn.md#Per-checkpoint trace row=semantic/1800s column=queries	lsmgraph-rs/baseline/w9-steady-state-progress-20260613-cn.md#Planned command; lsmgraph-rs/baseline/run_w9_steady_state_20260612.sh: QUERY_RATE/WRITE_RATE/FLUSH_EVERY_WRITES/COMPACT_EVERY_SECS	COMPACT_EVERY_SECS=0 and one sequential run per variant; checkpoints are correlated time points, not independent repeats. Formal JSONL raw is remote-only.
fig4-dynamic-compaction	w9-no-compaction-timeline	w9_fig4	W9:semantic:1800:query_rate	SemL0	semantic	SF30	mixed_read_write_append_only_trace	duration=1800s; checkpoint=300s; target query_rate=200/s; target write_rate=200/s; flush_every=1024; compact_every=0	elapsed	1800	seconds	query_rate	163.8	queries_per_second	checkpoint	w9_sf30_no_compaction	writer_errors=0; no_query_digest	SUPPORTING_NO_COMPACTION_ONLY	RERUN	cidr-experiments/data/source-cache/w9-steady-state-summary-20260615-cn.md#Per-checkpoint trace row=semantic/1800s column=query rate/s	lsmgraph-rs/baseline/w9-steady-state-progress-20260613-cn.md#Planned command; lsmgraph-rs/baseline/run_w9_steady_state_20260612.sh: QUERY_RATE/WRITE_RATE/FLUSH_EVERY_WRITES/COMPACT_EVERY_SECS	COMPACT_EVERY_SECS=0 and one sequential run per variant; checkpoints are correlated time points, not independent repeats. Formal JSONL raw is remote-only.
fig4-dynamic-compaction	w9-no-compaction-timeline	w9_fig4	W9:semantic:1800:p50_us	SemL0	semantic	SF30	mixed_read_write_append_only_trace	duration=1800s; checkpoint=300s; target query_rate=200/s; target write_rate=200/s; flush_every=1024; compact_every=0	elapsed	1800	seconds	p50_us	252.2	us	checkpoint_percentile	w9_sf30_no_compaction	writer_errors=0; no_query_digest	SUPPORTING_NO_COMPACTION_ONLY	RERUN	cidr-experiments/data/source-cache/w9-steady-state-summary-20260615-cn.md#Per-checkpoint trace row=semantic/1800s column=p50 us	lsmgraph-rs/baseline/w9-steady-state-progress-20260613-cn.md#Planned command; lsmgraph-rs/baseline/run_w9_steady_state_20260612.sh: QUERY_RATE/WRITE_RATE/FLUSH_EVERY_WRITES/COMPACT_EVERY_SECS	COMPACT_EVERY_SECS=0 and one sequential run per variant; checkpoints are correlated time points, not independent repeats. Formal JSONL raw is remote-only.
fig4-dynamic-compaction	w9-no-compaction-timeline	w9_fig4	W9:semantic:1800:p99_us	SemL0	semantic	SF30	mixed_read_write_append_only_trace	duration=1800s; checkpoint=300s; target query_rate=200/s; target write_rate=200/s; flush_every=1024; compact_every=0	elapsed	1800	seconds	p99_us	1273.97	us	checkpoint_percentile	w9_sf30_no_compaction	writer_errors=0; no_query_digest	SUPPORTING_NO_COMPACTION_ONLY	RERUN	cidr-experiments/data/source-cache/w9-steady-state-summary-20260615-cn.md#Per-checkpoint trace row=semantic/1800s column=p99 us	lsmgraph-rs/baseline/w9-steady-state-progress-20260613-cn.md#Planned command; lsmgraph-rs/baseline/run_w9_steady_state_20260612.sh: QUERY_RATE/WRITE_RATE/FLUSH_EVERY_WRITES/COMPACT_EVERY_SECS	COMPACT_EVERY_SECS=0 and one sequential run per variant; checkpoints are correlated time points, not independent repeats. Formal JSONL raw is remote-only.
fig4-dynamic-compaction	w9-no-compaction-timeline	w9_fig4	W9:semantic:1800:candidate_l0_mean	SemL0	semantic	SF30	mixed_read_write_append_only_trace	duration=1800s; checkpoint=300s; target query_rate=200/s; target write_rate=200/s; flush_every=1024; compact_every=0	elapsed	1800	seconds	candidate_l0_mean	556.33	segments_per_query	checkpoint_mean	w9_sf30_no_compaction	writer_errors=0; no_query_digest	SUPPORTING_NO_COMPACTION_ONLY	RERUN	cidr-experiments/data/source-cache/w9-steady-state-summary-20260615-cn.md#Per-checkpoint trace row=semantic/1800s column=candidate L0 mean	lsmgraph-rs/baseline/w9-steady-state-progress-20260613-cn.md#Planned command; lsmgraph-rs/baseline/run_w9_steady_state_20260612.sh: QUERY_RATE/WRITE_RATE/FLUSH_EVERY_WRITES/COMPACT_EVERY_SECS	COMPACT_EVERY_SECS=0 and one sequential run per variant; checkpoints are correlated time points, not independent repeats. Formal JSONL raw is remote-only.
fig4-dynamic-compaction	w9-no-compaction-timeline	w9_fig4	W9:semantic:1800:l0_files	SemL0	semantic	SF30	mixed_read_write_append_only_trace	duration=1800s; checkpoint=300s; target query_rate=200/s; target write_rate=200/s; flush_every=1024; compact_every=0	elapsed	1800	seconds	l0_files	2640	files	checkpoint	w9_sf30_no_compaction	writer_errors=0; no_query_digest	SUPPORTING_NO_COMPACTION_ONLY	RERUN	cidr-experiments/data/source-cache/w9-steady-state-summary-20260615-cn.md#Per-checkpoint trace row=semantic/1800s column=L0 files	lsmgraph-rs/baseline/w9-steady-state-progress-20260613-cn.md#Planned command; lsmgraph-rs/baseline/run_w9_steady_state_20260612.sh: QUERY_RATE/WRITE_RATE/FLUSH_EVERY_WRITES/COMPACT_EVERY_SECS	COMPACT_EVERY_SECS=0 and one sequential run per variant; checkpoints are correlated time points, not independent repeats. Formal JSONL raw is remote-only.
fig4-dynamic-compaction	w9-no-compaction-timeline	w9_fig4	W9:semantic:1800:rewrite_bytes_reported	SemL0	semantic	SF30	mixed_read_write_append_only_trace	duration=1800s; checkpoint=300s; target query_rate=200/s; target write_rate=200/s; flush_every=1024; compact_every=0	elapsed	1800	seconds	rewrite_bytes_reported	0	B	checkpoint_delta	w9_sf30_no_compaction	writer_errors=0; no_query_digest	SUPPORTING_NO_COMPACTION_ONLY	RERUN	cidr-experiments/data/source-cache/w9-steady-state-summary-20260615-cn.md#Per-checkpoint trace row=semantic/1800s column=rewrite bytes	lsmgraph-rs/baseline/w9-steady-state-progress-20260613-cn.md#Planned command; lsmgraph-rs/baseline/run_w9_steady_state_20260612.sh: QUERY_RATE/WRITE_RATE/FLUSH_EVERY_WRITES/COMPACT_EVERY_SECS	COMPACT_EVERY_SECS=0 and one sequential run per variant; checkpoints are correlated time points, not independent repeats. Formal JSONL raw is remote-only.
fig4-dynamic-compaction	w9-no-compaction-timeline	w9_fig4	W9:semantic:1800:io_write_bytes_reported	SemL0	semantic	SF30	mixed_read_write_append_only_trace	duration=1800s; checkpoint=300s; target query_rate=200/s; target write_rate=200/s; flush_every=1024; compact_every=0	elapsed	1800	seconds	io_write_bytes_reported	2.16	MiB	checkpoint_delta	w9_sf30_no_compaction	writer_errors=0; no_query_digest	SUPPORTING_NO_COMPACTION_ONLY	RERUN	cidr-experiments/data/source-cache/w9-steady-state-summary-20260615-cn.md#Per-checkpoint trace row=semantic/1800s column=io write bytes	lsmgraph-rs/baseline/w9-steady-state-progress-20260613-cn.md#Planned command; lsmgraph-rs/baseline/run_w9_steady_state_20260612.sh: QUERY_RATE/WRITE_RATE/FLUSH_EVERY_WRITES/COMPACT_EVERY_SECS	COMPACT_EVERY_SECS=0 and one sequential run per variant; checkpoints are correlated time points, not independent repeats. Formal JSONL raw is remote-only.
fig4-dynamic-compaction	w9-no-compaction-timeline	w9_fig4	W9:semantic:1800:writer_errors	SemL0	semantic	SF30	mixed_read_write_append_only_trace	duration=1800s; checkpoint=300s; target query_rate=200/s; target write_rate=200/s; flush_every=1024; compact_every=0	elapsed	1800	seconds	writer_errors	0	operations	checkpoint	w9_sf30_no_compaction	writer_errors=0; no_query_digest	SUPPORTING_NO_COMPACTION_ONLY	RERUN	cidr-experiments/data/source-cache/w9-steady-state-summary-20260615-cn.md#Per-checkpoint trace row=semantic/1800s column=writer errors	lsmgraph-rs/baseline/w9-steady-state-progress-20260613-cn.md#Planned command; lsmgraph-rs/baseline/run_w9_steady_state_20260612.sh: QUERY_RATE/WRITE_RATE/FLUSH_EVERY_WRITES/COMPACT_EVERY_SECS	COMPACT_EVERY_SECS=0 and one sequential run per variant; checkpoints are correlated time points, not independent repeats. Formal JSONL raw is remote-only.
fig4-dynamic-compaction	w9-no-compaction-timeline	w9_fig4	W9:semantic:1800:writer_slow_ops	SemL0	semantic	SF30	mixed_read_write_append_only_trace	duration=1800s; checkpoint=300s; target query_rate=200/s; target write_rate=200/s; flush_every=1024; compact_every=0	elapsed	1800	seconds	writer_slow_ops	0	operations	checkpoint	w9_sf30_no_compaction	writer_errors=0; no_query_digest	SUPPORTING_NO_COMPACTION_ONLY	RERUN	cidr-experiments/data/source-cache/w9-steady-state-summary-20260615-cn.md#Per-checkpoint trace row=semantic/1800s column=writer slow ops	lsmgraph-rs/baseline/w9-steady-state-progress-20260613-cn.md#Planned command; lsmgraph-rs/baseline/run_w9_steady_state_20260612.sh: QUERY_RATE/WRITE_RATE/FLUSH_EVERY_WRITES/COMPACT_EVERY_SECS	COMPACT_EVERY_SECS=0 and one sequential run per variant; checkpoints are correlated time points, not independent repeats. Formal JSONL raw is remote-only.
