[snb-full] SKIP vertex JSONL + edge-prop persistence (SNB_SKIP_ADJ_CACHE set)
[snb-full][edge] start file=/data/WorkSpace/ldbc-sf100/social_network/dynamic/person_knows_person_0_0.csv edge=Knows src=Person dst=Person
[snb-full][edge] progress file=/data/WorkSpace/ldbc-sf100/social_network/dynamic/person_knows_person_0_0.csv rows=1000000 directed_edges=3000000 elapsed_s=2.8
[snb-full][edge] progress file=/data/WorkSpace/ldbc-sf100/social_network/dynamic/person_knows_person_0_0.csv rows=2000000 directed_edges=6000000 elapsed_s=5.9
[snb-full][edge] progress file=/data/WorkSpace/ldbc-sf100/social_network/dynamic/person_knows_person_0_0.csv rows=3000000 directed_edges=9000000 elapsed_s=9.5
[snb-full][edge] progress file=/data/WorkSpace/ldbc-sf100/social_network/dynamic/person_knows_person_0_0.csv rows=4000000 directed_edges=12000000 elapsed_s=12.8
[snb-full][edge] progress file=/data/WorkSpace/ldbc-sf100/social_network/dynamic/person_knows_person_0_0.csv rows=5000000 directed_edges=15000000 elapsed_s=15.8
[snb-full][edge] progress file=/data/WorkSpace/ldbc-sf100/social_network/dynamic/person_knows_person_0_0.csv rows=6000000 directed_edges=18000000 elapsed_s=19.3
[snb-full][edge] progress file=/data/WorkSpace/ldbc-sf100/social_network/dynamic/person_knows_person_0_0.csv rows=7000000 directed_edges=21000000 elapsed_s=22.4
[snb-full][edge] progress file=/data/WorkSpace/ldbc-sf100/social_network/dynamic/person_knows_person_0_0.csv rows=8000000 directed_edges=24000000 elapsed_s=25.9
[snb-full][edge] progress file=/data/WorkSpace/ldbc-sf100/social_network/dynamic/person_knows_person_0_0.csv rows=9000000 directed_edges=27000000 elapsed_s=29.0
[snb-full][edge] progress file=/data/WorkSpace/ldbc-sf100/social_network/dynamic/person_knows_person_0_0.csv rows=10000000 directed_edges=30000000 elapsed_s=32.5
[snb-full][edge] progress file=/data/WorkSpace/ldbc-sf100/social_network/dynamic/person_knows_person_0_0.csv rows=11000000 directed_edges=33000000 elapsed_s=35.7
[snb-full][edge] progress file=/data/WorkSpace/ldbc-sf100/social_network/dynamic/person_knows_person_0_0.csv rows=12000000 directed_edges=36000000 elapsed_s=39.3
[snb-full][edge] progress file=/data/WorkSpace/ldbc-sf100/social_network/dynamic/person_knows_person_0_0.csv rows=13000000 directed_edges=39000000 elapsed_s=42.7
[snb-full][edge] progress file=/data/WorkSpace/ldbc-sf100/social_network/dynamic/person_knows_person_0_0.csv rows=14000000 directed_edges=42000000 elapsed_s=45.9
[snb-full][edge] progress file=/data/WorkSpace/ldbc-sf100/social_network/dynamic/person_knows_person_0_0.csv rows=15000000 directed_edges=45000000 elapsed_s=49.5
[snb-full][edge] progress file=/data/WorkSpace/ldbc-sf100/social_network/dynamic/person_knows_person_0_0.csv rows=16000000 directed_edges=48000000 elapsed_s=53.1
[snb-full][edge] progress file=/data/WorkSpace/ldbc-sf100/social_network/dynamic/person_knows_person_0_0.csv rows=17000000 directed_edges=51000000 elapsed_s=56.3
[snb-full][edge] progress file=/data/WorkSpace/ldbc-sf100/social_network/dynamic/person_knows_person_0_0.csv rows=18000000 directed_edges=54000000 elapsed_s=59.6
[snb-full][edge] progress file=/data/WorkSpace/ldbc-sf100/social_network/dynamic/person_knows_person_0_0.csv rows=19000000 directed_edges=57000000 elapsed_s=63.0
[snb-full][edge] done file=/data/WorkSpace/ldbc-sf100/social_network/dynamic/person_knows_person_0_0.csv rows=19941198 directed_edges=59823594 elapsed_s=65.9
[snb-full][edge] start file=/data/WorkSpace/ldbc-sf100/social_network/dynamic/person_likes_comment_0_0.csv edge=LikesComment src=Person dst=Comment
[snb-full][edge] progress file=/data/WorkSpace/ldbc-sf100/social_network/dynamic/person_likes_comment_0_0.csv rows=1000000 directed_edges=2000000 elapsed_s=2.1
[snb-full][edge] progress file=/data/WorkSpace/ldbc-sf100/social_network/dynamic/person_likes_comment_0_0.csv rows=2000000 directed_edges=4000000 elapsed_s=4.1
[snb-full][edge] progress file=/data/WorkSpace/ldbc-sf100/social_network/dynamic/person_likes_comment_0_0.csv rows=3000000 directed_edges=6000000 elapsed_s=6.2
[snb-full][edge] progress file=/data/WorkSpace/ldbc-sf100/social_network/dynamic/person_likes_comment_0_0.csv rows=4000000 directed_edges=8000000 elapsed_s=8.3
[snb-full][edge] progress file=/data/WorkSpace/ldbc-sf100/social_network/dynamic/person_likes_comment_0_0.csv rows=5000000 directed_edges=10000000 elapsed_s=10.4
[snb-full][edge] progress file=/data/WorkSpace/ldbc-sf100/social_network/dynamic/person_likes_comment_0_0.csv rows=6000000 directed_edges=12000000 elapsed_s=12.4
[snb-full][edge] progress file=/data/WorkSpace/ldbc-sf100/social_network/dynamic/person_likes_comment_0_0.csv rows=7000000 directed_edges=14000000 elapsed_s=14.5
[snb-full][edge] progress file=/data/WorkSpace/ldbc-sf100/social_network/dynamic/person_likes_comment_0_0.csv rows=8000000 directed_edges=16000000 elapsed_s=16.5
[snb-full][edge] progress file=/data/WorkSpace/ldbc-sf100/social_network/dynamic/person_likes_comment_0_0.csv rows=9000000 directed_edges=18000000 elapsed_s=18.2
[snb-full][edge] progress file=/data/WorkSpace/ldbc-sf100/social_network/dynamic/person_likes_comment_0_0.csv rows=10000000 directed_edges=20000000 elapsed_s=20.1
[snb-full][edge] progress file=/data/WorkSpace/ldbc-sf100/social_network/dynamic/person_likes_comment_0_0.csv rows=11000000 directed_edges=22000000 elapsed_s=22.0
[snb-full][edge] progress file=/data/WorkSpace/ldbc-sf100/social_network/dynamic/person_likes_comment_0_0.csv rows=12000000 directed_edges=24000000 elapsed_s=24.0
[snb-full][edge] progress file=/data/WorkSpace/ldbc-sf100/social_network/dynamic/person_likes_comment_0_0.csv rows=13000000 directed_edges=26000000 elapsed_s=26.2
[snb-full][edge] progress file=/data/WorkSpace/ldbc-sf100/social_network/dynamic/person_likes_comment_0_0.csv rows=14000000 directed_edges=28000000 elapsed_s=28.2
[snb-full][edge] progress file=/data/WorkSpace/ldbc-sf100/social_network/dynamic/person_likes_comment_0_0.csv rows=15000000 directed_edges=30000000 elapsed_s=30.1
[snb-full][edge] progress file=/data/WorkSpace/ldbc-sf100/social_network/dynamic/person_likes_comment_0_0.csv rows=16000000 directed_edges=32000000 elapsed_s=32.0
[snb-full][edge] progress file=/data/WorkSpace/ldbc-sf100/social_network/dynamic/person_likes_comment_0_0.csv rows=17000000 directed_edges=34000000 elapsed_s=34.1
[snb-full][edge] progress file=/data/WorkSpace/ldbc-sf100/social_network/dynamic/person_likes_comment_0_0.csv rows=18000000 directed_edges=36000000 elapsed_s=36.1
[snb-full][edge] progress file=/data/WorkSpace/ldbc-sf100/social_network/dynamic/person_likes_comment_0_0.csv rows=19000000 directed_edges=38000000 elapsed_s=38.2
[snb-full][edge] progress file=/data/WorkSpace/ldbc-sf100/social_network/dynamic/person_likes_comment_0_0.csv rows=20000000 directed_edges=40000000 elapsed_s=40.2
[snb-full][edge] progress file=/data/WorkSpace/ldbc-sf100/social_network/dynamic/person_likes_comment_0_0.csv rows=21000000 directed_edges=42000000 elapsed_s=42.2
[snb-full][edge] progress file=/data/WorkSpace/ldbc-sf100/social_network/dynamic/person_likes_comment_0_0.csv rows=22000000 directed_edges=44000000 elapsed_s=44.2
[snb-full][edge] progress file=/data/WorkSpace/ldbc-sf100/social_network/dynamic/person_likes_comment_0_0.csv rows=23000000 directed_edges=46000000 elapsed_s=46.2
[snb-full][edge] progress file=/data/WorkSpace/ldbc-sf100/social_network/dynamic/person_likes_comment_0_0.csv rows=24000000 directed_edges=48000000 elapsed_s=48.3
[snb-full][edge] progress file=/data/WorkSpace/ldbc-sf100/social_network/dynamic/person_likes_comment_0_0.csv rows=25000000 directed_edges=50000000 elapsed_s=50.2
[snb-full][edge] progress file=/data/WorkSpace/ldbc-sf100/social_network/dynamic/person_likes_comment_0_0.csv rows=26000000 directed_edges=52000000 elapsed_s=52.2
[snb-full][edge] progress file=/data/WorkSpace/ldbc-sf100/social_network/dynamic/person_likes_comment_0_0.csv rows=27000000 directed_edges=54000000 elapsed_s=54.2
[snb-full][edge] progress file=/data/WorkSpace/ldbc-sf100/social_network/dynamic/person_likes_comment_0_0.csv rows=28000000 directed_edges=56000000 elapsed_s=55.9
[snb-full][edge] progress file=/data/WorkSpace/ldbc-sf100/social_network/dynamic/person_likes_comment_0_0.csv rows=29000000 directed_edges=58000000 elapsed_s=58.3
[snb-full][edge] progress file=/data/WorkSpace/ldbc-sf100/social_network/dynamic/person_likes_comment_0_0.csv rows=30000000 directed_edges=60000000 elapsed_s=60.2
[snb-full][edge] progress file=/data/WorkSpace/ldbc-sf100/social_network/dynamic/person_likes_comment_0_0.csv rows=31000000 directed_edges=62000000 elapsed_s=62.5
[snb-full][edge] progress file=/data/WorkSpace/ldbc-sf100/social_network/dynamic/person_likes_comment_0_0.csv rows=32000000 directed_edges=64000000 elapsed_s=64.3
[snb-full][edge] progress file=/data/WorkSpace/ldbc-sf100/social_network/dynamic/person_likes_comment_0_0.csv rows=33000000 directed_edges=66000000 elapsed_s=66.2
[snb-full][edge] progress file=/data/WorkSpace/ldbc-sf100/social_network/dynamic/person_likes_comment_0_0.csv rows=34000000 directed_edges=68000000 elapsed_s=68.5
[snb-full][edge] progress file=/data/WorkSpace/ldbc-sf100/social_network/dynamic/person_likes_comment_0_0.csv rows=35000000 directed_edges=70000000 elapsed_s=70.3
[snb-full][edge] progress file=/data/WorkSpace/ldbc-sf100/social_network/dynamic/person_likes_comment_0_0.csv rows=36000000 directed_edges=72000000 elapsed_s=72.2
[snb-full][edge] progress file=/data/WorkSpace/ldbc-sf100/social_network/dynamic/person_likes_comment_0_0.csv rows=37000000 directed_edges=74000000 elapsed_s=74.1
[snb-full][edge] progress file=/data/WorkSpace/ldbc-sf100/social_network/dynamic/person_likes_comment_0_0.csv rows=38000000 directed_edges=76000000 elapsed_s=76.1
[snb-full][edge] progress file=/data/WorkSpace/ldbc-sf100/social_network/dynamic/person_likes_comment_0_0.csv rows=39000000 directed_edges=78000000 elapsed_s=78.0
[snb-full][edge] progress file=/data/WorkSpace/ldbc-sf100/social_network/dynamic/person_likes_comment_0_0.csv rows=40000000 directed_edges=80000000 elapsed_s=80.0
[snb-full][edge] progress file=/data/WorkSpace/ldbc-sf100/social_network/dynamic/person_likes_comment_0_0.csv rows=41000000 directed_edges=82000000 elapsed_s=82.0
[snb-full][edge] progress file=/data/WorkSpace/ldbc-sf100/social_network/dynamic/person_likes_comment_0_0.csv rows=42000000 directed_edges=84000000 elapsed_s=84.0
[snb-full][edge] progress file=/data/WorkSpace/ldbc-sf100/social_network/dynamic/person_likes_comment_0_0.csv rows=43000000 directed_edges=86000000 elapsed_s=86.1
[snb-full][edge] progress file=/data/WorkSpace/ldbc-sf100/social_network/dynamic/person_likes_comment_0_0.csv rows=44000000 directed_edges=88000000 elapsed_s=88.1
[snb-full][edge] progress file=/data/WorkSpace/ldbc-sf100/social_network/dynamic/person_likes_comment_0_0.csv rows=45000000 directed_edges=90000000 elapsed_s=90.0
[snb-full][edge] progress file=/data/WorkSpace/ldbc-sf100/social_network/dynamic/person_likes_comment_0_0.csv rows=46000000 directed_edges=92000000 elapsed_s=92.0
[snb-full][edge] progress file=/data/WorkSpace/ldbc-sf100/social_network/dynamic/person_likes_comment_0_0.csv rows=47000000 directed_edges=94000000 elapsed_s=94.1
[snb-full][edge] progress file=/data/WorkSpace/ldbc-sf100/social_network/dynamic/person_likes_comment_0_0.csv rows=48000000 directed_edges=96000000 elapsed_s=96.0
[snb-full][edge] progress file=/data/WorkSpace/ldbc-sf100/social_network/dynamic/person_likes_comment_0_0.csv rows=49000000 directed_edges=98000000 elapsed_s=97.9
[snb-full][edge] progress file=/data/WorkSpace/ldbc-sf100/social_network/dynamic/person_likes_comment_0_0.csv rows=50000000 directed_edges=100000000 elapsed_s=100.1
[snb-full][edge] progress file=/data/WorkSpace/ldbc-sf100/social_network/dynamic/person_likes_comment_0_0.csv rows=51000000 directed_edges=102000000 elapsed_s=102.1
[snb-full][edge] progress file=/data/WorkSpace/ldbc-sf100/social_network/dynamic/person_likes_comment_0_0.csv rows=52000000 directed_edges=104000000 elapsed_s=104.3
[snb-full][edge] progress file=/data/WorkSpace/ldbc-sf100/social_network/dynamic/person_likes_comment_0_0.csv rows=53000000 directed_edges=106000000 elapsed_s=106.4
[snb-full][edge] progress file=/data/WorkSpace/ldbc-sf100/social_network/dynamic/person_likes_comment_0_0.csv rows=54000000 directed_edges=108000000 elapsed_s=108.3
[snb-full][edge] progress file=/data/WorkSpace/ldbc-sf100/social_network/dynamic/person_likes_comment_0_0.csv rows=55000000 directed_edges=110000000 elapsed_s=110.2
[snb-full][edge] progress file=/data/WorkSpace/ldbc-sf100/social_network/dynamic/person_likes_comment_0_0.csv rows=56000000 directed_edges=112000000 elapsed_s=112.3
[snb-full][edge] progress file=/data/WorkSpace/ldbc-sf100/social_network/dynamic/person_likes_comment_0_0.csv rows=57000000 directed_edges=114000000 elapsed_s=114.5
[snb-full][edge] progress file=/data/WorkSpace/ldbc-sf100/social_network/dynamic/person_likes_comment_0_0.csv rows=58000000 directed_edges=116000000 elapsed_s=116.4
[snb-full][edge] progress file=/data/WorkSpace/ldbc-sf100/social_network/dynamic/person_likes_comment_0_0.csv rows=59000000 directed_edges=118000000 elapsed_s=118.3
[snb-full][edge] progress file=/data/WorkSpace/ldbc-sf100/social_network/dynamic/person_likes_comment_0_0.csv rows=60000000 directed_edges=120000000 elapsed_s=120.3
[snb-full][edge] progress file=/data/WorkSpace/ldbc-sf100/social_network/dynamic/person_likes_comment_0_0.csv rows=61000000 directed_edges=122000000 elapsed_s=122.3
[snb-full][edge] progress file=/data/WorkSpace/ldbc-sf100/social_network/dynamic/person_likes_comment_0_0.csv rows=62000000 directed_edges=124000000 elapsed_s=124.3
[snb-full][edge] progress file=/data/WorkSpace/ldbc-sf100/social_network/dynamic/person_likes_comment_0_0.csv rows=63000000 directed_edges=126000000 elapsed_s=126.3
[snb-full][edge] progress file=/data/WorkSpace/ldbc-sf100/social_network/dynamic/person_likes_comment_0_0.csv rows=64000000 directed_edges=128000000 elapsed_s=128.3
[snb-full][edge] progress file=/data/WorkSpace/ldbc-sf100/social_network/dynamic/person_likes_comment_0_0.csv rows=65000000 directed_edges=130000000 elapsed_s=130.2
[snb-full][edge] progress file=/data/WorkSpace/ldbc-sf100/social_network/dynamic/person_likes_comment_0_0.csv rows=66000000 directed_edges=132000000 elapsed_s=132.1
[snb-full][edge] progress file=/data/WorkSpace/ldbc-sf100/social_network/dynamic/person_likes_comment_0_0.csv rows=67000000 directed_edges=134000000 elapsed_s=134.2
[snb-full][edge] progress file=/data/WorkSpace/ldbc-sf100/social_network/dynamic/person_likes_comment_0_0.csv rows=68000000 directed_edges=136000000 elapsed_s=136.1
[snb-full][edge] progress file=/data/WorkSpace/ldbc-sf100/social_network/dynamic/person_likes_comment_0_0.csv rows=69000000 directed_edges=138000000 elapsed_s=138.0
[snb-full][edge] progress file=/data/WorkSpace/ldbc-sf100/social_network/dynamic/person_likes_comment_0_0.csv rows=70000000 directed_edges=140000000 elapsed_s=140.0
[snb-full][edge] progress file=/data/WorkSpace/ldbc-sf100/social_network/dynamic/person_likes_comment_0_0.csv rows=71000000 directed_edges=142000000 elapsed_s=141.9
[snb-full][edge] progress file=/data/WorkSpace/ldbc-sf100/social_network/dynamic/person_likes_comment_0_0.csv rows=72000000 directed_edges=144000000 elapsed_s=143.9
[snb-full][edge] progress file=/data/WorkSpace/ldbc-sf100/social_network/dynamic/person_likes_comment_0_0.csv rows=73000000 directed_edges=146000000 elapsed_s=145.7
[snb-full][edge] progress file=/data/WorkSpace/ldbc-sf100/social_network/dynamic/person_likes_comment_0_0.csv rows=74000000 directed_edges=148000000 elapsed_s=147.7
[snb-full][edge] progress file=/data/WorkSpace/ldbc-sf100/social_network/dynamic/person_likes_comment_0_0.csv rows=75000000 directed_edges=150000000 elapsed_s=149.7
[snb-full][edge] progress file=/data/WorkSpace/ldbc-sf100/social_network/dynamic/person_likes_comment_0_0.csv rows=76000000 directed_edges=152000000 elapsed_s=151.5
[snb-full][edge] progress file=/data/WorkSpace/ldbc-sf100/social_network/dynamic/person_likes_comment_0_0.csv rows=77000000 directed_edges=154000000 elapsed_s=153.7
[snb-full][edge] progress file=/data/WorkSpace/ldbc-sf100/social_network/dynamic/person_likes_comment_0_0.csv rows=78000000 directed_edges=156000000 elapsed_s=155.6
[snb-full][edge] progress file=/data/WorkSpace/ldbc-sf100/social_network/dynamic/person_likes_comment_0_0.csv rows=79000000 directed_edges=158000000 elapsed_s=157.6
[snb-full][edge] progress file=/data/WorkSpace/ldbc-sf100/social_network/dynamic/person_likes_comment_0_0.csv rows=80000000 directed_edges=160000000 elapsed_s=159.6
[snb-full][edge] progress file=/data/WorkSpace/ldbc-sf100/social_network/dynamic/person_likes_comment_0_0.csv rows=81000000 directed_edges=162000000 elapsed_s=161.6
[snb-full][edge] progress file=/data/WorkSpace/ldbc-sf100/social_network/dynamic/person_likes_comment_0_0.csv rows=82000000 directed_edges=164000000 elapsed_s=163.5
[snb-full][edge] progress file=/data/WorkSpace/ldbc-sf100/social_network/dynamic/person_likes_comment_0_0.csv rows=83000000 directed_edges=166000000 elapsed_s=165.5
[snb-full][edge] progress file=/data/WorkSpace/ldbc-sf100/social_network/dynamic/person_likes_comment_0_0.csv rows=84000000 directed_edges=168000000 elapsed_s=167.5
[snb-full][edge] progress file=/data/WorkSpace/ldbc-sf100/social_network/dynamic/person_likes_comment_0_0.csv rows=85000000 directed_edges=170000000 elapsed_s=169.4
[snb-full][edge] progress file=/data/WorkSpace/ldbc-sf100/social_network/dynamic/person_likes_comment_0_0.csv rows=86000000 directed_edges=172000000 elapsed_s=171.4
[snb-full][edge] progress file=/data/WorkSpace/ldbc-sf100/social_network/dynamic/person_likes_comment_0_0.csv rows=87000000 directed_edges=174000000 elapsed_s=173.4
[snb-full][edge] progress file=/data/WorkSpace/ldbc-sf100/social_network/dynamic/person_likes_comment_0_0.csv rows=88000000 directed_edges=176000000 elapsed_s=175.4
[snb-full][edge] progress file=/data/WorkSpace/ldbc-sf100/social_network/dynamic/person_likes_comment_0_0.csv rows=89000000 directed_edges=178000000 elapsed_s=177.4
[snb-full][edge] progress file=/data/WorkSpace/ldbc-sf100/social_network/dynamic/person_likes_comment_0_0.csv rows=90000000 directed_edges=180000000 elapsed_s=179.3
[snb-full][edge] progress file=/data/WorkSpace/ldbc-sf100/social_network/dynamic/person_likes_comment_0_0.csv rows=91000000 directed_edges=182000000 elapsed_s=181.3
[snb-full][edge] progress file=/data/WorkSpace/ldbc-sf100/social_network/dynamic/person_likes_comment_0_0.csv rows=92000000 directed_edges=184000000 elapsed_s=183.3
[snb-full][edge] progress file=/data/WorkSpace/ldbc-sf100/social_network/dynamic/person_likes_comment_0_0.csv rows=93000000 directed_edges=186000000 elapsed_s=185.3
[snb-full][edge] progress file=/data/WorkSpace/ldbc-sf100/social_network/dynamic/person_likes_comment_0_0.csv rows=94000000 directed_edges=188000000 elapsed_s=187.3
[snb-full][edge] progress file=/data/WorkSpace/ldbc-sf100/social_network/dynamic/person_likes_comment_0_0.csv rows=95000000 directed_edges=190000000 elapsed_s=189.2
[snb-full][edge] progress file=/data/WorkSpace/ldbc-sf100/social_network/dynamic/person_likes_comment_0_0.csv rows=96000000 directed_edges=192000000 elapsed_s=191.1
[snb-full][edge] progress file=/data/WorkSpace/ldbc-sf100/social_network/dynamic/person_likes_comment_0_0.csv rows=97000000 directed_edges=194000000 elapsed_s=192.9
[snb-full][edge] progress file=/data/WorkSpace/ldbc-sf100/social_network/dynamic/person_likes_comment_0_0.csv rows=98000000 directed_edges=196000000 elapsed_s=194.9
[snb-full][edge] progress file=/data/WorkSpace/ldbc-sf100/social_network/dynamic/person_likes_comment_0_0.csv rows=99000000 directed_edges=198000000 elapsed_s=196.8
[snb-full][edge] progress file=/data/WorkSpace/ldbc-sf100/social_network/dynamic/person_likes_comment_0_0.csv rows=100000000 directed_edges=200000000 elapsed_s=198.8
[snb-full][edge] progress file=/data/WorkSpace/ldbc-sf100/social_network/dynamic/person_likes_comment_0_0.csv rows=101000000 directed_edges=202000000 elapsed_s=200.8
[snb-full][edge] progress file=/data/WorkSpace/ldbc-sf100/social_network/dynamic/person_likes_comment_0_0.csv rows=102000000 directed_edges=204000000 elapsed_s=202.8
[snb-full][edge] progress file=/data/WorkSpace/ldbc-sf100/social_network/dynamic/person_likes_comment_0_0.csv rows=103000000 directed_edges=206000000 elapsed_s=204.8
[snb-full][edge] progress file=/data/WorkSpace/ldbc-sf100/social_network/dynamic/person_likes_comment_0_0.csv rows=104000000 directed_edges=208000000 elapsed_s=206.7
[snb-full][edge] progress file=/data/WorkSpace/ldbc-sf100/social_network/dynamic/person_likes_comment_0_0.csv rows=105000000 directed_edges=210000000 elapsed_s=208.7
[snb-full][edge] progress file=/data/WorkSpace/ldbc-sf100/social_network/dynamic/person_likes_comment_0_0.csv rows=106000000 directed_edges=212000000 elapsed_s=210.7
[snb-full][edge] progress file=/data/WorkSpace/ldbc-sf100/social_network/dynamic/person_likes_comment_0_0.csv rows=107000000 directed_edges=214000000 elapsed_s=212.6
[snb-full][edge] progress file=/data/WorkSpace/ldbc-sf100/social_network/dynamic/person_likes_comment_0_0.csv rows=108000000 directed_edges=216000000 elapsed_s=214.6
[snb-full][edge] progress file=/data/WorkSpace/ldbc-sf100/social_network/dynamic/person_likes_comment_0_0.csv rows=109000000 directed_edges=218000000 elapsed_s=216.5
[snb-full][edge] progress file=/data/WorkSpace/ldbc-sf100/social_network/dynamic/person_likes_comment_0_0.csv rows=110000000 directed_edges=220000000 elapsed_s=218.6
[snb-full][edge] progress file=/data/WorkSpace/ldbc-sf100/social_network/dynamic/person_likes_comment_0_0.csv rows=111000000 directed_edges=222000000 elapsed_s=220.6
[snb-full][edge] progress file=/data/WorkSpace/ldbc-sf100/social_network/dynamic/person_likes_comment_0_0.csv rows=112000000 directed_edges=224000000 elapsed_s=222.6
[snb-full][edge] progress file=/data/WorkSpace/ldbc-sf100/social_network/dynamic/person_likes_comment_0_0.csv rows=113000000 directed_edges=226000000 elapsed_s=224.5
[snb-full][edge] progress file=/data/WorkSpace/ldbc-sf100/social_network/dynamic/person_likes_comment_0_0.csv rows=114000000 directed_edges=228000000 elapsed_s=226.5
[snb-full][edge] progress file=/data/WorkSpace/ldbc-sf100/social_network/dynamic/person_likes_comment_0_0.csv rows=115000000 directed_edges=230000000 elapsed_s=228.6
[snb-full][edge] progress file=/data/WorkSpace/ldbc-sf100/social_network/dynamic/person_likes_comment_0_0.csv rows=116000000 directed_edges=232000000 elapsed_s=230.5
[snb-full][edge] progress file=/data/WorkSpace/ldbc-sf100/social_network/dynamic/person_likes_comment_0_0.csv rows=117000000 directed_edges=234000000 elapsed_s=232.3
[snb-full][edge] progress file=/data/WorkSpace/ldbc-sf100/social_network/dynamic/person_likes_comment_0_0.csv rows=118000000 directed_edges=236000000 elapsed_s=234.4
[snb-full][edge] progress file=/data/WorkSpace/ldbc-sf100/social_network/dynamic/person_likes_comment_0_0.csv rows=119000000 directed_edges=238000000 elapsed_s=236.2
[snb-full][edge] progress file=/data/WorkSpace/ldbc-sf100/social_network/dynamic/person_likes_comment_0_0.csv rows=120000000 directed_edges=240000000 elapsed_s=238.3
[snb-full][edge] progress file=/data/WorkSpace/ldbc-sf100/social_network/dynamic/person_likes_comment_0_0.csv rows=121000000 directed_edges=242000000 elapsed_s=240.2
[snb-full][edge] progress file=/data/WorkSpace/ldbc-sf100/social_network/dynamic/person_likes_comment_0_0.csv rows=122000000 directed_edges=244000000 elapsed_s=242.2
[snb-full][edge] progress file=/data/WorkSpace/ldbc-sf100/social_network/dynamic/person_likes_comment_0_0.csv rows=123000000 directed_edges=246000000 elapsed_s=244.1
[snb-full][edge] progress file=/data/WorkSpace/ldbc-sf100/social_network/dynamic/person_likes_comment_0_0.csv rows=124000000 directed_edges=248000000 elapsed_s=246.1
[snb-full][edge] progress file=/data/WorkSpace/ldbc-sf100/social_network/dynamic/person_likes_comment_0_0.csv rows=125000000 directed_edges=250000000 elapsed_s=248.1
[snb-full][edge] progress file=/data/WorkSpace/ldbc-sf100/social_network/dynamic/person_likes_comment_0_0.csv rows=126000000 directed_edges=252000000 elapsed_s=250.1
[snb-full][edge] progress file=/data/WorkSpace/ldbc-sf100/social_network/dynamic/person_likes_comment_0_0.csv rows=127000000 directed_edges=254000000 elapsed_s=252.0
[snb-full][edge] progress file=/data/WorkSpace/ldbc-sf100/social_network/dynamic/person_likes_comment_0_0.csv rows=128000000 directed_edges=256000000 elapsed_s=254.0
[snb-full][edge] progress file=/data/WorkSpace/ldbc-sf100/social_network/dynamic/person_likes_comment_0_0.csv rows=129000000 directed_edges=258000000 elapsed_s=256.0
[snb-full][edge] progress file=/data/WorkSpace/ldbc-sf100/social_network/dynamic/person_likes_comment_0_0.csv rows=130000000 directed_edges=260000000 elapsed_s=257.9
[snb-full][edge] progress file=/data/WorkSpace/ldbc-sf100/social_network/dynamic/person_likes_comment_0_0.csv rows=131000000 directed_edges=262000000 elapsed_s=259.9
[snb-full][edge] progress file=/data/WorkSpace/ldbc-sf100/social_network/dynamic/person_likes_comment_0_0.csv rows=132000000 directed_edges=264000000 elapsed_s=262.0
[snb-full][edge] progress file=/data/WorkSpace/ldbc-sf100/social_network/dynamic/person_likes_comment_0_0.csv rows=133000000 directed_edges=266000000 elapsed_s=263.9
[snb-full][edge] progress file=/data/WorkSpace/ldbc-sf100/social_network/dynamic/person_likes_comment_0_0.csv rows=134000000 directed_edges=268000000 elapsed_s=265.9
[snb-full][edge] progress file=/data/WorkSpace/ldbc-sf100/social_network/dynamic/person_likes_comment_0_0.csv rows=135000000 directed_edges=270000000 elapsed_s=267.9
[snb-full][edge] progress file=/data/WorkSpace/ldbc-sf100/social_network/dynamic/person_likes_comment_0_0.csv rows=136000000 directed_edges=272000000 elapsed_s=269.9
[snb-full][edge] progress file=/data/WorkSpace/ldbc-sf100/social_network/dynamic/person_likes_comment_0_0.csv rows=137000000 directed_edges=274000000 elapsed_s=271.8
[snb-full][edge] progress file=/data/WorkSpace/ldbc-sf100/social_network/dynamic/person_likes_comment_0_0.csv rows=138000000 directed_edges=276000000 elapsed_s=273.7
[snb-full][edge] progress file=/data/WorkSpace/ldbc-sf100/social_network/dynamic/person_likes_comment_0_0.csv rows=139000000 directed_edges=278000000 elapsed_s=275.7
[snb-full][edge] progress file=/data/WorkSpace/ldbc-sf100/social_network/dynamic/person_likes_comment_0_0.csv rows=140000000 directed_edges=280000000 elapsed_s=277.6
[snb-full][edge] progress file=/data/WorkSpace/ldbc-sf100/social_network/dynamic/person_likes_comment_0_0.csv rows=141000000 directed_edges=282000000 elapsed_s=279.5
[snb-full][edge] progress file=/data/WorkSpace/ldbc-sf100/social_network/dynamic/person_likes_comment_0_0.csv rows=142000000 directed_edges=284000000 elapsed_s=281.6
[snb-full][edge] progress file=/data/WorkSpace/ldbc-sf100/social_network/dynamic/person_likes_comment_0_0.csv rows=143000000 directed_edges=286000000 elapsed_s=283.5
[snb-full][edge] progress file=/data/WorkSpace/ldbc-sf100/social_network/dynamic/person_likes_comment_0_0.csv rows=144000000 directed_edges=288000000 elapsed_s=285.5
[snb-full][edge] progress file=/data/WorkSpace/ldbc-sf100/social_network/dynamic/person_likes_comment_0_0.csv rows=145000000 directed_edges=290000000 elapsed_s=287.5
[snb-full][edge] progress file=/data/WorkSpace/ldbc-sf100/social_network/dynamic/person_likes_comment_0_0.csv rows=146000000 directed_edges=292000000 elapsed_s=289.4
[snb-full][edge] progress file=/data/WorkSpace/ldbc-sf100/social_network/dynamic/person_likes_comment_0_0.csv rows=147000000 directed_edges=294000000 elapsed_s=291.5
[snb-full][edge] progress file=/data/WorkSpace/ldbc-sf100/social_network/dynamic/person_likes_comment_0_0.csv rows=148000000 directed_edges=296000000 elapsed_s=293.4
[snb-full][edge] progress file=/data/WorkSpace/ldbc-sf100/social_network/dynamic/person_likes_comment_0_0.csv rows=149000000 directed_edges=298000000 elapsed_s=295.4
[snb-full][edge] progress file=/data/WorkSpace/ldbc-sf100/social_network/dynamic/person_likes_comment_0_0.csv rows=150000000 directed_edges=300000000 elapsed_s=297.4
[snb-full][edge] progress file=/data/WorkSpace/ldbc-sf100/social_network/dynamic/person_likes_comment_0_0.csv rows=151000000 directed_edges=302000000 elapsed_s=299.4
[snb-full][edge] progress file=/data/WorkSpace/ldbc-sf100/social_network/dynamic/person_likes_comment_0_0.csv rows=152000000 directed_edges=304000000 elapsed_s=301.4
[snb-full][edge] progress file=/data/WorkSpace/ldbc-sf100/social_network/dynamic/person_likes_comment_0_0.csv rows=153000000 directed_edges=306000000 elapsed_s=303.4
[snb-full][edge] progress file=/data/WorkSpace/ldbc-sf100/social_network/dynamic/person_likes_comment_0_0.csv rows=154000000 directed_edges=308000000 elapsed_s=305.4
[snb-full][edge] progress file=/data/WorkSpace/ldbc-sf100/social_network/dynamic/person_likes_comment_0_0.csv rows=155000000 directed_edges=310000000 elapsed_s=307.3
[snb-full][edge] progress file=/data/WorkSpace/ldbc-sf100/social_network/dynamic/person_likes_comment_0_0.csv rows=156000000 directed_edges=312000000 elapsed_s=309.3
[snb-full][edge] progress file=/data/WorkSpace/ldbc-sf100/social_network/dynamic/person_likes_comment_0_0.csv rows=157000000 directed_edges=314000000 elapsed_s=311.2
[snb-full][edge] progress file=/data/WorkSpace/ldbc-sf100/social_network/dynamic/person_likes_comment_0_0.csv rows=158000000 directed_edges=316000000 elapsed_s=313.1
[snb-full][edge] progress file=/data/WorkSpace/ldbc-sf100/social_network/dynamic/person_likes_comment_0_0.csv rows=159000000 directed_edges=318000000 elapsed_s=315.1
[snb-full][edge] progress file=/data/WorkSpace/ldbc-sf100/social_network/dynamic/person_likes_comment_0_0.csv rows=160000000 directed_edges=320000000 elapsed_s=317.0
[snb-full][edge] progress file=/data/WorkSpace/ldbc-sf100/social_network/dynamic/person_likes_comment_0_0.csv rows=161000000 directed_edges=322000000 elapsed_s=318.9
[snb-full][edge] progress file=/data/WorkSpace/ldbc-sf100/social_network/dynamic/person_likes_comment_0_0.csv rows=162000000 directed_edges=324000000 elapsed_s=320.8
[snb-full][edge] progress file=/data/WorkSpace/ldbc-sf100/social_network/dynamic/person_likes_comment_0_0.csv rows=163000000 directed_edges=326000000 elapsed_s=322.8
[snb-full][edge] progress file=/data/WorkSpace/ldbc-sf100/social_network/dynamic/person_likes_comment_0_0.csv rows=164000000 directed_edges=328000000 elapsed_s=324.8
[snb-full][edge] progress file=/data/WorkSpace/ldbc-sf100/social_network/dynamic/person_likes_comment_0_0.csv rows=165000000 directed_edges=330000000 elapsed_s=326.7
[snb-full][edge] progress file=/data/WorkSpace/ldbc-sf100/social_network/dynamic/person_likes_comment_0_0.csv rows=166000000 directed_edges=332000000 elapsed_s=328.7
[snb-full][edge] progress file=/data/WorkSpace/ldbc-sf100/social_network/dynamic/person_likes_comment_0_0.csv rows=167000000 directed_edges=334000000 elapsed_s=330.6
[snb-full][edge] progress file=/data/WorkSpace/ldbc-sf100/social_network/dynamic/person_likes_comment_0_0.csv rows=168000000 directed_edges=336000000 elapsed_s=332.6
[snb-full][edge] progress file=/data/WorkSpace/ldbc-sf100/social_network/dynamic/person_likes_comment_0_0.csv rows=169000000 directed_edges=338000000 elapsed_s=334.6
[snb-full][edge] progress file=/data/WorkSpace/ldbc-sf100/social_network/dynamic/person_likes_comment_0_0.csv rows=170000000 directed_edges=340000000 elapsed_s=336.6
[snb-full][edge] progress file=/data/WorkSpace/ldbc-sf100/social_network/dynamic/person_likes_comment_0_0.csv rows=171000000 directed_edges=342000000 elapsed_s=338.6
[snb-full][edge] progress file=/data/WorkSpace/ldbc-sf100/social_network/dynamic/person_likes_comment_0_0.csv rows=172000000 directed_edges=344000000 elapsed_s=340.6
[snb-full][edge] progress file=/data/WorkSpace/ldbc-sf100/social_network/dynamic/person_likes_comment_0_0.csv rows=173000000 directed_edges=346000000 elapsed_s=342.6
[snb-full][edge] progress file=/data/WorkSpace/ldbc-sf100/social_network/dynamic/person_likes_comment_0_0.csv rows=174000000 directed_edges=348000000 elapsed_s=344.6
[snb-full][edge] progress file=/data/WorkSpace/ldbc-sf100/social_network/dynamic/person_likes_comment_0_0.csv rows=175000000 directed_edges=350000000 elapsed_s=346.6
[snb-full][edge] progress file=/data/WorkSpace/ldbc-sf100/social_network/dynamic/person_likes_comment_0_0.csv rows=176000000 directed_edges=352000000 elapsed_s=348.6
[snb-full][edge] progress file=/data/WorkSpace/ldbc-sf100/social_network/dynamic/person_likes_comment_0_0.csv rows=177000000 directed_edges=354000000 elapsed_s=350.5
[snb-full][edge] progress file=/data/WorkSpace/ldbc-sf100/social_network/dynamic/person_likes_comment_0_0.csv rows=178000000 directed_edges=356000000 elapsed_s=352.6
[snb-full][edge] progress file=/data/WorkSpace/ldbc-sf100/social_network/dynamic/person_likes_comment_0_0.csv rows=179000000 directed_edges=358000000 elapsed_s=354.5
[snb-full][edge] progress file=/data/WorkSpace/ldbc-sf100/social_network/dynamic/person_likes_comment_0_0.csv rows=180000000 directed_edges=360000000 elapsed_s=356.5
[snb-full][edge] progress file=/data/WorkSpace/ldbc-sf100/social_network/dynamic/person_likes_comment_0_0.csv rows=181000000 directed_edges=362000000 elapsed_s=358.5
[snb-full][edge] progress file=/data/WorkSpace/ldbc-sf100/social_network/dynamic/person_likes_comment_0_0.csv rows=182000000 directed_edges=364000000 elapsed_s=360.3
[snb-full][edge] progress file=/data/WorkSpace/ldbc-sf100/social_network/dynamic/person_likes_comment_0_0.csv rows=183000000 directed_edges=366000000 elapsed_s=362.3
[snb-full][edge] progress file=/data/WorkSpace/ldbc-sf100/social_network/dynamic/person_likes_comment_0_0.csv rows=184000000 directed_edges=368000000 elapsed_s=364.6
[snb-full][edge] progress file=/data/WorkSpace/ldbc-sf100/social_network/dynamic/person_likes_comment_0_0.csv rows=185000000 directed_edges=370000000 elapsed_s=366.4
[snb-full][edge] progress file=/data/WorkSpace/ldbc-sf100/social_network/dynamic/person_likes_comment_0_0.csv rows=186000000 directed_edges=372000000 elapsed_s=368.4
[snb-full][edge] progress file=/data/WorkSpace/ldbc-sf100/social_network/dynamic/person_likes_comment_0_0.csv rows=187000000 directed_edges=374000000 elapsed_s=370.4
[snb-full][edge] progress file=/data/WorkSpace/ldbc-sf100/social_network/dynamic/person_likes_comment_0_0.csv rows=188000000 directed_edges=376000000 elapsed_s=372.6
[snb-full][edge] progress file=/data/WorkSpace/ldbc-sf100/social_network/dynamic/person_likes_comment_0_0.csv rows=189000000 directed_edges=378000000 elapsed_s=374.7
[snb-full][edge] progress file=/data/WorkSpace/ldbc-sf100/social_network/dynamic/person_likes_comment_0_0.csv rows=190000000 directed_edges=380000000 elapsed_s=376.6
[snb-full][edge] progress file=/data/WorkSpace/ldbc-sf100/social_network/dynamic/person_likes_comment_0_0.csv rows=191000000 directed_edges=382000000 elapsed_s=378.5
[snb-full][edge] progress file=/data/WorkSpace/ldbc-sf100/social_network/dynamic/person_likes_comment_0_0.csv rows=192000000 directed_edges=384000000 elapsed_s=380.6
[snb-full][edge] progress file=/data/WorkSpace/ldbc-sf100/social_network/dynamic/person_likes_comment_0_0.csv rows=193000000 directed_edges=386000000 elapsed_s=382.7
[snb-full][edge] progress file=/data/WorkSpace/ldbc-sf100/social_network/dynamic/person_likes_comment_0_0.csv rows=194000000 directed_edges=388000000 elapsed_s=384.8
[snb-full][edge] progress file=/data/WorkSpace/ldbc-sf100/social_network/dynamic/person_likes_comment_0_0.csv rows=195000000 directed_edges=390000000 elapsed_s=387.0
[snb-full][edge] progress file=/data/WorkSpace/ldbc-sf100/social_network/dynamic/person_likes_comment_0_0.csv rows=196000000 directed_edges=392000000 elapsed_s=389.0
[snb-full][edge] progress file=/data/WorkSpace/ldbc-sf100/social_network/dynamic/person_likes_comment_0_0.csv rows=197000000 directed_edges=394000000 elapsed_s=390.9
[snb-full][edge] progress file=/data/WorkSpace/ldbc-sf100/social_network/dynamic/person_likes_comment_0_0.csv rows=198000000 directed_edges=396000000 elapsed_s=392.9
[snb-full][edge] progress file=/data/WorkSpace/ldbc-sf100/social_network/dynamic/person_likes_comment_0_0.csv rows=199000000 directed_edges=398000000 elapsed_s=395.1
[snb-full][edge] progress file=/data/WorkSpace/ldbc-sf100/social_network/dynamic/person_likes_comment_0_0.csv rows=200000000 directed_edges=400000000 elapsed_s=397.2
[snb-full][edge] progress file=/data/WorkSpace/ldbc-sf100/social_network/dynamic/person_likes_comment_0_0.csv rows=201000000 directed_edges=402000000 elapsed_s=399.3
[snb-full][edge] progress file=/data/WorkSpace/ldbc-sf100/social_network/dynamic/person_likes_comment_0_0.csv rows=202000000 directed_edges=404000000 elapsed_s=401.5
[snb-full][edge] progress file=/data/WorkSpace/ldbc-sf100/social_network/dynamic/person_likes_comment_0_0.csv rows=203000000 directed_edges=406000000 elapsed_s=403.5
[snb-full][edge] progress file=/data/WorkSpace/ldbc-sf100/social_network/dynamic/person_likes_comment_0_0.csv rows=204000000 directed_edges=408000000 elapsed_s=405.3
[snb-full][edge] progress file=/data/WorkSpace/ldbc-sf100/social_network/dynamic/person_likes_comment_0_0.csv rows=205000000 directed_edges=410000000 elapsed_s=407.2
[snb-full][edge] progress file=/data/WorkSpace/ldbc-sf100/social_network/dynamic/person_likes_comment_0_0.csv rows=206000000 directed_edges=412000000 elapsed_s=409.1
[snb-full][edge] progress file=/data/WorkSpace/ldbc-sf100/social_network/dynamic/person_likes_comment_0_0.csv rows=207000000 directed_edges=414000000 elapsed_s=411.1
[snb-full][edge] progress file=/data/WorkSpace/ldbc-sf100/social_network/dynamic/person_likes_comment_0_0.csv rows=208000000 directed_edges=416000000 elapsed_s=413.4
[snb-full][edge] progress file=/data/WorkSpace/ldbc-sf100/social_network/dynamic/person_likes_comment_0_0.csv rows=209000000 directed_edges=418000000 elapsed_s=415.4
[snb-full][edge] progress file=/data/WorkSpace/ldbc-sf100/social_network/dynamic/person_likes_comment_0_0.csv rows=210000000 directed_edges=420000000 elapsed_s=417.3
[snb-full][edge] progress file=/data/WorkSpace/ldbc-sf100/social_network/dynamic/person_likes_comment_0_0.csv rows=211000000 directed_edges=422000000 elapsed_s=419.4
[snb-full][edge] progress file=/data/WorkSpace/ldbc-sf100/social_network/dynamic/person_likes_comment_0_0.csv rows=212000000 directed_edges=424000000 elapsed_s=421.6
[snb-full][edge] progress file=/data/WorkSpace/ldbc-sf100/social_network/dynamic/person_likes_comment_0_0.csv rows=213000000 directed_edges=426000000 elapsed_s=423.6
[snb-full][edge] progress file=/data/WorkSpace/ldbc-sf100/social_network/dynamic/person_likes_comment_0_0.csv rows=214000000 directed_edges=428000000 elapsed_s=425.7
[snb-full][edge] progress file=/data/WorkSpace/ldbc-sf100/social_network/dynamic/person_likes_comment_0_0.csv rows=215000000 directed_edges=430000000 elapsed_s=427.9
[snb-full][edge] progress file=/data/WorkSpace/ldbc-sf100/social_network/dynamic/person_likes_comment_0_0.csv rows=216000000 directed_edges=432000000 elapsed_s=430.1
[snb-full][edge] progress file=/data/WorkSpace/ldbc-sf100/social_network/dynamic/person_likes_comment_0_0.csv rows=217000000 directed_edges=434000000 elapsed_s=432.2
[snb-full][edge] progress file=/data/WorkSpace/ldbc-sf100/social_network/dynamic/person_likes_comment_0_0.csv rows=218000000 directed_edges=436000000 elapsed_s=434.1
[snb-full][edge] progress file=/data/WorkSpace/ldbc-sf100/social_network/dynamic/person_likes_comment_0_0.csv rows=219000000 directed_edges=438000000 elapsed_s=436.1
[snb-full][edge] progress file=/data/WorkSpace/ldbc-sf100/social_network/dynamic/person_likes_comment_0_0.csv rows=220000000 directed_edges=440000000 elapsed_s=438.3
[snb-full][edge] progress file=/data/WorkSpace/ldbc-sf100/social_network/dynamic/person_likes_comment_0_0.csv rows=221000000 directed_edges=442000000 elapsed_s=440.5
[snb-full][edge] progress file=/data/WorkSpace/ldbc-sf100/social_network/dynamic/person_likes_comment_0_0.csv rows=222000000 directed_edges=444000000 elapsed_s=442.6
[snb-full][edge] progress file=/data/WorkSpace/ldbc-sf100/social_network/dynamic/person_likes_comment_0_0.csv rows=223000000 directed_edges=446000000 elapsed_s=444.6
[snb-full][edge] progress file=/data/WorkSpace/ldbc-sf100/social_network/dynamic/person_likes_comment_0_0.csv rows=224000000 directed_edges=448000000 elapsed_s=446.4
[snb-full][edge] progress file=/data/WorkSpace/ldbc-sf100/social_network/dynamic/person_likes_comment_0_0.csv rows=225000000 directed_edges=450000000 elapsed_s=448.2
[snb-full][edge] progress file=/data/WorkSpace/ldbc-sf100/social_network/dynamic/person_likes_comment_0_0.csv rows=226000000 directed_edges=452000000 elapsed_s=450.2
[snb-full][edge] progress file=/data/WorkSpace/ldbc-sf100/social_network/dynamic/person_likes_comment_0_0.csv rows=227000000 directed_edges=454000000 elapsed_s=452.4
[snb-full][edge] progress file=/data/WorkSpace/ldbc-sf100/social_network/dynamic/person_likes_comment_0_0.csv rows=228000000 directed_edges=456000000 elapsed_s=454.2
[snb-full][edge] progress file=/data/WorkSpace/ldbc-sf100/social_network/dynamic/person_likes_comment_0_0.csv rows=229000000 directed_edges=458000000 elapsed_s=456.2
[snb-full][edge] progress file=/data/WorkSpace/ldbc-sf100/social_network/dynamic/person_likes_comment_0_0.csv rows=230000000 directed_edges=460000000 elapsed_s=458.4
[snb-full][edge] progress file=/data/WorkSpace/ldbc-sf100/social_network/dynamic/person_likes_comment_0_0.csv rows=231000000 directed_edges=462000000 elapsed_s=460.3
[snb-full][edge] progress file=/data/WorkSpace/ldbc-sf100/social_network/dynamic/person_likes_comment_0_0.csv rows=232000000 directed_edges=464000000 elapsed_s=462.3
[snb-full][edge] progress file=/data/WorkSpace/ldbc-sf100/social_network/dynamic/person_likes_comment_0_0.csv rows=233000000 directed_edges=466000000 elapsed_s=464.2
[snb-full][edge] progress file=/data/WorkSpace/ldbc-sf100/social_network/dynamic/person_likes_comment_0_0.csv rows=234000000 directed_edges=468000000 elapsed_s=466.1
[snb-full][edge] progress file=/data/WorkSpace/ldbc-sf100/social_network/dynamic/person_likes_comment_0_0.csv rows=235000000 directed_edges=470000000 elapsed_s=468.3
[snb-full][edge] progress file=/data/WorkSpace/ldbc-sf100/social_network/dynamic/person_likes_comment_0_0.csv rows=236000000 directed_edges=472000000 elapsed_s=470.3
[snb-full][edge] progress file=/data/WorkSpace/ldbc-sf100/social_network/dynamic/person_likes_comment_0_0.csv rows=237000000 directed_edges=474000000 elapsed_s=472.2
[snb-full][edge] progress file=/data/WorkSpace/ldbc-sf100/social_network/dynamic/person_likes_comment_0_0.csv rows=238000000 directed_edges=476000000 elapsed_s=474.3
[snb-full][edge] progress file=/data/WorkSpace/ldbc-sf100/social_network/dynamic/person_likes_comment_0_0.csv rows=239000000 directed_edges=478000000 elapsed_s=476.4
[snb-full][edge] progress file=/data/WorkSpace/ldbc-sf100/social_network/dynamic/person_likes_comment_0_0.csv rows=240000000 directed_edges=480000000 elapsed_s=478.7
[snb-full][edge] progress file=/data/WorkSpace/ldbc-sf100/social_network/dynamic/person_likes_comment_0_0.csv rows=241000000 directed_edges=482000000 elapsed_s=480.6
[snb-full][edge] done file=/data/WorkSpace/ldbc-sf100/social_network/dynamic/person_likes_comment_0_0.csv rows=241957834 directed_edges=483915668 elapsed_s=482.3
[snb-full][edge] start file=/data/WorkSpace/ldbc-sf100/social_network/dynamic/person_likes_post_0_0.csv edge=LikesPost src=Person dst=Post
[snb-full][edge] progress file=/data/WorkSpace/ldbc-sf100/social_network/dynamic/person_likes_post_0_0.csv rows=1000000 directed_edges=2000000 elapsed_s=2.3
[snb-full][edge] progress file=/data/WorkSpace/ldbc-sf100/social_network/dynamic/person_likes_post_0_0.csv rows=2000000 directed_edges=4000000 elapsed_s=4.4
[snb-full][edge] progress file=/data/WorkSpace/ldbc-sf100/social_network/dynamic/person_likes_post_0_0.csv rows=3000000 directed_edges=6000000 elapsed_s=6.1
[snb-full][edge] progress file=/data/WorkSpace/ldbc-sf100/social_network/dynamic/person_likes_post_0_0.csv rows=4000000 directed_edges=8000000 elapsed_s=8.3
[snb-full][edge] progress file=/data/WorkSpace/ldbc-sf100/social_network/dynamic/person_likes_post_0_0.csv rows=5000000 directed_edges=10000000 elapsed_s=10.8
[snb-full][edge] progress file=/data/WorkSpace/ldbc-sf100/social_network/dynamic/person_likes_post_0_0.csv rows=6000000 directed_edges=12000000 elapsed_s=12.5
[snb-full][edge] progress file=/data/WorkSpace/ldbc-sf100/social_network/dynamic/person_likes_post_0_0.csv rows=7000000 directed_edges=14000000 elapsed_s=14.5
[snb-full][edge] progress file=/data/WorkSpace/ldbc-sf100/social_network/dynamic/person_likes_post_0_0.csv rows=8000000 directed_edges=16000000 elapsed_s=16.9
[snb-full][edge] progress file=/data/WorkSpace/ldbc-sf100/social_network/dynamic/person_likes_post_0_0.csv rows=9000000 directed_edges=18000000 elapsed_s=19.0
[snb-full][edge] progress file=/data/WorkSpace/ldbc-sf100/social_network/dynamic/person_likes_post_0_0.csv rows=10000000 directed_edges=20000000 elapsed_s=21.0
[snb-full][edge] progress file=/data/WorkSpace/ldbc-sf100/social_network/dynamic/person_likes_post_0_0.csv rows=11000000 directed_edges=22000000 elapsed_s=23.3
[snb-full][edge] progress file=/data/WorkSpace/ldbc-sf100/social_network/dynamic/person_likes_post_0_0.csv rows=12000000 directed_edges=24000000 elapsed_s=25.5
[snb-full][edge] progress file=/data/WorkSpace/ldbc-sf100/social_network/dynamic/person_likes_post_0_0.csv rows=13000000 directed_edges=26000000 elapsed_s=27.4
[snb-full][edge] progress file=/data/WorkSpace/ldbc-sf100/social_network/dynamic/person_likes_post_0_0.csv rows=14000000 directed_edges=28000000 elapsed_s=29.4
[snb-full][edge] progress file=/data/WorkSpace/ldbc-sf100/social_network/dynamic/person_likes_post_0_0.csv rows=15000000 directed_edges=30000000 elapsed_s=31.7
[snb-full][edge] progress file=/data/WorkSpace/ldbc-sf100/social_network/dynamic/person_likes_post_0_0.csv rows=16000000 directed_edges=32000000 elapsed_s=33.7
[snb-full][edge] progress file=/data/WorkSpace/ldbc-sf100/social_network/dynamic/person_likes_post_0_0.csv rows=17000000 directed_edges=34000000 elapsed_s=35.7
[snb-full][edge] progress file=/data/WorkSpace/ldbc-sf100/social_network/dynamic/person_likes_post_0_0.csv rows=18000000 directed_edges=36000000 elapsed_s=37.8
[snb-full][edge] progress file=/data/WorkSpace/ldbc-sf100/social_network/dynamic/person_likes_post_0_0.csv rows=19000000 directed_edges=38000000 elapsed_s=39.8
[snb-full][edge] progress file=/data/WorkSpace/ldbc-sf100/social_network/dynamic/person_likes_post_0_0.csv rows=20000000 directed_edges=40000000 elapsed_s=42.1
[snb-full][edge] progress file=/data/WorkSpace/ldbc-sf100/social_network/dynamic/person_likes_post_0_0.csv rows=21000000 directed_edges=42000000 elapsed_s=44.3
[snb-full][edge] progress file=/data/WorkSpace/ldbc-sf100/social_network/dynamic/person_likes_post_0_0.csv rows=22000000 directed_edges=44000000 elapsed_s=46.2
[snb-full][edge] progress file=/data/WorkSpace/ldbc-sf100/social_network/dynamic/person_likes_post_0_0.csv rows=23000000 directed_edges=46000000 elapsed_s=48.3
[snb-full][edge] progress file=/data/WorkSpace/ldbc-sf100/social_network/dynamic/person_likes_post_0_0.csv rows=24000000 directed_edges=48000000 elapsed_s=50.6
[snb-full][edge] progress file=/data/WorkSpace/ldbc-sf100/social_network/dynamic/person_likes_post_0_0.csv rows=25000000 directed_edges=50000000 elapsed_s=52.5
[snb-full][edge] progress file=/data/WorkSpace/ldbc-sf100/social_network/dynamic/person_likes_post_0_0.csv rows=26000000 directed_edges=52000000 elapsed_s=54.5
[snb-full][edge] progress file=/data/WorkSpace/ldbc-sf100/social_network/dynamic/person_likes_post_0_0.csv rows=27000000 directed_edges=54000000 elapsed_s=57.0
[snb-full][edge] progress file=/data/WorkSpace/ldbc-sf100/social_network/dynamic/person_likes_post_0_0.csv rows=28000000 directed_edges=56000000 elapsed_s=58.8
[snb-full][edge] progress file=/data/WorkSpace/ldbc-sf100/social_network/dynamic/person_likes_post_0_0.csv rows=29000000 directed_edges=58000000 elapsed_s=61.2
[snb-full][edge] progress file=/data/WorkSpace/ldbc-sf100/social_network/dynamic/person_likes_post_0_0.csv rows=30000000 directed_edges=60000000 elapsed_s=63.2
[snb-full][edge] progress file=/data/WorkSpace/ldbc-sf100/social_network/dynamic/person_likes_post_0_0.csv rows=31000000 directed_edges=62000000 elapsed_s=65.2
[snb-full][edge] progress file=/data/WorkSpace/ldbc-sf100/social_network/dynamic/person_likes_post_0_0.csv rows=32000000 directed_edges=64000000 elapsed_s=67.2
[snb-full][edge] progress file=/data/WorkSpace/ldbc-sf100/social_network/dynamic/person_likes_post_0_0.csv rows=33000000 directed_edges=66000000 elapsed_s=69.5
[snb-full][edge] progress file=/data/WorkSpace/ldbc-sf100/social_network/dynamic/person_likes_post_0_0.csv rows=34000000 directed_edges=68000000 elapsed_s=71.6
[snb-full][edge] progress file=/data/WorkSpace/ldbc-sf100/social_network/dynamic/person_likes_post_0_0.csv rows=35000000 directed_edges=70000000 elapsed_s=73.5
[snb-full][edge] progress file=/data/WorkSpace/ldbc-sf100/social_network/dynamic/person_likes_post_0_0.csv rows=36000000 directed_edges=72000000 elapsed_s=75.7
[snb-full][edge] progress file=/data/WorkSpace/ldbc-sf100/social_network/dynamic/person_likes_post_0_0.csv rows=37000000 directed_edges=74000000 elapsed_s=78.0
[snb-full][edge] progress file=/data/WorkSpace/ldbc-sf100/social_network/dynamic/person_likes_post_0_0.csv rows=38000000 directed_edges=76000000 elapsed_s=80.2
[snb-full][edge] progress file=/data/WorkSpace/ldbc-sf100/social_network/dynamic/person_likes_post_0_0.csv rows=39000000 directed_edges=78000000 elapsed_s=82.5
[snb-full][edge] progress file=/data/WorkSpace/ldbc-sf100/social_network/dynamic/person_likes_post_0_0.csv rows=40000000 directed_edges=80000000 elapsed_s=84.4
[snb-full][edge] progress file=/data/WorkSpace/ldbc-sf100/social_network/dynamic/person_likes_post_0_0.csv rows=41000000 directed_edges=82000000 elapsed_s=86.6
[snb-full][edge] progress file=/data/WorkSpace/ldbc-sf100/social_network/dynamic/person_likes_post_0_0.csv rows=42000000 directed_edges=84000000 elapsed_s=88.8
[snb-full][edge] progress file=/data/WorkSpace/ldbc-sf100/social_network/dynamic/person_likes_post_0_0.csv rows=43000000 directed_edges=86000000 elapsed_s=90.7
[snb-full][edge] progress file=/data/WorkSpace/ldbc-sf100/social_network/dynamic/person_likes_post_0_0.csv rows=44000000 directed_edges=88000000 elapsed_s=92.9
[snb-full][edge] progress file=/data/WorkSpace/ldbc-sf100/social_network/dynamic/person_likes_post_0_0.csv rows=45000000 directed_edges=90000000 elapsed_s=95.1
[snb-full][edge] progress file=/data/WorkSpace/ldbc-sf100/social_network/dynamic/person_likes_post_0_0.csv rows=46000000 directed_edges=92000000 elapsed_s=97.0
[snb-full][edge] progress file=/data/WorkSpace/ldbc-sf100/social_network/dynamic/person_likes_post_0_0.csv rows=47000000 directed_edges=94000000 elapsed_s=99.0
[snb-full][edge] progress file=/data/WorkSpace/ldbc-sf100/social_network/dynamic/person_likes_post_0_0.csv rows=48000000 directed_edges=96000000 elapsed_s=101.5
[snb-full][edge] progress file=/data/WorkSpace/ldbc-sf100/social_network/dynamic/person_likes_post_0_0.csv rows=49000000 directed_edges=98000000 elapsed_s=103.3
[snb-full][edge] progress file=/data/WorkSpace/ldbc-sf100/social_network/dynamic/person_likes_post_0_0.csv rows=50000000 directed_edges=100000000 elapsed_s=105.3
[snb-full][edge] progress file=/data/WorkSpace/ldbc-sf100/social_network/dynamic/person_likes_post_0_0.csv rows=51000000 directed_edges=102000000 elapsed_s=107.3
[snb-full][edge] progress file=/data/WorkSpace/ldbc-sf100/social_network/dynamic/person_likes_post_0_0.csv rows=52000000 directed_edges=104000000 elapsed_s=109.3
[snb-full][edge] progress file=/data/WorkSpace/ldbc-sf100/social_network/dynamic/person_likes_post_0_0.csv rows=53000000 directed_edges=106000000 elapsed_s=111.7
[snb-full][edge] progress file=/data/WorkSpace/ldbc-sf100/social_network/dynamic/person_likes_post_0_0.csv rows=54000000 directed_edges=108000000 elapsed_s=113.8
[snb-full][edge] progress file=/data/WorkSpace/ldbc-sf100/social_network/dynamic/person_likes_post_0_0.csv rows=55000000 directed_edges=110000000 elapsed_s=115.8
[snb-full][edge] progress file=/data/WorkSpace/ldbc-sf100/social_network/dynamic/person_likes_post_0_0.csv rows=56000000 directed_edges=112000000 elapsed_s=117.9
[snb-full][edge] progress file=/data/WorkSpace/ldbc-sf100/social_network/dynamic/person_likes_post_0_0.csv rows=57000000 directed_edges=114000000 elapsed_s=120.0
[snb-full][edge] progress file=/data/WorkSpace/ldbc-sf100/social_network/dynamic/person_likes_post_0_0.csv rows=58000000 directed_edges=116000000 elapsed_s=122.1
[snb-full][edge] progress file=/data/WorkSpace/ldbc-sf100/social_network/dynamic/person_likes_post_0_0.csv rows=59000000 directed_edges=118000000 elapsed_s=124.1
[snb-full][edge] progress file=/data/WorkSpace/ldbc-sf100/social_network/dynamic/person_likes_post_0_0.csv rows=60000000 directed_edges=120000000 elapsed_s=126.3
[snb-full][edge] progress file=/data/WorkSpace/ldbc-sf100/social_network/dynamic/person_likes_post_0_0.csv rows=61000000 directed_edges=122000000 elapsed_s=128.3
[snb-full][edge] progress file=/data/WorkSpace/ldbc-sf100/social_network/dynamic/person_likes_post_0_0.csv rows=62000000 directed_edges=124000000 elapsed_s=130.4
[snb-full][edge] progress file=/data/WorkSpace/ldbc-sf100/social_network/dynamic/person_likes_post_0_0.csv rows=63000000 directed_edges=126000000 elapsed_s=132.6
[snb-full][edge] progress file=/data/WorkSpace/ldbc-sf100/social_network/dynamic/person_likes_post_0_0.csv rows=64000000 directed_edges=128000000 elapsed_s=134.8
[snb-full][edge] progress file=/data/WorkSpace/ldbc-sf100/social_network/dynamic/person_likes_post_0_0.csv rows=65000000 directed_edges=130000000 elapsed_s=137.1
[snb-full][edge] progress file=/data/WorkSpace/ldbc-sf100/social_network/dynamic/person_likes_post_0_0.csv rows=66000000 directed_edges=132000000 elapsed_s=139.1
[snb-full][edge] progress file=/data/WorkSpace/ldbc-sf100/social_network/dynamic/person_likes_post_0_0.csv rows=67000000 directed_edges=134000000 elapsed_s=141.1
[snb-full][edge] progress file=/data/WorkSpace/ldbc-sf100/social_network/dynamic/person_likes_post_0_0.csv rows=68000000 directed_edges=136000000 elapsed_s=143.5
[snb-full][edge] progress file=/data/WorkSpace/ldbc-sf100/social_network/dynamic/person_likes_post_0_0.csv rows=69000000 directed_edges=138000000 elapsed_s=145.2
[snb-full][edge] progress file=/data/WorkSpace/ldbc-sf100/social_network/dynamic/person_likes_post_0_0.csv rows=70000000 directed_edges=140000000 elapsed_s=147.5
[snb-full][edge] progress file=/data/WorkSpace/ldbc-sf100/social_network/dynamic/person_likes_post_0_0.csv rows=71000000 directed_edges=142000000 elapsed_s=149.4
[snb-full][edge] progress file=/data/WorkSpace/ldbc-sf100/social_network/dynamic/person_likes_post_0_0.csv rows=72000000 directed_edges=144000000 elapsed_s=151.5
[snb-full][edge] progress file=/data/WorkSpace/ldbc-sf100/social_network/dynamic/person_likes_post_0_0.csv rows=73000000 directed_edges=146000000 elapsed_s=153.5
[snb-full][edge] progress file=/data/WorkSpace/ldbc-sf100/social_network/dynamic/person_likes_post_0_0.csv rows=74000000 directed_edges=148000000 elapsed_s=155.6
[snb-full][edge] progress file=/data/WorkSpace/ldbc-sf100/social_network/dynamic/person_likes_post_0_0.csv rows=75000000 directed_edges=150000000 elapsed_s=157.7
[snb-full][edge] progress file=/data/WorkSpace/ldbc-sf100/social_network/dynamic/person_likes_post_0_0.csv rows=76000000 directed_edges=152000000 elapsed_s=159.8
[snb-full][edge] progress file=/data/WorkSpace/ldbc-sf100/social_network/dynamic/person_likes_post_0_0.csv rows=77000000 directed_edges=154000000 elapsed_s=161.8
[snb-full][edge] progress file=/data/WorkSpace/ldbc-sf100/social_network/dynamic/person_likes_post_0_0.csv rows=78000000 directed_edges=156000000 elapsed_s=163.9
[snb-full][edge] progress file=/data/WorkSpace/ldbc-sf100/social_network/dynamic/person_likes_post_0_0.csv rows=79000000 directed_edges=158000000 elapsed_s=166.0
[snb-full][edge] progress file=/data/WorkSpace/ldbc-sf100/social_network/dynamic/person_likes_post_0_0.csv rows=80000000 directed_edges=160000000 elapsed_s=168.0
[snb-full][edge] progress file=/data/WorkSpace/ldbc-sf100/social_network/dynamic/person_likes_post_0_0.csv rows=81000000 directed_edges=162000000 elapsed_s=170.1
[snb-full][edge] progress file=/data/WorkSpace/ldbc-sf100/social_network/dynamic/person_likes_post_0_0.csv rows=82000000 directed_edges=164000000 elapsed_s=172.1
[snb-full][edge] progress file=/data/WorkSpace/ldbc-sf100/social_network/dynamic/person_likes_post_0_0.csv rows=83000000 directed_edges=166000000 elapsed_s=174.1
[snb-full][edge] progress file=/data/WorkSpace/ldbc-sf100/social_network/dynamic/person_likes_post_0_0.csv rows=84000000 directed_edges=168000000 elapsed_s=176.2
[snb-full][edge] progress file=/data/WorkSpace/ldbc-sf100/social_network/dynamic/person_likes_post_0_0.csv rows=85000000 directed_edges=170000000 elapsed_s=178.2
[snb-full][edge] progress file=/data/WorkSpace/ldbc-sf100/social_network/dynamic/person_likes_post_0_0.csv rows=86000000 directed_edges=172000000 elapsed_s=180.3
[snb-full][edge] progress file=/data/WorkSpace/ldbc-sf100/social_network/dynamic/person_likes_post_0_0.csv rows=87000000 directed_edges=174000000 elapsed_s=182.3
[snb-full][edge] progress file=/data/WorkSpace/ldbc-sf100/social_network/dynamic/person_likes_post_0_0.csv rows=88000000 directed_edges=176000000 elapsed_s=184.4
[snb-full][edge] progress file=/data/WorkSpace/ldbc-sf100/social_network/dynamic/person_likes_post_0_0.csv rows=89000000 directed_edges=178000000 elapsed_s=186.5
[snb-full][edge] progress file=/data/WorkSpace/ldbc-sf100/social_network/dynamic/person_likes_post_0_0.csv rows=90000000 directed_edges=180000000 elapsed_s=188.4
[snb-full][edge] progress file=/data/WorkSpace/ldbc-sf100/social_network/dynamic/person_likes_post_0_0.csv rows=91000000 directed_edges=182000000 elapsed_s=190.5
[snb-full][edge] progress file=/data/WorkSpace/ldbc-sf100/social_network/dynamic/person_likes_post_0_0.csv rows=92000000 directed_edges=184000000 elapsed_s=192.3
[snb-full][edge] progress file=/data/WorkSpace/ldbc-sf100/social_network/dynamic/person_likes_post_0_0.csv rows=93000000 directed_edges=186000000 elapsed_s=194.4
[snb-full][edge] progress file=/data/WorkSpace/ldbc-sf100/social_network/dynamic/person_likes_post_0_0.csv rows=94000000 directed_edges=188000000 elapsed_s=196.4
[snb-full][edge] progress file=/data/WorkSpace/ldbc-sf100/social_network/dynamic/person_likes_post_0_0.csv rows=95000000 directed_edges=190000000 elapsed_s=198.5
[snb-full][edge] progress file=/data/WorkSpace/ldbc-sf100/social_network/dynamic/person_likes_post_0_0.csv rows=96000000 directed_edges=192000000 elapsed_s=200.5
[snb-full][edge] progress file=/data/WorkSpace/ldbc-sf100/social_network/dynamic/person_likes_post_0_0.csv rows=97000000 directed_edges=194000000 elapsed_s=202.6
[snb-full][edge] progress file=/data/WorkSpace/ldbc-sf100/social_network/dynamic/person_likes_post_0_0.csv rows=98000000 directed_edges=196000000 elapsed_s=204.7
[snb-full][edge] progress file=/data/WorkSpace/ldbc-sf100/social_network/dynamic/person_likes_post_0_0.csv rows=99000000 directed_edges=198000000 elapsed_s=206.8
[snb-full][edge] done file=/data/WorkSpace/ldbc-sf100/social_network/dynamic/person_likes_post_0_0.csv rows=99515108 directed_edges=199030216 elapsed_s=208.0
[snb-full][edge] start file=/data/WorkSpace/ldbc-sf100/social_network/dynamic/person_hasInterest_tag_0_0.csv edge=HasInterest src=Person dst=Tag
[snb-full][edge] progress file=/data/WorkSpace/ldbc-sf100/social_network/dynamic/person_hasInterest_tag_0_0.csv rows=1000000 directed_edges=2000000 elapsed_s=1.7
[snb-full][edge] progress file=/data/WorkSpace/ldbc-sf100/social_network/dynamic/person_hasInterest_tag_0_0.csv rows=2000000 directed_edges=4000000 elapsed_s=3.6
[snb-full][edge] progress file=/data/WorkSpace/ldbc-sf100/social_network/dynamic/person_hasInterest_tag_0_0.csv rows=3000000 directed_edges=6000000 elapsed_s=5.5
[snb-full][edge] progress file=/data/WorkSpace/ldbc-sf100/social_network/dynamic/person_hasInterest_tag_0_0.csv rows=4000000 directed_edges=8000000 elapsed_s=7.3
[snb-full][edge] progress file=/data/WorkSpace/ldbc-sf100/social_network/dynamic/person_hasInterest_tag_0_0.csv rows=5000000 directed_edges=10000000 elapsed_s=9.2
[snb-full][edge] progress file=/data/WorkSpace/ldbc-sf100/social_network/dynamic/person_hasInterest_tag_0_0.csv rows=6000000 directed_edges=12000000 elapsed_s=11.0
[snb-full][edge] progress file=/data/WorkSpace/ldbc-sf100/social_network/dynamic/person_hasInterest_tag_0_0.csv rows=7000000 directed_edges=14000000 elapsed_s=12.9
[snb-full][edge] progress file=/data/WorkSpace/ldbc-sf100/social_network/dynamic/person_hasInterest_tag_0_0.csv rows=8000000 directed_edges=16000000 elapsed_s=14.7
[snb-full][edge] progress file=/data/WorkSpace/ldbc-sf100/social_network/dynamic/person_hasInterest_tag_0_0.csv rows=9000000 directed_edges=18000000 elapsed_s=16.6
[snb-full][edge] progress file=/data/WorkSpace/ldbc-sf100/social_network/dynamic/person_hasInterest_tag_0_0.csv rows=10000000 directed_edges=20000000 elapsed_s=18.4
[snb-full][edge] done file=/data/WorkSpace/ldbc-sf100/social_network/dynamic/person_hasInterest_tag_0_0.csv rows=10471962 directed_edges=20943924 elapsed_s=19.3
[snb-full][edge] start file=/data/WorkSpace/ldbc-sf100/social_network/dynamic/person_studyAt_organisation_0_0.csv edge=StudyAt src=Person dst=Organisation
[snb-full][edge] done file=/data/WorkSpace/ldbc-sf100/social_network/dynamic/person_studyAt_organisation_0_0.csv rows=359212 directed_edges=718424 elapsed_s=1.0
[snb-full][edge] start file=/data/WorkSpace/ldbc-sf100/social_network/dynamic/person_workAt_organisation_0_0.csv edge=WorkAt src=Person dst=Organisation
[snb-full][edge] done file=/data/WorkSpace/ldbc-sf100/social_network/dynamic/person_workAt_organisation_0_0.csv rows=976349 directed_edges=1952698 elapsed_s=2.5
[snb-full][edge] start file=/data/WorkSpace/ldbc-sf100/social_network/dynamic/forum_hasMember_person_0_0.csv edge=HasMember src=Forum dst=Person
[snb-full][edge] progress file=/data/WorkSpace/ldbc-sf100/social_network/dynamic/forum_hasMember_person_0_0.csv rows=1000000 directed_edges=2000000 elapsed_s=2.0
[snb-full][edge] progress file=/data/WorkSpace/ldbc-sf100/social_network/dynamic/forum_hasMember_person_0_0.csv rows=2000000 directed_edges=4000000 elapsed_s=4.1
[snb-full][edge] progress file=/data/WorkSpace/ldbc-sf100/social_network/dynamic/forum_hasMember_person_0_0.csv rows=3000000 directed_edges=6000000 elapsed_s=6.0
[snb-full][edge] progress file=/data/WorkSpace/ldbc-sf100/social_network/dynamic/forum_hasMember_person_0_0.csv rows=4000000 directed_edges=8000000 elapsed_s=8.0
[snb-full][edge] progress file=/data/WorkSpace/ldbc-sf100/social_network/dynamic/forum_hasMember_person_0_0.csv rows=5000000 directed_edges=10000000 elapsed_s=9.9
[snb-full][edge] progress file=/data/WorkSpace/ldbc-sf100/social_network/dynamic/forum_hasMember_person_0_0.csv rows=6000000 directed_edges=12000000 elapsed_s=11.9
[snb-full][edge] progress file=/data/WorkSpace/ldbc-sf100/social_network/dynamic/forum_hasMember_person_0_0.csv rows=7000000 directed_edges=14000000 elapsed_s=13.7
[snb-full][edge] progress file=/data/WorkSpace/ldbc-sf100/social_network/dynamic/forum_hasMember_person_0_0.csv rows=8000000 directed_edges=16000000 elapsed_s=15.7
[snb-full][edge] progress file=/data/WorkSpace/ldbc-sf100/social_network/dynamic/forum_hasMember_person_0_0.csv rows=9000000 directed_edges=18000000 elapsed_s=17.5
[snb-full][edge] progress file=/data/WorkSpace/ldbc-sf100/social_network/dynamic/forum_hasMember_person_0_0.csv rows=10000000 directed_edges=20000000 elapsed_s=19.6
[snb-full][edge] progress file=/data/WorkSpace/ldbc-sf100/social_network/dynamic/forum_hasMember_person_0_0.csv rows=11000000 directed_edges=22000000 elapsed_s=21.5
[snb-full][edge] progress file=/data/WorkSpace/ldbc-sf100/social_network/dynamic/forum_hasMember_person_0_0.csv rows=12000000 directed_edges=24000000 elapsed_s=23.4
[snb-full][edge] progress file=/data/WorkSpace/ldbc-sf100/social_network/dynamic/forum_hasMember_person_0_0.csv rows=13000000 directed_edges=26000000 elapsed_s=25.4
[snb-full][edge] progress file=/data/WorkSpace/ldbc-sf100/social_network/dynamic/forum_hasMember_person_0_0.csv rows=14000000 directed_edges=28000000 elapsed_s=27.3
[snb-full][edge] progress file=/data/WorkSpace/ldbc-sf100/social_network/dynamic/forum_hasMember_person_0_0.csv rows=15000000 directed_edges=30000000 elapsed_s=29.3
[snb-full][edge] progress file=/data/WorkSpace/ldbc-sf100/social_network/dynamic/forum_hasMember_person_0_0.csv rows=16000000 directed_edges=32000000 elapsed_s=31.2
[snb-full][edge] progress file=/data/WorkSpace/ldbc-sf100/social_network/dynamic/forum_hasMember_person_0_0.csv rows=17000000 directed_edges=34000000 elapsed_s=33.2
[snb-full][edge] progress file=/data/WorkSpace/ldbc-sf100/social_network/dynamic/forum_hasMember_person_0_0.csv rows=18000000 directed_edges=36000000 elapsed_s=35.2
[snb-full][edge] progress file=/data/WorkSpace/ldbc-sf100/social_network/dynamic/forum_hasMember_person_0_0.csv rows=19000000 directed_edges=38000000 elapsed_s=37.1
[snb-full][edge] progress file=/data/WorkSpace/ldbc-sf100/social_network/dynamic/forum_hasMember_person_0_0.csv rows=20000000 directed_edges=40000000 elapsed_s=39.1
[snb-full][edge] progress file=/data/WorkSpace/ldbc-sf100/social_network/dynamic/forum_hasMember_person_0_0.csv rows=21000000 directed_edges=42000000 elapsed_s=41.0
[snb-full][edge] progress file=/data/WorkSpace/ldbc-sf100/social_network/dynamic/forum_hasMember_person_0_0.csv rows=22000000 directed_edges=44000000 elapsed_s=43.1
[snb-full][edge] progress file=/data/WorkSpace/ldbc-sf100/social_network/dynamic/forum_hasMember_person_0_0.csv rows=23000000 directed_edges=46000000 elapsed_s=45.0
[snb-full][edge] progress file=/data/WorkSpace/ldbc-sf100/social_network/dynamic/forum_hasMember_person_0_0.csv rows=24000000 directed_edges=48000000 elapsed_s=47.0
[snb-full][edge] progress file=/data/WorkSpace/ldbc-sf100/social_network/dynamic/forum_hasMember_person_0_0.csv rows=25000000 directed_edges=50000000 elapsed_s=49.0
[snb-full][edge] progress file=/data/WorkSpace/ldbc-sf100/social_network/dynamic/forum_hasMember_person_0_0.csv rows=26000000 directed_edges=52000000 elapsed_s=50.9
[snb-full][edge] progress file=/data/WorkSpace/ldbc-sf100/social_network/dynamic/forum_hasMember_person_0_0.csv rows=27000000 directed_edges=54000000 elapsed_s=52.9
[snb-full][edge] progress file=/data/WorkSpace/ldbc-sf100/social_network/dynamic/forum_hasMember_person_0_0.csv rows=28000000 directed_edges=56000000 elapsed_s=54.9
[snb-full][edge] progress file=/data/WorkSpace/ldbc-sf100/social_network/dynamic/forum_hasMember_person_0_0.csv rows=29000000 directed_edges=58000000 elapsed_s=56.7
[snb-full][edge] progress file=/data/WorkSpace/ldbc-sf100/social_network/dynamic/forum_hasMember_person_0_0.csv rows=30000000 directed_edges=60000000 elapsed_s=58.7
[snb-full][edge] progress file=/data/WorkSpace/ldbc-sf100/social_network/dynamic/forum_hasMember_person_0_0.csv rows=31000000 directed_edges=62000000 elapsed_s=60.7
[snb-full][edge] progress file=/data/WorkSpace/ldbc-sf100/social_network/dynamic/forum_hasMember_person_0_0.csv rows=32000000 directed_edges=64000000 elapsed_s=62.6
[snb-full][edge] progress file=/data/WorkSpace/ldbc-sf100/social_network/dynamic/forum_hasMember_person_0_0.csv rows=33000000 directed_edges=66000000 elapsed_s=64.6
[snb-full][edge] progress file=/data/WorkSpace/ldbc-sf100/social_network/dynamic/forum_hasMember_person_0_0.csv rows=34000000 directed_edges=68000000 elapsed_s=66.6
[snb-full][edge] progress file=/data/WorkSpace/ldbc-sf100/social_network/dynamic/forum_hasMember_person_0_0.csv rows=35000000 directed_edges=70000000 elapsed_s=68.6
[snb-full][edge] progress file=/data/WorkSpace/ldbc-sf100/social_network/dynamic/forum_hasMember_person_0_0.csv rows=36000000 directed_edges=72000000 elapsed_s=70.6
[snb-full][edge] progress file=/data/WorkSpace/ldbc-sf100/social_network/dynamic/forum_hasMember_person_0_0.csv rows=37000000 directed_edges=74000000 elapsed_s=72.5
[snb-full][edge] progress file=/data/WorkSpace/ldbc-sf100/social_network/dynamic/forum_hasMember_person_0_0.csv rows=38000000 directed_edges=76000000 elapsed_s=74.6
[snb-full][edge] progress file=/data/WorkSpace/ldbc-sf100/social_network/dynamic/forum_hasMember_person_0_0.csv rows=39000000 directed_edges=78000000 elapsed_s=76.5
[snb-full][edge] progress file=/data/WorkSpace/ldbc-sf100/social_network/dynamic/forum_hasMember_person_0_0.csv rows=40000000 directed_edges=80000000 elapsed_s=78.5
[snb-full][edge] progress file=/data/WorkSpace/ldbc-sf100/social_network/dynamic/forum_hasMember_person_0_0.csv rows=41000000 directed_edges=82000000 elapsed_s=80.5
[snb-full][edge] progress file=/data/WorkSpace/ldbc-sf100/social_network/dynamic/forum_hasMember_person_0_0.csv rows=42000000 directed_edges=84000000 elapsed_s=82.4
[snb-full][edge] progress file=/data/WorkSpace/ldbc-sf100/social_network/dynamic/forum_hasMember_person_0_0.csv rows=43000000 directed_edges=86000000 elapsed_s=84.4
[snb-full][edge] progress file=/data/WorkSpace/ldbc-sf100/social_network/dynamic/forum_hasMember_person_0_0.csv rows=44000000 directed_edges=88000000 elapsed_s=86.3
[snb-full][edge] progress file=/data/WorkSpace/ldbc-sf100/social_network/dynamic/forum_hasMember_person_0_0.csv rows=45000000 directed_edges=90000000 elapsed_s=88.4
[snb-full][edge] progress file=/data/WorkSpace/ldbc-sf100/social_network/dynamic/forum_hasMember_person_0_0.csv rows=46000000 directed_edges=92000000 elapsed_s=90.3
[snb-full][edge] progress file=/data/WorkSpace/ldbc-sf100/social_network/dynamic/forum_hasMember_person_0_0.csv rows=47000000 directed_edges=94000000 elapsed_s=92.3
[snb-full][edge] progress file=/data/WorkSpace/ldbc-sf100/social_network/dynamic/forum_hasMember_person_0_0.csv rows=48000000 directed_edges=96000000 elapsed_s=94.3
[snb-full][edge] progress file=/data/WorkSpace/ldbc-sf100/social_network/dynamic/forum_hasMember_person_0_0.csv rows=49000000 directed_edges=98000000 elapsed_s=96.2
[snb-full][edge] progress file=/data/WorkSpace/ldbc-sf100/social_network/dynamic/forum_hasMember_person_0_0.csv rows=50000000 directed_edges=100000000 elapsed_s=98.1
[snb-full][edge] progress file=/data/WorkSpace/ldbc-sf100/social_network/dynamic/forum_hasMember_person_0_0.csv rows=51000000 directed_edges=102000000 elapsed_s=100.1
[snb-full][edge] progress file=/data/WorkSpace/ldbc-sf100/social_network/dynamic/forum_hasMember_person_0_0.csv rows=52000000 directed_edges=104000000 elapsed_s=101.9
[snb-full][edge] progress file=/data/WorkSpace/ldbc-sf100/social_network/dynamic/forum_hasMember_person_0_0.csv rows=53000000 directed_edges=106000000 elapsed_s=104.0
[snb-full][edge] progress file=/data/WorkSpace/ldbc-sf100/social_network/dynamic/forum_hasMember_person_0_0.csv rows=54000000 directed_edges=108000000 elapsed_s=105.9
[snb-full][edge] progress file=/data/WorkSpace/ldbc-sf100/social_network/dynamic/forum_hasMember_person_0_0.csv rows=55000000 directed_edges=110000000 elapsed_s=107.9
[snb-full][edge] progress file=/data/WorkSpace/ldbc-sf100/social_network/dynamic/forum_hasMember_person_0_0.csv rows=56000000 directed_edges=112000000 elapsed_s=109.9
[snb-full][edge] progress file=/data/WorkSpace/ldbc-sf100/social_network/dynamic/forum_hasMember_person_0_0.csv rows=57000000 directed_edges=114000000 elapsed_s=111.8
[snb-full][edge] progress file=/data/WorkSpace/ldbc-sf100/social_network/dynamic/forum_hasMember_person_0_0.csv rows=58000000 directed_edges=116000000 elapsed_s=113.9
[snb-full][edge] progress file=/data/WorkSpace/ldbc-sf100/social_network/dynamic/forum_hasMember_person_0_0.csv rows=59000000 directed_edges=118000000 elapsed_s=115.8
[snb-full][edge] progress file=/data/WorkSpace/ldbc-sf100/social_network/dynamic/forum_hasMember_person_0_0.csv rows=60000000 directed_edges=120000000 elapsed_s=117.8
[snb-full][edge] progress file=/data/WorkSpace/ldbc-sf100/social_network/dynamic/forum_hasMember_person_0_0.csv rows=61000000 directed_edges=122000000 elapsed_s=119.8
[snb-full][edge] progress file=/data/WorkSpace/ldbc-sf100/social_network/dynamic/forum_hasMember_person_0_0.csv rows=62000000 directed_edges=124000000 elapsed_s=121.7
[snb-full][edge] progress file=/data/WorkSpace/ldbc-sf100/social_network/dynamic/forum_hasMember_person_0_0.csv rows=63000000 directed_edges=126000000 elapsed_s=123.8
[snb-full][edge] progress file=/data/WorkSpace/ldbc-sf100/social_network/dynamic/forum_hasMember_person_0_0.csv rows=64000000 directed_edges=128000000 elapsed_s=125.8
[snb-full][edge] progress file=/data/WorkSpace/ldbc-sf100/social_network/dynamic/forum_hasMember_person_0_0.csv rows=65000000 directed_edges=130000000 elapsed_s=127.7
[snb-full][edge] progress file=/data/WorkSpace/ldbc-sf100/social_network/dynamic/forum_hasMember_person_0_0.csv rows=66000000 directed_edges=132000000 elapsed_s=129.7
[snb-full][edge] progress file=/data/WorkSpace/ldbc-sf100/social_network/dynamic/forum_hasMember_person_0_0.csv rows=67000000 directed_edges=134000000 elapsed_s=131.7
[snb-full][edge] progress file=/data/WorkSpace/ldbc-sf100/social_network/dynamic/forum_hasMember_person_0_0.csv rows=68000000 directed_edges=136000000 elapsed_s=133.7
[snb-full][edge] progress file=/data/WorkSpace/ldbc-sf100/social_network/dynamic/forum_hasMember_person_0_0.csv rows=69000000 directed_edges=138000000 elapsed_s=135.7
[snb-full][edge] progress file=/data/WorkSpace/ldbc-sf100/social_network/dynamic/forum_hasMember_person_0_0.csv rows=70000000 directed_edges=140000000 elapsed_s=137.7
[snb-full][edge] progress file=/data/WorkSpace/ldbc-sf100/social_network/dynamic/forum_hasMember_person_0_0.csv rows=71000000 directed_edges=142000000 elapsed_s=139.7
[snb-full][edge] progress file=/data/WorkSpace/ldbc-sf100/social_network/dynamic/forum_hasMember_person_0_0.csv rows=72000000 directed_edges=144000000 elapsed_s=141.5
[snb-full][edge] progress file=/data/WorkSpace/ldbc-sf100/social_network/dynamic/forum_hasMember_person_0_0.csv rows=73000000 directed_edges=146000000 elapsed_s=143.5
[snb-full][edge] progress file=/data/WorkSpace/ldbc-sf100/social_network/dynamic/forum_hasMember_person_0_0.csv rows=74000000 directed_edges=148000000 elapsed_s=145.4
[snb-full][edge] progress file=/data/WorkSpace/ldbc-sf100/social_network/dynamic/forum_hasMember_person_0_0.csv rows=75000000 directed_edges=150000000 elapsed_s=147.3
[snb-full][edge] progress file=/data/WorkSpace/ldbc-sf100/social_network/dynamic/forum_hasMember_person_0_0.csv rows=76000000 directed_edges=152000000 elapsed_s=149.4
[snb-full][edge] progress file=/data/WorkSpace/ldbc-sf100/social_network/dynamic/forum_hasMember_person_0_0.csv rows=77000000 directed_edges=154000000 elapsed_s=151.3
[snb-full][edge] progress file=/data/WorkSpace/ldbc-sf100/social_network/dynamic/forum_hasMember_person_0_0.csv rows=78000000 directed_edges=156000000 elapsed_s=153.3
[snb-full][edge] progress file=/data/WorkSpace/ldbc-sf100/social_network/dynamic/forum_hasMember_person_0_0.csv rows=79000000 directed_edges=158000000 elapsed_s=155.3
[snb-full][edge] progress file=/data/WorkSpace/ldbc-sf100/social_network/dynamic/forum_hasMember_person_0_0.csv rows=80000000 directed_edges=160000000 elapsed_s=157.3
[snb-full][edge] progress file=/data/WorkSpace/ldbc-sf100/social_network/dynamic/forum_hasMember_person_0_0.csv rows=81000000 directed_edges=162000000 elapsed_s=159.3
[snb-full][edge] progress file=/data/WorkSpace/ldbc-sf100/social_network/dynamic/forum_hasMember_person_0_0.csv rows=82000000 directed_edges=164000000 elapsed_s=161.2
[snb-full][edge] progress file=/data/WorkSpace/ldbc-sf100/social_network/dynamic/forum_hasMember_person_0_0.csv rows=83000000 directed_edges=166000000 elapsed_s=163.3
[snb-full][edge] progress file=/data/WorkSpace/ldbc-sf100/social_network/dynamic/forum_hasMember_person_0_0.csv rows=84000000 directed_edges=168000000 elapsed_s=165.2
[snb-full][edge] progress file=/data/WorkSpace/ldbc-sf100/social_network/dynamic/forum_hasMember_person_0_0.csv rows=85000000 directed_edges=170000000 elapsed_s=167.2
[snb-full][edge] progress file=/data/WorkSpace/ldbc-sf100/social_network/dynamic/forum_hasMember_person_0_0.csv rows=86000000 directed_edges=172000000 elapsed_s=169.2
[snb-full][edge] progress file=/data/WorkSpace/ldbc-sf100/social_network/dynamic/forum_hasMember_person_0_0.csv rows=87000000 directed_edges=174000000 elapsed_s=171.2
[snb-full][edge] progress file=/data/WorkSpace/ldbc-sf100/social_network/dynamic/forum_hasMember_person_0_0.csv rows=88000000 directed_edges=176000000 elapsed_s=173.2
[snb-full][edge] progress file=/data/WorkSpace/ldbc-sf100/social_network/dynamic/forum_hasMember_person_0_0.csv rows=89000000 directed_edges=178000000 elapsed_s=175.2
[snb-full][edge] progress file=/data/WorkSpace/ldbc-sf100/social_network/dynamic/forum_hasMember_person_0_0.csv rows=90000000 directed_edges=180000000 elapsed_s=177.1
[snb-full][edge] progress file=/data/WorkSpace/ldbc-sf100/social_network/dynamic/forum_hasMember_person_0_0.csv rows=91000000 directed_edges=182000000 elapsed_s=179.1
[snb-full][edge] progress file=/data/WorkSpace/ldbc-sf100/social_network/dynamic/forum_hasMember_person_0_0.csv rows=92000000 directed_edges=184000000 elapsed_s=181.1
[snb-full][edge] progress file=/data/WorkSpace/ldbc-sf100/social_network/dynamic/forum_hasMember_person_0_0.csv rows=93000000 directed_edges=186000000 elapsed_s=182.9
[snb-full][edge] progress file=/data/WorkSpace/ldbc-sf100/social_network/dynamic/forum_hasMember_person_0_0.csv rows=94000000 directed_edges=188000000 elapsed_s=185.0
[snb-full][edge] progress file=/data/WorkSpace/ldbc-sf100/social_network/dynamic/forum_hasMember_person_0_0.csv rows=95000000 directed_edges=190000000 elapsed_s=186.8
[snb-full][edge] progress file=/data/WorkSpace/ldbc-sf100/social_network/dynamic/forum_hasMember_person_0_0.csv rows=96000000 directed_edges=192000000 elapsed_s=189.0
[snb-full][edge] progress file=/data/WorkSpace/ldbc-sf100/social_network/dynamic/forum_hasMember_person_0_0.csv rows=97000000 directed_edges=194000000 elapsed_s=190.8
[snb-full][edge] progress file=/data/WorkSpace/ldbc-sf100/social_network/dynamic/forum_hasMember_person_0_0.csv rows=98000000 directed_edges=196000000 elapsed_s=192.8
[snb-full][edge] progress file=/data/WorkSpace/ldbc-sf100/social_network/dynamic/forum_hasMember_person_0_0.csv rows=99000000 directed_edges=198000000 elapsed_s=194.8
[snb-full][edge] progress file=/data/WorkSpace/ldbc-sf100/social_network/dynamic/forum_hasMember_person_0_0.csv rows=100000000 directed_edges=200000000 elapsed_s=196.8
[snb-full][edge] progress file=/data/WorkSpace/ldbc-sf100/social_network/dynamic/forum_hasMember_person_0_0.csv rows=101000000 directed_edges=202000000 elapsed_s=198.8
[snb-full][edge] progress file=/data/WorkSpace/ldbc-sf100/social_network/dynamic/forum_hasMember_person_0_0.csv rows=102000000 directed_edges=204000000 elapsed_s=200.7
[snb-full][edge] progress file=/data/WorkSpace/ldbc-sf100/social_network/dynamic/forum_hasMember_person_0_0.csv rows=103000000 directed_edges=206000000 elapsed_s=202.7
[snb-full][edge] progress file=/data/WorkSpace/ldbc-sf100/social_network/dynamic/forum_hasMember_person_0_0.csv rows=104000000 directed_edges=208000000 elapsed_s=204.7
[snb-full][edge] progress file=/data/WorkSpace/ldbc-sf100/social_network/dynamic/forum_hasMember_person_0_0.csv rows=105000000 directed_edges=210000000 elapsed_s=206.7
[snb-full][edge] progress file=/data/WorkSpace/ldbc-sf100/social_network/dynamic/forum_hasMember_person_0_0.csv rows=106000000 directed_edges=212000000 elapsed_s=208.6
[snb-full][edge] progress file=/data/WorkSpace/ldbc-sf100/social_network/dynamic/forum_hasMember_person_0_0.csv rows=107000000 directed_edges=214000000 elapsed_s=210.6
[snb-full][edge] progress file=/data/WorkSpace/ldbc-sf100/social_network/dynamic/forum_hasMember_person_0_0.csv rows=108000000 directed_edges=216000000 elapsed_s=212.7
[snb-full][edge] progress file=/data/WorkSpace/ldbc-sf100/social_network/dynamic/forum_hasMember_person_0_0.csv rows=109000000 directed_edges=218000000 elapsed_s=214.6
[snb-full][edge] progress file=/data/WorkSpace/ldbc-sf100/social_network/dynamic/forum_hasMember_person_0_0.csv rows=110000000 directed_edges=220000000 elapsed_s=216.6
[snb-full][edge] progress file=/data/WorkSpace/ldbc-sf100/social_network/dynamic/forum_hasMember_person_0_0.csv rows=111000000 directed_edges=222000000 elapsed_s=218.6
[snb-full][edge] progress file=/data/WorkSpace/ldbc-sf100/social_network/dynamic/forum_hasMember_person_0_0.csv rows=112000000 directed_edges=224000000 elapsed_s=220.6
[snb-full][edge] progress file=/data/WorkSpace/ldbc-sf100/social_network/dynamic/forum_hasMember_person_0_0.csv rows=113000000 directed_edges=226000000 elapsed_s=222.6
[snb-full][edge] progress file=/data/WorkSpace/ldbc-sf100/social_network/dynamic/forum_hasMember_person_0_0.csv rows=114000000 directed_edges=228000000 elapsed_s=224.6
[snb-full][edge] progress file=/data/WorkSpace/ldbc-sf100/social_network/dynamic/forum_hasMember_person_0_0.csv rows=115000000 directed_edges=230000000 elapsed_s=226.4
[snb-full][edge] progress file=/data/WorkSpace/ldbc-sf100/social_network/dynamic/forum_hasMember_person_0_0.csv rows=116000000 directed_edges=232000000 elapsed_s=228.5
[snb-full][edge] progress file=/data/WorkSpace/ldbc-sf100/social_network/dynamic/forum_hasMember_person_0_0.csv rows=117000000 directed_edges=234000000 elapsed_s=230.3
[snb-full][edge] progress file=/data/WorkSpace/ldbc-sf100/social_network/dynamic/forum_hasMember_person_0_0.csv rows=118000000 directed_edges=236000000 elapsed_s=232.3
[snb-full][edge] progress file=/data/WorkSpace/ldbc-sf100/social_network/dynamic/forum_hasMember_person_0_0.csv rows=119000000 directed_edges=238000000 elapsed_s=234.3
[snb-full][edge] progress file=/data/WorkSpace/ldbc-sf100/social_network/dynamic/forum_hasMember_person_0_0.csv rows=120000000 directed_edges=240000000 elapsed_s=236.3
[snb-full][edge] progress file=/data/WorkSpace/ldbc-sf100/social_network/dynamic/forum_hasMember_person_0_0.csv rows=121000000 directed_edges=242000000 elapsed_s=238.3
[snb-full][edge] progress file=/data/WorkSpace/ldbc-sf100/social_network/dynamic/forum_hasMember_person_0_0.csv rows=122000000 directed_edges=244000000 elapsed_s=240.3
[snb-full][edge] progress file=/data/WorkSpace/ldbc-sf100/social_network/dynamic/forum_hasMember_person_0_0.csv rows=123000000 directed_edges=246000000 elapsed_s=242.2
[snb-full][edge] progress file=/data/WorkSpace/ldbc-sf100/social_network/dynamic/forum_hasMember_person_0_0.csv rows=124000000 directed_edges=248000000 elapsed_s=244.3
[snb-full][edge] progress file=/data/WorkSpace/ldbc-sf100/social_network/dynamic/forum_hasMember_person_0_0.csv rows=125000000 directed_edges=250000000 elapsed_s=246.2
[snb-full][edge] progress file=/data/WorkSpace/ldbc-sf100/social_network/dynamic/forum_hasMember_person_0_0.csv rows=126000000 directed_edges=252000000 elapsed_s=248.3
[snb-full][edge] progress file=/data/WorkSpace/ldbc-sf100/social_network/dynamic/forum_hasMember_person_0_0.csv rows=127000000 directed_edges=254000000 elapsed_s=250.2
[snb-full][edge] progress file=/data/WorkSpace/ldbc-sf100/social_network/dynamic/forum_hasMember_person_0_0.csv rows=128000000 directed_edges=256000000 elapsed_s=252.2
[snb-full][edge] progress file=/data/WorkSpace/ldbc-sf100/social_network/dynamic/forum_hasMember_person_0_0.csv rows=129000000 directed_edges=258000000 elapsed_s=254.2
[snb-full][edge] progress file=/data/WorkSpace/ldbc-sf100/social_network/dynamic/forum_hasMember_person_0_0.csv rows=130000000 directed_edges=260000000 elapsed_s=256.2
[snb-full][edge] progress file=/data/WorkSpace/ldbc-sf100/social_network/dynamic/forum_hasMember_person_0_0.csv rows=131000000 directed_edges=262000000 elapsed_s=258.2
[snb-full][edge] progress file=/data/WorkSpace/ldbc-sf100/social_network/dynamic/forum_hasMember_person_0_0.csv rows=132000000 directed_edges=264000000 elapsed_s=260.2
[snb-full][edge] progress file=/data/WorkSpace/ldbc-sf100/social_network/dynamic/forum_hasMember_person_0_0.csv rows=133000000 directed_edges=266000000 elapsed_s=262.1
[snb-full][edge] progress file=/data/WorkSpace/ldbc-sf100/social_network/dynamic/forum_hasMember_person_0_0.csv rows=134000000 directed_edges=268000000 elapsed_s=264.1
[snb-full][edge] progress file=/data/WorkSpace/ldbc-sf100/social_network/dynamic/forum_hasMember_person_0_0.csv rows=135000000 directed_edges=270000000 elapsed_s=266.1
[snb-full][edge] progress file=/data/WorkSpace/ldbc-sf100/social_network/dynamic/forum_hasMember_person_0_0.csv rows=136000000 directed_edges=272000000 elapsed_s=268.0
[snb-full][edge] progress file=/data/WorkSpace/ldbc-sf100/social_network/dynamic/forum_hasMember_person_0_0.csv rows=137000000 directed_edges=274000000 elapsed_s=270.0
[snb-full][edge] progress file=/data/WorkSpace/ldbc-sf100/social_network/dynamic/forum_hasMember_person_0_0.csv rows=138000000 directed_edges=276000000 elapsed_s=271.8
[snb-full][edge] progress file=/data/WorkSpace/ldbc-sf100/social_network/dynamic/forum_hasMember_person_0_0.csv rows=139000000 directed_edges=278000000 elapsed_s=273.9
[snb-full][edge] progress file=/data/WorkSpace/ldbc-sf100/social_network/dynamic/forum_hasMember_person_0_0.csv rows=140000000 directed_edges=280000000 elapsed_s=275.7
[snb-full][edge] progress file=/data/WorkSpace/ldbc-sf100/social_network/dynamic/forum_hasMember_person_0_0.csv rows=141000000 directed_edges=282000000 elapsed_s=277.8
[snb-full][edge] progress file=/data/WorkSpace/ldbc-sf100/social_network/dynamic/forum_hasMember_person_0_0.csv rows=142000000 directed_edges=284000000 elapsed_s=279.8
[snb-full][edge] progress file=/data/WorkSpace/ldbc-sf100/social_network/dynamic/forum_hasMember_person_0_0.csv rows=143000000 directed_edges=286000000 elapsed_s=281.8
[snb-full][edge] progress file=/data/WorkSpace/ldbc-sf100/social_network/dynamic/forum_hasMember_person_0_0.csv rows=144000000 directed_edges=288000000 elapsed_s=283.8
[snb-full][edge] progress file=/data/WorkSpace/ldbc-sf100/social_network/dynamic/forum_hasMember_person_0_0.csv rows=145000000 directed_edges=290000000 elapsed_s=285.7
[snb-full][edge] progress file=/data/WorkSpace/ldbc-sf100/social_network/dynamic/forum_hasMember_person_0_0.csv rows=146000000 directed_edges=292000000 elapsed_s=287.8
[snb-full][edge] progress file=/data/WorkSpace/ldbc-sf100/social_network/dynamic/forum_hasMember_person_0_0.csv rows=147000000 directed_edges=294000000 elapsed_s=289.7
[snb-full][edge] progress file=/data/WorkSpace/ldbc-sf100/social_network/dynamic/forum_hasMember_person_0_0.csv rows=148000000 directed_edges=296000000 elapsed_s=291.7
[snb-full][edge] progress file=/data/WorkSpace/ldbc-sf100/social_network/dynamic/forum_hasMember_person_0_0.csv rows=149000000 directed_edges=298000000 elapsed_s=293.7
[snb-full][edge] progress file=/data/WorkSpace/ldbc-sf100/social_network/dynamic/forum_hasMember_person_0_0.csv rows=150000000 directed_edges=300000000 elapsed_s=295.7
[snb-full][edge] progress file=/data/WorkSpace/ldbc-sf100/social_network/dynamic/forum_hasMember_person_0_0.csv rows=151000000 directed_edges=302000000 elapsed_s=297.7
[snb-full][edge] progress file=/data/WorkSpace/ldbc-sf100/social_network/dynamic/forum_hasMember_person_0_0.csv rows=152000000 directed_edges=304000000 elapsed_s=299.6
[snb-full][edge] progress file=/data/WorkSpace/ldbc-sf100/social_network/dynamic/forum_hasMember_person_0_0.csv rows=153000000 directed_edges=306000000 elapsed_s=301.7
[snb-full][edge] progress file=/data/WorkSpace/ldbc-sf100/social_network/dynamic/forum_hasMember_person_0_0.csv rows=154000000 directed_edges=308000000 elapsed_s=303.7
[snb-full][edge] progress file=/data/WorkSpace/ldbc-sf100/social_network/dynamic/forum_hasMember_person_0_0.csv rows=155000000 directed_edges=310000000 elapsed_s=305.6
[snb-full][edge] progress file=/data/WorkSpace/ldbc-sf100/social_network/dynamic/forum_hasMember_person_0_0.csv rows=156000000 directed_edges=312000000 elapsed_s=307.6
[snb-full][edge] progress file=/data/WorkSpace/ldbc-sf100/social_network/dynamic/forum_hasMember_person_0_0.csv rows=157000000 directed_edges=314000000 elapsed_s=309.6
[snb-full][edge] progress file=/data/WorkSpace/ldbc-sf100/social_network/dynamic/forum_hasMember_person_0_0.csv rows=158000000 directed_edges=316000000 elapsed_s=311.6
[snb-full][edge] progress file=/data/WorkSpace/ldbc-sf100/social_network/dynamic/forum_hasMember_person_0_0.csv rows=159000000 directed_edges=318000000 elapsed_s=313.7
[snb-full][edge] progress file=/data/WorkSpace/ldbc-sf100/social_network/dynamic/forum_hasMember_person_0_0.csv rows=160000000 directed_edges=320000000 elapsed_s=315.4
[snb-full][edge] progress file=/data/WorkSpace/ldbc-sf100/social_network/dynamic/forum_hasMember_person_0_0.csv rows=161000000 directed_edges=322000000 elapsed_s=317.4
[snb-full][edge] progress file=/data/WorkSpace/ldbc-sf100/social_network/dynamic/forum_hasMember_person_0_0.csv rows=162000000 directed_edges=324000000 elapsed_s=319.4
[snb-full][edge] progress file=/data/WorkSpace/ldbc-sf100/social_network/dynamic/forum_hasMember_person_0_0.csv rows=163000000 directed_edges=326000000 elapsed_s=321.3
[snb-full][edge] progress file=/data/WorkSpace/ldbc-sf100/social_network/dynamic/forum_hasMember_person_0_0.csv rows=164000000 directed_edges=328000000 elapsed_s=323.4
[snb-full][edge] progress file=/data/WorkSpace/ldbc-sf100/social_network/dynamic/forum_hasMember_person_0_0.csv rows=165000000 directed_edges=330000000 elapsed_s=325.3
[snb-full][edge] progress file=/data/WorkSpace/ldbc-sf100/social_network/dynamic/forum_hasMember_person_0_0.csv rows=166000000 directed_edges=332000000 elapsed_s=327.4
[snb-full][edge] progress file=/data/WorkSpace/ldbc-sf100/social_network/dynamic/forum_hasMember_person_0_0.csv rows=167000000 directed_edges=334000000 elapsed_s=329.3
[snb-full][edge] progress file=/data/WorkSpace/ldbc-sf100/social_network/dynamic/forum_hasMember_person_0_0.csv rows=168000000 directed_edges=336000000 elapsed_s=331.3
[snb-full][edge] progress file=/data/WorkSpace/ldbc-sf100/social_network/dynamic/forum_hasMember_person_0_0.csv rows=169000000 directed_edges=338000000 elapsed_s=333.3
[snb-full][edge] progress file=/data/WorkSpace/ldbc-sf100/social_network/dynamic/forum_hasMember_person_0_0.csv rows=170000000 directed_edges=340000000 elapsed_s=335.3
[snb-full][edge] progress file=/data/WorkSpace/ldbc-sf100/social_network/dynamic/forum_hasMember_person_0_0.csv rows=171000000 directed_edges=342000000 elapsed_s=337.2
[snb-full][edge] progress file=/data/WorkSpace/ldbc-sf100/social_network/dynamic/forum_hasMember_person_0_0.csv rows=172000000 directed_edges=344000000 elapsed_s=339.2
[snb-full][edge] progress file=/data/WorkSpace/ldbc-sf100/social_network/dynamic/forum_hasMember_person_0_0.csv rows=173000000 directed_edges=346000000 elapsed_s=341.3
[snb-full][edge] progress file=/data/WorkSpace/ldbc-sf100/social_network/dynamic/forum_hasMember_person_0_0.csv rows=174000000 directed_edges=348000000 elapsed_s=343.2
[snb-full][edge] progress file=/data/WorkSpace/ldbc-sf100/social_network/dynamic/forum_hasMember_person_0_0.csv rows=175000000 directed_edges=350000000 elapsed_s=345.2
[snb-full][edge] progress file=/data/WorkSpace/ldbc-sf100/social_network/dynamic/forum_hasMember_person_0_0.csv rows=176000000 directed_edges=352000000 elapsed_s=347.2
[snb-full][edge] progress file=/data/WorkSpace/ldbc-sf100/social_network/dynamic/forum_hasMember_person_0_0.csv rows=177000000 directed_edges=354000000 elapsed_s=349.2
[snb-full][edge] progress file=/data/WorkSpace/ldbc-sf100/social_network/dynamic/forum_hasMember_person_0_0.csv rows=178000000 directed_edges=356000000 elapsed_s=351.1
[snb-full][edge] progress file=/data/WorkSpace/ldbc-sf100/social_network/dynamic/forum_hasMember_person_0_0.csv rows=179000000 directed_edges=358000000 elapsed_s=353.2
[snb-full][edge] done file=/data/WorkSpace/ldbc-sf100/social_network/dynamic/forum_hasMember_person_0_0.csv rows=179874360 directed_edges=359748720 elapsed_s=354.7
[snb-full][edge] start file=/data/WorkSpace/ldbc-sf100/social_network/dynamic/forum_hasTag_tag_0_0.csv edge=HasTag src=Forum dst=Tag
[snb-full][edge] progress file=/data/WorkSpace/ldbc-sf100/social_network/dynamic/forum_hasTag_tag_0_0.csv rows=1000000 directed_edges=2000000 elapsed_s=2.1
[snb-full][edge] progress file=/data/WorkSpace/ldbc-sf100/social_network/dynamic/forum_hasTag_tag_0_0.csv rows=2000000 directed_edges=4000000 elapsed_s=4.3
[snb-full][edge] progress file=/data/WorkSpace/ldbc-sf100/social_network/dynamic/forum_hasTag_tag_0_0.csv rows=3000000 directed_edges=6000000 elapsed_s=6.5
[snb-full][edge] progress file=/data/WorkSpace/ldbc-sf100/social_network/dynamic/forum_hasTag_tag_0_0.csv rows=4000000 directed_edges=8000000 elapsed_s=8.7
[snb-full][edge] progress file=/data/WorkSpace/ldbc-sf100/social_network/dynamic/forum_hasTag_tag_0_0.csv rows=5000000 directed_edges=10000000 elapsed_s=10.9
[snb-full][edge] progress file=/data/WorkSpace/ldbc-sf100/social_network/dynamic/forum_hasTag_tag_0_0.csv rows=6000000 directed_edges=12000000 elapsed_s=13.0
[snb-full][edge] progress file=/data/WorkSpace/ldbc-sf100/social_network/dynamic/forum_hasTag_tag_0_0.csv rows=7000000 directed_edges=14000000 elapsed_s=15.2
[snb-full][edge] progress file=/data/WorkSpace/ldbc-sf100/social_network/dynamic/forum_hasTag_tag_0_0.csv rows=8000000 directed_edges=16000000 elapsed_s=17.4
[snb-full][edge] progress file=/data/WorkSpace/ldbc-sf100/social_network/dynamic/forum_hasTag_tag_0_0.csv rows=9000000 directed_edges=18000000 elapsed_s=19.6
[snb-full][edge] progress file=/data/WorkSpace/ldbc-sf100/social_network/dynamic/forum_hasTag_tag_0_0.csv rows=10000000 directed_edges=20000000 elapsed_s=21.5
[snb-full][edge] progress file=/data/WorkSpace/ldbc-sf100/social_network/dynamic/forum_hasTag_tag_0_0.csv rows=11000000 directed_edges=22000000 elapsed_s=23.5
[snb-full][edge] progress file=/data/WorkSpace/ldbc-sf100/social_network/dynamic/forum_hasTag_tag_0_0.csv rows=12000000 directed_edges=24000000 elapsed_s=25.5
[snb-full][edge] progress file=/data/WorkSpace/ldbc-sf100/social_network/dynamic/forum_hasTag_tag_0_0.csv rows=13000000 directed_edges=26000000 elapsed_s=27.5
[snb-full][edge] progress file=/data/WorkSpace/ldbc-sf100/social_network/dynamic/forum_hasTag_tag_0_0.csv rows=14000000 directed_edges=28000000 elapsed_s=29.5
[snb-full][edge] done file=/data/WorkSpace/ldbc-sf100/social_network/dynamic/forum_hasTag_tag_0_0.csv rows=14103940 directed_edges=28207880 elapsed_s=29.7
[snb-full][edge] start file=/data/WorkSpace/ldbc-sf100/social_network/dynamic/comment_hasTag_tag_0_0.csv edge=HasTag src=Comment dst=Tag
[snb-full][edge] progress file=/data/WorkSpace/ldbc-sf100/social_network/dynamic/comment_hasTag_tag_0_0.csv rows=1000000 directed_edges=2000000 elapsed_s=2.2
[snb-full][edge] progress file=/data/WorkSpace/ldbc-sf100/social_network/dynamic/comment_hasTag_tag_0_0.csv rows=2000000 directed_edges=4000000 elapsed_s=4.6
[snb-full][edge] progress file=/data/WorkSpace/ldbc-sf100/social_network/dynamic/comment_hasTag_tag_0_0.csv rows=3000000 directed_edges=6000000 elapsed_s=6.5
[snb-full][edge] progress file=/data/WorkSpace/ldbc-sf100/social_network/dynamic/comment_hasTag_tag_0_0.csv rows=4000000 directed_edges=8000000 elapsed_s=8.7
[snb-full][edge] progress file=/data/WorkSpace/ldbc-sf100/social_network/dynamic/comment_hasTag_tag_0_0.csv rows=5000000 directed_edges=10000000 elapsed_s=11.0
[snb-full][edge] progress file=/data/WorkSpace/ldbc-sf100/social_network/dynamic/comment_hasTag_tag_0_0.csv rows=6000000 directed_edges=12000000 elapsed_s=12.6
[snb-full][edge] progress file=/data/WorkSpace/ldbc-sf100/social_network/dynamic/comment_hasTag_tag_0_0.csv rows=7000000 directed_edges=14000000 elapsed_s=14.6
[snb-full][edge] progress file=/data/WorkSpace/ldbc-sf100/social_network/dynamic/comment_hasTag_tag_0_0.csv rows=8000000 directed_edges=16000000 elapsed_s=17.2
[snb-full][edge] progress file=/data/WorkSpace/ldbc-sf100/social_network/dynamic/comment_hasTag_tag_0_0.csv rows=9000000 directed_edges=18000000 elapsed_s=18.9
[snb-full][edge] progress file=/data/WorkSpace/ldbc-sf100/social_network/dynamic/comment_hasTag_tag_0_0.csv rows=10000000 directed_edges=20000000 elapsed_s=20.8
[snb-full][edge] progress file=/data/WorkSpace/ldbc-sf100/social_network/dynamic/comment_hasTag_tag_0_0.csv rows=11000000 directed_edges=22000000 elapsed_s=23.3
[snb-full][edge] progress file=/data/WorkSpace/ldbc-sf100/social_network/dynamic/comment_hasTag_tag_0_0.csv rows=12000000 directed_edges=24000000 elapsed_s=25.3
[snb-full][edge] progress file=/data/WorkSpace/ldbc-sf100/social_network/dynamic/comment_hasTag_tag_0_0.csv rows=13000000 directed_edges=26000000 elapsed_s=27.4
[snb-full][edge] progress file=/data/WorkSpace/ldbc-sf100/social_network/dynamic/comment_hasTag_tag_0_0.csv rows=14000000 directed_edges=28000000 elapsed_s=29.6
[snb-full][edge] progress file=/data/WorkSpace/ldbc-sf100/social_network/dynamic/comment_hasTag_tag_0_0.csv rows=15000000 directed_edges=30000000 elapsed_s=31.4
[snb-full][edge] progress file=/data/WorkSpace/ldbc-sf100/social_network/dynamic/comment_hasTag_tag_0_0.csv rows=16000000 directed_edges=32000000 elapsed_s=33.6
[snb-full][edge] progress file=/data/WorkSpace/ldbc-sf100/social_network/dynamic/comment_hasTag_tag_0_0.csv rows=17000000 directed_edges=34000000 elapsed_s=35.8
[snb-full][edge] progress file=/data/WorkSpace/ldbc-sf100/social_network/dynamic/comment_hasTag_tag_0_0.csv rows=18000000 directed_edges=36000000 elapsed_s=37.7
[snb-full][edge] progress file=/data/WorkSpace/ldbc-sf100/social_network/dynamic/comment_hasTag_tag_0_0.csv rows=19000000 directed_edges=38000000 elapsed_s=39.8
[snb-full][edge] progress file=/data/WorkSpace/ldbc-sf100/social_network/dynamic/comment_hasTag_tag_0_0.csv rows=20000000 directed_edges=40000000 elapsed_s=42.0
[snb-full][edge] progress file=/data/WorkSpace/ldbc-sf100/social_network/dynamic/comment_hasTag_tag_0_0.csv rows=21000000 directed_edges=42000000 elapsed_s=44.2
[snb-full][edge] progress file=/data/WorkSpace/ldbc-sf100/social_network/dynamic/comment_hasTag_tag_0_0.csv rows=22000000 directed_edges=44000000 elapsed_s=46.4
[snb-full][edge] progress file=/data/WorkSpace/ldbc-sf100/social_network/dynamic/comment_hasTag_tag_0_0.csv rows=23000000 directed_edges=46000000 elapsed_s=48.2
[snb-full][edge] progress file=/data/WorkSpace/ldbc-sf100/social_network/dynamic/comment_hasTag_tag_0_0.csv rows=24000000 directed_edges=48000000 elapsed_s=50.0
[snb-full][edge] progress file=/data/WorkSpace/ldbc-sf100/social_network/dynamic/comment_hasTag_tag_0_0.csv rows=25000000 directed_edges=50000000 elapsed_s=52.0
[snb-full][edge] progress file=/data/WorkSpace/ldbc-sf100/social_network/dynamic/comment_hasTag_tag_0_0.csv rows=26000000 directed_edges=52000000 elapsed_s=54.3
[snb-full][edge] progress file=/data/WorkSpace/ldbc-sf100/social_network/dynamic/comment_hasTag_tag_0_0.csv rows=27000000 directed_edges=54000000 elapsed_s=56.4
[snb-full][edge] progress file=/data/WorkSpace/ldbc-sf100/social_network/dynamic/comment_hasTag_tag_0_0.csv rows=28000000 directed_edges=56000000 elapsed_s=58.5
[snb-full][edge] progress file=/data/WorkSpace/ldbc-sf100/social_network/dynamic/comment_hasTag_tag_0_0.csv rows=29000000 directed_edges=58000000 elapsed_s=60.0
[snb-full][edge] progress file=/data/WorkSpace/ldbc-sf100/social_network/dynamic/comment_hasTag_tag_0_0.csv rows=30000000 directed_edges=60000000 elapsed_s=62.3
[snb-full][edge] progress file=/data/WorkSpace/ldbc-sf100/social_network/dynamic/comment_hasTag_tag_0_0.csv rows=31000000 directed_edges=62000000 elapsed_s=64.4
[snb-full][edge] progress file=/data/WorkSpace/ldbc-sf100/social_network/dynamic/comment_hasTag_tag_0_0.csv rows=32000000 directed_edges=64000000 elapsed_s=66.6
[snb-full][edge] progress file=/data/WorkSpace/ldbc-sf100/social_network/dynamic/comment_hasTag_tag_0_0.csv rows=33000000 directed_edges=66000000 elapsed_s=68.7
[snb-full][edge] progress file=/data/WorkSpace/ldbc-sf100/social_network/dynamic/comment_hasTag_tag_0_0.csv rows=34000000 directed_edges=68000000 elapsed_s=70.9
[snb-full][edge] progress file=/data/WorkSpace/ldbc-sf100/social_network/dynamic/comment_hasTag_tag_0_0.csv rows=35000000 directed_edges=70000000 elapsed_s=72.8
[snb-full][edge] progress file=/data/WorkSpace/ldbc-sf100/social_network/dynamic/comment_hasTag_tag_0_0.csv rows=36000000 directed_edges=72000000 elapsed_s=74.7
[snb-full][edge] progress file=/data/WorkSpace/ldbc-sf100/social_network/dynamic/comment_hasTag_tag_0_0.csv rows=37000000 directed_edges=74000000 elapsed_s=76.7
[snb-full][edge] progress file=/data/WorkSpace/ldbc-sf100/social_network/dynamic/comment_hasTag_tag_0_0.csv rows=38000000 directed_edges=76000000 elapsed_s=78.7
[snb-full][edge] progress file=/data/WorkSpace/ldbc-sf100/social_network/dynamic/comment_hasTag_tag_0_0.csv rows=39000000 directed_edges=78000000 elapsed_s=80.7
[snb-full][edge] progress file=/data/WorkSpace/ldbc-sf100/social_network/dynamic/comment_hasTag_tag_0_0.csv rows=40000000 directed_edges=80000000 elapsed_s=82.7
[snb-full][edge] progress file=/data/WorkSpace/ldbc-sf100/social_network/dynamic/comment_hasTag_tag_0_0.csv rows=41000000 directed_edges=82000000 elapsed_s=84.7
[snb-full][edge] progress file=/data/WorkSpace/ldbc-sf100/social_network/dynamic/comment_hasTag_tag_0_0.csv rows=42000000 directed_edges=84000000 elapsed_s=86.7
[snb-full][edge] progress file=/data/WorkSpace/ldbc-sf100/social_network/dynamic/comment_hasTag_tag_0_0.csv rows=43000000 directed_edges=86000000 elapsed_s=88.6
[snb-full][edge] progress file=/data/WorkSpace/ldbc-sf100/social_network/dynamic/comment_hasTag_tag_0_0.csv rows=44000000 directed_edges=88000000 elapsed_s=90.6
[snb-full][edge] progress file=/data/WorkSpace/ldbc-sf100/social_network/dynamic/comment_hasTag_tag_0_0.csv rows=45000000 directed_edges=90000000 elapsed_s=92.6
[snb-full][edge] progress file=/data/WorkSpace/ldbc-sf100/social_network/dynamic/comment_hasTag_tag_0_0.csv rows=46000000 directed_edges=92000000 elapsed_s=94.5
[snb-full][edge] progress file=/data/WorkSpace/ldbc-sf100/social_network/dynamic/comment_hasTag_tag_0_0.csv rows=47000000 directed_edges=94000000 elapsed_s=96.5
[snb-full][edge] progress file=/data/WorkSpace/ldbc-sf100/social_network/dynamic/comment_hasTag_tag_0_0.csv rows=48000000 directed_edges=96000000 elapsed_s=98.5
[snb-full][edge] progress file=/data/WorkSpace/ldbc-sf100/social_network/dynamic/comment_hasTag_tag_0_0.csv rows=49000000 directed_edges=98000000 elapsed_s=100.4
[snb-full][edge] progress file=/data/WorkSpace/ldbc-sf100/social_network/dynamic/comment_hasTag_tag_0_0.csv rows=50000000 directed_edges=100000000 elapsed_s=102.3
[snb-full][edge] progress file=/data/WorkSpace/ldbc-sf100/social_network/dynamic/comment_hasTag_tag_0_0.csv rows=51000000 directed_edges=102000000 elapsed_s=104.0
[snb-full][edge] progress file=/data/WorkSpace/ldbc-sf100/social_network/dynamic/comment_hasTag_tag_0_0.csv rows=52000000 directed_edges=104000000 elapsed_s=106.0
[snb-full][edge] progress file=/data/WorkSpace/ldbc-sf100/social_network/dynamic/comment_hasTag_tag_0_0.csv rows=53000000 directed_edges=106000000 elapsed_s=107.9
[snb-full][edge] progress file=/data/WorkSpace/ldbc-sf100/social_network/dynamic/comment_hasTag_tag_0_0.csv rows=54000000 directed_edges=108000000 elapsed_s=109.9
[snb-full][edge] progress file=/data/WorkSpace/ldbc-sf100/social_network/dynamic/comment_hasTag_tag_0_0.csv rows=55000000 directed_edges=110000000 elapsed_s=111.8
[snb-full][edge] progress file=/data/WorkSpace/ldbc-sf100/social_network/dynamic/comment_hasTag_tag_0_0.csv rows=56000000 directed_edges=112000000 elapsed_s=113.8
[snb-full][edge] progress file=/data/WorkSpace/ldbc-sf100/social_network/dynamic/comment_hasTag_tag_0_0.csv rows=57000000 directed_edges=114000000 elapsed_s=115.7
[snb-full][edge] progress file=/data/WorkSpace/ldbc-sf100/social_network/dynamic/comment_hasTag_tag_0_0.csv rows=58000000 directed_edges=116000000 elapsed_s=117.7
[snb-full][edge] progress file=/data/WorkSpace/ldbc-sf100/social_network/dynamic/comment_hasTag_tag_0_0.csv rows=59000000 directed_edges=118000000 elapsed_s=119.7
[snb-full][edge] progress file=/data/WorkSpace/ldbc-sf100/social_network/dynamic/comment_hasTag_tag_0_0.csv rows=60000000 directed_edges=120000000 elapsed_s=121.6
[snb-full][edge] progress file=/data/WorkSpace/ldbc-sf100/social_network/dynamic/comment_hasTag_tag_0_0.csv rows=61000000 directed_edges=122000000 elapsed_s=123.5
[snb-full][edge] progress file=/data/WorkSpace/ldbc-sf100/social_network/dynamic/comment_hasTag_tag_0_0.csv rows=62000000 directed_edges=124000000 elapsed_s=125.5
[snb-full][edge] progress file=/data/WorkSpace/ldbc-sf100/social_network/dynamic/comment_hasTag_tag_0_0.csv rows=63000000 directed_edges=126000000 elapsed_s=127.5
[snb-full][edge] progress file=/data/WorkSpace/ldbc-sf100/social_network/dynamic/comment_hasTag_tag_0_0.csv rows=64000000 directed_edges=128000000 elapsed_s=129.4
[snb-full][edge] progress file=/data/WorkSpace/ldbc-sf100/social_network/dynamic/comment_hasTag_tag_0_0.csv rows=65000000 directed_edges=130000000 elapsed_s=131.4
[snb-full][edge] progress file=/data/WorkSpace/ldbc-sf100/social_network/dynamic/comment_hasTag_tag_0_0.csv rows=66000000 directed_edges=132000000 elapsed_s=133.4
[snb-full][edge] progress file=/data/WorkSpace/ldbc-sf100/social_network/dynamic/comment_hasTag_tag_0_0.csv rows=67000000 directed_edges=134000000 elapsed_s=135.3
[snb-full][edge] progress file=/data/WorkSpace/ldbc-sf100/social_network/dynamic/comment_hasTag_tag_0_0.csv rows=68000000 directed_edges=136000000 elapsed_s=137.3
[snb-full][edge] progress file=/data/WorkSpace/ldbc-sf100/social_network/dynamic/comment_hasTag_tag_0_0.csv rows=69000000 directed_edges=138000000 elapsed_s=139.3
[snb-full][edge] progress file=/data/WorkSpace/ldbc-sf100/social_network/dynamic/comment_hasTag_tag_0_0.csv rows=70000000 directed_edges=140000000 elapsed_s=141.2
[snb-full][edge] progress file=/data/WorkSpace/ldbc-sf100/social_network/dynamic/comment_hasTag_tag_0_0.csv rows=71000000 directed_edges=142000000 elapsed_s=143.1
[snb-full][edge] progress file=/data/WorkSpace/ldbc-sf100/social_network/dynamic/comment_hasTag_tag_0_0.csv rows=72000000 directed_edges=144000000 elapsed_s=145.0
[snb-full][edge] progress file=/data/WorkSpace/ldbc-sf100/social_network/dynamic/comment_hasTag_tag_0_0.csv rows=73000000 directed_edges=146000000 elapsed_s=146.9
[snb-full][edge] progress file=/data/WorkSpace/ldbc-sf100/social_network/dynamic/comment_hasTag_tag_0_0.csv rows=74000000 directed_edges=148000000 elapsed_s=148.8
[snb-full][edge] progress file=/data/WorkSpace/ldbc-sf100/social_network/dynamic/comment_hasTag_tag_0_0.csv rows=75000000 directed_edges=150000000 elapsed_s=150.7
[snb-full][edge] progress file=/data/WorkSpace/ldbc-sf100/social_network/dynamic/comment_hasTag_tag_0_0.csv rows=76000000 directed_edges=152000000 elapsed_s=152.7
[snb-full][edge] progress file=/data/WorkSpace/ldbc-sf100/social_network/dynamic/comment_hasTag_tag_0_0.csv rows=77000000 directed_edges=154000000 elapsed_s=154.6
[snb-full][edge] progress file=/data/WorkSpace/ldbc-sf100/social_network/dynamic/comment_hasTag_tag_0_0.csv rows=78000000 directed_edges=156000000 elapsed_s=156.6
[snb-full][edge] progress file=/data/WorkSpace/ldbc-sf100/social_network/dynamic/comment_hasTag_tag_0_0.csv rows=79000000 directed_edges=158000000 elapsed_s=158.5
[snb-full][edge] progress file=/data/WorkSpace/ldbc-sf100/social_network/dynamic/comment_hasTag_tag_0_0.csv rows=80000000 directed_edges=160000000 elapsed_s=160.5
[snb-full][edge] progress file=/data/WorkSpace/ldbc-sf100/social_network/dynamic/comment_hasTag_tag_0_0.csv rows=81000000 directed_edges=162000000 elapsed_s=162.5
[snb-full][edge] progress file=/data/WorkSpace/ldbc-sf100/social_network/dynamic/comment_hasTag_tag_0_0.csv rows=82000000 directed_edges=164000000 elapsed_s=164.4
[snb-full][edge] progress file=/data/WorkSpace/ldbc-sf100/social_network/dynamic/comment_hasTag_tag_0_0.csv rows=83000000 directed_edges=166000000 elapsed_s=166.4
[snb-full][edge] progress file=/data/WorkSpace/ldbc-sf100/social_network/dynamic/comment_hasTag_tag_0_0.csv rows=84000000 directed_edges=168000000 elapsed_s=168.4
[snb-full][edge] progress file=/data/WorkSpace/ldbc-sf100/social_network/dynamic/comment_hasTag_tag_0_0.csv rows=85000000 directed_edges=170000000 elapsed_s=170.4
[snb-full][edge] progress file=/data/WorkSpace/ldbc-sf100/social_network/dynamic/comment_hasTag_tag_0_0.csv rows=86000000 directed_edges=172000000 elapsed_s=172.4
[snb-full][edge] progress file=/data/WorkSpace/ldbc-sf100/social_network/dynamic/comment_hasTag_tag_0_0.csv rows=87000000 directed_edges=174000000 elapsed_s=174.3
[snb-full][edge] progress file=/data/WorkSpace/ldbc-sf100/social_network/dynamic/comment_hasTag_tag_0_0.csv rows=88000000 directed_edges=176000000 elapsed_s=176.3
[snb-full][edge] progress file=/data/WorkSpace/ldbc-sf100/social_network/dynamic/comment_hasTag_tag_0_0.csv rows=89000000 directed_edges=178000000 elapsed_s=178.3
[snb-full][edge] progress file=/data/WorkSpace/ldbc-sf100/social_network/dynamic/comment_hasTag_tag_0_0.csv rows=90000000 directed_edges=180000000 elapsed_s=180.2
[snb-full][edge] progress file=/data/WorkSpace/ldbc-sf100/social_network/dynamic/comment_hasTag_tag_0_0.csv rows=91000000 directed_edges=182000000 elapsed_s=182.2
[snb-full][edge] progress file=/data/WorkSpace/ldbc-sf100/social_network/dynamic/comment_hasTag_tag_0_0.csv rows=92000000 directed_edges=184000000 elapsed_s=184.1
[snb-full][edge] progress file=/data/WorkSpace/ldbc-sf100/social_network/dynamic/comment_hasTag_tag_0_0.csv rows=93000000 directed_edges=186000000 elapsed_s=185.9
[snb-full][edge] progress file=/data/WorkSpace/ldbc-sf100/social_network/dynamic/comment_hasTag_tag_0_0.csv rows=94000000 directed_edges=188000000 elapsed_s=187.9
[snb-full][edge] progress file=/data/WorkSpace/ldbc-sf100/social_network/dynamic/comment_hasTag_tag_0_0.csv rows=95000000 directed_edges=190000000 elapsed_s=189.8
[snb-full][edge] progress file=/data/WorkSpace/ldbc-sf100/social_network/dynamic/comment_hasTag_tag_0_0.csv rows=96000000 directed_edges=192000000 elapsed_s=191.6
[snb-full][edge] progress file=/data/WorkSpace/ldbc-sf100/social_network/dynamic/comment_hasTag_tag_0_0.csv rows=97000000 directed_edges=194000000 elapsed_s=193.6
[snb-full][edge] progress file=/data/WorkSpace/ldbc-sf100/social_network/dynamic/comment_hasTag_tag_0_0.csv rows=98000000 directed_edges=196000000 elapsed_s=195.6
[snb-full][edge] progress file=/data/WorkSpace/ldbc-sf100/social_network/dynamic/comment_hasTag_tag_0_0.csv rows=99000000 directed_edges=198000000 elapsed_s=197.5
[snb-full][edge] progress file=/data/WorkSpace/ldbc-sf100/social_network/dynamic/comment_hasTag_tag_0_0.csv rows=100000000 directed_edges=200000000 elapsed_s=199.5
[snb-full][edge] progress file=/data/WorkSpace/ldbc-sf100/social_network/dynamic/comment_hasTag_tag_0_0.csv rows=101000000 directed_edges=202000000 elapsed_s=201.5
[snb-full][edge] progress file=/data/WorkSpace/ldbc-sf100/social_network/dynamic/comment_hasTag_tag_0_0.csv rows=102000000 directed_edges=204000000 elapsed_s=203.4
[snb-full][edge] progress file=/data/WorkSpace/ldbc-sf100/social_network/dynamic/comment_hasTag_tag_0_0.csv rows=103000000 directed_edges=206000000 elapsed_s=205.4
[snb-full][edge] progress file=/data/WorkSpace/ldbc-sf100/social_network/dynamic/comment_hasTag_tag_0_0.csv rows=104000000 directed_edges=208000000 elapsed_s=207.4
[snb-full][edge] progress file=/data/WorkSpace/ldbc-sf100/social_network/dynamic/comment_hasTag_tag_0_0.csv rows=105000000 directed_edges=210000000 elapsed_s=209.3
[snb-full][edge] progress file=/data/WorkSpace/ldbc-sf100/social_network/dynamic/comment_hasTag_tag_0_0.csv rows=106000000 directed_edges=212000000 elapsed_s=211.3
[snb-full][edge] progress file=/data/WorkSpace/ldbc-sf100/social_network/dynamic/comment_hasTag_tag_0_0.csv rows=107000000 directed_edges=214000000 elapsed_s=213.3
[snb-full][edge] progress file=/data/WorkSpace/ldbc-sf100/social_network/dynamic/comment_hasTag_tag_0_0.csv rows=108000000 directed_edges=216000000 elapsed_s=215.2
[snb-full][edge] progress file=/data/WorkSpace/ldbc-sf100/social_network/dynamic/comment_hasTag_tag_0_0.csv rows=109000000 directed_edges=218000000 elapsed_s=217.2
[snb-full][edge] progress file=/data/WorkSpace/ldbc-sf100/social_network/dynamic/comment_hasTag_tag_0_0.csv rows=110000000 directed_edges=220000000 elapsed_s=219.2
[snb-full][edge] progress file=/data/WorkSpace/ldbc-sf100/social_network/dynamic/comment_hasTag_tag_0_0.csv rows=111000000 directed_edges=222000000 elapsed_s=221.1
[snb-full][edge] progress file=/data/WorkSpace/ldbc-sf100/social_network/dynamic/comment_hasTag_tag_0_0.csv rows=112000000 directed_edges=224000000 elapsed_s=223.0
[snb-full][edge] progress file=/data/WorkSpace/ldbc-sf100/social_network/dynamic/comment_hasTag_tag_0_0.csv rows=113000000 directed_edges=226000000 elapsed_s=225.0
[snb-full][edge] progress file=/data/WorkSpace/ldbc-sf100/social_network/dynamic/comment_hasTag_tag_0_0.csv rows=114000000 directed_edges=228000000 elapsed_s=226.9
[snb-full][edge] progress file=/data/WorkSpace/ldbc-sf100/social_network/dynamic/comment_hasTag_tag_0_0.csv rows=115000000 directed_edges=230000000 elapsed_s=228.8
[snb-full][edge] progress file=/data/WorkSpace/ldbc-sf100/social_network/dynamic/comment_hasTag_tag_0_0.csv rows=116000000 directed_edges=232000000 elapsed_s=230.6
[snb-full][edge] progress file=/data/WorkSpace/ldbc-sf100/social_network/dynamic/comment_hasTag_tag_0_0.csv rows=117000000 directed_edges=234000000 elapsed_s=232.6
[snb-full][edge] progress file=/data/WorkSpace/ldbc-sf100/social_network/dynamic/comment_hasTag_tag_0_0.csv rows=118000000 directed_edges=236000000 elapsed_s=234.5
[snb-full][edge] progress file=/data/WorkSpace/ldbc-sf100/social_network/dynamic/comment_hasTag_tag_0_0.csv rows=119000000 directed_edges=238000000 elapsed_s=236.4
[snb-full][edge] progress file=/data/WorkSpace/ldbc-sf100/social_network/dynamic/comment_hasTag_tag_0_0.csv rows=120000000 directed_edges=240000000 elapsed_s=238.4
[snb-full][edge] progress file=/data/WorkSpace/ldbc-sf100/social_network/dynamic/comment_hasTag_tag_0_0.csv rows=121000000 directed_edges=242000000 elapsed_s=240.3
[snb-full][edge] progress file=/data/WorkSpace/ldbc-sf100/social_network/dynamic/comment_hasTag_tag_0_0.csv rows=122000000 directed_edges=244000000 elapsed_s=242.3
[snb-full][edge] progress file=/data/WorkSpace/ldbc-sf100/social_network/dynamic/comment_hasTag_tag_0_0.csv rows=123000000 directed_edges=246000000 elapsed_s=244.2
[snb-full][edge] progress file=/data/WorkSpace/ldbc-sf100/social_network/dynamic/comment_hasTag_tag_0_0.csv rows=124000000 directed_edges=248000000 elapsed_s=246.2
[snb-full][edge] progress file=/data/WorkSpace/ldbc-sf100/social_network/dynamic/comment_hasTag_tag_0_0.csv rows=125000000 directed_edges=250000000 elapsed_s=248.1
[snb-full][edge] progress file=/data/WorkSpace/ldbc-sf100/social_network/dynamic/comment_hasTag_tag_0_0.csv rows=126000000 directed_edges=252000000 elapsed_s=250.1
[snb-full][edge] progress file=/data/WorkSpace/ldbc-sf100/social_network/dynamic/comment_hasTag_tag_0_0.csv rows=127000000 directed_edges=254000000 elapsed_s=252.0
[snb-full][edge] progress file=/data/WorkSpace/ldbc-sf100/social_network/dynamic/comment_hasTag_tag_0_0.csv rows=128000000 directed_edges=256000000 elapsed_s=254.0
[snb-full][edge] progress file=/data/WorkSpace/ldbc-sf100/social_network/dynamic/comment_hasTag_tag_0_0.csv rows=129000000 directed_edges=258000000 elapsed_s=255.9
[snb-full][edge] progress file=/data/WorkSpace/ldbc-sf100/social_network/dynamic/comment_hasTag_tag_0_0.csv rows=130000000 directed_edges=260000000 elapsed_s=257.9
[snb-full][edge] progress file=/data/WorkSpace/ldbc-sf100/social_network/dynamic/comment_hasTag_tag_0_0.csv rows=131000000 directed_edges=262000000 elapsed_s=259.9
[snb-full][edge] progress file=/data/WorkSpace/ldbc-sf100/social_network/dynamic/comment_hasTag_tag_0_0.csv rows=132000000 directed_edges=264000000 elapsed_s=261.8
[snb-full][edge] progress file=/data/WorkSpace/ldbc-sf100/social_network/dynamic/comment_hasTag_tag_0_0.csv rows=133000000 directed_edges=266000000 elapsed_s=263.8
[snb-full][edge] progress file=/data/WorkSpace/ldbc-sf100/social_network/dynamic/comment_hasTag_tag_0_0.csv rows=134000000 directed_edges=268000000 elapsed_s=265.7
[snb-full][edge] progress file=/data/WorkSpace/ldbc-sf100/social_network/dynamic/comment_hasTag_tag_0_0.csv rows=135000000 directed_edges=270000000 elapsed_s=267.7
[snb-full][edge] progress file=/data/WorkSpace/ldbc-sf100/social_network/dynamic/comment_hasTag_tag_0_0.csv rows=136000000 directed_edges=272000000 elapsed_s=269.5
[snb-full][edge] progress file=/data/WorkSpace/ldbc-sf100/social_network/dynamic/comment_hasTag_tag_0_0.csv rows=137000000 directed_edges=274000000 elapsed_s=271.4
[snb-full][edge] progress file=/data/WorkSpace/ldbc-sf100/social_network/dynamic/comment_hasTag_tag_0_0.csv rows=138000000 directed_edges=276000000 elapsed_s=273.3
[snb-full][edge] progress file=/data/WorkSpace/ldbc-sf100/social_network/dynamic/comment_hasTag_tag_0_0.csv rows=139000000 directed_edges=278000000 elapsed_s=275.2
[snb-full][edge] progress file=/data/WorkSpace/ldbc-sf100/social_network/dynamic/comment_hasTag_tag_0_0.csv rows=140000000 directed_edges=280000000 elapsed_s=277.1
[snb-full][edge] progress file=/data/WorkSpace/ldbc-sf100/social_network/dynamic/comment_hasTag_tag_0_0.csv rows=141000000 directed_edges=282000000 elapsed_s=279.1
[snb-full][edge] progress file=/data/WorkSpace/ldbc-sf100/social_network/dynamic/comment_hasTag_tag_0_0.csv rows=142000000 directed_edges=284000000 elapsed_s=281.0
[snb-full][edge] progress file=/data/WorkSpace/ldbc-sf100/social_network/dynamic/comment_hasTag_tag_0_0.csv rows=143000000 directed_edges=286000000 elapsed_s=283.0
[snb-full][edge] progress file=/data/WorkSpace/ldbc-sf100/social_network/dynamic/comment_hasTag_tag_0_0.csv rows=144000000 directed_edges=288000000 elapsed_s=284.9
[snb-full][edge] progress file=/data/WorkSpace/ldbc-sf100/social_network/dynamic/comment_hasTag_tag_0_0.csv rows=145000000 directed_edges=290000000 elapsed_s=286.9
[snb-full][edge] progress file=/data/WorkSpace/ldbc-sf100/social_network/dynamic/comment_hasTag_tag_0_0.csv rows=146000000 directed_edges=292000000 elapsed_s=288.9
[snb-full][edge] progress file=/data/WorkSpace/ldbc-sf100/social_network/dynamic/comment_hasTag_tag_0_0.csv rows=147000000 directed_edges=294000000 elapsed_s=290.9
[snb-full][edge] progress file=/data/WorkSpace/ldbc-sf100/social_network/dynamic/comment_hasTag_tag_0_0.csv rows=148000000 directed_edges=296000000 elapsed_s=292.8
[snb-full][edge] progress file=/data/WorkSpace/ldbc-sf100/social_network/dynamic/comment_hasTag_tag_0_0.csv rows=149000000 directed_edges=298000000 elapsed_s=294.8
[snb-full][edge] progress file=/data/WorkSpace/ldbc-sf100/social_network/dynamic/comment_hasTag_tag_0_0.csv rows=150000000 directed_edges=300000000 elapsed_s=296.8
[snb-full][edge] progress file=/data/WorkSpace/ldbc-sf100/social_network/dynamic/comment_hasTag_tag_0_0.csv rows=151000000 directed_edges=302000000 elapsed_s=298.7
[snb-full][edge] progress file=/data/WorkSpace/ldbc-sf100/social_network/dynamic/comment_hasTag_tag_0_0.csv rows=152000000 directed_edges=304000000 elapsed_s=300.7
[snb-full][edge] progress file=/data/WorkSpace/ldbc-sf100/social_network/dynamic/comment_hasTag_tag_0_0.csv rows=153000000 directed_edges=306000000 elapsed_s=302.6
[snb-full][edge] progress file=/data/WorkSpace/ldbc-sf100/social_network/dynamic/comment_hasTag_tag_0_0.csv rows=154000000 directed_edges=308000000 elapsed_s=304.6
[snb-full][edge] progress file=/data/WorkSpace/ldbc-sf100/social_network/dynamic/comment_hasTag_tag_0_0.csv rows=155000000 directed_edges=310000000 elapsed_s=306.6
[snb-full][edge] progress file=/data/WorkSpace/ldbc-sf100/social_network/dynamic/comment_hasTag_tag_0_0.csv rows=156000000 directed_edges=312000000 elapsed_s=308.5
[snb-full][edge] progress file=/data/WorkSpace/ldbc-sf100/social_network/dynamic/comment_hasTag_tag_0_0.csv rows=157000000 directed_edges=314000000 elapsed_s=310.4
[snb-full][edge] progress file=/data/WorkSpace/ldbc-sf100/social_network/dynamic/comment_hasTag_tag_0_0.csv rows=158000000 directed_edges=316000000 elapsed_s=312.2
[snb-full][edge] progress file=/data/WorkSpace/ldbc-sf100/social_network/dynamic/comment_hasTag_tag_0_0.csv rows=159000000 directed_edges=318000000 elapsed_s=314.2
[snb-full][edge] progress file=/data/WorkSpace/ldbc-sf100/social_network/dynamic/comment_hasTag_tag_0_0.csv rows=160000000 directed_edges=320000000 elapsed_s=316.1
[snb-full][edge] progress file=/data/WorkSpace/ldbc-sf100/social_network/dynamic/comment_hasTag_tag_0_0.csv rows=161000000 directed_edges=322000000 elapsed_s=318.0
[snb-full][edge] progress file=/data/WorkSpace/ldbc-sf100/social_network/dynamic/comment_hasTag_tag_0_0.csv rows=162000000 directed_edges=324000000 elapsed_s=320.0
[snb-full][edge] progress file=/data/WorkSpace/ldbc-sf100/social_network/dynamic/comment_hasTag_tag_0_0.csv rows=163000000 directed_edges=326000000 elapsed_s=321.9
[snb-full][edge] progress file=/data/WorkSpace/ldbc-sf100/social_network/dynamic/comment_hasTag_tag_0_0.csv rows=164000000 directed_edges=328000000 elapsed_s=323.9
[snb-full][edge] progress file=/data/WorkSpace/ldbc-sf100/social_network/dynamic/comment_hasTag_tag_0_0.csv rows=165000000 directed_edges=330000000 elapsed_s=325.9
[snb-full][edge] progress file=/data/WorkSpace/ldbc-sf100/social_network/dynamic/comment_hasTag_tag_0_0.csv rows=166000000 directed_edges=332000000 elapsed_s=327.8
[snb-full][edge] progress file=/data/WorkSpace/ldbc-sf100/social_network/dynamic/comment_hasTag_tag_0_0.csv rows=167000000 directed_edges=334000000 elapsed_s=329.8
[snb-full][edge] progress file=/data/WorkSpace/ldbc-sf100/social_network/dynamic/comment_hasTag_tag_0_0.csv rows=168000000 directed_edges=336000000 elapsed_s=331.8
[snb-full][edge] progress file=/data/WorkSpace/ldbc-sf100/social_network/dynamic/comment_hasTag_tag_0_0.csv rows=169000000 directed_edges=338000000 elapsed_s=333.7
[snb-full][edge] progress file=/data/WorkSpace/ldbc-sf100/social_network/dynamic/comment_hasTag_tag_0_0.csv rows=170000000 directed_edges=340000000 elapsed_s=335.7
[snb-full][edge] progress file=/data/WorkSpace/ldbc-sf100/social_network/dynamic/comment_hasTag_tag_0_0.csv rows=171000000 directed_edges=342000000 elapsed_s=337.7
[snb-full][edge] progress file=/data/WorkSpace/ldbc-sf100/social_network/dynamic/comment_hasTag_tag_0_0.csv rows=172000000 directed_edges=344000000 elapsed_s=339.6
[snb-full][edge] progress file=/data/WorkSpace/ldbc-sf100/social_network/dynamic/comment_hasTag_tag_0_0.csv rows=173000000 directed_edges=346000000 elapsed_s=341.6
[snb-full][edge] progress file=/data/WorkSpace/ldbc-sf100/social_network/dynamic/comment_hasTag_tag_0_0.csv rows=174000000 directed_edges=348000000 elapsed_s=343.6
[snb-full][edge] progress file=/data/WorkSpace/ldbc-sf100/social_network/dynamic/comment_hasTag_tag_0_0.csv rows=175000000 directed_edges=350000000 elapsed_s=345.5
[snb-full][edge] progress file=/data/WorkSpace/ldbc-sf100/social_network/dynamic/comment_hasTag_tag_0_0.csv rows=176000000 directed_edges=352000000 elapsed_s=347.5
[snb-full][edge] progress file=/data/WorkSpace/ldbc-sf100/social_network/dynamic/comment_hasTag_tag_0_0.csv rows=177000000 directed_edges=354000000 elapsed_s=349.5
[snb-full][edge] progress file=/data/WorkSpace/ldbc-sf100/social_network/dynamic/comment_hasTag_tag_0_0.csv rows=178000000 directed_edges=356000000 elapsed_s=351.4
[snb-full][edge] progress file=/data/WorkSpace/ldbc-sf100/social_network/dynamic/comment_hasTag_tag_0_0.csv rows=179000000 directed_edges=358000000 elapsed_s=353.4
[snb-full][edge] progress file=/data/WorkSpace/ldbc-sf100/social_network/dynamic/comment_hasTag_tag_0_0.csv rows=180000000 directed_edges=360000000 elapsed_s=355.2
[snb-full][edge] progress file=/data/WorkSpace/ldbc-sf100/social_network/dynamic/comment_hasTag_tag_0_0.csv rows=181000000 directed_edges=362000000 elapsed_s=357.1
[snb-full][edge] progress file=/data/WorkSpace/ldbc-sf100/social_network/dynamic/comment_hasTag_tag_0_0.csv rows=182000000 directed_edges=364000000 elapsed_s=359.1
[snb-full][edge] progress file=/data/WorkSpace/ldbc-sf100/social_network/dynamic/comment_hasTag_tag_0_0.csv rows=183000000 directed_edges=366000000 elapsed_s=361.0
[snb-full][edge] progress file=/data/WorkSpace/ldbc-sf100/social_network/dynamic/comment_hasTag_tag_0_0.csv rows=184000000 directed_edges=368000000 elapsed_s=362.9
[snb-full][edge] progress file=/data/WorkSpace/ldbc-sf100/social_network/dynamic/comment_hasTag_tag_0_0.csv rows=185000000 directed_edges=370000000 elapsed_s=364.9
[snb-full][edge] progress file=/data/WorkSpace/ldbc-sf100/social_network/dynamic/comment_hasTag_tag_0_0.csv rows=186000000 directed_edges=372000000 elapsed_s=366.8
[snb-full][edge] progress file=/data/WorkSpace/ldbc-sf100/social_network/dynamic/comment_hasTag_tag_0_0.csv rows=187000000 directed_edges=374000000 elapsed_s=368.8
[snb-full][edge] progress file=/data/WorkSpace/ldbc-sf100/social_network/dynamic/comment_hasTag_tag_0_0.csv rows=188000000 directed_edges=376000000 elapsed_s=370.7
[snb-full][edge] progress file=/data/WorkSpace/ldbc-sf100/social_network/dynamic/comment_hasTag_tag_0_0.csv rows=189000000 directed_edges=378000000 elapsed_s=372.7
[snb-full][edge] progress file=/data/WorkSpace/ldbc-sf100/social_network/dynamic/comment_hasTag_tag_0_0.csv rows=190000000 directed_edges=380000000 elapsed_s=374.7
[snb-full][edge] progress file=/data/WorkSpace/ldbc-sf100/social_network/dynamic/comment_hasTag_tag_0_0.csv rows=191000000 directed_edges=382000000 elapsed_s=376.7
[snb-full][edge] progress file=/data/WorkSpace/ldbc-sf100/social_network/dynamic/comment_hasTag_tag_0_0.csv rows=192000000 directed_edges=384000000 elapsed_s=378.7
[snb-full][edge] progress file=/data/WorkSpace/ldbc-sf100/social_network/dynamic/comment_hasTag_tag_0_0.csv rows=193000000 directed_edges=386000000 elapsed_s=380.6
[snb-full][edge] progress file=/data/WorkSpace/ldbc-sf100/social_network/dynamic/comment_hasTag_tag_0_0.csv rows=194000000 directed_edges=388000000 elapsed_s=382.6
[snb-full][edge] progress file=/data/WorkSpace/ldbc-sf100/social_network/dynamic/comment_hasTag_tag_0_0.csv rows=195000000 directed_edges=390000000 elapsed_s=384.6
[snb-full][edge] progress file=/data/WorkSpace/ldbc-sf100/social_network/dynamic/comment_hasTag_tag_0_0.csv rows=196000000 directed_edges=392000000 elapsed_s=386.5
[snb-full][edge] progress file=/data/WorkSpace/ldbc-sf100/social_network/dynamic/comment_hasTag_tag_0_0.csv rows=197000000 directed_edges=394000000 elapsed_s=388.5
[snb-full][edge] progress file=/data/WorkSpace/ldbc-sf100/social_network/dynamic/comment_hasTag_tag_0_0.csv rows=198000000 directed_edges=396000000 elapsed_s=390.5
[snb-full][edge] progress file=/data/WorkSpace/ldbc-sf100/social_network/dynamic/comment_hasTag_tag_0_0.csv rows=199000000 directed_edges=398000000 elapsed_s=392.4
[snb-full][edge] progress file=/data/WorkSpace/ldbc-sf100/social_network/dynamic/comment_hasTag_tag_0_0.csv rows=200000000 directed_edges=400000000 elapsed_s=394.4
[snb-full][edge] progress file=/data/WorkSpace/ldbc-sf100/social_network/dynamic/comment_hasTag_tag_0_0.csv rows=201000000 directed_edges=402000000 elapsed_s=396.2
[snb-full][edge] progress file=/data/WorkSpace/ldbc-sf100/social_network/dynamic/comment_hasTag_tag_0_0.csv rows=202000000 directed_edges=404000000 elapsed_s=398.1
[snb-full][edge] progress file=/data/WorkSpace/ldbc-sf100/social_network/dynamic/comment_hasTag_tag_0_0.csv rows=203000000 directed_edges=406000000 elapsed_s=400.0
[snb-full][edge] progress file=/data/WorkSpace/ldbc-sf100/social_network/dynamic/comment_hasTag_tag_0_0.csv rows=204000000 directed_edges=408000000 elapsed_s=401.9
[snb-full][edge] progress file=/data/WorkSpace/ldbc-sf100/social_network/dynamic/comment_hasTag_tag_0_0.csv rows=205000000 directed_edges=410000000 elapsed_s=403.9
[snb-full][edge] progress file=/data/WorkSpace/ldbc-sf100/social_network/dynamic/comment_hasTag_tag_0_0.csv rows=206000000 directed_edges=412000000 elapsed_s=405.9
[snb-full][edge] progress file=/data/WorkSpace/ldbc-sf100/social_network/dynamic/comment_hasTag_tag_0_0.csv rows=207000000 directed_edges=414000000 elapsed_s=407.8
[snb-full][edge] progress file=/data/WorkSpace/ldbc-sf100/social_network/dynamic/comment_hasTag_tag_0_0.csv rows=208000000 directed_edges=416000000 elapsed_s=409.8
[snb-full][edge] progress file=/data/WorkSpace/ldbc-sf100/social_network/dynamic/comment_hasTag_tag_0_0.csv rows=209000000 directed_edges=418000000 elapsed_s=411.7
[snb-full][edge] progress file=/data/WorkSpace/ldbc-sf100/social_network/dynamic/comment_hasTag_tag_0_0.csv rows=210000000 directed_edges=420000000 elapsed_s=413.7
[snb-full][edge] progress file=/data/WorkSpace/ldbc-sf100/social_network/dynamic/comment_hasTag_tag_0_0.csv rows=211000000 directed_edges=422000000 elapsed_s=415.6
[snb-full][edge] progress file=/data/WorkSpace/ldbc-sf100/social_network/dynamic/comment_hasTag_tag_0_0.csv rows=212000000 directed_edges=424000000 elapsed_s=417.6
[snb-full][edge] progress file=/data/WorkSpace/ldbc-sf100/social_network/dynamic/comment_hasTag_tag_0_0.csv rows=213000000 directed_edges=426000000 elapsed_s=419.6
[snb-full][edge] progress file=/data/WorkSpace/ldbc-sf100/social_network/dynamic/comment_hasTag_tag_0_0.csv rows=214000000 directed_edges=428000000 elapsed_s=421.6
[snb-full][edge] progress file=/data/WorkSpace/ldbc-sf100/social_network/dynamic/comment_hasTag_tag_0_0.csv rows=215000000 directed_edges=430000000 elapsed_s=423.5
[snb-full][edge] progress file=/data/WorkSpace/ldbc-sf100/social_network/dynamic/comment_hasTag_tag_0_0.csv rows=216000000 directed_edges=432000000 elapsed_s=425.5
[snb-full][edge] progress file=/data/WorkSpace/ldbc-sf100/social_network/dynamic/comment_hasTag_tag_0_0.csv rows=217000000 directed_edges=434000000 elapsed_s=427.5
[snb-full][edge] progress file=/data/WorkSpace/ldbc-sf100/social_network/dynamic/comment_hasTag_tag_0_0.csv rows=218000000 directed_edges=436000000 elapsed_s=429.4
[snb-full][edge] progress file=/data/WorkSpace/ldbc-sf100/social_network/dynamic/comment_hasTag_tag_0_0.csv rows=219000000 directed_edges=438000000 elapsed_s=431.3
[snb-full][edge] progress file=/data/WorkSpace/ldbc-sf100/social_network/dynamic/comment_hasTag_tag_0_0.csv rows=220000000 directed_edges=440000000 elapsed_s=433.3
[snb-full][edge] progress file=/data/WorkSpace/ldbc-sf100/social_network/dynamic/comment_hasTag_tag_0_0.csv rows=221000000 directed_edges=442000000 elapsed_s=435.3
[snb-full][edge] progress file=/data/WorkSpace/ldbc-sf100/social_network/dynamic/comment_hasTag_tag_0_0.csv rows=222000000 directed_edges=444000000 elapsed_s=437.1
[snb-full][edge] progress file=/data/WorkSpace/ldbc-sf100/social_network/dynamic/comment_hasTag_tag_0_0.csv rows=223000000 directed_edges=446000000 elapsed_s=439.0
[snb-full][edge] progress file=/data/WorkSpace/ldbc-sf100/social_network/dynamic/comment_hasTag_tag_0_0.csv rows=224000000 directed_edges=448000000 elapsed_s=440.9
[snb-full][edge] progress file=/data/WorkSpace/ldbc-sf100/social_network/dynamic/comment_hasTag_tag_0_0.csv rows=225000000 directed_edges=450000000 elapsed_s=442.8
[snb-full][edge] progress file=/data/WorkSpace/ldbc-sf100/social_network/dynamic/comment_hasTag_tag_0_0.csv rows=226000000 directed_edges=452000000 elapsed_s=444.8
[snb-full][edge] progress file=/data/WorkSpace/ldbc-sf100/social_network/dynamic/comment_hasTag_tag_0_0.csv rows=227000000 directed_edges=454000000 elapsed_s=446.7
[snb-full][edge] progress file=/data/WorkSpace/ldbc-sf100/social_network/dynamic/comment_hasTag_tag_0_0.csv rows=228000000 directed_edges=456000000 elapsed_s=448.7
[snb-full][edge] progress file=/data/WorkSpace/ldbc-sf100/social_network/dynamic/comment_hasTag_tag_0_0.csv rows=229000000 directed_edges=458000000 elapsed_s=450.6
[snb-full][edge] progress file=/data/WorkSpace/ldbc-sf100/social_network/dynamic/comment_hasTag_tag_0_0.csv rows=230000000 directed_edges=460000000 elapsed_s=452.6
[snb-full][edge] progress file=/data/WorkSpace/ldbc-sf100/social_network/dynamic/comment_hasTag_tag_0_0.csv rows=231000000 directed_edges=462000000 elapsed_s=454.5
[snb-full][edge] progress file=/data/WorkSpace/ldbc-sf100/social_network/dynamic/comment_hasTag_tag_0_0.csv rows=232000000 directed_edges=464000000 elapsed_s=456.5
[snb-full][edge] progress file=/data/WorkSpace/ldbc-sf100/social_network/dynamic/comment_hasTag_tag_0_0.csv rows=233000000 directed_edges=466000000 elapsed_s=458.5
[snb-full][edge] progress file=/data/WorkSpace/ldbc-sf100/social_network/dynamic/comment_hasTag_tag_0_0.csv rows=234000000 directed_edges=468000000 elapsed_s=460.4
[snb-full][edge] progress file=/data/WorkSpace/ldbc-sf100/social_network/dynamic/comment_hasTag_tag_0_0.csv rows=235000000 directed_edges=470000000 elapsed_s=462.4
[snb-full][edge] progress file=/data/WorkSpace/ldbc-sf100/social_network/dynamic/comment_hasTag_tag_0_0.csv rows=236000000 directed_edges=472000000 elapsed_s=464.4
[snb-full][edge] progress file=/data/WorkSpace/ldbc-sf100/social_network/dynamic/comment_hasTag_tag_0_0.csv rows=237000000 directed_edges=474000000 elapsed_s=466.3
[snb-full][edge] progress file=/data/WorkSpace/ldbc-sf100/social_network/dynamic/comment_hasTag_tag_0_0.csv rows=238000000 directed_edges=476000000 elapsed_s=468.3
[snb-full][edge] progress file=/data/WorkSpace/ldbc-sf100/social_network/dynamic/comment_hasTag_tag_0_0.csv rows=239000000 directed_edges=478000000 elapsed_s=470.3
[snb-full][edge] progress file=/data/WorkSpace/ldbc-sf100/social_network/dynamic/comment_hasTag_tag_0_0.csv rows=240000000 directed_edges=480000000 elapsed_s=472.2
[snb-full][edge] progress file=/data/WorkSpace/ldbc-sf100/social_network/dynamic/comment_hasTag_tag_0_0.csv rows=241000000 directed_edges=482000000 elapsed_s=474.2
[snb-full][edge] progress file=/data/WorkSpace/ldbc-sf100/social_network/dynamic/comment_hasTag_tag_0_0.csv rows=242000000 directed_edges=484000000 elapsed_s=476.2
[snb-full][edge] progress file=/data/WorkSpace/ldbc-sf100/social_network/dynamic/comment_hasTag_tag_0_0.csv rows=243000000 directed_edges=486000000 elapsed_s=478.1
[snb-full][edge] progress file=/data/WorkSpace/ldbc-sf100/social_network/dynamic/comment_hasTag_tag_0_0.csv rows=244000000 directed_edges=488000000 elapsed_s=480.0
[snb-full][edge] progress file=/data/WorkSpace/ldbc-sf100/social_network/dynamic/comment_hasTag_tag_0_0.csv rows=245000000 directed_edges=490000000 elapsed_s=481.9
[snb-full][edge] progress file=/data/WorkSpace/ldbc-sf100/social_network/dynamic/comment_hasTag_tag_0_0.csv rows=246000000 directed_edges=492000000 elapsed_s=483.7
[snb-full][edge] progress file=/data/WorkSpace/ldbc-sf100/social_network/dynamic/comment_hasTag_tag_0_0.csv rows=247000000 directed_edges=494000000 elapsed_s=485.8
[snb-full][edge] progress file=/data/WorkSpace/ldbc-sf100/social_network/dynamic/comment_hasTag_tag_0_0.csv rows=248000000 directed_edges=496000000 elapsed_s=488.2
[snb-full][edge] progress file=/data/WorkSpace/ldbc-sf100/social_network/dynamic/comment_hasTag_tag_0_0.csv rows=249000000 directed_edges=498000000 elapsed_s=490.1
[snb-full][edge] progress file=/data/WorkSpace/ldbc-sf100/social_network/dynamic/comment_hasTag_tag_0_0.csv rows=250000000 directed_edges=500000000 elapsed_s=492.0
[snb-full][edge] progress file=/data/WorkSpace/ldbc-sf100/social_network/dynamic/comment_hasTag_tag_0_0.csv rows=251000000 directed_edges=502000000 elapsed_s=494.0
[snb-full][edge] progress file=/data/WorkSpace/ldbc-sf100/social_network/dynamic/comment_hasTag_tag_0_0.csv rows=252000000 directed_edges=504000000 elapsed_s=496.2
[snb-full][edge] progress file=/data/WorkSpace/ldbc-sf100/social_network/dynamic/comment_hasTag_tag_0_0.csv rows=253000000 directed_edges=506000000 elapsed_s=498.3
[snb-full][edge] progress file=/data/WorkSpace/ldbc-sf100/social_network/dynamic/comment_hasTag_tag_0_0.csv rows=254000000 directed_edges=508000000 elapsed_s=500.5
[snb-full][edge] progress file=/data/WorkSpace/ldbc-sf100/social_network/dynamic/comment_hasTag_tag_0_0.csv rows=255000000 directed_edges=510000000 elapsed_s=502.4
[snb-full][edge] progress file=/data/WorkSpace/ldbc-sf100/social_network/dynamic/comment_hasTag_tag_0_0.csv rows=256000000 directed_edges=512000000 elapsed_s=504.4
[snb-full][edge] progress file=/data/WorkSpace/ldbc-sf100/social_network/dynamic/comment_hasTag_tag_0_0.csv rows=257000000 directed_edges=514000000 elapsed_s=506.6
[snb-full][edge] progress file=/data/WorkSpace/ldbc-sf100/social_network/dynamic/comment_hasTag_tag_0_0.csv rows=258000000 directed_edges=516000000 elapsed_s=508.8
[snb-full][edge] progress file=/data/WorkSpace/ldbc-sf100/social_network/dynamic/comment_hasTag_tag_0_0.csv rows=259000000 directed_edges=518000000 elapsed_s=511.1
[snb-full][edge] progress file=/data/WorkSpace/ldbc-sf100/social_network/dynamic/comment_hasTag_tag_0_0.csv rows=260000000 directed_edges=520000000 elapsed_s=513.2
[snb-full][edge] progress file=/data/WorkSpace/ldbc-sf100/social_network/dynamic/comment_hasTag_tag_0_0.csv rows=261000000 directed_edges=522000000 elapsed_s=515.4
[snb-full][edge] progress file=/data/WorkSpace/ldbc-sf100/social_network/dynamic/comment_hasTag_tag_0_0.csv rows=262000000 directed_edges=524000000 elapsed_s=517.5
[snb-full][edge] progress file=/data/WorkSpace/ldbc-sf100/social_network/dynamic/comment_hasTag_tag_0_0.csv rows=263000000 directed_edges=526000000 elapsed_s=519.5
[snb-full][edge] progress file=/data/WorkSpace/ldbc-sf100/social_network/dynamic/comment_hasTag_tag_0_0.csv rows=264000000 directed_edges=528000000 elapsed_s=521.7
[snb-full][edge] progress file=/data/WorkSpace/ldbc-sf100/social_network/dynamic/comment_hasTag_tag_0_0.csv rows=265000000 directed_edges=530000000 elapsed_s=523.5
[snb-full][edge] progress file=/data/WorkSpace/ldbc-sf100/social_network/dynamic/comment_hasTag_tag_0_0.csv rows=266000000 directed_edges=532000000 elapsed_s=525.7
[snb-full][edge] progress file=/data/WorkSpace/ldbc-sf100/social_network/dynamic/comment_hasTag_tag_0_0.csv rows=267000000 directed_edges=534000000 elapsed_s=527.8
[snb-full][edge] progress file=/data/WorkSpace/ldbc-sf100/social_network/dynamic/comment_hasTag_tag_0_0.csv rows=268000000 directed_edges=536000000 elapsed_s=529.9
[snb-full][edge] progress file=/data/WorkSpace/ldbc-sf100/social_network/dynamic/comment_hasTag_tag_0_0.csv rows=269000000 directed_edges=538000000 elapsed_s=531.8
[snb-full][edge] progress file=/data/WorkSpace/ldbc-sf100/social_network/dynamic/comment_hasTag_tag_0_0.csv rows=270000000 directed_edges=540000000 elapsed_s=533.9
[snb-full][edge] progress file=/data/WorkSpace/ldbc-sf100/social_network/dynamic/comment_hasTag_tag_0_0.csv rows=271000000 directed_edges=542000000 elapsed_s=536.0
[snb-full][edge] progress file=/data/WorkSpace/ldbc-sf100/social_network/dynamic/comment_hasTag_tag_0_0.csv rows=272000000 directed_edges=544000000 elapsed_s=538.1
[snb-full][edge] progress file=/data/WorkSpace/ldbc-sf100/social_network/dynamic/comment_hasTag_tag_0_0.csv rows=273000000 directed_edges=546000000 elapsed_s=540.2
[snb-full][edge] progress file=/data/WorkSpace/ldbc-sf100/social_network/dynamic/comment_hasTag_tag_0_0.csv rows=274000000 directed_edges=548000000 elapsed_s=542.3
[snb-full][edge] progress file=/data/WorkSpace/ldbc-sf100/social_network/dynamic/comment_hasTag_tag_0_0.csv rows=275000000 directed_edges=550000000 elapsed_s=544.4
[snb-full][edge] progress file=/data/WorkSpace/ldbc-sf100/social_network/dynamic/comment_hasTag_tag_0_0.csv rows=276000000 directed_edges=552000000 elapsed_s=546.5
[snb-full][edge] progress file=/data/WorkSpace/ldbc-sf100/social_network/dynamic/comment_hasTag_tag_0_0.csv rows=277000000 directed_edges=554000000 elapsed_s=548.6
[snb-full][edge] progress file=/data/WorkSpace/ldbc-sf100/social_network/dynamic/comment_hasTag_tag_0_0.csv rows=278000000 directed_edges=556000000 elapsed_s=550.6
[snb-full][edge] progress file=/data/WorkSpace/ldbc-sf100/social_network/dynamic/comment_hasTag_tag_0_0.csv rows=279000000 directed_edges=558000000 elapsed_s=552.7
[snb-full][edge] progress file=/data/WorkSpace/ldbc-sf100/social_network/dynamic/comment_hasTag_tag_0_0.csv rows=280000000 directed_edges=560000000 elapsed_s=554.8
[snb-full][edge] progress file=/data/WorkSpace/ldbc-sf100/social_network/dynamic/comment_hasTag_tag_0_0.csv rows=281000000 directed_edges=562000000 elapsed_s=556.9
[snb-full][edge] progress file=/data/WorkSpace/ldbc-sf100/social_network/dynamic/comment_hasTag_tag_0_0.csv rows=282000000 directed_edges=564000000 elapsed_s=559.0
[snb-full][edge] progress file=/data/WorkSpace/ldbc-sf100/social_network/dynamic/comment_hasTag_tag_0_0.csv rows=283000000 directed_edges=566000000 elapsed_s=561.1
[snb-full][edge] progress file=/data/WorkSpace/ldbc-sf100/social_network/dynamic/comment_hasTag_tag_0_0.csv rows=284000000 directed_edges=568000000 elapsed_s=563.2
[snb-full][edge] progress file=/data/WorkSpace/ldbc-sf100/social_network/dynamic/comment_hasTag_tag_0_0.csv rows=285000000 directed_edges=570000000 elapsed_s=565.3
[snb-full][edge] progress file=/data/WorkSpace/ldbc-sf100/social_network/dynamic/comment_hasTag_tag_0_0.csv rows=286000000 directed_edges=572000000 elapsed_s=567.4
[snb-full][edge] progress file=/data/WorkSpace/ldbc-sf100/social_network/dynamic/comment_hasTag_tag_0_0.csv rows=287000000 directed_edges=574000000 elapsed_s=569.1
[snb-full][edge] progress file=/data/WorkSpace/ldbc-sf100/social_network/dynamic/comment_hasTag_tag_0_0.csv rows=288000000 directed_edges=576000000 elapsed_s=571.4
[snb-full][edge] progress file=/data/WorkSpace/ldbc-sf100/social_network/dynamic/comment_hasTag_tag_0_0.csv rows=289000000 directed_edges=578000000 elapsed_s=573.1
[snb-full][edge] progress file=/data/WorkSpace/ldbc-sf100/social_network/dynamic/comment_hasTag_tag_0_0.csv rows=290000000 directed_edges=580000000 elapsed_s=575.1
[snb-full][edge] progress file=/data/WorkSpace/ldbc-sf100/social_network/dynamic/comment_hasTag_tag_0_0.csv rows=291000000 directed_edges=582000000 elapsed_s=577.4
[snb-full][edge] progress file=/data/WorkSpace/ldbc-sf100/social_network/dynamic/comment_hasTag_tag_0_0.csv rows=292000000 directed_edges=584000000 elapsed_s=579.4
[snb-full][edge] done file=/data/WorkSpace/ldbc-sf100/social_network/dynamic/comment_hasTag_tag_0_0.csv rows=292166773 directed_edges=584333546 elapsed_s=579.7
[snb-full][edge] start file=/data/WorkSpace/ldbc-sf100/social_network/dynamic/post_hasTag_tag_0_0.csv edge=HasTag src=Post dst=Tag
[snb-full][edge] progress file=/data/WorkSpace/ldbc-sf100/social_network/dynamic/post_hasTag_tag_0_0.csv rows=1000000 directed_edges=2000000 elapsed_s=2.2
[snb-full][edge] progress file=/data/WorkSpace/ldbc-sf100/social_network/dynamic/post_hasTag_tag_0_0.csv rows=2000000 directed_edges=4000000 elapsed_s=4.2
[snb-full][edge] progress file=/data/WorkSpace/ldbc-sf100/social_network/dynamic/post_hasTag_tag_0_0.csv rows=3000000 directed_edges=6000000 elapsed_s=6.3
[snb-full][edge] progress file=/data/WorkSpace/ldbc-sf100/social_network/dynamic/post_hasTag_tag_0_0.csv rows=4000000 directed_edges=8000000 elapsed_s=8.5
[snb-full][edge] progress file=/data/WorkSpace/ldbc-sf100/social_network/dynamic/post_hasTag_tag_0_0.csv rows=5000000 directed_edges=10000000 elapsed_s=10.6
[snb-full][edge] progress file=/data/WorkSpace/ldbc-sf100/social_network/dynamic/post_hasTag_tag_0_0.csv rows=6000000 directed_edges=12000000 elapsed_s=12.8
[snb-full][edge] progress file=/data/WorkSpace/ldbc-sf100/social_network/dynamic/post_hasTag_tag_0_0.csv rows=7000000 directed_edges=14000000 elapsed_s=14.7
[snb-full][edge] progress file=/data/WorkSpace/ldbc-sf100/social_network/dynamic/post_hasTag_tag_0_0.csv rows=8000000 directed_edges=16000000 elapsed_s=16.7
[snb-full][edge] progress file=/data/WorkSpace/ldbc-sf100/social_network/dynamic/post_hasTag_tag_0_0.csv rows=9000000 directed_edges=18000000 elapsed_s=18.6
[snb-full][edge] progress file=/data/WorkSpace/ldbc-sf100/social_network/dynamic/post_hasTag_tag_0_0.csv rows=10000000 directed_edges=20000000 elapsed_s=20.5
[snb-full][edge] progress file=/data/WorkSpace/ldbc-sf100/social_network/dynamic/post_hasTag_tag_0_0.csv rows=11000000 directed_edges=22000000 elapsed_s=22.4
[snb-full][edge] progress file=/data/WorkSpace/ldbc-sf100/social_network/dynamic/post_hasTag_tag_0_0.csv rows=12000000 directed_edges=24000000 elapsed_s=24.4
[snb-full][edge] progress file=/data/WorkSpace/ldbc-sf100/social_network/dynamic/post_hasTag_tag_0_0.csv rows=13000000 directed_edges=26000000 elapsed_s=26.3
[snb-full][edge] progress file=/data/WorkSpace/ldbc-sf100/social_network/dynamic/post_hasTag_tag_0_0.csv rows=14000000 directed_edges=28000000 elapsed_s=28.2
[snb-full][edge] progress file=/data/WorkSpace/ldbc-sf100/social_network/dynamic/post_hasTag_tag_0_0.csv rows=15000000 directed_edges=30000000 elapsed_s=30.1
[snb-full][edge] progress file=/data/WorkSpace/ldbc-sf100/social_network/dynamic/post_hasTag_tag_0_0.csv rows=16000000 directed_edges=32000000 elapsed_s=32.0
[snb-full][edge] progress file=/data/WorkSpace/ldbc-sf100/social_network/dynamic/post_hasTag_tag_0_0.csv rows=17000000 directed_edges=34000000 elapsed_s=34.0
[snb-full][edge] progress file=/data/WorkSpace/ldbc-sf100/social_network/dynamic/post_hasTag_tag_0_0.csv rows=18000000 directed_edges=36000000 elapsed_s=35.9
[snb-full][edge] progress file=/data/WorkSpace/ldbc-sf100/social_network/dynamic/post_hasTag_tag_0_0.csv rows=19000000 directed_edges=38000000 elapsed_s=37.8
[snb-full][edge] progress file=/data/WorkSpace/ldbc-sf100/social_network/dynamic/post_hasTag_tag_0_0.csv rows=20000000 directed_edges=40000000 elapsed_s=39.6
[snb-full][edge] progress file=/data/WorkSpace/ldbc-sf100/social_network/dynamic/post_hasTag_tag_0_0.csv rows=21000000 directed_edges=42000000 elapsed_s=41.5
[snb-full][edge] progress file=/data/WorkSpace/ldbc-sf100/social_network/dynamic/post_hasTag_tag_0_0.csv rows=22000000 directed_edges=44000000 elapsed_s=43.3
[snb-full][edge] progress file=/data/WorkSpace/ldbc-sf100/social_network/dynamic/post_hasTag_tag_0_0.csv rows=23000000 directed_edges=46000000 elapsed_s=45.3
[snb-full][edge] progress file=/data/WorkSpace/ldbc-sf100/social_network/dynamic/post_hasTag_tag_0_0.csv rows=24000000 directed_edges=48000000 elapsed_s=47.1
[snb-full][edge] progress file=/data/WorkSpace/ldbc-sf100/social_network/dynamic/post_hasTag_tag_0_0.csv rows=25000000 directed_edges=50000000 elapsed_s=49.0
[snb-full][edge] progress file=/data/WorkSpace/ldbc-sf100/social_network/dynamic/post_hasTag_tag_0_0.csv rows=26000000 directed_edges=52000000 elapsed_s=51.0
[snb-full][edge] progress file=/data/WorkSpace/ldbc-sf100/social_network/dynamic/post_hasTag_tag_0_0.csv rows=27000000 directed_edges=54000000 elapsed_s=52.9
[snb-full][edge] progress file=/data/WorkSpace/ldbc-sf100/social_network/dynamic/post_hasTag_tag_0_0.csv rows=28000000 directed_edges=56000000 elapsed_s=54.8
[snb-full][edge] progress file=/data/WorkSpace/ldbc-sf100/social_network/dynamic/post_hasTag_tag_0_0.csv rows=29000000 directed_edges=58000000 elapsed_s=56.7
[snb-full][edge] progress file=/data/WorkSpace/ldbc-sf100/social_network/dynamic/post_hasTag_tag_0_0.csv rows=30000000 directed_edges=60000000 elapsed_s=58.6
[snb-full][edge] progress file=/data/WorkSpace/ldbc-sf100/social_network/dynamic/post_hasTag_tag_0_0.csv rows=31000000 directed_edges=62000000 elapsed_s=60.5
[snb-full][edge] progress file=/data/WorkSpace/ldbc-sf100/social_network/dynamic/post_hasTag_tag_0_0.csv rows=32000000 directed_edges=64000000 elapsed_s=62.4
[snb-full][edge] progress file=/data/WorkSpace/ldbc-sf100/social_network/dynamic/post_hasTag_tag_0_0.csv rows=33000000 directed_edges=66000000 elapsed_s=64.3
[snb-full][edge] progress file=/data/WorkSpace/ldbc-sf100/social_network/dynamic/post_hasTag_tag_0_0.csv rows=34000000 directed_edges=68000000 elapsed_s=66.2
[snb-full][edge] progress file=/data/WorkSpace/ldbc-sf100/social_network/dynamic/post_hasTag_tag_0_0.csv rows=35000000 directed_edges=70000000 elapsed_s=68.2
[snb-full][edge] progress file=/data/WorkSpace/ldbc-sf100/social_network/dynamic/post_hasTag_tag_0_0.csv rows=36000000 directed_edges=72000000 elapsed_s=70.1
[snb-full][edge] progress file=/data/WorkSpace/ldbc-sf100/social_network/dynamic/post_hasTag_tag_0_0.csv rows=37000000 directed_edges=74000000 elapsed_s=72.0
[snb-full][edge] progress file=/data/WorkSpace/ldbc-sf100/social_network/dynamic/post_hasTag_tag_0_0.csv rows=38000000 directed_edges=76000000 elapsed_s=73.9
[snb-full][edge] progress file=/data/WorkSpace/ldbc-sf100/social_network/dynamic/post_hasTag_tag_0_0.csv rows=39000000 directed_edges=78000000 elapsed_s=75.8
[snb-full][edge] progress file=/data/WorkSpace/ldbc-sf100/social_network/dynamic/post_hasTag_tag_0_0.csv rows=40000000 directed_edges=80000000 elapsed_s=77.8
[snb-full][edge] progress file=/data/WorkSpace/ldbc-sf100/social_network/dynamic/post_hasTag_tag_0_0.csv rows=41000000 directed_edges=82000000 elapsed_s=79.6
[snb-full][edge] progress file=/data/WorkSpace/ldbc-sf100/social_network/dynamic/post_hasTag_tag_0_0.csv rows=42000000 directed_edges=84000000 elapsed_s=81.4
[snb-full][edge] progress file=/data/WorkSpace/ldbc-sf100/social_network/dynamic/post_hasTag_tag_0_0.csv rows=43000000 directed_edges=86000000 elapsed_s=83.3
[snb-full][edge] progress file=/data/WorkSpace/ldbc-sf100/social_network/dynamic/post_hasTag_tag_0_0.csv rows=44000000 directed_edges=88000000 elapsed_s=85.1
[snb-full][edge] progress file=/data/WorkSpace/ldbc-sf100/social_network/dynamic/post_hasTag_tag_0_0.csv rows=45000000 directed_edges=90000000 elapsed_s=87.0
[snb-full][edge] progress file=/data/WorkSpace/ldbc-sf100/social_network/dynamic/post_hasTag_tag_0_0.csv rows=46000000 directed_edges=92000000 elapsed_s=88.9
[snb-full][edge] progress file=/data/WorkSpace/ldbc-sf100/social_network/dynamic/post_hasTag_tag_0_0.csv rows=47000000 directed_edges=94000000 elapsed_s=90.8
[snb-full][edge] progress file=/data/WorkSpace/ldbc-sf100/social_network/dynamic/post_hasTag_tag_0_0.csv rows=48000000 directed_edges=96000000 elapsed_s=92.7
[snb-full][edge] progress file=/data/WorkSpace/ldbc-sf100/social_network/dynamic/post_hasTag_tag_0_0.csv rows=49000000 directed_edges=98000000 elapsed_s=94.6
[snb-full][edge] progress file=/data/WorkSpace/ldbc-sf100/social_network/dynamic/post_hasTag_tag_0_0.csv rows=50000000 directed_edges=100000000 elapsed_s=96.5
[snb-full][edge] progress file=/data/WorkSpace/ldbc-sf100/social_network/dynamic/post_hasTag_tag_0_0.csv rows=51000000 directed_edges=102000000 elapsed_s=98.4
[snb-full][edge] progress file=/data/WorkSpace/ldbc-sf100/social_network/dynamic/post_hasTag_tag_0_0.csv rows=52000000 directed_edges=104000000 elapsed_s=100.3
[snb-full][edge] progress file=/data/WorkSpace/ldbc-sf100/social_network/dynamic/post_hasTag_tag_0_0.csv rows=53000000 directed_edges=106000000 elapsed_s=102.2
[snb-full][edge] progress file=/data/WorkSpace/ldbc-sf100/social_network/dynamic/post_hasTag_tag_0_0.csv rows=54000000 directed_edges=108000000 elapsed_s=104.1
[snb-full][edge] progress file=/data/WorkSpace/ldbc-sf100/social_network/dynamic/post_hasTag_tag_0_0.csv rows=55000000 directed_edges=110000000 elapsed_s=106.0
[snb-full][edge] progress file=/data/WorkSpace/ldbc-sf100/social_network/dynamic/post_hasTag_tag_0_0.csv rows=56000000 directed_edges=112000000 elapsed_s=107.9
[snb-full][edge] progress file=/data/WorkSpace/ldbc-sf100/social_network/dynamic/post_hasTag_tag_0_0.csv rows=57000000 directed_edges=114000000 elapsed_s=109.8
[snb-full][edge] progress file=/data/WorkSpace/ldbc-sf100/social_network/dynamic/post_hasTag_tag_0_0.csv rows=58000000 directed_edges=116000000 elapsed_s=111.7
[snb-full][edge] progress file=/data/WorkSpace/ldbc-sf100/social_network/dynamic/post_hasTag_tag_0_0.csv rows=59000000 directed_edges=118000000 elapsed_s=113.6
[snb-full][edge] progress file=/data/WorkSpace/ldbc-sf100/social_network/dynamic/post_hasTag_tag_0_0.csv rows=60000000 directed_edges=120000000 elapsed_s=115.5
[snb-full][edge] progress file=/data/WorkSpace/ldbc-sf100/social_network/dynamic/post_hasTag_tag_0_0.csv rows=61000000 directed_edges=122000000 elapsed_s=117.4
[snb-full][edge] progress file=/data/WorkSpace/ldbc-sf100/social_network/dynamic/post_hasTag_tag_0_0.csv rows=62000000 directed_edges=124000000 elapsed_s=119.3
[snb-full][edge] progress file=/data/WorkSpace/ldbc-sf100/social_network/dynamic/post_hasTag_tag_0_0.csv rows=63000000 directed_edges=126000000 elapsed_s=121.2
[snb-full][edge] progress file=/data/WorkSpace/ldbc-sf100/social_network/dynamic/post_hasTag_tag_0_0.csv rows=64000000 directed_edges=128000000 elapsed_s=123.0
[snb-full][edge] progress file=/data/WorkSpace/ldbc-sf100/social_network/dynamic/post_hasTag_tag_0_0.csv rows=65000000 directed_edges=130000000 elapsed_s=124.8
[snb-full][edge] progress file=/data/WorkSpace/ldbc-sf100/social_network/dynamic/post_hasTag_tag_0_0.csv rows=66000000 directed_edges=132000000 elapsed_s=126.7
[snb-full][edge] progress file=/data/WorkSpace/ldbc-sf100/social_network/dynamic/post_hasTag_tag_0_0.csv rows=67000000 directed_edges=134000000 elapsed_s=128.6
[snb-full][edge] progress file=/data/WorkSpace/ldbc-sf100/social_network/dynamic/post_hasTag_tag_0_0.csv rows=68000000 directed_edges=136000000 elapsed_s=130.6
[snb-full][edge] progress file=/data/WorkSpace/ldbc-sf100/social_network/dynamic/post_hasTag_tag_0_0.csv rows=69000000 directed_edges=138000000 elapsed_s=132.5
[snb-full][edge] progress file=/data/WorkSpace/ldbc-sf100/social_network/dynamic/post_hasTag_tag_0_0.csv rows=70000000 directed_edges=140000000 elapsed_s=134.4
[snb-full][edge] progress file=/data/WorkSpace/ldbc-sf100/social_network/dynamic/post_hasTag_tag_0_0.csv rows=71000000 directed_edges=142000000 elapsed_s=136.3
[snb-full][edge] progress file=/data/WorkSpace/ldbc-sf100/social_network/dynamic/post_hasTag_tag_0_0.csv rows=72000000 directed_edges=144000000 elapsed_s=138.2
[snb-full][edge] progress file=/data/WorkSpace/ldbc-sf100/social_network/dynamic/post_hasTag_tag_0_0.csv rows=73000000 directed_edges=146000000 elapsed_s=140.2
[snb-full][edge] progress file=/data/WorkSpace/ldbc-sf100/social_network/dynamic/post_hasTag_tag_0_0.csv rows=74000000 directed_edges=148000000 elapsed_s=142.1
[snb-full][edge] progress file=/data/WorkSpace/ldbc-sf100/social_network/dynamic/post_hasTag_tag_0_0.csv rows=75000000 directed_edges=150000000 elapsed_s=144.0
[snb-full][edge] progress file=/data/WorkSpace/ldbc-sf100/social_network/dynamic/post_hasTag_tag_0_0.csv rows=76000000 directed_edges=152000000 elapsed_s=145.9
[snb-full][edge] progress file=/data/WorkSpace/ldbc-sf100/social_network/dynamic/post_hasTag_tag_0_0.csv rows=77000000 directed_edges=154000000 elapsed_s=147.8
[snb-full][edge] done file=/data/WorkSpace/ldbc-sf100/social_network/dynamic/post_hasTag_tag_0_0.csv rows=77342991 directed_edges=154685982 elapsed_s=148.4
[snb-full][edge] start file=/data/WorkSpace/ldbc-sf100/social_network/dynamic/person_0_0.csv edge=IsLocatedIn src=Person dst=Place
[snb-full][edge] done file=/data/WorkSpace/ldbc-sf100/social_network/dynamic/person_0_0.csv rows=448626 directed_edges=897252 elapsed_s=1.4
[snb-full][edge] start file=/data/WorkSpace/ldbc-sf100/social_network/dynamic/forum_0_0.csv edge=HasModerator src=Forum dst=Person
[snb-full][edge] progress file=/data/WorkSpace/ldbc-sf100/social_network/dynamic/forum_0_0.csv rows=1000000 directed_edges=2000000 elapsed_s=2.0
[snb-full][edge] progress file=/data/WorkSpace/ldbc-sf100/social_network/dynamic/forum_0_0.csv rows=2000000 directed_edges=4000000 elapsed_s=3.9
[snb-full][edge] progress file=/data/WorkSpace/ldbc-sf100/social_network/dynamic/forum_0_0.csv rows=3000000 directed_edges=6000000 elapsed_s=5.9
[snb-full][edge] progress file=/data/WorkSpace/ldbc-sf100/social_network/dynamic/forum_0_0.csv rows=4000000 directed_edges=8000000 elapsed_s=7.7
[snb-full][edge] done file=/data/WorkSpace/ldbc-sf100/social_network/dynamic/forum_0_0.csv rows=4080604 directed_edges=8161208 elapsed_s=8.1
[snb-full][edge] start file=/data/WorkSpace/ldbc-sf100/social_network/dynamic/post_0_0.csv edge=HasCreator src=Post dst=Person
[snb-full][edge] progress file=/data/WorkSpace/ldbc-sf100/social_network/dynamic/post_0_0.csv rows=1000000 directed_edges=2000000 elapsed_s=2.2
[snb-full][edge] progress file=/data/WorkSpace/ldbc-sf100/social_network/dynamic/post_0_0.csv rows=2000000 directed_edges=4000000 elapsed_s=4.0
[snb-full][edge] progress file=/data/WorkSpace/ldbc-sf100/social_network/dynamic/post_0_0.csv rows=3000000 directed_edges=6000000 elapsed_s=6.4
[snb-full][edge] progress file=/data/WorkSpace/ldbc-sf100/social_network/dynamic/post_0_0.csv rows=4000000 directed_edges=8000000 elapsed_s=8.2
[snb-full][edge] progress file=/data/WorkSpace/ldbc-sf100/social_network/dynamic/post_0_0.csv rows=5000000 directed_edges=10000000 elapsed_s=10.5
[snb-full][edge] progress file=/data/WorkSpace/ldbc-sf100/social_network/dynamic/post_0_0.csv rows=6000000 directed_edges=12000000 elapsed_s=12.5
[snb-full][edge] progress file=/data/WorkSpace/ldbc-sf100/social_network/dynamic/post_0_0.csv rows=7000000 directed_edges=14000000 elapsed_s=14.6
[snb-full][edge] progress file=/data/WorkSpace/ldbc-sf100/social_network/dynamic/post_0_0.csv rows=8000000 directed_edges=16000000 elapsed_s=16.7
[snb-full][edge] progress file=/data/WorkSpace/ldbc-sf100/social_network/dynamic/post_0_0.csv rows=9000000 directed_edges=18000000 elapsed_s=18.8
[snb-full][edge] progress file=/data/WorkSpace/ldbc-sf100/social_network/dynamic/post_0_0.csv rows=10000000 directed_edges=20000000 elapsed_s=20.9
[snb-full][edge] progress file=/data/WorkSpace/ldbc-sf100/social_network/dynamic/post_0_0.csv rows=11000000 directed_edges=22000000 elapsed_s=23.0
[snb-full][edge] progress file=/data/WorkSpace/ldbc-sf100/social_network/dynamic/post_0_0.csv rows=12000000 directed_edges=24000000 elapsed_s=25.2
[snb-full][edge] progress file=/data/WorkSpace/ldbc-sf100/social_network/dynamic/post_0_0.csv rows=13000000 directed_edges=26000000 elapsed_s=27.3
[snb-full][edge] progress file=/data/WorkSpace/ldbc-sf100/social_network/dynamic/post_0_0.csv rows=14000000 directed_edges=28000000 elapsed_s=29.4
[snb-full][edge] progress file=/data/WorkSpace/ldbc-sf100/social_network/dynamic/post_0_0.csv rows=15000000 directed_edges=30000000 elapsed_s=31.5
[snb-full][edge] progress file=/data/WorkSpace/ldbc-sf100/social_network/dynamic/post_0_0.csv rows=16000000 directed_edges=32000000 elapsed_s=33.6
[snb-full][edge] progress file=/data/WorkSpace/ldbc-sf100/social_network/dynamic/post_0_0.csv rows=17000000 directed_edges=34000000 elapsed_s=35.7
[snb-full][edge] progress file=/data/WorkSpace/ldbc-sf100/social_network/dynamic/post_0_0.csv rows=18000000 directed_edges=36000000 elapsed_s=37.8
[snb-full][edge] progress file=/data/WorkSpace/ldbc-sf100/social_network/dynamic/post_0_0.csv rows=19000000 directed_edges=38000000 elapsed_s=39.9
[snb-full][edge] progress file=/data/WorkSpace/ldbc-sf100/social_network/dynamic/post_0_0.csv rows=20000000 directed_edges=40000000 elapsed_s=42.0
[snb-full][edge] progress file=/data/WorkSpace/ldbc-sf100/social_network/dynamic/post_0_0.csv rows=21000000 directed_edges=42000000 elapsed_s=44.1
[snb-full][edge] progress file=/data/WorkSpace/ldbc-sf100/social_network/dynamic/post_0_0.csv rows=22000000 directed_edges=44000000 elapsed_s=46.2
[snb-full][edge] progress file=/data/WorkSpace/ldbc-sf100/social_network/dynamic/post_0_0.csv rows=23000000 directed_edges=46000000 elapsed_s=48.1
[snb-full][edge] progress file=/data/WorkSpace/ldbc-sf100/social_network/dynamic/post_0_0.csv rows=24000000 directed_edges=48000000 elapsed_s=50.4
[snb-full][edge] progress file=/data/WorkSpace/ldbc-sf100/social_network/dynamic/post_0_0.csv rows=25000000 directed_edges=50000000 elapsed_s=52.2
[snb-full][edge] progress file=/data/WorkSpace/ldbc-sf100/social_network/dynamic/post_0_0.csv rows=26000000 directed_edges=52000000 elapsed_s=54.4
[snb-full][edge] progress file=/data/WorkSpace/ldbc-sf100/social_network/dynamic/post_0_0.csv rows=27000000 directed_edges=54000000 elapsed_s=56.4
[snb-full][edge] progress file=/data/WorkSpace/ldbc-sf100/social_network/dynamic/post_0_0.csv rows=28000000 directed_edges=56000000 elapsed_s=58.5
[snb-full][edge] progress file=/data/WorkSpace/ldbc-sf100/social_network/dynamic/post_0_0.csv rows=29000000 directed_edges=58000000 elapsed_s=60.6
[snb-full][edge] progress file=/data/WorkSpace/ldbc-sf100/social_network/dynamic/post_0_0.csv rows=30000000 directed_edges=60000000 elapsed_s=62.7
[snb-full][edge] progress file=/data/WorkSpace/ldbc-sf100/social_network/dynamic/post_0_0.csv rows=31000000 directed_edges=62000000 elapsed_s=64.8
[snb-full][edge] progress file=/data/WorkSpace/ldbc-sf100/social_network/dynamic/post_0_0.csv rows=32000000 directed_edges=64000000 elapsed_s=67.0
[snb-full][edge] progress file=/data/WorkSpace/ldbc-sf100/social_network/dynamic/post_0_0.csv rows=33000000 directed_edges=66000000 elapsed_s=69.1
[snb-full][edge] progress file=/data/WorkSpace/ldbc-sf100/social_network/dynamic/post_0_0.csv rows=34000000 directed_edges=68000000 elapsed_s=71.3
[snb-full][edge] progress file=/data/WorkSpace/ldbc-sf100/social_network/dynamic/post_0_0.csv rows=35000000 directed_edges=70000000 elapsed_s=73.4
[snb-full][edge] progress file=/data/WorkSpace/ldbc-sf100/social_network/dynamic/post_0_0.csv rows=36000000 directed_edges=72000000 elapsed_s=75.5
[snb-full][edge] progress file=/data/WorkSpace/ldbc-sf100/social_network/dynamic/post_0_0.csv rows=37000000 directed_edges=74000000 elapsed_s=77.6
[snb-full][edge] progress file=/data/WorkSpace/ldbc-sf100/social_network/dynamic/post_0_0.csv rows=38000000 directed_edges=76000000 elapsed_s=79.7
[snb-full][edge] progress file=/data/WorkSpace/ldbc-sf100/social_network/dynamic/post_0_0.csv rows=39000000 directed_edges=78000000 elapsed_s=81.8
[snb-full][edge] progress file=/data/WorkSpace/ldbc-sf100/social_network/dynamic/post_0_0.csv rows=40000000 directed_edges=80000000 elapsed_s=83.9
[snb-full][edge] progress file=/data/WorkSpace/ldbc-sf100/social_network/dynamic/post_0_0.csv rows=41000000 directed_edges=82000000 elapsed_s=86.1
[snb-full][edge] progress file=/data/WorkSpace/ldbc-sf100/social_network/dynamic/post_0_0.csv rows=42000000 directed_edges=84000000 elapsed_s=88.3
[snb-full][edge] progress file=/data/WorkSpace/ldbc-sf100/social_network/dynamic/post_0_0.csv rows=43000000 directed_edges=86000000 elapsed_s=90.4
[snb-full][edge] progress file=/data/WorkSpace/ldbc-sf100/social_network/dynamic/post_0_0.csv rows=44000000 directed_edges=88000000 elapsed_s=92.3
[snb-full][edge] progress file=/data/WorkSpace/ldbc-sf100/social_network/dynamic/post_0_0.csv rows=45000000 directed_edges=90000000 elapsed_s=94.7
[snb-full][edge] progress file=/data/WorkSpace/ldbc-sf100/social_network/dynamic/post_0_0.csv rows=46000000 directed_edges=92000000 elapsed_s=96.5
[snb-full][edge] progress file=/data/WorkSpace/ldbc-sf100/social_network/dynamic/post_0_0.csv rows=47000000 directed_edges=94000000 elapsed_s=98.7
[snb-full][edge] progress file=/data/WorkSpace/ldbc-sf100/social_network/dynamic/post_0_0.csv rows=48000000 directed_edges=96000000 elapsed_s=100.7
[snb-full][edge] progress file=/data/WorkSpace/ldbc-sf100/social_network/dynamic/post_0_0.csv rows=49000000 directed_edges=98000000 elapsed_s=102.9
[snb-full][edge] progress file=/data/WorkSpace/ldbc-sf100/social_network/dynamic/post_0_0.csv rows=50000000 directed_edges=100000000 elapsed_s=104.9
[snb-full][edge] progress file=/data/WorkSpace/ldbc-sf100/social_network/dynamic/post_0_0.csv rows=51000000 directed_edges=102000000 elapsed_s=107.1
[snb-full][edge] progress file=/data/WorkSpace/ldbc-sf100/social_network/dynamic/post_0_0.csv rows=52000000 directed_edges=104000000 elapsed_s=109.1
[snb-full][edge] progress file=/data/WorkSpace/ldbc-sf100/social_network/dynamic/post_0_0.csv rows=53000000 directed_edges=106000000 elapsed_s=111.3
[snb-full][edge] progress file=/data/WorkSpace/ldbc-sf100/social_network/dynamic/post_0_0.csv rows=54000000 directed_edges=108000000 elapsed_s=113.4
[snb-full][edge] progress file=/data/WorkSpace/ldbc-sf100/social_network/dynamic/post_0_0.csv rows=55000000 directed_edges=110000000 elapsed_s=115.6
[snb-full][edge] progress file=/data/WorkSpace/ldbc-sf100/social_network/dynamic/post_0_0.csv rows=56000000 directed_edges=112000000 elapsed_s=117.7
[snb-full][edge] progress file=/data/WorkSpace/ldbc-sf100/social_network/dynamic/post_0_0.csv rows=57000000 directed_edges=114000000 elapsed_s=119.7
[snb-full][edge] done file=/data/WorkSpace/ldbc-sf100/social_network/dynamic/post_0_0.csv rows=57987023 directed_edges=115974046 elapsed_s=121.9
[snb-full][edge] start file=/data/WorkSpace/ldbc-sf100/social_network/dynamic/post_0_0.csv edge=ContainerOf src=Forum dst=Post
[snb-full][edge] progress file=/data/WorkSpace/ldbc-sf100/social_network/dynamic/post_0_0.csv rows=1000000 directed_edges=2000000 elapsed_s=2.1
[snb-full][edge] progress file=/data/WorkSpace/ldbc-sf100/social_network/dynamic/post_0_0.csv rows=2000000 directed_edges=4000000 elapsed_s=4.2
[snb-full][edge] progress file=/data/WorkSpace/ldbc-sf100/social_network/dynamic/post_0_0.csv rows=3000000 directed_edges=6000000 elapsed_s=6.4
[snb-full][edge] progress file=/data/WorkSpace/ldbc-sf100/social_network/dynamic/post_0_0.csv rows=4000000 directed_edges=8000000 elapsed_s=8.5
[snb-full][edge] progress file=/data/WorkSpace/ldbc-sf100/social_network/dynamic/post_0_0.csv rows=5000000 directed_edges=10000000 elapsed_s=10.7
[snb-full][edge] progress file=/data/WorkSpace/ldbc-sf100/social_network/dynamic/post_0_0.csv rows=6000000 directed_edges=12000000 elapsed_s=12.8
[snb-full][edge] progress file=/data/WorkSpace/ldbc-sf100/social_network/dynamic/post_0_0.csv rows=7000000 directed_edges=14000000 elapsed_s=14.8
[snb-full][edge] progress file=/data/WorkSpace/ldbc-sf100/social_network/dynamic/post_0_0.csv rows=8000000 directed_edges=16000000 elapsed_s=17.1
[snb-full][edge] progress file=/data/WorkSpace/ldbc-sf100/social_network/dynamic/post_0_0.csv rows=9000000 directed_edges=18000000 elapsed_s=18.9
[snb-full][edge] progress file=/data/WorkSpace/ldbc-sf100/social_network/dynamic/post_0_0.csv rows=10000000 directed_edges=20000000 elapsed_s=21.3
[snb-full][edge] progress file=/data/WorkSpace/ldbc-sf100/social_network/dynamic/post_0_0.csv rows=11000000 directed_edges=22000000 elapsed_s=23.2
[snb-full][edge] progress file=/data/WorkSpace/ldbc-sf100/social_network/dynamic/post_0_0.csv rows=12000000 directed_edges=24000000 elapsed_s=25.3
[snb-full][edge] progress file=/data/WorkSpace/ldbc-sf100/social_network/dynamic/post_0_0.csv rows=13000000 directed_edges=26000000 elapsed_s=27.4
[snb-full][edge] progress file=/data/WorkSpace/ldbc-sf100/social_network/dynamic/post_0_0.csv rows=14000000 directed_edges=28000000 elapsed_s=29.5
[snb-full][edge] progress file=/data/WorkSpace/ldbc-sf100/social_network/dynamic/post_0_0.csv rows=15000000 directed_edges=30000000 elapsed_s=31.6
[snb-full][edge] progress file=/data/WorkSpace/ldbc-sf100/social_network/dynamic/post_0_0.csv rows=16000000 directed_edges=32000000 elapsed_s=33.8
[snb-full][edge] progress file=/data/WorkSpace/ldbc-sf100/social_network/dynamic/post_0_0.csv rows=17000000 directed_edges=34000000 elapsed_s=35.9
[snb-full][edge] progress file=/data/WorkSpace/ldbc-sf100/social_network/dynamic/post_0_0.csv rows=18000000 directed_edges=36000000 elapsed_s=38.1
[snb-full][edge] progress file=/data/WorkSpace/ldbc-sf100/social_network/dynamic/post_0_0.csv rows=19000000 directed_edges=38000000 elapsed_s=40.2
[snb-full][edge] progress file=/data/WorkSpace/ldbc-sf100/social_network/dynamic/post_0_0.csv rows=20000000 directed_edges=40000000 elapsed_s=42.4
[snb-full][edge] progress file=/data/WorkSpace/ldbc-sf100/social_network/dynamic/post_0_0.csv rows=21000000 directed_edges=42000000 elapsed_s=44.5
[snb-full][edge] progress file=/data/WorkSpace/ldbc-sf100/social_network/dynamic/post_0_0.csv rows=22000000 directed_edges=44000000 elapsed_s=46.6
[snb-full][edge] progress file=/data/WorkSpace/ldbc-sf100/social_network/dynamic/post_0_0.csv rows=23000000 directed_edges=46000000 elapsed_s=48.7
[snb-full][edge] progress file=/data/WorkSpace/ldbc-sf100/social_network/dynamic/post_0_0.csv rows=24000000 directed_edges=48000000 elapsed_s=50.9
[snb-full][edge] progress file=/data/WorkSpace/ldbc-sf100/social_network/dynamic/post_0_0.csv rows=25000000 directed_edges=50000000 elapsed_s=53.0
[snb-full][edge] progress file=/data/WorkSpace/ldbc-sf100/social_network/dynamic/post_0_0.csv rows=26000000 directed_edges=52000000 elapsed_s=55.2
[snb-full][edge] progress file=/data/WorkSpace/ldbc-sf100/social_network/dynamic/post_0_0.csv rows=27000000 directed_edges=54000000 elapsed_s=57.2
[snb-full][edge] progress file=/data/WorkSpace/ldbc-sf100/social_network/dynamic/post_0_0.csv rows=28000000 directed_edges=56000000 elapsed_s=59.3
[snb-full][edge] progress file=/data/WorkSpace/ldbc-sf100/social_network/dynamic/post_0_0.csv rows=29000000 directed_edges=58000000 elapsed_s=61.5
[snb-full][edge] progress file=/data/WorkSpace/ldbc-sf100/social_network/dynamic/post_0_0.csv rows=30000000 directed_edges=60000000 elapsed_s=63.3
[snb-full][edge] progress file=/data/WorkSpace/ldbc-sf100/social_network/dynamic/post_0_0.csv rows=31000000 directed_edges=62000000 elapsed_s=65.8
[snb-full][edge] progress file=/data/WorkSpace/ldbc-sf100/social_network/dynamic/post_0_0.csv rows=32000000 directed_edges=64000000 elapsed_s=67.6
[snb-full][edge] progress file=/data/WorkSpace/ldbc-sf100/social_network/dynamic/post_0_0.csv rows=33000000 directed_edges=66000000 elapsed_s=69.8
[snb-full][edge] progress file=/data/WorkSpace/ldbc-sf100/social_network/dynamic/post_0_0.csv rows=34000000 directed_edges=68000000 elapsed_s=71.9
[snb-full][edge] progress file=/data/WorkSpace/ldbc-sf100/social_network/dynamic/post_0_0.csv rows=35000000 directed_edges=70000000 elapsed_s=74.0
[snb-full][edge] progress file=/data/WorkSpace/ldbc-sf100/social_network/dynamic/post_0_0.csv rows=36000000 directed_edges=72000000 elapsed_s=76.0
[snb-full][edge] progress file=/data/WorkSpace/ldbc-sf100/social_network/dynamic/post_0_0.csv rows=37000000 directed_edges=74000000 elapsed_s=78.2
[snb-full][edge] progress file=/data/WorkSpace/ldbc-sf100/social_network/dynamic/post_0_0.csv rows=38000000 directed_edges=76000000 elapsed_s=80.3
[snb-full][edge] progress file=/data/WorkSpace/ldbc-sf100/social_network/dynamic/post_0_0.csv rows=39000000 directed_edges=78000000 elapsed_s=82.5
[snb-full][edge] progress file=/data/WorkSpace/ldbc-sf100/social_network/dynamic/post_0_0.csv rows=40000000 directed_edges=80000000 elapsed_s=84.6
[snb-full][edge] progress file=/data/WorkSpace/ldbc-sf100/social_network/dynamic/post_0_0.csv rows=41000000 directed_edges=82000000 elapsed_s=86.8
[snb-full][edge] progress file=/data/WorkSpace/ldbc-sf100/social_network/dynamic/post_0_0.csv rows=42000000 directed_edges=84000000 elapsed_s=88.9
[snb-full][edge] progress file=/data/WorkSpace/ldbc-sf100/social_network/dynamic/post_0_0.csv rows=43000000 directed_edges=86000000 elapsed_s=91.0
[snb-full][edge] progress file=/data/WorkSpace/ldbc-sf100/social_network/dynamic/post_0_0.csv rows=44000000 directed_edges=88000000 elapsed_s=93.1
[snb-full][edge] progress file=/data/WorkSpace/ldbc-sf100/social_network/dynamic/post_0_0.csv rows=45000000 directed_edges=90000000 elapsed_s=95.3
[snb-full][edge] progress file=/data/WorkSpace/ldbc-sf100/social_network/dynamic/post_0_0.csv rows=46000000 directed_edges=92000000 elapsed_s=97.4
[snb-full][edge] progress file=/data/WorkSpace/ldbc-sf100/social_network/dynamic/post_0_0.csv rows=47000000 directed_edges=94000000 elapsed_s=99.6
[snb-full][edge] progress file=/data/WorkSpace/ldbc-sf100/social_network/dynamic/post_0_0.csv rows=48000000 directed_edges=96000000 elapsed_s=101.7
[snb-full][edge] progress file=/data/WorkSpace/ldbc-sf100/social_network/dynamic/post_0_0.csv rows=49000000 directed_edges=98000000 elapsed_s=103.7
[snb-full][edge] progress file=/data/WorkSpace/ldbc-sf100/social_network/dynamic/post_0_0.csv rows=50000000 directed_edges=100000000 elapsed_s=106.0
[snb-full][edge] progress file=/data/WorkSpace/ldbc-sf100/social_network/dynamic/post_0_0.csv rows=51000000 directed_edges=102000000 elapsed_s=107.7
[snb-full][edge] progress file=/data/WorkSpace/ldbc-sf100/social_network/dynamic/post_0_0.csv rows=52000000 directed_edges=104000000 elapsed_s=110.2
[snb-full][edge] progress file=/data/WorkSpace/ldbc-sf100/social_network/dynamic/post_0_0.csv rows=53000000 directed_edges=106000000 elapsed_s=112.0
[snb-full][edge] progress file=/data/WorkSpace/ldbc-sf100/social_network/dynamic/post_0_0.csv rows=54000000 directed_edges=108000000 elapsed_s=114.3
[snb-full][edge] progress file=/data/WorkSpace/ldbc-sf100/social_network/dynamic/post_0_0.csv rows=55000000 directed_edges=110000000 elapsed_s=116.3
[snb-full][edge] progress file=/data/WorkSpace/ldbc-sf100/social_network/dynamic/post_0_0.csv rows=56000000 directed_edges=112000000 elapsed_s=118.4
[snb-full][edge] progress file=/data/WorkSpace/ldbc-sf100/social_network/dynamic/post_0_0.csv rows=57000000 directed_edges=114000000 elapsed_s=120.5
[snb-full][edge] done file=/data/WorkSpace/ldbc-sf100/social_network/dynamic/post_0_0.csv rows=57987023 directed_edges=115974046 elapsed_s=122.6
[snb-full][edge] start file=/data/WorkSpace/ldbc-sf100/social_network/dynamic/post_0_0.csv edge=IsLocatedIn src=Post dst=Place
[snb-full][edge] progress file=/data/WorkSpace/ldbc-sf100/social_network/dynamic/post_0_0.csv rows=1000000 directed_edges=2000000 elapsed_s=2.2
[snb-full][edge] progress file=/data/WorkSpace/ldbc-sf100/social_network/dynamic/post_0_0.csv rows=2000000 directed_edges=4000000 elapsed_s=4.4
[snb-full][edge] progress file=/data/WorkSpace/ldbc-sf100/social_network/dynamic/post_0_0.csv rows=3000000 directed_edges=6000000 elapsed_s=6.6
[snb-full][edge] progress file=/data/WorkSpace/ldbc-sf100/social_network/dynamic/post_0_0.csv rows=4000000 directed_edges=8000000 elapsed_s=8.8
[snb-full][edge] progress file=/data/WorkSpace/ldbc-sf100/social_network/dynamic/post_0_0.csv rows=5000000 directed_edges=10000000 elapsed_s=10.9
[snb-full][edge] progress file=/data/WorkSpace/ldbc-sf100/social_network/dynamic/post_0_0.csv rows=6000000 directed_edges=12000000 elapsed_s=13.1
[snb-full][edge] progress file=/data/WorkSpace/ldbc-sf100/social_network/dynamic/post_0_0.csv rows=7000000 directed_edges=14000000 elapsed_s=15.3
[snb-full][edge] progress file=/data/WorkSpace/ldbc-sf100/social_network/dynamic/post_0_0.csv rows=8000000 directed_edges=16000000 elapsed_s=17.5
[snb-full][edge] progress file=/data/WorkSpace/ldbc-sf100/social_network/dynamic/post_0_0.csv rows=9000000 directed_edges=18000000 elapsed_s=19.5
[snb-full][edge] progress file=/data/WorkSpace/ldbc-sf100/social_network/dynamic/post_0_0.csv rows=10000000 directed_edges=20000000 elapsed_s=21.8
[snb-full][edge] progress file=/data/WorkSpace/ldbc-sf100/social_network/dynamic/post_0_0.csv rows=11000000 directed_edges=22000000 elapsed_s=24.0
[snb-full][edge] progress file=/data/WorkSpace/ldbc-sf100/social_network/dynamic/post_0_0.csv rows=12000000 directed_edges=24000000 elapsed_s=26.2
[snb-full][edge] progress file=/data/WorkSpace/ldbc-sf100/social_network/dynamic/post_0_0.csv rows=13000000 directed_edges=26000000 elapsed_s=28.2
[snb-full][edge] progress file=/data/WorkSpace/ldbc-sf100/social_network/dynamic/post_0_0.csv rows=14000000 directed_edges=28000000 elapsed_s=30.0
[snb-full][edge] progress file=/data/WorkSpace/ldbc-sf100/social_network/dynamic/post_0_0.csv rows=15000000 directed_edges=30000000 elapsed_s=32.7
[snb-full][edge] progress file=/data/WorkSpace/ldbc-sf100/social_network/dynamic/post_0_0.csv rows=16000000 directed_edges=32000000 elapsed_s=34.5
[snb-full][edge] progress file=/data/WorkSpace/ldbc-sf100/social_network/dynamic/post_0_0.csv rows=17000000 directed_edges=34000000 elapsed_s=36.8
[snb-full][edge] progress file=/data/WorkSpace/ldbc-sf100/social_network/dynamic/post_0_0.csv rows=18000000 directed_edges=36000000 elapsed_s=38.7
[snb-full][edge] progress file=/data/WorkSpace/ldbc-sf100/social_network/dynamic/post_0_0.csv rows=19000000 directed_edges=38000000 elapsed_s=40.8
[snb-full][edge] progress file=/data/WorkSpace/ldbc-sf100/social_network/dynamic/post_0_0.csv rows=20000000 directed_edges=40000000 elapsed_s=43.0
[snb-full][edge] progress file=/data/WorkSpace/ldbc-sf100/social_network/dynamic/post_0_0.csv rows=21000000 directed_edges=42000000 elapsed_s=45.2
[snb-full][edge] progress file=/data/WorkSpace/ldbc-sf100/social_network/dynamic/post_0_0.csv rows=22000000 directed_edges=44000000 elapsed_s=47.2
[snb-full][edge] progress file=/data/WorkSpace/ldbc-sf100/social_network/dynamic/post_0_0.csv rows=23000000 directed_edges=46000000 elapsed_s=49.5
[snb-full][edge] progress file=/data/WorkSpace/ldbc-sf100/social_network/dynamic/post_0_0.csv rows=24000000 directed_edges=48000000 elapsed_s=51.7
[snb-full][edge] progress file=/data/WorkSpace/ldbc-sf100/social_network/dynamic/post_0_0.csv rows=25000000 directed_edges=50000000 elapsed_s=54.1
[snb-full][edge] progress file=/data/WorkSpace/ldbc-sf100/social_network/dynamic/post_0_0.csv rows=26000000 directed_edges=52000000 elapsed_s=56.4
[snb-full][edge] progress file=/data/WorkSpace/ldbc-sf100/social_network/dynamic/post_0_0.csv rows=27000000 directed_edges=54000000 elapsed_s=58.6
[snb-full][edge] progress file=/data/WorkSpace/ldbc-sf100/social_network/dynamic/post_0_0.csv rows=28000000 directed_edges=56000000 elapsed_s=60.6
[snb-full][edge] progress file=/data/WorkSpace/ldbc-sf100/social_network/dynamic/post_0_0.csv rows=29000000 directed_edges=58000000 elapsed_s=62.8
[snb-full][edge] progress file=/data/WorkSpace/ldbc-sf100/social_network/dynamic/post_0_0.csv rows=30000000 directed_edges=60000000 elapsed_s=65.0
[snb-full][edge] progress file=/data/WorkSpace/ldbc-sf100/social_network/dynamic/post_0_0.csv rows=31000000 directed_edges=62000000 elapsed_s=67.4
[snb-full][edge] progress file=/data/WorkSpace/ldbc-sf100/social_network/dynamic/post_0_0.csv rows=32000000 directed_edges=64000000 elapsed_s=69.8
[snb-full][edge] progress file=/data/WorkSpace/ldbc-sf100/social_network/dynamic/post_0_0.csv rows=33000000 directed_edges=66000000 elapsed_s=72.0
[snb-full][edge] progress file=/data/WorkSpace/ldbc-sf100/social_network/dynamic/post_0_0.csv rows=34000000 directed_edges=68000000 elapsed_s=73.9
[snb-full][edge] progress file=/data/WorkSpace/ldbc-sf100/social_network/dynamic/post_0_0.csv rows=35000000 directed_edges=70000000 elapsed_s=76.1
[snb-full][edge] progress file=/data/WorkSpace/ldbc-sf100/social_network/dynamic/post_0_0.csv rows=36000000 directed_edges=72000000 elapsed_s=78.4
[snb-full][edge] progress file=/data/WorkSpace/ldbc-sf100/social_network/dynamic/post_0_0.csv rows=37000000 directed_edges=74000000 elapsed_s=80.2
[snb-full][edge] progress file=/data/WorkSpace/ldbc-sf100/social_network/dynamic/post_0_0.csv rows=38000000 directed_edges=76000000 elapsed_s=82.7
[snb-full][edge] progress file=/data/WorkSpace/ldbc-sf100/social_network/dynamic/post_0_0.csv rows=39000000 directed_edges=78000000 elapsed_s=84.6
[snb-full][edge] progress file=/data/WorkSpace/ldbc-sf100/social_network/dynamic/post_0_0.csv rows=40000000 directed_edges=80000000 elapsed_s=86.9
[snb-full][edge] progress file=/data/WorkSpace/ldbc-sf100/social_network/dynamic/post_0_0.csv rows=41000000 directed_edges=82000000 elapsed_s=89.0
[snb-full][edge] progress file=/data/WorkSpace/ldbc-sf100/social_network/dynamic/post_0_0.csv rows=42000000 directed_edges=84000000 elapsed_s=91.2
[snb-full][edge] progress file=/data/WorkSpace/ldbc-sf100/social_network/dynamic/post_0_0.csv rows=43000000 directed_edges=86000000 elapsed_s=93.4
[snb-full][edge] progress file=/data/WorkSpace/ldbc-sf100/social_network/dynamic/post_0_0.csv rows=44000000 directed_edges=88000000 elapsed_s=95.7
[snb-full][edge] progress file=/data/WorkSpace/ldbc-sf100/social_network/dynamic/post_0_0.csv rows=45000000 directed_edges=90000000 elapsed_s=97.7
[snb-full][edge] progress file=/data/WorkSpace/ldbc-sf100/social_network/dynamic/post_0_0.csv rows=46000000 directed_edges=92000000 elapsed_s=99.9
[snb-full][edge] progress file=/data/WorkSpace/ldbc-sf100/social_network/dynamic/post_0_0.csv rows=47000000 directed_edges=94000000 elapsed_s=101.9
[snb-full][edge] progress file=/data/WorkSpace/ldbc-sf100/social_network/dynamic/post_0_0.csv rows=48000000 directed_edges=96000000 elapsed_s=104.3
[snb-full][edge] progress file=/data/WorkSpace/ldbc-sf100/social_network/dynamic/post_0_0.csv rows=49000000 directed_edges=98000000 elapsed_s=106.6
[snb-full][edge] progress file=/data/WorkSpace/ldbc-sf100/social_network/dynamic/post_0_0.csv rows=50000000 directed_edges=100000000 elapsed_s=109.0
[snb-full][edge] progress file=/data/WorkSpace/ldbc-sf100/social_network/dynamic/post_0_0.csv rows=51000000 directed_edges=102000000 elapsed_s=111.3
[snb-full][edge] progress file=/data/WorkSpace/ldbc-sf100/social_network/dynamic/post_0_0.csv rows=52000000 directed_edges=104000000 elapsed_s=113.7
[snb-full][edge] progress file=/data/WorkSpace/ldbc-sf100/social_network/dynamic/post_0_0.csv rows=53000000 directed_edges=106000000 elapsed_s=116.0
[snb-full][edge] progress file=/data/WorkSpace/ldbc-sf100/social_network/dynamic/post_0_0.csv rows=54000000 directed_edges=108000000 elapsed_s=118.4
[snb-full][edge] progress file=/data/WorkSpace/ldbc-sf100/social_network/dynamic/post_0_0.csv rows=55000000 directed_edges=110000000 elapsed_s=120.8
[snb-full][edge] progress file=/data/WorkSpace/ldbc-sf100/social_network/dynamic/post_0_0.csv rows=56000000 directed_edges=112000000 elapsed_s=122.9
[snb-full][edge] progress file=/data/WorkSpace/ldbc-sf100/social_network/dynamic/post_0_0.csv rows=57000000 directed_edges=114000000 elapsed_s=125.0
[snb-full][edge] done file=/data/WorkSpace/ldbc-sf100/social_network/dynamic/post_0_0.csv rows=57987023 directed_edges=115974046 elapsed_s=126.8
[snb-full][edge] start file=/data/WorkSpace/ldbc-sf100/social_network/dynamic/comment_0_0.csv edge=HasCreator src=Comment dst=Person
[snb-full][edge] progress file=/data/WorkSpace/ldbc-sf100/social_network/dynamic/comment_0_0.csv rows=1000000 directed_edges=2000000 elapsed_s=3.0
[snb-full][edge] progress file=/data/WorkSpace/ldbc-sf100/social_network/dynamic/comment_0_0.csv rows=2000000 directed_edges=4000000 elapsed_s=4.9
[snb-full][edge] progress file=/data/WorkSpace/ldbc-sf100/social_network/dynamic/comment_0_0.csv rows=3000000 directed_edges=6000000 elapsed_s=7.4
[snb-full][edge] progress file=/data/WorkSpace/ldbc-sf100/social_network/dynamic/comment_0_0.csv rows=4000000 directed_edges=8000000 elapsed_s=9.3
[snb-full][edge] progress file=/data/WorkSpace/ldbc-sf100/social_network/dynamic/comment_0_0.csv rows=5000000 directed_edges=10000000 elapsed_s=12.2
[snb-full][edge] progress file=/data/WorkSpace/ldbc-sf100/social_network/dynamic/comment_0_0.csv rows=6000000 directed_edges=12000000 elapsed_s=14.1
[snb-full][edge] progress file=/data/WorkSpace/ldbc-sf100/social_network/dynamic/comment_0_0.csv rows=7000000 directed_edges=14000000 elapsed_s=16.7
[snb-full][edge] progress file=/data/WorkSpace/ldbc-sf100/social_network/dynamic/comment_0_0.csv rows=8000000 directed_edges=16000000 elapsed_s=19.0
[snb-full][edge] progress file=/data/WorkSpace/ldbc-sf100/social_network/dynamic/comment_0_0.csv rows=9000000 directed_edges=18000000 elapsed_s=21.6
[snb-full][edge] progress file=/data/WorkSpace/ldbc-sf100/social_network/dynamic/comment_0_0.csv rows=10000000 directed_edges=20000000 elapsed_s=23.7
[snb-full][edge] progress file=/data/WorkSpace/ldbc-sf100/social_network/dynamic/comment_0_0.csv rows=11000000 directed_edges=22000000 elapsed_s=26.0
[snb-full][edge] progress file=/data/WorkSpace/ldbc-sf100/social_network/dynamic/comment_0_0.csv rows=12000000 directed_edges=24000000 elapsed_s=28.1
[snb-full][edge] progress file=/data/WorkSpace/ldbc-sf100/social_network/dynamic/comment_0_0.csv rows=13000000 directed_edges=26000000 elapsed_s=30.6
[snb-full][edge] progress file=/data/WorkSpace/ldbc-sf100/social_network/dynamic/comment_0_0.csv rows=14000000 directed_edges=28000000 elapsed_s=33.0
[snb-full][edge] progress file=/data/WorkSpace/ldbc-sf100/social_network/dynamic/comment_0_0.csv rows=15000000 directed_edges=30000000 elapsed_s=35.6
[snb-full][edge] progress file=/data/WorkSpace/ldbc-sf100/social_network/dynamic/comment_0_0.csv rows=16000000 directed_edges=32000000 elapsed_s=37.9
[snb-full][edge] progress file=/data/WorkSpace/ldbc-sf100/social_network/dynamic/comment_0_0.csv rows=17000000 directed_edges=34000000 elapsed_s=40.2
[snb-full][edge] progress file=/data/WorkSpace/ldbc-sf100/social_network/dynamic/comment_0_0.csv rows=18000000 directed_edges=36000000 elapsed_s=42.8
[snb-full][edge] progress file=/data/WorkSpace/ldbc-sf100/social_network/dynamic/comment_0_0.csv rows=19000000 directed_edges=38000000 elapsed_s=44.8
[snb-full][edge] progress file=/data/WorkSpace/ldbc-sf100/social_network/dynamic/comment_0_0.csv rows=20000000 directed_edges=40000000 elapsed_s=47.6
[snb-full][edge] progress file=/data/WorkSpace/ldbc-sf100/social_network/dynamic/comment_0_0.csv rows=21000000 directed_edges=42000000 elapsed_s=49.4
[snb-full][edge] progress file=/data/WorkSpace/ldbc-sf100/social_network/dynamic/comment_0_0.csv rows=22000000 directed_edges=44000000 elapsed_s=52.5
[snb-full][edge] progress file=/data/WorkSpace/ldbc-sf100/social_network/dynamic/comment_0_0.csv rows=23000000 directed_edges=46000000 elapsed_s=54.3
[snb-full][edge] progress file=/data/WorkSpace/ldbc-sf100/social_network/dynamic/comment_0_0.csv rows=24000000 directed_edges=48000000 elapsed_s=56.9
[snb-full][edge] progress file=/data/WorkSpace/ldbc-sf100/social_network/dynamic/comment_0_0.csv rows=25000000 directed_edges=50000000 elapsed_s=58.8
[snb-full][edge] progress file=/data/WorkSpace/ldbc-sf100/social_network/dynamic/comment_0_0.csv rows=26000000 directed_edges=52000000 elapsed_s=61.6
[snb-full][edge] progress file=/data/WorkSpace/ldbc-sf100/social_network/dynamic/comment_0_0.csv rows=27000000 directed_edges=54000000 elapsed_s=63.7
[snb-full][edge] progress file=/data/WorkSpace/ldbc-sf100/social_network/dynamic/comment_0_0.csv rows=28000000 directed_edges=56000000 elapsed_s=66.0
[snb-full][edge] progress file=/data/WorkSpace/ldbc-sf100/social_network/dynamic/comment_0_0.csv rows=29000000 directed_edges=58000000 elapsed_s=68.1
[snb-full][edge] progress file=/data/WorkSpace/ldbc-sf100/social_network/dynamic/comment_0_0.csv rows=30000000 directed_edges=60000000 elapsed_s=70.4
[snb-full][edge] progress file=/data/WorkSpace/ldbc-sf100/social_network/dynamic/comment_0_0.csv rows=31000000 directed_edges=62000000 elapsed_s=72.6
[snb-full][edge] progress file=/data/WorkSpace/ldbc-sf100/social_network/dynamic/comment_0_0.csv rows=32000000 directed_edges=64000000 elapsed_s=75.0
[snb-full][edge] progress file=/data/WorkSpace/ldbc-sf100/social_network/dynamic/comment_0_0.csv rows=33000000 directed_edges=66000000 elapsed_s=77.3
[snb-full][edge] progress file=/data/WorkSpace/ldbc-sf100/social_network/dynamic/comment_0_0.csv rows=34000000 directed_edges=68000000 elapsed_s=79.8
[snb-full][edge] progress file=/data/WorkSpace/ldbc-sf100/social_network/dynamic/comment_0_0.csv rows=35000000 directed_edges=70000000 elapsed_s=82.2
[snb-full][edge] progress file=/data/WorkSpace/ldbc-sf100/social_network/dynamic/comment_0_0.csv rows=36000000 directed_edges=72000000 elapsed_s=84.7
[snb-full][edge] progress file=/data/WorkSpace/ldbc-sf100/social_network/dynamic/comment_0_0.csv rows=37000000 directed_edges=74000000 elapsed_s=87.0
[snb-full][edge] progress file=/data/WorkSpace/ldbc-sf100/social_network/dynamic/comment_0_0.csv rows=38000000 directed_edges=76000000 elapsed_s=89.5
[snb-full][edge] progress file=/data/WorkSpace/ldbc-sf100/social_network/dynamic/comment_0_0.csv rows=39000000 directed_edges=78000000 elapsed_s=91.9
[snb-full][edge] progress file=/data/WorkSpace/ldbc-sf100/social_network/dynamic/comment_0_0.csv rows=40000000 directed_edges=80000000 elapsed_s=93.9
[snb-full][edge] progress file=/data/WorkSpace/ldbc-sf100/social_network/dynamic/comment_0_0.csv rows=41000000 directed_edges=82000000 elapsed_s=96.6
[snb-full][edge] progress file=/data/WorkSpace/ldbc-sf100/social_network/dynamic/comment_0_0.csv rows=42000000 directed_edges=84000000 elapsed_s=98.5
[snb-full][edge] progress file=/data/WorkSpace/ldbc-sf100/social_network/dynamic/comment_0_0.csv rows=43000000 directed_edges=86000000 elapsed_s=101.2
[snb-full][edge] progress file=/data/WorkSpace/ldbc-sf100/social_network/dynamic/comment_0_0.csv rows=44000000 directed_edges=88000000 elapsed_s=103.5
[snb-full][edge] progress file=/data/WorkSpace/ldbc-sf100/social_network/dynamic/comment_0_0.csv rows=45000000 directed_edges=90000000 elapsed_s=105.9
[snb-full][edge] progress file=/data/WorkSpace/ldbc-sf100/social_network/dynamic/comment_0_0.csv rows=46000000 directed_edges=92000000 elapsed_s=108.4
[snb-full][edge] progress file=/data/WorkSpace/ldbc-sf100/social_network/dynamic/comment_0_0.csv rows=47000000 directed_edges=94000000 elapsed_s=110.8
[snb-full][edge] progress file=/data/WorkSpace/ldbc-sf100/social_network/dynamic/comment_0_0.csv rows=48000000 directed_edges=96000000 elapsed_s=113.2
[snb-full][edge] progress file=/data/WorkSpace/ldbc-sf100/social_network/dynamic/comment_0_0.csv rows=49000000 directed_edges=98000000 elapsed_s=115.4
[snb-full][edge] progress file=/data/WorkSpace/ldbc-sf100/social_network/dynamic/comment_0_0.csv rows=50000000 directed_edges=100000000 elapsed_s=117.8
[snb-full][edge] progress file=/data/WorkSpace/ldbc-sf100/social_network/dynamic/comment_0_0.csv rows=51000000 directed_edges=102000000 elapsed_s=120.0
[snb-full][edge] progress file=/data/WorkSpace/ldbc-sf100/social_network/dynamic/comment_0_0.csv rows=52000000 directed_edges=104000000 elapsed_s=122.5
[snb-full][edge] progress file=/data/WorkSpace/ldbc-sf100/social_network/dynamic/comment_0_0.csv rows=53000000 directed_edges=106000000 elapsed_s=125.0
[snb-full][edge] progress file=/data/WorkSpace/ldbc-sf100/social_network/dynamic/comment_0_0.csv rows=54000000 directed_edges=108000000 elapsed_s=127.5
[snb-full][edge] progress file=/data/WorkSpace/ldbc-sf100/social_network/dynamic/comment_0_0.csv rows=55000000 directed_edges=110000000 elapsed_s=129.7
[snb-full][edge] progress file=/data/WorkSpace/ldbc-sf100/social_network/dynamic/comment_0_0.csv rows=56000000 directed_edges=112000000 elapsed_s=132.2
[snb-full][edge] progress file=/data/WorkSpace/ldbc-sf100/social_network/dynamic/comment_0_0.csv rows=57000000 directed_edges=114000000 elapsed_s=134.7
[snb-full][edge] progress file=/data/WorkSpace/ldbc-sf100/social_network/dynamic/comment_0_0.csv rows=58000000 directed_edges=116000000 elapsed_s=137.2
[snb-full][edge] progress file=/data/WorkSpace/ldbc-sf100/social_network/dynamic/comment_0_0.csv rows=59000000 directed_edges=118000000 elapsed_s=139.6
[snb-full][edge] progress file=/data/WorkSpace/ldbc-sf100/social_network/dynamic/comment_0_0.csv rows=60000000 directed_edges=120000000 elapsed_s=141.8
[snb-full][edge] progress file=/data/WorkSpace/ldbc-sf100/social_network/dynamic/comment_0_0.csv rows=61000000 directed_edges=122000000 elapsed_s=144.0
[snb-full][edge] progress file=/data/WorkSpace/ldbc-sf100/social_network/dynamic/comment_0_0.csv rows=62000000 directed_edges=124000000 elapsed_s=146.3
[snb-full][edge] progress file=/data/WorkSpace/ldbc-sf100/social_network/dynamic/comment_0_0.csv rows=63000000 directed_edges=126000000 elapsed_s=148.5
[snb-full][edge] progress file=/data/WorkSpace/ldbc-sf100/social_network/dynamic/comment_0_0.csv rows=64000000 directed_edges=128000000 elapsed_s=150.4
[snb-full][edge] progress file=/data/WorkSpace/ldbc-sf100/social_network/dynamic/comment_0_0.csv rows=65000000 directed_edges=130000000 elapsed_s=153.0
[snb-full][edge] progress file=/data/WorkSpace/ldbc-sf100/social_network/dynamic/comment_0_0.csv rows=66000000 directed_edges=132000000 elapsed_s=154.9
[snb-full][edge] progress file=/data/WorkSpace/ldbc-sf100/social_network/dynamic/comment_0_0.csv rows=67000000 directed_edges=134000000 elapsed_s=157.3
[snb-full][edge] progress file=/data/WorkSpace/ldbc-sf100/social_network/dynamic/comment_0_0.csv rows=68000000 directed_edges=136000000 elapsed_s=159.3
[snb-full][edge] progress file=/data/WorkSpace/ldbc-sf100/social_network/dynamic/comment_0_0.csv rows=69000000 directed_edges=138000000 elapsed_s=161.6
[snb-full][edge] progress file=/data/WorkSpace/ldbc-sf100/social_network/dynamic/comment_0_0.csv rows=70000000 directed_edges=140000000 elapsed_s=163.7
[snb-full][edge] progress file=/data/WorkSpace/ldbc-sf100/social_network/dynamic/comment_0_0.csv rows=71000000 directed_edges=142000000 elapsed_s=166.0
[snb-full][edge] progress file=/data/WorkSpace/ldbc-sf100/social_network/dynamic/comment_0_0.csv rows=72000000 directed_edges=144000000 elapsed_s=168.2
[snb-full][edge] progress file=/data/WorkSpace/ldbc-sf100/social_network/dynamic/comment_0_0.csv rows=73000000 directed_edges=146000000 elapsed_s=170.4
[snb-full][edge] progress file=/data/WorkSpace/ldbc-sf100/social_network/dynamic/comment_0_0.csv rows=74000000 directed_edges=148000000 elapsed_s=172.7
[snb-full][edge] progress file=/data/WorkSpace/ldbc-sf100/social_network/dynamic/comment_0_0.csv rows=75000000 directed_edges=150000000 elapsed_s=175.0
[snb-full][edge] progress file=/data/WorkSpace/ldbc-sf100/social_network/dynamic/comment_0_0.csv rows=76000000 directed_edges=152000000 elapsed_s=177.2
[snb-full][edge] progress file=/data/WorkSpace/ldbc-sf100/social_network/dynamic/comment_0_0.csv rows=77000000 directed_edges=154000000 elapsed_s=179.5
[snb-full][edge] progress file=/data/WorkSpace/ldbc-sf100/social_network/dynamic/comment_0_0.csv rows=78000000 directed_edges=156000000 elapsed_s=181.7
[snb-full][edge] progress file=/data/WorkSpace/ldbc-sf100/social_network/dynamic/comment_0_0.csv rows=79000000 directed_edges=158000000 elapsed_s=184.0
[snb-full][edge] progress file=/data/WorkSpace/ldbc-sf100/social_network/dynamic/comment_0_0.csv rows=80000000 directed_edges=160000000 elapsed_s=186.2
[snb-full][edge] progress file=/data/WorkSpace/ldbc-sf100/social_network/dynamic/comment_0_0.csv rows=81000000 directed_edges=162000000 elapsed_s=188.5
[snb-full][edge] progress file=/data/WorkSpace/ldbc-sf100/social_network/dynamic/comment_0_0.csv rows=82000000 directed_edges=164000000 elapsed_s=190.6
[snb-full][edge] progress file=/data/WorkSpace/ldbc-sf100/social_network/dynamic/comment_0_0.csv rows=83000000 directed_edges=166000000 elapsed_s=192.8
[snb-full][edge] progress file=/data/WorkSpace/ldbc-sf100/social_network/dynamic/comment_0_0.csv rows=84000000 directed_edges=168000000 elapsed_s=195.1
[snb-full][edge] progress file=/data/WorkSpace/ldbc-sf100/social_network/dynamic/comment_0_0.csv rows=85000000 directed_edges=170000000 elapsed_s=197.2
[snb-full][edge] progress file=/data/WorkSpace/ldbc-sf100/social_network/dynamic/comment_0_0.csv rows=86000000 directed_edges=172000000 elapsed_s=199.7
[snb-full][edge] progress file=/data/WorkSpace/ldbc-sf100/social_network/dynamic/comment_0_0.csv rows=87000000 directed_edges=174000000 elapsed_s=201.6
[snb-full][edge] progress file=/data/WorkSpace/ldbc-sf100/social_network/dynamic/comment_0_0.csv rows=88000000 directed_edges=176000000 elapsed_s=204.2
[snb-full][edge] progress file=/data/WorkSpace/ldbc-sf100/social_network/dynamic/comment_0_0.csv rows=89000000 directed_edges=178000000 elapsed_s=206.1
[snb-full][edge] progress file=/data/WorkSpace/ldbc-sf100/social_network/dynamic/comment_0_0.csv rows=90000000 directed_edges=180000000 elapsed_s=208.3
[snb-full][edge] progress file=/data/WorkSpace/ldbc-sf100/social_network/dynamic/comment_0_0.csv rows=91000000 directed_edges=182000000 elapsed_s=210.5
[snb-full][edge] progress file=/data/WorkSpace/ldbc-sf100/social_network/dynamic/comment_0_0.csv rows=92000000 directed_edges=184000000 elapsed_s=212.9
[snb-full][edge] progress file=/data/WorkSpace/ldbc-sf100/social_network/dynamic/comment_0_0.csv rows=93000000 directed_edges=186000000 elapsed_s=215.0
[snb-full][edge] progress file=/data/WorkSpace/ldbc-sf100/social_network/dynamic/comment_0_0.csv rows=94000000 directed_edges=188000000 elapsed_s=217.3
[snb-full][edge] progress file=/data/WorkSpace/ldbc-sf100/social_network/dynamic/comment_0_0.csv rows=95000000 directed_edges=190000000 elapsed_s=219.5
[snb-full][edge] progress file=/data/WorkSpace/ldbc-sf100/social_network/dynamic/comment_0_0.csv rows=96000000 directed_edges=192000000 elapsed_s=221.7
[snb-full][edge] progress file=/data/WorkSpace/ldbc-sf100/social_network/dynamic/comment_0_0.csv rows=97000000 directed_edges=194000000 elapsed_s=223.9
[snb-full][edge] progress file=/data/WorkSpace/ldbc-sf100/social_network/dynamic/comment_0_0.csv rows=98000000 directed_edges=196000000 elapsed_s=226.2
[snb-full][edge] progress file=/data/WorkSpace/ldbc-sf100/social_network/dynamic/comment_0_0.csv rows=99000000 directed_edges=198000000 elapsed_s=228.4
[snb-full][edge] progress file=/data/WorkSpace/ldbc-sf100/social_network/dynamic/comment_0_0.csv rows=100000000 directed_edges=200000000 elapsed_s=230.6
[snb-full][edge] progress file=/data/WorkSpace/ldbc-sf100/social_network/dynamic/comment_0_0.csv rows=101000000 directed_edges=202000000 elapsed_s=232.9
[snb-full][edge] progress file=/data/WorkSpace/ldbc-sf100/social_network/dynamic/comment_0_0.csv rows=102000000 directed_edges=204000000 elapsed_s=235.1
[snb-full][edge] progress file=/data/WorkSpace/ldbc-sf100/social_network/dynamic/comment_0_0.csv rows=103000000 directed_edges=206000000 elapsed_s=237.4
[snb-full][edge] progress file=/data/WorkSpace/ldbc-sf100/social_network/dynamic/comment_0_0.csv rows=104000000 directed_edges=208000000 elapsed_s=239.6
[snb-full][edge] progress file=/data/WorkSpace/ldbc-sf100/social_network/dynamic/comment_0_0.csv rows=105000000 directed_edges=210000000 elapsed_s=241.8
[snb-full][edge] progress file=/data/WorkSpace/ldbc-sf100/social_network/dynamic/comment_0_0.csv rows=106000000 directed_edges=212000000 elapsed_s=243.8
[snb-full][edge] progress file=/data/WorkSpace/ldbc-sf100/social_network/dynamic/comment_0_0.csv rows=107000000 directed_edges=214000000 elapsed_s=246.3
[snb-full][edge] progress file=/data/WorkSpace/ldbc-sf100/social_network/dynamic/comment_0_0.csv rows=108000000 directed_edges=216000000 elapsed_s=248.2
[snb-full][edge] progress file=/data/WorkSpace/ldbc-sf100/social_network/dynamic/comment_0_0.csv rows=109000000 directed_edges=218000000 elapsed_s=250.8
[snb-full][edge] progress file=/data/WorkSpace/ldbc-sf100/social_network/dynamic/comment_0_0.csv rows=110000000 directed_edges=220000000 elapsed_s=252.7
[snb-full][edge] progress file=/data/WorkSpace/ldbc-sf100/social_network/dynamic/comment_0_0.csv rows=111000000 directed_edges=222000000 elapsed_s=255.0
[snb-full][edge] progress file=/data/WorkSpace/ldbc-sf100/social_network/dynamic/comment_0_0.csv rows=112000000 directed_edges=224000000 elapsed_s=257.1
[snb-full][edge] progress file=/data/WorkSpace/ldbc-sf100/social_network/dynamic/comment_0_0.csv rows=113000000 directed_edges=226000000 elapsed_s=259.3
[snb-full][edge] progress file=/data/WorkSpace/ldbc-sf100/social_network/dynamic/comment_0_0.csv rows=114000000 directed_edges=228000000 elapsed_s=261.5
[snb-full][edge] progress file=/data/WorkSpace/ldbc-sf100/social_network/dynamic/comment_0_0.csv rows=115000000 directed_edges=230000000 elapsed_s=263.8
[snb-full][edge] progress file=/data/WorkSpace/ldbc-sf100/social_network/dynamic/comment_0_0.csv rows=116000000 directed_edges=232000000 elapsed_s=266.0
[snb-full][edge] progress file=/data/WorkSpace/ldbc-sf100/social_network/dynamic/comment_0_0.csv rows=117000000 directed_edges=234000000 elapsed_s=268.3
[snb-full][edge] progress file=/data/WorkSpace/ldbc-sf100/social_network/dynamic/comment_0_0.csv rows=118000000 directed_edges=236000000 elapsed_s=270.5
[snb-full][edge] progress file=/data/WorkSpace/ldbc-sf100/social_network/dynamic/comment_0_0.csv rows=119000000 directed_edges=238000000 elapsed_s=272.7
[snb-full][edge] progress file=/data/WorkSpace/ldbc-sf100/social_network/dynamic/comment_0_0.csv rows=120000000 directed_edges=240000000 elapsed_s=274.9
[snb-full][edge] progress file=/data/WorkSpace/ldbc-sf100/social_network/dynamic/comment_0_0.csv rows=121000000 directed_edges=242000000 elapsed_s=277.2
[snb-full][edge] progress file=/data/WorkSpace/ldbc-sf100/social_network/dynamic/comment_0_0.csv rows=122000000 directed_edges=244000000 elapsed_s=279.4
[snb-full][edge] progress file=/data/WorkSpace/ldbc-sf100/social_network/dynamic/comment_0_0.csv rows=123000000 directed_edges=246000000 elapsed_s=281.6
[snb-full][edge] progress file=/data/WorkSpace/ldbc-sf100/social_network/dynamic/comment_0_0.csv rows=124000000 directed_edges=248000000 elapsed_s=283.8
[snb-full][edge] progress file=/data/WorkSpace/ldbc-sf100/social_network/dynamic/comment_0_0.csv rows=125000000 directed_edges=250000000 elapsed_s=286.1
[snb-full][edge] progress file=/data/WorkSpace/ldbc-sf100/social_network/dynamic/comment_0_0.csv rows=126000000 directed_edges=252000000 elapsed_s=288.3
[snb-full][edge] progress file=/data/WorkSpace/ldbc-sf100/social_network/dynamic/comment_0_0.csv rows=127000000 directed_edges=254000000 elapsed_s=290.3
[snb-full][edge] progress file=/data/WorkSpace/ldbc-sf100/social_network/dynamic/comment_0_0.csv rows=128000000 directed_edges=256000000 elapsed_s=292.8
[snb-full][edge] progress file=/data/WorkSpace/ldbc-sf100/social_network/dynamic/comment_0_0.csv rows=129000000 directed_edges=258000000 elapsed_s=294.7
[snb-full][edge] progress file=/data/WorkSpace/ldbc-sf100/social_network/dynamic/comment_0_0.csv rows=130000000 directed_edges=260000000 elapsed_s=297.3
[snb-full][edge] progress file=/data/WorkSpace/ldbc-sf100/social_network/dynamic/comment_0_0.csv rows=131000000 directed_edges=262000000 elapsed_s=299.2
[snb-full][edge] progress file=/data/WorkSpace/ldbc-sf100/social_network/dynamic/comment_0_0.csv rows=132000000 directed_edges=264000000 elapsed_s=301.6
[snb-full][edge] progress file=/data/WorkSpace/ldbc-sf100/social_network/dynamic/comment_0_0.csv rows=133000000 directed_edges=266000000 elapsed_s=303.6
[snb-full][edge] progress file=/data/WorkSpace/ldbc-sf100/social_network/dynamic/comment_0_0.csv rows=134000000 directed_edges=268000000 elapsed_s=305.9
[snb-full][edge] progress file=/data/WorkSpace/ldbc-sf100/social_network/dynamic/comment_0_0.csv rows=135000000 directed_edges=270000000 elapsed_s=308.1
[snb-full][edge] progress file=/data/WorkSpace/ldbc-sf100/social_network/dynamic/comment_0_0.csv rows=136000000 directed_edges=272000000 elapsed_s=310.4
[snb-full][edge] progress file=/data/WorkSpace/ldbc-sf100/social_network/dynamic/comment_0_0.csv rows=137000000 directed_edges=274000000 elapsed_s=312.6
[snb-full][edge] progress file=/data/WorkSpace/ldbc-sf100/social_network/dynamic/comment_0_0.csv rows=138000000 directed_edges=276000000 elapsed_s=314.9
[snb-full][edge] progress file=/data/WorkSpace/ldbc-sf100/social_network/dynamic/comment_0_0.csv rows=139000000 directed_edges=278000000 elapsed_s=317.1
[snb-full][edge] progress file=/data/WorkSpace/ldbc-sf100/social_network/dynamic/comment_0_0.csv rows=140000000 directed_edges=280000000 elapsed_s=319.3
[snb-full][edge] progress file=/data/WorkSpace/ldbc-sf100/social_network/dynamic/comment_0_0.csv rows=141000000 directed_edges=282000000 elapsed_s=321.6
[snb-full][edge] progress file=/data/WorkSpace/ldbc-sf100/social_network/dynamic/comment_0_0.csv rows=142000000 directed_edges=284000000 elapsed_s=323.8
[snb-full][edge] progress file=/data/WorkSpace/ldbc-sf100/social_network/dynamic/comment_0_0.csv rows=143000000 directed_edges=286000000 elapsed_s=326.0
[snb-full][edge] progress file=/data/WorkSpace/ldbc-sf100/social_network/dynamic/comment_0_0.csv rows=144000000 directed_edges=288000000 elapsed_s=328.3
[snb-full][edge] progress file=/data/WorkSpace/ldbc-sf100/social_network/dynamic/comment_0_0.csv rows=145000000 directed_edges=290000000 elapsed_s=330.4
[snb-full][edge] progress file=/data/WorkSpace/ldbc-sf100/social_network/dynamic/comment_0_0.csv rows=146000000 directed_edges=292000000 elapsed_s=332.7
[snb-full][edge] progress file=/data/WorkSpace/ldbc-sf100/social_network/dynamic/comment_0_0.csv rows=147000000 directed_edges=294000000 elapsed_s=334.9
[snb-full][edge] progress file=/data/WorkSpace/ldbc-sf100/social_network/dynamic/comment_0_0.csv rows=148000000 directed_edges=296000000 elapsed_s=337.0
[snb-full][edge] progress file=/data/WorkSpace/ldbc-sf100/social_network/dynamic/comment_0_0.csv rows=149000000 directed_edges=298000000 elapsed_s=339.4
[snb-full][edge] progress file=/data/WorkSpace/ldbc-sf100/social_network/dynamic/comment_0_0.csv rows=150000000 directed_edges=300000000 elapsed_s=341.2
[snb-full][edge] progress file=/data/WorkSpace/ldbc-sf100/social_network/dynamic/comment_0_0.csv rows=151000000 directed_edges=302000000 elapsed_s=343.8
[snb-full][edge] progress file=/data/WorkSpace/ldbc-sf100/social_network/dynamic/comment_0_0.csv rows=152000000 directed_edges=304000000 elapsed_s=345.7
[snb-full][edge] progress file=/data/WorkSpace/ldbc-sf100/social_network/dynamic/comment_0_0.csv rows=153000000 directed_edges=306000000 elapsed_s=348.2
[snb-full][edge] progress file=/data/WorkSpace/ldbc-sf100/social_network/dynamic/comment_0_0.csv rows=154000000 directed_edges=308000000 elapsed_s=350.2
[snb-full][edge] progress file=/data/WorkSpace/ldbc-sf100/social_network/dynamic/comment_0_0.csv rows=155000000 directed_edges=310000000 elapsed_s=352.4
[snb-full][edge] progress file=/data/WorkSpace/ldbc-sf100/social_network/dynamic/comment_0_0.csv rows=156000000 directed_edges=312000000 elapsed_s=354.6
[snb-full][edge] progress file=/data/WorkSpace/ldbc-sf100/social_network/dynamic/comment_0_0.csv rows=157000000 directed_edges=314000000 elapsed_s=356.9
[snb-full][edge] progress file=/data/WorkSpace/ldbc-sf100/social_network/dynamic/comment_0_0.csv rows=158000000 directed_edges=316000000 elapsed_s=359.1
[snb-full][edge] progress file=/data/WorkSpace/ldbc-sf100/social_network/dynamic/comment_0_0.csv rows=159000000 directed_edges=318000000 elapsed_s=361.3
[snb-full][edge] progress file=/data/WorkSpace/ldbc-sf100/social_network/dynamic/comment_0_0.csv rows=160000000 directed_edges=320000000 elapsed_s=363.5
[snb-full][edge] progress file=/data/WorkSpace/ldbc-sf100/social_network/dynamic/comment_0_0.csv rows=161000000 directed_edges=322000000 elapsed_s=365.8
[snb-full][edge] progress file=/data/WorkSpace/ldbc-sf100/social_network/dynamic/comment_0_0.csv rows=162000000 directed_edges=324000000 elapsed_s=368.0
[snb-full][edge] progress file=/data/WorkSpace/ldbc-sf100/social_network/dynamic/comment_0_0.csv rows=163000000 directed_edges=326000000 elapsed_s=370.2
[snb-full][edge] progress file=/data/WorkSpace/ldbc-sf100/social_network/dynamic/comment_0_0.csv rows=164000000 directed_edges=328000000 elapsed_s=372.4
[snb-full][edge] progress file=/data/WorkSpace/ldbc-sf100/social_network/dynamic/comment_0_0.csv rows=165000000 directed_edges=330000000 elapsed_s=374.7
[snb-full][edge] progress file=/data/WorkSpace/ldbc-sf100/social_network/dynamic/comment_0_0.csv rows=166000000 directed_edges=332000000 elapsed_s=376.9
[snb-full][edge] progress file=/data/WorkSpace/ldbc-sf100/social_network/dynamic/comment_0_0.csv rows=167000000 directed_edges=334000000 elapsed_s=379.2
[snb-full][edge] progress file=/data/WorkSpace/ldbc-sf100/social_network/dynamic/comment_0_0.csv rows=168000000 directed_edges=336000000 elapsed_s=381.4
[snb-full][edge] progress file=/data/WorkSpace/ldbc-sf100/social_network/dynamic/comment_0_0.csv rows=169000000 directed_edges=338000000 elapsed_s=383.7
[snb-full][edge] progress file=/data/WorkSpace/ldbc-sf100/social_network/dynamic/comment_0_0.csv rows=170000000 directed_edges=340000000 elapsed_s=385.9
[snb-full][edge] progress file=/data/WorkSpace/ldbc-sf100/social_network/dynamic/comment_0_0.csv rows=171000000 directed_edges=342000000 elapsed_s=388.0
[snb-full][edge] progress file=/data/WorkSpace/ldbc-sf100/social_network/dynamic/comment_0_0.csv rows=172000000 directed_edges=344000000 elapsed_s=390.4
[snb-full][edge] progress file=/data/WorkSpace/ldbc-sf100/social_network/dynamic/comment_0_0.csv rows=173000000 directed_edges=346000000 elapsed_s=392.3
[snb-full][edge] progress file=/data/WorkSpace/ldbc-sf100/social_network/dynamic/comment_0_0.csv rows=174000000 directed_edges=348000000 elapsed_s=394.9
[snb-full][edge] progress file=/data/WorkSpace/ldbc-sf100/social_network/dynamic/comment_0_0.csv rows=175000000 directed_edges=350000000 elapsed_s=396.8
[snb-full][edge] progress file=/data/WorkSpace/ldbc-sf100/social_network/dynamic/comment_0_0.csv rows=176000000 directed_edges=352000000 elapsed_s=399.3
[snb-full][edge] progress file=/data/WorkSpace/ldbc-sf100/social_network/dynamic/comment_0_0.csv rows=177000000 directed_edges=354000000 elapsed_s=401.3
[snb-full][edge] progress file=/data/WorkSpace/ldbc-sf100/social_network/dynamic/comment_0_0.csv rows=178000000 directed_edges=356000000 elapsed_s=403.6
[snb-full][edge] progress file=/data/WorkSpace/ldbc-sf100/social_network/dynamic/comment_0_0.csv rows=179000000 directed_edges=358000000 elapsed_s=405.7
[snb-full][edge] progress file=/data/WorkSpace/ldbc-sf100/social_network/dynamic/comment_0_0.csv rows=180000000 directed_edges=360000000 elapsed_s=408.1
[snb-full][edge] progress file=/data/WorkSpace/ldbc-sf100/social_network/dynamic/comment_0_0.csv rows=181000000 directed_edges=362000000 elapsed_s=410.3
[snb-full][edge] progress file=/data/WorkSpace/ldbc-sf100/social_network/dynamic/comment_0_0.csv rows=182000000 directed_edges=364000000 elapsed_s=412.6
[snb-full][edge] progress file=/data/WorkSpace/ldbc-sf100/social_network/dynamic/comment_0_0.csv rows=183000000 directed_edges=366000000 elapsed_s=414.8
[snb-full][edge] progress file=/data/WorkSpace/ldbc-sf100/social_network/dynamic/comment_0_0.csv rows=184000000 directed_edges=368000000 elapsed_s=417.0
[snb-full][edge] progress file=/data/WorkSpace/ldbc-sf100/social_network/dynamic/comment_0_0.csv rows=185000000 directed_edges=370000000 elapsed_s=419.3
[snb-full][edge] progress file=/data/WorkSpace/ldbc-sf100/social_network/dynamic/comment_0_0.csv rows=186000000 directed_edges=372000000 elapsed_s=421.6
[snb-full][edge] progress file=/data/WorkSpace/ldbc-sf100/social_network/dynamic/comment_0_0.csv rows=187000000 directed_edges=374000000 elapsed_s=423.8
[snb-full][edge] progress file=/data/WorkSpace/ldbc-sf100/social_network/dynamic/comment_0_0.csv rows=188000000 directed_edges=376000000 elapsed_s=426.1
[snb-full][edge] progress file=/data/WorkSpace/ldbc-sf100/social_network/dynamic/comment_0_0.csv rows=189000000 directed_edges=378000000 elapsed_s=428.3
[snb-full][edge] progress file=/data/WorkSpace/ldbc-sf100/social_network/dynamic/comment_0_0.csv rows=190000000 directed_edges=380000000 elapsed_s=430.5
[snb-full][edge] progress file=/data/WorkSpace/ldbc-sf100/social_network/dynamic/comment_0_0.csv rows=191000000 directed_edges=382000000 elapsed_s=432.7
[snb-full][edge] progress file=/data/WorkSpace/ldbc-sf100/social_network/dynamic/comment_0_0.csv rows=192000000 directed_edges=384000000 elapsed_s=434.7
[snb-full][edge] progress file=/data/WorkSpace/ldbc-sf100/social_network/dynamic/comment_0_0.csv rows=193000000 directed_edges=386000000 elapsed_s=437.2
[snb-full][edge] progress file=/data/WorkSpace/ldbc-sf100/social_network/dynamic/comment_0_0.csv rows=194000000 directed_edges=388000000 elapsed_s=439.1
[snb-full][edge] progress file=/data/WorkSpace/ldbc-sf100/social_network/dynamic/comment_0_0.csv rows=195000000 directed_edges=390000000 elapsed_s=441.7
[snb-full][edge] progress file=/data/WorkSpace/ldbc-sf100/social_network/dynamic/comment_0_0.csv rows=196000000 directed_edges=392000000 elapsed_s=443.6
[snb-full][edge] progress file=/data/WorkSpace/ldbc-sf100/social_network/dynamic/comment_0_0.csv rows=197000000 directed_edges=394000000 elapsed_s=445.9
[snb-full][edge] progress file=/data/WorkSpace/ldbc-sf100/social_network/dynamic/comment_0_0.csv rows=198000000 directed_edges=396000000 elapsed_s=448.0
[snb-full][edge] progress file=/data/WorkSpace/ldbc-sf100/social_network/dynamic/comment_0_0.csv rows=199000000 directed_edges=398000000 elapsed_s=450.3
[snb-full][edge] progress file=/data/WorkSpace/ldbc-sf100/social_network/dynamic/comment_0_0.csv rows=200000000 directed_edges=400000000 elapsed_s=452.4
[snb-full][edge] progress file=/data/WorkSpace/ldbc-sf100/social_network/dynamic/comment_0_0.csv rows=201000000 directed_edges=402000000 elapsed_s=454.7
[snb-full][edge] progress file=/data/WorkSpace/ldbc-sf100/social_network/dynamic/comment_0_0.csv rows=202000000 directed_edges=404000000 elapsed_s=456.9
[snb-full][edge] progress file=/data/WorkSpace/ldbc-sf100/social_network/dynamic/comment_0_0.csv rows=203000000 directed_edges=406000000 elapsed_s=459.1
[snb-full][edge] progress file=/data/WorkSpace/ldbc-sf100/social_network/dynamic/comment_0_0.csv rows=204000000 directed_edges=408000000 elapsed_s=461.3
[snb-full][edge] progress file=/data/WorkSpace/ldbc-sf100/social_network/dynamic/comment_0_0.csv rows=205000000 directed_edges=410000000 elapsed_s=463.6
[snb-full][edge] progress file=/data/WorkSpace/ldbc-sf100/social_network/dynamic/comment_0_0.csv rows=206000000 directed_edges=412000000 elapsed_s=465.8
[snb-full][edge] progress file=/data/WorkSpace/ldbc-sf100/social_network/dynamic/comment_0_0.csv rows=207000000 directed_edges=414000000 elapsed_s=468.1
[snb-full][edge] progress file=/data/WorkSpace/ldbc-sf100/social_network/dynamic/comment_0_0.csv rows=208000000 directed_edges=416000000 elapsed_s=470.3
[snb-full][edge] progress file=/data/WorkSpace/ldbc-sf100/social_network/dynamic/comment_0_0.csv rows=209000000 directed_edges=418000000 elapsed_s=472.5
[snb-full][edge] progress file=/data/WorkSpace/ldbc-sf100/social_network/dynamic/comment_0_0.csv rows=210000000 directed_edges=420000000 elapsed_s=474.7
[snb-full][edge] progress file=/data/WorkSpace/ldbc-sf100/social_network/dynamic/comment_0_0.csv rows=211000000 directed_edges=422000000 elapsed_s=477.0
[snb-full][edge] progress file=/data/WorkSpace/ldbc-sf100/social_network/dynamic/comment_0_0.csv rows=212000000 directed_edges=424000000 elapsed_s=479.2
[snb-full][edge] progress file=/data/WorkSpace/ldbc-sf100/social_network/dynamic/comment_0_0.csv rows=213000000 directed_edges=426000000 elapsed_s=481.2
[snb-full][edge] progress file=/data/WorkSpace/ldbc-sf100/social_network/dynamic/comment_0_0.csv rows=214000000 directed_edges=428000000 elapsed_s=483.7
[snb-full][edge] progress file=/data/WorkSpace/ldbc-sf100/social_network/dynamic/comment_0_0.csv rows=215000000 directed_edges=430000000 elapsed_s=485.7
[snb-full][edge] progress file=/data/WorkSpace/ldbc-sf100/social_network/dynamic/comment_0_0.csv rows=216000000 directed_edges=432000000 elapsed_s=488.3
[snb-full][edge] progress file=/data/WorkSpace/ldbc-sf100/social_network/dynamic/comment_0_0.csv rows=217000000 directed_edges=434000000 elapsed_s=490.2
[snb-full][edge] progress file=/data/WorkSpace/ldbc-sf100/social_network/dynamic/comment_0_0.csv rows=218000000 directed_edges=436000000 elapsed_s=492.6
[snb-full][edge] progress file=/data/WorkSpace/ldbc-sf100/social_network/dynamic/comment_0_0.csv rows=219000000 directed_edges=438000000 elapsed_s=494.6
[snb-full][edge] progress file=/data/WorkSpace/ldbc-sf100/social_network/dynamic/comment_0_0.csv rows=220000000 directed_edges=440000000 elapsed_s=497.0
[snb-full][edge] done file=/data/WorkSpace/ldbc-sf100/social_network/dynamic/comment_0_0.csv rows=220096052 directed_edges=440192104 elapsed_s=497.4
[snb-full][edge] start file=/data/WorkSpace/ldbc-sf100/social_network/dynamic/comment_0_0.csv edge=IsLocatedIn src=Comment dst=Place
[snb-full][edge] progress file=/data/WorkSpace/ldbc-sf100/social_network/dynamic/comment_0_0.csv rows=1000000 directed_edges=2000000 elapsed_s=2.0
[snb-full][edge] progress file=/data/WorkSpace/ldbc-sf100/social_network/dynamic/comment_0_0.csv rows=2000000 directed_edges=4000000 elapsed_s=4.1
[snb-full][edge] progress file=/data/WorkSpace/ldbc-sf100/social_network/dynamic/comment_0_0.csv rows=3000000 directed_edges=6000000 elapsed_s=6.4
[snb-full][edge] progress file=/data/WorkSpace/ldbc-sf100/social_network/dynamic/comment_0_0.csv rows=4000000 directed_edges=8000000 elapsed_s=8.7
[snb-full][edge] progress file=/data/WorkSpace/ldbc-sf100/social_network/dynamic/comment_0_0.csv rows=5000000 directed_edges=10000000 elapsed_s=10.9
[snb-full][edge] progress file=/data/WorkSpace/ldbc-sf100/social_network/dynamic/comment_0_0.csv rows=6000000 directed_edges=12000000 elapsed_s=13.2
[snb-full][edge] progress file=/data/WorkSpace/ldbc-sf100/social_network/dynamic/comment_0_0.csv rows=7000000 directed_edges=14000000 elapsed_s=15.5
[snb-full][edge] progress file=/data/WorkSpace/ldbc-sf100/social_network/dynamic/comment_0_0.csv rows=8000000 directed_edges=16000000 elapsed_s=17.8
[snb-full][edge] progress file=/data/WorkSpace/ldbc-sf100/social_network/dynamic/comment_0_0.csv rows=9000000 directed_edges=18000000 elapsed_s=20.1
[snb-full][edge] progress file=/data/WorkSpace/ldbc-sf100/social_network/dynamic/comment_0_0.csv rows=10000000 directed_edges=20000000 elapsed_s=22.3
[snb-full][edge] progress file=/data/WorkSpace/ldbc-sf100/social_network/dynamic/comment_0_0.csv rows=11000000 directed_edges=22000000 elapsed_s=24.4
[snb-full][edge] progress file=/data/WorkSpace/ldbc-sf100/social_network/dynamic/comment_0_0.csv rows=12000000 directed_edges=24000000 elapsed_s=26.7
[snb-full][edge] progress file=/data/WorkSpace/ldbc-sf100/social_network/dynamic/comment_0_0.csv rows=13000000 directed_edges=26000000 elapsed_s=29.0
[snb-full][edge] progress file=/data/WorkSpace/ldbc-sf100/social_network/dynamic/comment_0_0.csv rows=14000000 directed_edges=28000000 elapsed_s=31.3
[snb-full][edge] progress file=/data/WorkSpace/ldbc-sf100/social_network/dynamic/comment_0_0.csv rows=15000000 directed_edges=30000000 elapsed_s=33.5
[snb-full][edge] progress file=/data/WorkSpace/ldbc-sf100/social_network/dynamic/comment_0_0.csv rows=16000000 directed_edges=32000000 elapsed_s=35.8
[snb-full][edge] progress file=/data/WorkSpace/ldbc-sf100/social_network/dynamic/comment_0_0.csv rows=17000000 directed_edges=34000000 elapsed_s=37.8
[snb-full][edge] progress file=/data/WorkSpace/ldbc-sf100/social_network/dynamic/comment_0_0.csv rows=18000000 directed_edges=36000000 elapsed_s=40.1
[snb-full][edge] progress file=/data/WorkSpace/ldbc-sf100/social_network/dynamic/comment_0_0.csv rows=19000000 directed_edges=38000000 elapsed_s=42.2
[snb-full][edge] progress file=/data/WorkSpace/ldbc-sf100/social_network/dynamic/comment_0_0.csv rows=20000000 directed_edges=40000000 elapsed_s=44.1
[snb-full][edge] progress file=/data/WorkSpace/ldbc-sf100/social_network/dynamic/comment_0_0.csv rows=21000000 directed_edges=42000000 elapsed_s=46.6
[snb-full][edge] progress file=/data/WorkSpace/ldbc-sf100/social_network/dynamic/comment_0_0.csv rows=22000000 directed_edges=44000000 elapsed_s=48.6
[snb-full][edge] progress file=/data/WorkSpace/ldbc-sf100/social_network/dynamic/comment_0_0.csv rows=23000000 directed_edges=46000000 elapsed_s=50.9
[snb-full][edge] progress file=/data/WorkSpace/ldbc-sf100/social_network/dynamic/comment_0_0.csv rows=24000000 directed_edges=48000000 elapsed_s=52.8
[snb-full][edge] progress file=/data/WorkSpace/ldbc-sf100/social_network/dynamic/comment_0_0.csv rows=25000000 directed_edges=50000000 elapsed_s=55.1
[snb-full][edge] progress file=/data/WorkSpace/ldbc-sf100/social_network/dynamic/comment_0_0.csv rows=26000000 directed_edges=52000000 elapsed_s=57.2
[snb-full][edge] progress file=/data/WorkSpace/ldbc-sf100/social_network/dynamic/comment_0_0.csv rows=27000000 directed_edges=54000000 elapsed_s=59.5
[snb-full][edge] progress file=/data/WorkSpace/ldbc-sf100/social_network/dynamic/comment_0_0.csv rows=28000000 directed_edges=56000000 elapsed_s=61.7
[snb-full][edge] progress file=/data/WorkSpace/ldbc-sf100/social_network/dynamic/comment_0_0.csv rows=29000000 directed_edges=58000000 elapsed_s=63.9
[snb-full][edge] progress file=/data/WorkSpace/ldbc-sf100/social_network/dynamic/comment_0_0.csv rows=30000000 directed_edges=60000000 elapsed_s=66.0
[snb-full][edge] progress file=/data/WorkSpace/ldbc-sf100/social_network/dynamic/comment_0_0.csv rows=31000000 directed_edges=62000000 elapsed_s=68.2
[snb-full][edge] progress file=/data/WorkSpace/ldbc-sf100/social_network/dynamic/comment_0_0.csv rows=32000000 directed_edges=64000000 elapsed_s=70.4
[snb-full][edge] progress file=/data/WorkSpace/ldbc-sf100/social_network/dynamic/comment_0_0.csv rows=33000000 directed_edges=66000000 elapsed_s=72.6
[snb-full][edge] progress file=/data/WorkSpace/ldbc-sf100/social_network/dynamic/comment_0_0.csv rows=34000000 directed_edges=68000000 elapsed_s=74.8
[snb-full][edge] progress file=/data/WorkSpace/ldbc-sf100/social_network/dynamic/comment_0_0.csv rows=35000000 directed_edges=70000000 elapsed_s=77.1
[snb-full][edge] progress file=/data/WorkSpace/ldbc-sf100/social_network/dynamic/comment_0_0.csv rows=36000000 directed_edges=72000000 elapsed_s=79.1
[snb-full][edge] progress file=/data/WorkSpace/ldbc-sf100/social_network/dynamic/comment_0_0.csv rows=37000000 directed_edges=74000000 elapsed_s=81.4
[snb-full][edge] progress file=/data/WorkSpace/ldbc-sf100/social_network/dynamic/comment_0_0.csv rows=38000000 directed_edges=76000000 elapsed_s=83.5
[snb-full][edge] progress file=/data/WorkSpace/ldbc-sf100/social_network/dynamic/comment_0_0.csv rows=39000000 directed_edges=78000000 elapsed_s=85.6
[snb-full][edge] progress file=/data/WorkSpace/ldbc-sf100/social_network/dynamic/comment_0_0.csv rows=40000000 directed_edges=80000000 elapsed_s=87.9
[snb-full][edge] progress file=/data/WorkSpace/ldbc-sf100/social_network/dynamic/comment_0_0.csv rows=41000000 directed_edges=82000000 elapsed_s=90.0
[snb-full][edge] progress file=/data/WorkSpace/ldbc-sf100/social_network/dynamic/comment_0_0.csv rows=42000000 directed_edges=84000000 elapsed_s=92.3
[snb-full][edge] progress file=/data/WorkSpace/ldbc-sf100/social_network/dynamic/comment_0_0.csv rows=43000000 directed_edges=86000000 elapsed_s=94.1
[snb-full][edge] progress file=/data/WorkSpace/ldbc-sf100/social_network/dynamic/comment_0_0.csv rows=44000000 directed_edges=88000000 elapsed_s=96.6
[snb-full][edge] progress file=/data/WorkSpace/ldbc-sf100/social_network/dynamic/comment_0_0.csv rows=45000000 directed_edges=90000000 elapsed_s=98.5
[snb-full][edge] progress file=/data/WorkSpace/ldbc-sf100/social_network/dynamic/comment_0_0.csv rows=46000000 directed_edges=92000000 elapsed_s=100.8
[snb-full][edge] progress file=/data/WorkSpace/ldbc-sf100/social_network/dynamic/comment_0_0.csv rows=47000000 directed_edges=94000000 elapsed_s=102.8
[snb-full][edge] progress file=/data/WorkSpace/ldbc-sf100/social_network/dynamic/comment_0_0.csv rows=48000000 directed_edges=96000000 elapsed_s=105.1
[snb-full][edge] progress file=/data/WorkSpace/ldbc-sf100/social_network/dynamic/comment_0_0.csv rows=49000000 directed_edges=98000000 elapsed_s=107.3
[snb-full][edge] progress file=/data/WorkSpace/ldbc-sf100/social_network/dynamic/comment_0_0.csv rows=50000000 directed_edges=100000000 elapsed_s=109.7
[snb-full][edge] progress file=/data/WorkSpace/ldbc-sf100/social_network/dynamic/comment_0_0.csv rows=51000000 directed_edges=102000000 elapsed_s=111.8
[snb-full][edge] progress file=/data/WorkSpace/ldbc-sf100/social_network/dynamic/comment_0_0.csv rows=52000000 directed_edges=104000000 elapsed_s=114.0
[snb-full][edge] progress file=/data/WorkSpace/ldbc-sf100/social_network/dynamic/comment_0_0.csv rows=53000000 directed_edges=106000000 elapsed_s=116.2
[snb-full][edge] progress file=/data/WorkSpace/ldbc-sf100/social_network/dynamic/comment_0_0.csv rows=54000000 directed_edges=108000000 elapsed_s=118.5
[snb-full][edge] progress file=/data/WorkSpace/ldbc-sf100/social_network/dynamic/comment_0_0.csv rows=55000000 directed_edges=110000000 elapsed_s=120.6
[snb-full][edge] progress file=/data/WorkSpace/ldbc-sf100/social_network/dynamic/comment_0_0.csv rows=56000000 directed_edges=112000000 elapsed_s=122.9
[snb-full][edge] progress file=/data/WorkSpace/ldbc-sf100/social_network/dynamic/comment_0_0.csv rows=57000000 directed_edges=114000000 elapsed_s=124.9
[snb-full][edge] progress file=/data/WorkSpace/ldbc-sf100/social_network/dynamic/comment_0_0.csv rows=58000000 directed_edges=116000000 elapsed_s=127.2
[snb-full][edge] progress file=/data/WorkSpace/ldbc-sf100/social_network/dynamic/comment_0_0.csv rows=59000000 directed_edges=118000000 elapsed_s=129.4
[snb-full][edge] progress file=/data/WorkSpace/ldbc-sf100/social_network/dynamic/comment_0_0.csv rows=60000000 directed_edges=120000000 elapsed_s=131.7
[snb-full][edge] progress file=/data/WorkSpace/ldbc-sf100/social_network/dynamic/comment_0_0.csv rows=61000000 directed_edges=122000000 elapsed_s=133.7
[snb-full][edge] progress file=/data/WorkSpace/ldbc-sf100/social_network/dynamic/comment_0_0.csv rows=62000000 directed_edges=124000000 elapsed_s=135.9
[snb-full][edge] progress file=/data/WorkSpace/ldbc-sf100/social_network/dynamic/comment_0_0.csv rows=63000000 directed_edges=126000000 elapsed_s=138.1
[snb-full][edge] progress file=/data/WorkSpace/ldbc-sf100/social_network/dynamic/comment_0_0.csv rows=64000000 directed_edges=128000000 elapsed_s=140.0
[snb-full][edge] progress file=/data/WorkSpace/ldbc-sf100/social_network/dynamic/comment_0_0.csv rows=65000000 directed_edges=130000000 elapsed_s=142.5
[snb-full][edge] progress file=/data/WorkSpace/ldbc-sf100/social_network/dynamic/comment_0_0.csv rows=66000000 directed_edges=132000000 elapsed_s=144.5
[snb-full][edge] progress file=/data/WorkSpace/ldbc-sf100/social_network/dynamic/comment_0_0.csv rows=67000000 directed_edges=134000000 elapsed_s=146.6
[snb-full][edge] progress file=/data/WorkSpace/ldbc-sf100/social_network/dynamic/comment_0_0.csv rows=68000000 directed_edges=136000000 elapsed_s=148.7
[snb-full][edge] progress file=/data/WorkSpace/ldbc-sf100/social_network/dynamic/comment_0_0.csv rows=69000000 directed_edges=138000000 elapsed_s=151.0
[snb-full][edge] progress file=/data/WorkSpace/ldbc-sf100/social_network/dynamic/comment_0_0.csv rows=70000000 directed_edges=140000000 elapsed_s=153.1
[snb-full][edge] progress file=/data/WorkSpace/ldbc-sf100/social_network/dynamic/comment_0_0.csv rows=71000000 directed_edges=142000000 elapsed_s=155.4
[snb-full][edge] progress file=/data/WorkSpace/ldbc-sf100/social_network/dynamic/comment_0_0.csv rows=72000000 directed_edges=144000000 elapsed_s=157.6
[snb-full][edge] progress file=/data/WorkSpace/ldbc-sf100/social_network/dynamic/comment_0_0.csv rows=73000000 directed_edges=146000000 elapsed_s=159.8
[snb-full][edge] progress file=/data/WorkSpace/ldbc-sf100/social_network/dynamic/comment_0_0.csv rows=74000000 directed_edges=148000000 elapsed_s=161.9
[snb-full][edge] progress file=/data/WorkSpace/ldbc-sf100/social_network/dynamic/comment_0_0.csv rows=75000000 directed_edges=150000000 elapsed_s=164.2
[snb-full][edge] progress file=/data/WorkSpace/ldbc-sf100/social_network/dynamic/comment_0_0.csv rows=76000000 directed_edges=152000000 elapsed_s=166.2
[snb-full][edge] progress file=/data/WorkSpace/ldbc-sf100/social_network/dynamic/comment_0_0.csv rows=77000000 directed_edges=154000000 elapsed_s=168.5
[snb-full][edge] progress file=/data/WorkSpace/ldbc-sf100/social_network/dynamic/comment_0_0.csv rows=78000000 directed_edges=156000000 elapsed_s=170.7
[snb-full][edge] progress file=/data/WorkSpace/ldbc-sf100/social_network/dynamic/comment_0_0.csv rows=79000000 directed_edges=158000000 elapsed_s=173.0
[snb-full][edge] progress file=/data/WorkSpace/ldbc-sf100/social_network/dynamic/comment_0_0.csv rows=80000000 directed_edges=160000000 elapsed_s=175.0
[snb-full][edge] progress file=/data/WorkSpace/ldbc-sf100/social_network/dynamic/comment_0_0.csv rows=81000000 directed_edges=162000000 elapsed_s=177.3
[snb-full][edge] progress file=/data/WorkSpace/ldbc-sf100/social_network/dynamic/comment_0_0.csv rows=82000000 directed_edges=164000000 elapsed_s=179.5
[snb-full][edge] progress file=/data/WorkSpace/ldbc-sf100/social_network/dynamic/comment_0_0.csv rows=83000000 directed_edges=166000000 elapsed_s=181.8
[snb-full][edge] progress file=/data/WorkSpace/ldbc-sf100/social_network/dynamic/comment_0_0.csv rows=84000000 directed_edges=168000000 elapsed_s=184.0
[snb-full][edge] progress file=/data/WorkSpace/ldbc-sf100/social_network/dynamic/comment_0_0.csv rows=85000000 directed_edges=170000000 elapsed_s=185.9
[snb-full][edge] progress file=/data/WorkSpace/ldbc-sf100/social_network/dynamic/comment_0_0.csv rows=86000000 directed_edges=172000000 elapsed_s=188.3
[snb-full][edge] progress file=/data/WorkSpace/ldbc-sf100/social_network/dynamic/comment_0_0.csv rows=87000000 directed_edges=174000000 elapsed_s=190.2
[snb-full][edge] progress file=/data/WorkSpace/ldbc-sf100/social_network/dynamic/comment_0_0.csv rows=88000000 directed_edges=176000000 elapsed_s=192.6
[snb-full][edge] progress file=/data/WorkSpace/ldbc-sf100/social_network/dynamic/comment_0_0.csv rows=89000000 directed_edges=178000000 elapsed_s=194.7
[snb-full][edge] progress file=/data/WorkSpace/ldbc-sf100/social_network/dynamic/comment_0_0.csv rows=90000000 directed_edges=180000000 elapsed_s=196.9
[snb-full][edge] progress file=/data/WorkSpace/ldbc-sf100/social_network/dynamic/comment_0_0.csv rows=91000000 directed_edges=182000000 elapsed_s=199.0
[snb-full][edge] progress file=/data/WorkSpace/ldbc-sf100/social_network/dynamic/comment_0_0.csv rows=92000000 directed_edges=184000000 elapsed_s=201.3
[snb-full][edge] progress file=/data/WorkSpace/ldbc-sf100/social_network/dynamic/comment_0_0.csv rows=93000000 directed_edges=186000000 elapsed_s=203.3
[snb-full][edge] progress file=/data/WorkSpace/ldbc-sf100/social_network/dynamic/comment_0_0.csv rows=94000000 directed_edges=188000000 elapsed_s=205.6
[snb-full][edge] progress file=/data/WorkSpace/ldbc-sf100/social_network/dynamic/comment_0_0.csv rows=95000000 directed_edges=190000000 elapsed_s=207.8
[snb-full][edge] progress file=/data/WorkSpace/ldbc-sf100/social_network/dynamic/comment_0_0.csv rows=96000000 directed_edges=192000000 elapsed_s=210.1
[snb-full][edge] progress file=/data/WorkSpace/ldbc-sf100/social_network/dynamic/comment_0_0.csv rows=97000000 directed_edges=194000000 elapsed_s=212.2
[snb-full][edge] progress file=/data/WorkSpace/ldbc-sf100/social_network/dynamic/comment_0_0.csv rows=98000000 directed_edges=196000000 elapsed_s=214.4
[snb-full][edge] progress file=/data/WorkSpace/ldbc-sf100/social_network/dynamic/comment_0_0.csv rows=99000000 directed_edges=198000000 elapsed_s=216.5
[snb-full][edge] progress file=/data/WorkSpace/ldbc-sf100/social_network/dynamic/comment_0_0.csv rows=100000000 directed_edges=200000000 elapsed_s=218.7
[snb-full][edge] progress file=/data/WorkSpace/ldbc-sf100/social_network/dynamic/comment_0_0.csv rows=101000000 directed_edges=202000000 elapsed_s=221.0
[snb-full][edge] progress file=/data/WorkSpace/ldbc-sf100/social_network/dynamic/comment_0_0.csv rows=102000000 directed_edges=204000000 elapsed_s=223.3
[snb-full][edge] progress file=/data/WorkSpace/ldbc-sf100/social_network/dynamic/comment_0_0.csv rows=103000000 directed_edges=206000000 elapsed_s=225.5
[snb-full][edge] progress file=/data/WorkSpace/ldbc-sf100/social_network/dynamic/comment_0_0.csv rows=104000000 directed_edges=208000000 elapsed_s=227.8
[snb-full][edge] progress file=/data/WorkSpace/ldbc-sf100/social_network/dynamic/comment_0_0.csv rows=105000000 directed_edges=210000000 elapsed_s=229.9
[snb-full][edge] progress file=/data/WorkSpace/ldbc-sf100/social_network/dynamic/comment_0_0.csv rows=106000000 directed_edges=212000000 elapsed_s=232.0
[snb-full][edge] progress file=/data/WorkSpace/ldbc-sf100/social_network/dynamic/comment_0_0.csv rows=107000000 directed_edges=214000000 elapsed_s=234.5
[snb-full][edge] progress file=/data/WorkSpace/ldbc-sf100/social_network/dynamic/comment_0_0.csv rows=108000000 directed_edges=216000000 elapsed_s=236.4
[snb-full][edge] progress file=/data/WorkSpace/ldbc-sf100/social_network/dynamic/comment_0_0.csv rows=109000000 directed_edges=218000000 elapsed_s=238.8
[snb-full][edge] progress file=/data/WorkSpace/ldbc-sf100/social_network/dynamic/comment_0_0.csv rows=110000000 directed_edges=220000000 elapsed_s=240.8
[snb-full][edge] progress file=/data/WorkSpace/ldbc-sf100/social_network/dynamic/comment_0_0.csv rows=111000000 directed_edges=222000000 elapsed_s=243.2
[snb-full][edge] progress file=/data/WorkSpace/ldbc-sf100/social_network/dynamic/comment_0_0.csv rows=112000000 directed_edges=224000000 elapsed_s=245.4
[snb-full][edge] progress file=/data/WorkSpace/ldbc-sf100/social_network/dynamic/comment_0_0.csv rows=113000000 directed_edges=226000000 elapsed_s=247.7
[snb-full][edge] progress file=/data/WorkSpace/ldbc-sf100/social_network/dynamic/comment_0_0.csv rows=114000000 directed_edges=228000000 elapsed_s=250.0
[snb-full][edge] progress file=/data/WorkSpace/ldbc-sf100/social_network/dynamic/comment_0_0.csv rows=115000000 directed_edges=230000000 elapsed_s=252.2
[snb-full][edge] progress file=/data/WorkSpace/ldbc-sf100/social_network/dynamic/comment_0_0.csv rows=116000000 directed_edges=232000000 elapsed_s=254.5
[snb-full][edge] progress file=/data/WorkSpace/ldbc-sf100/social_network/dynamic/comment_0_0.csv rows=117000000 directed_edges=234000000 elapsed_s=256.8
[snb-full][edge] progress file=/data/WorkSpace/ldbc-sf100/social_network/dynamic/comment_0_0.csv rows=118000000 directed_edges=236000000 elapsed_s=259.1
[snb-full][edge] progress file=/data/WorkSpace/ldbc-sf100/social_network/dynamic/comment_0_0.csv rows=119000000 directed_edges=238000000 elapsed_s=261.3
[snb-full][edge] progress file=/data/WorkSpace/ldbc-sf100/social_network/dynamic/comment_0_0.csv rows=120000000 directed_edges=240000000 elapsed_s=263.6
[snb-full][edge] progress file=/data/WorkSpace/ldbc-sf100/social_network/dynamic/comment_0_0.csv rows=121000000 directed_edges=242000000 elapsed_s=265.9
[snb-full][edge] progress file=/data/WorkSpace/ldbc-sf100/social_network/dynamic/comment_0_0.csv rows=122000000 directed_edges=244000000 elapsed_s=268.0
[snb-full][edge] progress file=/data/WorkSpace/ldbc-sf100/social_network/dynamic/comment_0_0.csv rows=123000000 directed_edges=246000000 elapsed_s=270.3
[snb-full][edge] progress file=/data/WorkSpace/ldbc-sf100/social_network/dynamic/comment_0_0.csv rows=124000000 directed_edges=248000000 elapsed_s=272.4
[snb-full][edge] progress file=/data/WorkSpace/ldbc-sf100/social_network/dynamic/comment_0_0.csv rows=125000000 directed_edges=250000000 elapsed_s=274.7
[snb-full][edge] progress file=/data/WorkSpace/ldbc-sf100/social_network/dynamic/comment_0_0.csv rows=126000000 directed_edges=252000000 elapsed_s=276.9
[snb-full][edge] progress file=/data/WorkSpace/ldbc-sf100/social_network/dynamic/comment_0_0.csv rows=127000000 directed_edges=254000000 elapsed_s=278.9
[snb-full][edge] progress file=/data/WorkSpace/ldbc-sf100/social_network/dynamic/comment_0_0.csv rows=128000000 directed_edges=256000000 elapsed_s=281.2
[snb-full][edge] progress file=/data/WorkSpace/ldbc-sf100/social_network/dynamic/comment_0_0.csv rows=129000000 directed_edges=258000000 elapsed_s=283.1
[snb-full][edge] progress file=/data/WorkSpace/ldbc-sf100/social_network/dynamic/comment_0_0.csv rows=130000000 directed_edges=260000000 elapsed_s=285.6
[snb-full][edge] progress file=/data/WorkSpace/ldbc-sf100/social_network/dynamic/comment_0_0.csv rows=131000000 directed_edges=262000000 elapsed_s=287.6
[snb-full][edge] progress file=/data/WorkSpace/ldbc-sf100/social_network/dynamic/comment_0_0.csv rows=132000000 directed_edges=264000000 elapsed_s=289.8
[snb-full][edge] progress file=/data/WorkSpace/ldbc-sf100/social_network/dynamic/comment_0_0.csv rows=133000000 directed_edges=266000000 elapsed_s=292.0
[snb-full][edge] progress file=/data/WorkSpace/ldbc-sf100/social_network/dynamic/comment_0_0.csv rows=134000000 directed_edges=268000000 elapsed_s=294.3
[snb-full][edge] progress file=/data/WorkSpace/ldbc-sf100/social_network/dynamic/comment_0_0.csv rows=135000000 directed_edges=270000000 elapsed_s=296.6
[snb-full][edge] progress file=/data/WorkSpace/ldbc-sf100/social_network/dynamic/comment_0_0.csv rows=136000000 directed_edges=272000000 elapsed_s=298.8
[snb-full][edge] progress file=/data/WorkSpace/ldbc-sf100/social_network/dynamic/comment_0_0.csv rows=137000000 directed_edges=274000000 elapsed_s=300.9
[snb-full][edge] progress file=/data/WorkSpace/ldbc-sf100/social_network/dynamic/comment_0_0.csv rows=138000000 directed_edges=276000000 elapsed_s=303.2
[snb-full][edge] progress file=/data/WorkSpace/ldbc-sf100/social_network/dynamic/comment_0_0.csv rows=139000000 directed_edges=278000000 elapsed_s=305.4
[snb-full][edge] progress file=/data/WorkSpace/ldbc-sf100/social_network/dynamic/comment_0_0.csv rows=140000000 directed_edges=280000000 elapsed_s=307.7
[snb-full][edge] progress file=/data/WorkSpace/ldbc-sf100/social_network/dynamic/comment_0_0.csv rows=141000000 directed_edges=282000000 elapsed_s=309.7
[snb-full][edge] progress file=/data/WorkSpace/ldbc-sf100/social_network/dynamic/comment_0_0.csv rows=142000000 directed_edges=284000000 elapsed_s=312.0
[snb-full][edge] progress file=/data/WorkSpace/ldbc-sf100/social_network/dynamic/comment_0_0.csv rows=143000000 directed_edges=286000000 elapsed_s=314.3
[snb-full][edge] progress file=/data/WorkSpace/ldbc-sf100/social_network/dynamic/comment_0_0.csv rows=144000000 directed_edges=288000000 elapsed_s=316.5
[snb-full][edge] progress file=/data/WorkSpace/ldbc-sf100/social_network/dynamic/comment_0_0.csv rows=145000000 directed_edges=290000000 elapsed_s=318.7
[snb-full][edge] progress file=/data/WorkSpace/ldbc-sf100/social_network/dynamic/comment_0_0.csv rows=146000000 directed_edges=292000000 elapsed_s=321.0
[snb-full][edge] progress file=/data/WorkSpace/ldbc-sf100/social_network/dynamic/comment_0_0.csv rows=147000000 directed_edges=294000000 elapsed_s=323.3
[snb-full][edge] progress file=/data/WorkSpace/ldbc-sf100/social_network/dynamic/comment_0_0.csv rows=148000000 directed_edges=296000000 elapsed_s=325.6
[snb-full][edge] progress file=/data/WorkSpace/ldbc-sf100/social_network/dynamic/comment_0_0.csv rows=149000000 directed_edges=298000000 elapsed_s=327.9
[snb-full][edge] progress file=/data/WorkSpace/ldbc-sf100/social_network/dynamic/comment_0_0.csv rows=150000000 directed_edges=300000000 elapsed_s=329.8
[snb-full][edge] progress file=/data/WorkSpace/ldbc-sf100/social_network/dynamic/comment_0_0.csv rows=151000000 directed_edges=302000000 elapsed_s=332.3
[snb-full][edge] progress file=/data/WorkSpace/ldbc-sf100/social_network/dynamic/comment_0_0.csv rows=152000000 directed_edges=304000000 elapsed_s=334.3
[snb-full][edge] progress file=/data/WorkSpace/ldbc-sf100/social_network/dynamic/comment_0_0.csv rows=153000000 directed_edges=306000000 elapsed_s=336.5
[snb-full][edge] progress file=/data/WorkSpace/ldbc-sf100/social_network/dynamic/comment_0_0.csv rows=154000000 directed_edges=308000000 elapsed_s=338.8
[snb-full][edge] progress file=/data/WorkSpace/ldbc-sf100/social_network/dynamic/comment_0_0.csv rows=155000000 directed_edges=310000000 elapsed_s=341.1
[snb-full][edge] progress file=/data/WorkSpace/ldbc-sf100/social_network/dynamic/comment_0_0.csv rows=156000000 directed_edges=312000000 elapsed_s=343.4
[snb-full][edge] progress file=/data/WorkSpace/ldbc-sf100/social_network/dynamic/comment_0_0.csv rows=157000000 directed_edges=314000000 elapsed_s=345.6
[snb-full][edge] progress file=/data/WorkSpace/ldbc-sf100/social_network/dynamic/comment_0_0.csv rows=158000000 directed_edges=316000000 elapsed_s=347.9
[snb-full][edge] progress file=/data/WorkSpace/ldbc-sf100/social_network/dynamic/comment_0_0.csv rows=159000000 directed_edges=318000000 elapsed_s=350.2
[snb-full][edge] progress file=/data/WorkSpace/ldbc-sf100/social_network/dynamic/comment_0_0.csv rows=160000000 directed_edges=320000000 elapsed_s=352.5
[snb-full][edge] progress file=/data/WorkSpace/ldbc-sf100/social_network/dynamic/comment_0_0.csv rows=161000000 directed_edges=322000000 elapsed_s=354.7
[snb-full][edge] progress file=/data/WorkSpace/ldbc-sf100/social_network/dynamic/comment_0_0.csv rows=162000000 directed_edges=324000000 elapsed_s=357.0
[snb-full][edge] progress file=/data/WorkSpace/ldbc-sf100/social_network/dynamic/comment_0_0.csv rows=163000000 directed_edges=326000000 elapsed_s=359.3
[snb-full][edge] progress file=/data/WorkSpace/ldbc-sf100/social_network/dynamic/comment_0_0.csv rows=164000000 directed_edges=328000000 elapsed_s=361.6
[snb-full][edge] progress file=/data/WorkSpace/ldbc-sf100/social_network/dynamic/comment_0_0.csv rows=165000000 directed_edges=330000000 elapsed_s=363.9
[snb-full][edge] progress file=/data/WorkSpace/ldbc-sf100/social_network/dynamic/comment_0_0.csv rows=166000000 directed_edges=332000000 elapsed_s=366.1
[snb-full][edge] progress file=/data/WorkSpace/ldbc-sf100/social_network/dynamic/comment_0_0.csv rows=167000000 directed_edges=334000000 elapsed_s=368.4
[snb-full][edge] progress file=/data/WorkSpace/ldbc-sf100/social_network/dynamic/comment_0_0.csv rows=168000000 directed_edges=336000000 elapsed_s=370.6
[snb-full][edge] progress file=/data/WorkSpace/ldbc-sf100/social_network/dynamic/comment_0_0.csv rows=169000000 directed_edges=338000000 elapsed_s=372.9
[snb-full][edge] progress file=/data/WorkSpace/ldbc-sf100/social_network/dynamic/comment_0_0.csv rows=170000000 directed_edges=340000000 elapsed_s=375.2
[snb-full][edge] progress file=/data/WorkSpace/ldbc-sf100/social_network/dynamic/comment_0_0.csv rows=171000000 directed_edges=342000000 elapsed_s=377.1
[snb-full][edge] progress file=/data/WorkSpace/ldbc-sf100/social_network/dynamic/comment_0_0.csv rows=172000000 directed_edges=344000000 elapsed_s=379.6
[snb-full][edge] progress file=/data/WorkSpace/ldbc-sf100/social_network/dynamic/comment_0_0.csv rows=173000000 directed_edges=346000000 elapsed_s=381.5
[snb-full][edge] progress file=/data/WorkSpace/ldbc-sf100/social_network/dynamic/comment_0_0.csv rows=174000000 directed_edges=348000000 elapsed_s=383.9
[snb-full][edge] progress file=/data/WorkSpace/ldbc-sf100/social_network/dynamic/comment_0_0.csv rows=175000000 directed_edges=350000000 elapsed_s=385.9
[snb-full][edge] progress file=/data/WorkSpace/ldbc-sf100/social_network/dynamic/comment_0_0.csv rows=176000000 directed_edges=352000000 elapsed_s=388.2
[snb-full][edge] progress file=/data/WorkSpace/ldbc-sf100/social_network/dynamic/comment_0_0.csv rows=177000000 directed_edges=354000000 elapsed_s=390.5
[snb-full][edge] progress file=/data/WorkSpace/ldbc-sf100/social_network/dynamic/comment_0_0.csv rows=178000000 directed_edges=356000000 elapsed_s=392.8
[snb-full][edge] progress file=/data/WorkSpace/ldbc-sf100/social_network/dynamic/comment_0_0.csv rows=179000000 directed_edges=358000000 elapsed_s=395.1
[snb-full][edge] progress file=/data/WorkSpace/ldbc-sf100/social_network/dynamic/comment_0_0.csv rows=180000000 directed_edges=360000000 elapsed_s=397.3
[snb-full][edge] progress file=/data/WorkSpace/ldbc-sf100/social_network/dynamic/comment_0_0.csv rows=181000000 directed_edges=362000000 elapsed_s=399.6
[snb-full][edge] progress file=/data/WorkSpace/ldbc-sf100/social_network/dynamic/comment_0_0.csv rows=182000000 directed_edges=364000000 elapsed_s=401.9
[snb-full][edge] progress file=/data/WorkSpace/ldbc-sf100/social_network/dynamic/comment_0_0.csv rows=183000000 directed_edges=366000000 elapsed_s=404.2
[snb-full][edge] progress file=/data/WorkSpace/ldbc-sf100/social_network/dynamic/comment_0_0.csv rows=184000000 directed_edges=368000000 elapsed_s=406.4
[snb-full][edge] progress file=/data/WorkSpace/ldbc-sf100/social_network/dynamic/comment_0_0.csv rows=185000000 directed_edges=370000000 elapsed_s=408.7
[snb-full][edge] progress file=/data/WorkSpace/ldbc-sf100/social_network/dynamic/comment_0_0.csv rows=186000000 directed_edges=372000000 elapsed_s=411.0
[snb-full][edge] progress file=/data/WorkSpace/ldbc-sf100/social_network/dynamic/comment_0_0.csv rows=187000000 directed_edges=374000000 elapsed_s=413.3
[snb-full][edge] progress file=/data/WorkSpace/ldbc-sf100/social_network/dynamic/comment_0_0.csv rows=188000000 directed_edges=376000000 elapsed_s=415.6
[snb-full][edge] progress file=/data/WorkSpace/ldbc-sf100/social_network/dynamic/comment_0_0.csv rows=189000000 directed_edges=378000000 elapsed_s=417.8
[snb-full][edge] progress file=/data/WorkSpace/ldbc-sf100/social_network/dynamic/comment_0_0.csv rows=190000000 directed_edges=380000000 elapsed_s=420.1
[snb-full][edge] progress file=/data/WorkSpace/ldbc-sf100/social_network/dynamic/comment_0_0.csv rows=191000000 directed_edges=382000000 elapsed_s=422.3
[snb-full][edge] progress file=/data/WorkSpace/ldbc-sf100/social_network/dynamic/comment_0_0.csv rows=192000000 directed_edges=384000000 elapsed_s=424.5
[snb-full][edge] progress file=/data/WorkSpace/ldbc-sf100/social_network/dynamic/comment_0_0.csv rows=193000000 directed_edges=386000000 elapsed_s=426.8
[snb-full][edge] progress file=/data/WorkSpace/ldbc-sf100/social_network/dynamic/comment_0_0.csv rows=194000000 directed_edges=388000000 elapsed_s=428.8
[snb-full][edge] progress file=/data/WorkSpace/ldbc-sf100/social_network/dynamic/comment_0_0.csv rows=195000000 directed_edges=390000000 elapsed_s=431.0
[snb-full][edge] progress file=/data/WorkSpace/ldbc-sf100/social_network/dynamic/comment_0_0.csv rows=196000000 directed_edges=392000000 elapsed_s=433.3
[snb-full][edge] progress file=/data/WorkSpace/ldbc-sf100/social_network/dynamic/comment_0_0.csv rows=197000000 directed_edges=394000000 elapsed_s=435.5
[snb-full][edge] progress file=/data/WorkSpace/ldbc-sf100/social_network/dynamic/comment_0_0.csv rows=198000000 directed_edges=396000000 elapsed_s=437.8
[snb-full][edge] progress file=/data/WorkSpace/ldbc-sf100/social_network/dynamic/comment_0_0.csv rows=199000000 directed_edges=398000000 elapsed_s=440.1
[snb-full][edge] progress file=/data/WorkSpace/ldbc-sf100/social_network/dynamic/comment_0_0.csv rows=200000000 directed_edges=400000000 elapsed_s=442.4
[snb-full][edge] progress file=/data/WorkSpace/ldbc-sf100/social_network/dynamic/comment_0_0.csv rows=201000000 directed_edges=402000000 elapsed_s=444.6
[snb-full][edge] progress file=/data/WorkSpace/ldbc-sf100/social_network/dynamic/comment_0_0.csv rows=202000000 directed_edges=404000000 elapsed_s=446.9
[snb-full][edge] progress file=/data/WorkSpace/ldbc-sf100/social_network/dynamic/comment_0_0.csv rows=203000000 directed_edges=406000000 elapsed_s=449.2
[snb-full][edge] progress file=/data/WorkSpace/ldbc-sf100/social_network/dynamic/comment_0_0.csv rows=204000000 directed_edges=408000000 elapsed_s=451.5
[snb-full][edge] progress file=/data/WorkSpace/ldbc-sf100/social_network/dynamic/comment_0_0.csv rows=205000000 directed_edges=410000000 elapsed_s=453.8
[snb-full][edge] progress file=/data/WorkSpace/ldbc-sf100/social_network/dynamic/comment_0_0.csv rows=206000000 directed_edges=412000000 elapsed_s=456.0
[snb-full][edge] progress file=/data/WorkSpace/ldbc-sf100/social_network/dynamic/comment_0_0.csv rows=207000000 directed_edges=414000000 elapsed_s=458.3
[snb-full][edge] progress file=/data/WorkSpace/ldbc-sf100/social_network/dynamic/comment_0_0.csv rows=208000000 directed_edges=416000000 elapsed_s=460.5
[snb-full][edge] progress file=/data/WorkSpace/ldbc-sf100/social_network/dynamic/comment_0_0.csv rows=209000000 directed_edges=418000000 elapsed_s=462.8
[snb-full][edge] progress file=/data/WorkSpace/ldbc-sf100/social_network/dynamic/comment_0_0.csv rows=210000000 directed_edges=420000000 elapsed_s=465.1
[snb-full][edge] progress file=/data/WorkSpace/ldbc-sf100/social_network/dynamic/comment_0_0.csv rows=211000000 directed_edges=422000000 elapsed_s=467.3
[snb-full][edge] progress file=/data/WorkSpace/ldbc-sf100/social_network/dynamic/comment_0_0.csv rows=212000000 directed_edges=424000000 elapsed_s=469.6
[snb-full][edge] progress file=/data/WorkSpace/ldbc-sf100/social_network/dynamic/comment_0_0.csv rows=213000000 directed_edges=426000000 elapsed_s=471.9
[snb-full][edge] progress file=/data/WorkSpace/ldbc-sf100/social_network/dynamic/comment_0_0.csv rows=214000000 directed_edges=428000000 elapsed_s=474.0
[snb-full][edge] progress file=/data/WorkSpace/ldbc-sf100/social_network/dynamic/comment_0_0.csv rows=215000000 directed_edges=430000000 elapsed_s=476.5
[snb-full][edge] progress file=/data/WorkSpace/ldbc-sf100/social_network/dynamic/comment_0_0.csv rows=216000000 directed_edges=432000000 elapsed_s=478.4
[snb-full][edge] progress file=/data/WorkSpace/ldbc-sf100/social_network/dynamic/comment_0_0.csv rows=217000000 directed_edges=434000000 elapsed_s=480.6
[snb-full][edge] progress file=/data/WorkSpace/ldbc-sf100/social_network/dynamic/comment_0_0.csv rows=218000000 directed_edges=436000000 elapsed_s=482.8
[snb-full][edge] progress file=/data/WorkSpace/ldbc-sf100/social_network/dynamic/comment_0_0.csv rows=219000000 directed_edges=438000000 elapsed_s=485.1
[snb-full][edge] progress file=/data/WorkSpace/ldbc-sf100/social_network/dynamic/comment_0_0.csv rows=220000000 directed_edges=440000000 elapsed_s=487.3
[snb-full][edge] done file=/data/WorkSpace/ldbc-sf100/social_network/dynamic/comment_0_0.csv rows=220096052 directed_edges=440192104 elapsed_s=487.5
[snb-full][edge] start file=/data/WorkSpace/ldbc-sf100/social_network/dynamic/comment_0_0.csv edge=ReplyOfPost src=Comment dst=Post
[snb-full][edge] progress file=/data/WorkSpace/ldbc-sf100/social_network/dynamic/comment_0_0.csv rows=3000000 directed_edges=2954390 elapsed_s=4.1
[snb-full][edge] progress file=/data/WorkSpace/ldbc-sf100/social_network/dynamic/comment_0_0.csv rows=6000000 directed_edges=5911060 elapsed_s=7.6
[snb-full][edge] progress file=/data/WorkSpace/ldbc-sf100/social_network/dynamic/comment_0_0.csv rows=8000000 directed_edges=7880222 elapsed_s=10.1
[snb-full][edge] progress file=/data/WorkSpace/ldbc-sf100/social_network/dynamic/comment_0_0.csv rows=10000000 directed_edges=9848552 elapsed_s=12.5
[snb-full][edge] progress file=/data/WorkSpace/ldbc-sf100/social_network/dynamic/comment_0_0.csv rows=12000000 directed_edges=11820796 elapsed_s=14.9
[snb-full][edge] progress file=/data/WorkSpace/ldbc-sf100/social_network/dynamic/comment_0_0.csv rows=13000000 directed_edges=12805390 elapsed_s=16.2
[snb-full][edge] progress file=/data/WorkSpace/ldbc-sf100/social_network/dynamic/comment_0_0.csv rows=14000000 directed_edges=13792054 elapsed_s=17.4
[snb-full][edge] progress file=/data/WorkSpace/ldbc-sf100/social_network/dynamic/comment_0_0.csv rows=15000000 directed_edges=14778914 elapsed_s=18.5
[snb-full][edge] progress file=/data/WorkSpace/ldbc-sf100/social_network/dynamic/comment_0_0.csv rows=19000000 directed_edges=18717664 elapsed_s=23.2
[snb-full][edge] progress file=/data/WorkSpace/ldbc-sf100/social_network/dynamic/comment_0_0.csv rows=21000000 directed_edges=20687846 elapsed_s=25.5
[snb-full][edge] progress file=/data/WorkSpace/ldbc-sf100/social_network/dynamic/comment_0_0.csv rows=22000000 directed_edges=21673644 elapsed_s=26.8
[snb-full][edge] progress file=/data/WorkSpace/ldbc-sf100/social_network/dynamic/comment_0_0.csv rows=23000000 directed_edges=22660684 elapsed_s=27.9
[snb-full][edge] progress file=/data/WorkSpace/ldbc-sf100/social_network/dynamic/comment_0_0.csv rows=24000000 directed_edges=23645828 elapsed_s=29.2
[snb-full][edge] progress file=/data/WorkSpace/ldbc-sf100/social_network/dynamic/comment_0_0.csv rows=27000000 directed_edges=26600576 elapsed_s=32.6
[snb-full][edge] progress file=/data/WorkSpace/ldbc-sf100/social_network/dynamic/comment_0_0.csv rows=29000000 directed_edges=28574118 elapsed_s=34.9
[snb-full][edge] progress file=/data/WorkSpace/ldbc-sf100/social_network/dynamic/comment_0_0.csv rows=33000000 directed_edges=32514452 elapsed_s=39.5
[snb-full][edge] progress file=/data/WorkSpace/ldbc-sf100/social_network/dynamic/comment_0_0.csv rows=34000000 directed_edges=33499918 elapsed_s=40.7
[snb-full][edge] progress file=/data/WorkSpace/ldbc-sf100/social_network/dynamic/comment_0_0.csv rows=35000000 directed_edges=34486162 elapsed_s=41.9
[snb-full][edge] progress file=/data/WorkSpace/ldbc-sf100/social_network/dynamic/comment_0_0.csv rows=37000000 directed_edges=36459272 elapsed_s=44.2
[snb-full][edge] progress file=/data/WorkSpace/ldbc-sf100/social_network/dynamic/comment_0_0.csv rows=39000000 directed_edges=38429008 elapsed_s=46.5
[snb-full][edge] progress file=/data/WorkSpace/ldbc-sf100/social_network/dynamic/comment_0_0.csv rows=40000000 directed_edges=39415782 elapsed_s=47.6
[snb-full][edge] progress file=/data/WorkSpace/ldbc-sf100/social_network/dynamic/comment_0_0.csv rows=41000000 directed_edges=40400240 elapsed_s=48.8
[snb-full][edge] progress file=/data/WorkSpace/ldbc-sf100/social_network/dynamic/comment_0_0.csv rows=43000000 directed_edges=42370054 elapsed_s=51.2
[snb-full][edge] progress file=/data/WorkSpace/ldbc-sf100/social_network/dynamic/comment_0_0.csv rows=45000000 directed_edges=44347378 elapsed_s=53.5
[snb-full][edge] progress file=/data/WorkSpace/ldbc-sf100/social_network/dynamic/comment_0_0.csv rows=48000000 directed_edges=47309020 elapsed_s=56.9
[snb-full][edge] progress file=/data/WorkSpace/ldbc-sf100/social_network/dynamic/comment_0_0.csv rows=49000000 directed_edges=48295520 elapsed_s=58.0
[snb-full][edge] progress file=/data/WorkSpace/ldbc-sf100/social_network/dynamic/comment_0_0.csv rows=50000000 directed_edges=49282606 elapsed_s=59.2
[snb-full][edge] progress file=/data/WorkSpace/ldbc-sf100/social_network/dynamic/comment_0_0.csv rows=51000000 directed_edges=50269202 elapsed_s=60.3
[snb-full][edge] progress file=/data/WorkSpace/ldbc-sf100/social_network/dynamic/comment_0_0.csv rows=52000000 directed_edges=51252966 elapsed_s=61.5
[snb-full][edge] progress file=/data/WorkSpace/ldbc-sf100/social_network/dynamic/comment_0_0.csv rows=53000000 directed_edges=52239286 elapsed_s=62.7
[snb-full][edge] progress file=/data/WorkSpace/ldbc-sf100/social_network/dynamic/comment_0_0.csv rows=54000000 directed_edges=53225520 elapsed_s=63.9
[snb-full][edge] progress file=/data/WorkSpace/ldbc-sf100/social_network/dynamic/comment_0_0.csv rows=60000000 directed_edges=59141956 elapsed_s=70.9
[snb-full][edge] progress file=/data/WorkSpace/ldbc-sf100/social_network/dynamic/comment_0_0.csv rows=61000000 directed_edges=60125856 elapsed_s=71.9
[snb-full][edge] progress file=/data/WorkSpace/ldbc-sf100/social_network/dynamic/comment_0_0.csv rows=64000000 directed_edges=63081088 elapsed_s=75.3
[snb-full][edge] progress file=/data/WorkSpace/ldbc-sf100/social_network/dynamic/comment_0_0.csv rows=73000000 directed_edges=71958310 elapsed_s=85.9
[snb-full][edge] progress file=/data/WorkSpace/ldbc-sf100/social_network/dynamic/comment_0_0.csv rows=74000000 directed_edges=72943384 elapsed_s=86.9
[snb-full][edge] progress file=/data/WorkSpace/ldbc-sf100/social_network/dynamic/comment_0_0.csv rows=78000000 directed_edges=76885664 elapsed_s=91.6
[snb-full][edge] progress file=/data/WorkSpace/ldbc-sf100/social_network/dynamic/comment_0_0.csv rows=79000000 directed_edges=77869522 elapsed_s=92.9
[snb-full][edge] progress file=/data/WorkSpace/ldbc-sf100/social_network/dynamic/comment_0_0.csv rows=82000000 directed_edges=80828836 elapsed_s=96.2
[snb-full][edge] progress file=/data/WorkSpace/ldbc-sf100/social_network/dynamic/comment_0_0.csv rows=83000000 directed_edges=81813810 elapsed_s=97.3
[snb-full][edge] progress file=/data/WorkSpace/ldbc-sf100/social_network/dynamic/comment_0_0.csv rows=86000000 directed_edges=84772394 elapsed_s=100.9
[snb-full][edge] progress file=/data/WorkSpace/ldbc-sf100/social_network/dynamic/comment_0_0.csv rows=92000000 directed_edges=90678518 elapsed_s=107.9
[snb-full][edge] progress file=/data/WorkSpace/ldbc-sf100/social_network/dynamic/comment_0_0.csv rows=93000000 directed_edges=91662646 elapsed_s=108.9
[snb-full][edge] progress file=/data/WorkSpace/ldbc-sf100/social_network/dynamic/comment_0_0.csv rows=94000000 directed_edges=92648674 elapsed_s=110.2
[snb-full][edge] progress file=/data/WorkSpace/ldbc-sf100/social_network/dynamic/comment_0_0.csv rows=97000000 directed_edges=95606720 elapsed_s=113.6
[snb-full][edge] progress file=/data/WorkSpace/ldbc-sf100/social_network/dynamic/comment_0_0.csv rows=99000000 directed_edges=97578586 elapsed_s=115.9
[snb-full][edge] progress file=/data/WorkSpace/ldbc-sf100/social_network/dynamic/comment_0_0.csv rows=100000000 directed_edges=98565292 elapsed_s=117.0
[snb-full][edge] progress file=/data/WorkSpace/ldbc-sf100/social_network/dynamic/comment_0_0.csv rows=102000000 directed_edges=100535800 elapsed_s=119.3
[snb-full][edge] progress file=/data/WorkSpace/ldbc-sf100/social_network/dynamic/comment_0_0.csv rows=104000000 directed_edges=102508598 elapsed_s=121.6
[snb-full][edge] progress file=/data/WorkSpace/ldbc-sf100/social_network/dynamic/comment_0_0.csv rows=105000000 directed_edges=103493392 elapsed_s=122.9
[snb-full][edge] progress file=/data/WorkSpace/ldbc-sf100/social_network/dynamic/comment_0_0.csv rows=106000000 directed_edges=104480678 elapsed_s=124.0
[snb-full][edge] progress file=/data/WorkSpace/ldbc-sf100/social_network/dynamic/comment_0_0.csv rows=108000000 directed_edges=106449318 elapsed_s=126.2
[snb-full][edge] progress file=/data/WorkSpace/ldbc-sf100/social_network/dynamic/comment_0_0.csv rows=109000000 directed_edges=107437880 elapsed_s=127.6
[snb-full][edge] progress file=/data/WorkSpace/ldbc-sf100/social_network/dynamic/comment_0_0.csv rows=111000000 directed_edges=109407474 elapsed_s=130.0
[snb-full][edge] progress file=/data/WorkSpace/ldbc-sf100/social_network/dynamic/comment_0_0.csv rows=112000000 directed_edges=110393412 elapsed_s=131.0
[snb-full][edge] progress file=/data/WorkSpace/ldbc-sf100/social_network/dynamic/comment_0_0.csv rows=113000000 directed_edges=111379094 elapsed_s=132.2
[snb-full][edge] progress file=/data/WorkSpace/ldbc-sf100/social_network/dynamic/comment_0_0.csv rows=114000000 directed_edges=112362298 elapsed_s=133.3
[snb-full][edge] progress file=/data/WorkSpace/ldbc-sf100/social_network/dynamic/comment_0_0.csv rows=116000000 directed_edges=114334820 elapsed_s=135.7
[snb-full][edge] progress file=/data/WorkSpace/ldbc-sf100/social_network/dynamic/comment_0_0.csv rows=119000000 directed_edges=117286306 elapsed_s=139.1
[snb-full][edge] progress file=/data/WorkSpace/ldbc-sf100/social_network/dynamic/comment_0_0.csv rows=121000000 directed_edges=119255984 elapsed_s=141.3
[snb-full][edge] progress file=/data/WorkSpace/ldbc-sf100/social_network/dynamic/comment_0_0.csv rows=125000000 directed_edges=123199902 elapsed_s=146.0
[snb-full][edge] progress file=/data/WorkSpace/ldbc-sf100/social_network/dynamic/comment_0_0.csv rows=126000000 directed_edges=124184986 elapsed_s=147.3
[snb-full][edge] progress file=/data/WorkSpace/ldbc-sf100/social_network/dynamic/comment_0_0.csv rows=129000000 directed_edges=127139562 elapsed_s=150.7
[snb-full][edge] progress file=/data/WorkSpace/ldbc-sf100/social_network/dynamic/comment_0_0.csv rows=130000000 directed_edges=128125726 elapsed_s=152.0
[snb-full][edge] progress file=/data/WorkSpace/ldbc-sf100/social_network/dynamic/comment_0_0.csv rows=136000000 directed_edges=134041914 elapsed_s=158.8
[snb-full][edge] progress file=/data/WorkSpace/ldbc-sf100/social_network/dynamic/comment_0_0.csv rows=138000000 directed_edges=136011346 elapsed_s=161.1
[snb-full][edge] progress file=/data/WorkSpace/ldbc-sf100/social_network/dynamic/comment_0_0.csv rows=139000000 directed_edges=136995596 elapsed_s=162.4
[snb-full][edge] progress file=/data/WorkSpace/ldbc-sf100/social_network/dynamic/comment_0_0.csv rows=141000000 directed_edges=138963652 elapsed_s=164.7
[snb-full][edge] progress file=/data/WorkSpace/ldbc-sf100/social_network/dynamic/comment_0_0.csv rows=143000000 directed_edges=140931720 elapsed_s=167.1
[snb-full][edge] progress file=/data/WorkSpace/ldbc-sf100/social_network/dynamic/comment_0_0.csv rows=150000000 directed_edges=147830502 elapsed_s=175.1
[snb-full][edge] progress file=/data/WorkSpace/ldbc-sf100/social_network/dynamic/comment_0_0.csv rows=154000000 directed_edges=151770222 elapsed_s=179.8
[snb-full][edge] progress file=/data/WorkSpace/ldbc-sf100/social_network/dynamic/comment_0_0.csv rows=158000000 directed_edges=155718252 elapsed_s=184.5
[snb-full][edge] progress file=/data/WorkSpace/ldbc-sf100/social_network/dynamic/comment_0_0.csv rows=159000000 directed_edges=156704438 elapsed_s=185.5
[snb-full][edge] progress file=/data/WorkSpace/ldbc-sf100/social_network/dynamic/comment_0_0.csv rows=161000000 directed_edges=158671206 elapsed_s=187.9
[snb-full][edge] progress file=/data/WorkSpace/ldbc-sf100/social_network/dynamic/comment_0_0.csv rows=168000000 directed_edges=165574622 elapsed_s=196.0
[snb-full][edge] progress file=/data/WorkSpace/ldbc-sf100/social_network/dynamic/comment_0_0.csv rows=171000000 directed_edges=168533096 elapsed_s=199.5
[snb-full][edge] progress file=/data/WorkSpace/ldbc-sf100/social_network/dynamic/comment_0_0.csv rows=172000000 directed_edges=169518596 elapsed_s=200.5
[snb-full][edge] progress file=/data/WorkSpace/ldbc-sf100/social_network/dynamic/comment_0_0.csv rows=174000000 directed_edges=171488902 elapsed_s=202.9
[snb-full][edge] progress file=/data/WorkSpace/ldbc-sf100/social_network/dynamic/comment_0_0.csv rows=175000000 directed_edges=172474512 elapsed_s=204.2
[snb-full][edge] progress file=/data/WorkSpace/ldbc-sf100/social_network/dynamic/comment_0_0.csv rows=176000000 directed_edges=173458120 elapsed_s=205.3
[snb-full][edge] progress file=/data/WorkSpace/ldbc-sf100/social_network/dynamic/comment_0_0.csv rows=178000000 directed_edges=175426350 elapsed_s=207.6
[snb-full][edge] progress file=/data/WorkSpace/ldbc-sf100/social_network/dynamic/comment_0_0.csv rows=179000000 directed_edges=176414470 elapsed_s=208.9
[snb-full][edge] progress file=/data/WorkSpace/ldbc-sf100/social_network/dynamic/comment_0_0.csv rows=180000000 directed_edges=177400866 elapsed_s=210.0
[snb-full][edge] progress file=/data/WorkSpace/ldbc-sf100/social_network/dynamic/comment_0_0.csv rows=185000000 directed_edges=182322720 elapsed_s=215.6
[snb-full][edge] progress file=/data/WorkSpace/ldbc-sf100/social_network/dynamic/comment_0_0.csv rows=187000000 directed_edges=184292960 elapsed_s=218.0
[snb-full][edge] progress file=/data/WorkSpace/ldbc-sf100/social_network/dynamic/comment_0_0.csv rows=190000000 directed_edges=187250506 elapsed_s=221.6
[snb-full][edge] progress file=/data/WorkSpace/ldbc-sf100/social_network/dynamic/comment_0_0.csv rows=193000000 directed_edges=190201130 elapsed_s=225.0
[snb-full][edge] progress file=/data/WorkSpace/ldbc-sf100/social_network/dynamic/comment_0_0.csv rows=194000000 directed_edges=191187072 elapsed_s=226.3
[snb-full][edge] progress file=/data/WorkSpace/ldbc-sf100/social_network/dynamic/comment_0_0.csv rows=196000000 directed_edges=193158764 elapsed_s=228.5
[snb-full][edge] progress file=/data/WorkSpace/ldbc-sf100/social_network/dynamic/comment_0_0.csv rows=200000000 directed_edges=197100042 elapsed_s=233.1
[snb-full][edge] progress file=/data/WorkSpace/ldbc-sf100/social_network/dynamic/comment_0_0.csv rows=202000000 directed_edges=199074028 elapsed_s=235.4
[snb-full][edge] progress file=/data/WorkSpace/ldbc-sf100/social_network/dynamic/comment_0_0.csv rows=203000000 directed_edges=200062432 elapsed_s=236.6
[snb-full][edge] progress file=/data/WorkSpace/ldbc-sf100/social_network/dynamic/comment_0_0.csv rows=204000000 directed_edges=201045050 elapsed_s=237.6
[snb-full][edge] progress file=/data/WorkSpace/ldbc-sf100/social_network/dynamic/comment_0_0.csv rows=208000000 directed_edges=204991014 elapsed_s=242.3
[snb-full][edge] progress file=/data/WorkSpace/ldbc-sf100/social_network/dynamic/comment_0_0.csv rows=209000000 directed_edges=205974944 elapsed_s=243.6
[snb-full][edge] progress file=/data/WorkSpace/ldbc-sf100/social_network/dynamic/comment_0_0.csv rows=213000000 directed_edges=209919332 elapsed_s=248.2
[snb-full][edge] progress file=/data/WorkSpace/ldbc-sf100/social_network/dynamic/comment_0_0.csv rows=214000000 directed_edges=210903128 elapsed_s=249.4
[snb-full][edge] progress file=/data/WorkSpace/ldbc-sf100/social_network/dynamic/comment_0_0.csv rows=216000000 directed_edges=212874686 elapsed_s=251.7
[snb-full][edge] progress file=/data/WorkSpace/ldbc-sf100/social_network/dynamic/comment_0_0.csv rows=220000000 directed_edges=216816592 elapsed_s=256.4
[snb-full][edge] done file=/data/WorkSpace/ldbc-sf100/social_network/dynamic/comment_0_0.csv rows=220096052 directed_edges=216910972 elapsed_s=256.5
[snb-full][edge] start file=/data/WorkSpace/ldbc-sf100/social_network/dynamic/comment_0_0.csv edge=ReplyOfComment src=Comment dst=Comment
[snb-full][edge] progress file=/data/WorkSpace/ldbc-sf100/social_network/dynamic/comment_0_0.csv rows=1000000 directed_edges=1014926 elapsed_s=1.1
[snb-full][edge] progress file=/data/WorkSpace/ldbc-sf100/social_network/dynamic/comment_0_0.csv rows=2000000 directed_edges=2029986 elapsed_s=2.4
[snb-full][edge] progress file=/data/WorkSpace/ldbc-sf100/social_network/dynamic/comment_0_0.csv rows=4000000 directed_edges=4061956 elapsed_s=4.8
[snb-full][edge] progress file=/data/WorkSpace/ldbc-sf100/social_network/dynamic/comment_0_0.csv rows=5000000 directed_edges=5073042 elapsed_s=5.8
[snb-full][edge] progress file=/data/WorkSpace/ldbc-sf100/social_network/dynamic/comment_0_0.csv rows=7000000 directed_edges=7104734 elapsed_s=8.2
[snb-full][edge] progress file=/data/WorkSpace/ldbc-sf100/social_network/dynamic/comment_0_0.csv rows=9000000 directed_edges=9134718 elapsed_s=10.6
[snb-full][edge] progress file=/data/WorkSpace/ldbc-sf100/social_network/dynamic/comment_0_0.csv rows=11000000 directed_edges=11165156 elapsed_s=13.0
[snb-full][edge] progress file=/data/WorkSpace/ldbc-sf100/social_network/dynamic/comment_0_0.csv rows=16000000 directed_edges=16237944 elapsed_s=19.1
[snb-full][edge] progress file=/data/WorkSpace/ldbc-sf100/social_network/dynamic/comment_0_0.csv rows=17000000 directed_edges=17253332 elapsed_s=20.2
[snb-full][edge] progress file=/data/WorkSpace/ldbc-sf100/social_network/dynamic/comment_0_0.csv rows=18000000 directed_edges=18268684 elapsed_s=21.5
[snb-full][edge] progress file=/data/WorkSpace/ldbc-sf100/social_network/dynamic/comment_0_0.csv rows=20000000 directed_edges=20298328 elapsed_s=23.9
[snb-full][edge] progress file=/data/WorkSpace/ldbc-sf100/social_network/dynamic/comment_0_0.csv rows=25000000 directed_edges=25369020 elapsed_s=29.9
[snb-full][edge] progress file=/data/WorkSpace/ldbc-sf100/social_network/dynamic/comment_0_0.csv rows=26000000 directed_edges=26385018 elapsed_s=31.0
[snb-full][edge] progress file=/data/WorkSpace/ldbc-sf100/social_network/dynamic/comment_0_0.csv rows=28000000 directed_edges=28412816 elapsed_s=33.4
[snb-full][edge] progress file=/data/WorkSpace/ldbc-sf100/social_network/dynamic/comment_0_0.csv rows=30000000 directed_edges=30440914 elapsed_s=35.8
[snb-full][edge] progress file=/data/WorkSpace/ldbc-sf100/social_network/dynamic/comment_0_0.csv rows=31000000 directed_edges=31456020 elapsed_s=37.1
[snb-full][edge] progress file=/data/WorkSpace/ldbc-sf100/social_network/dynamic/comment_0_0.csv rows=32000000 directed_edges=32470944 elapsed_s=38.3
[snb-full][edge] progress file=/data/WorkSpace/ldbc-sf100/social_network/dynamic/comment_0_0.csv rows=36000000 directed_edges=36526264 elapsed_s=43.1
[snb-full][edge] progress file=/data/WorkSpace/ldbc-sf100/social_network/dynamic/comment_0_0.csv rows=38000000 directed_edges=38558764 elapsed_s=45.5
[snb-full][edge] progress file=/data/WorkSpace/ldbc-sf100/social_network/dynamic/comment_0_0.csv rows=42000000 directed_edges=42617002 elapsed_s=50.5
[snb-full][edge] progress file=/data/WorkSpace/ldbc-sf100/social_network/dynamic/comment_0_0.csv rows=44000000 directed_edges=44641046 elapsed_s=52.9
[snb-full][edge] progress file=/data/WorkSpace/ldbc-sf100/social_network/dynamic/comment_0_0.csv rows=46000000 directed_edges=46665800 elapsed_s=55.4
[snb-full][edge] progress file=/data/WorkSpace/ldbc-sf100/social_network/dynamic/comment_0_0.csv rows=47000000 directed_edges=47678684 elapsed_s=56.7
[snb-full][edge] progress file=/data/WorkSpace/ldbc-sf100/social_network/dynamic/comment_0_0.csv rows=55000000 directed_edges=55789448 elapsed_s=66.3
[snb-full][edge] progress file=/data/WorkSpace/ldbc-sf100/social_network/dynamic/comment_0_0.csv rows=56000000 directed_edges=56802386 elapsed_s=67.6
[snb-full][edge] progress file=/data/WorkSpace/ldbc-sf100/social_network/dynamic/comment_0_0.csv rows=57000000 directed_edges=57814564 elapsed_s=68.8
[snb-full][edge] progress file=/data/WorkSpace/ldbc-sf100/social_network/dynamic/comment_0_0.csv rows=58000000 directed_edges=58828474 elapsed_s=70.1
[snb-full][edge] progress file=/data/WorkSpace/ldbc-sf100/social_network/dynamic/comment_0_0.csv rows=59000000 directed_edges=59842104 elapsed_s=71.2
[snb-full][edge] progress file=/data/WorkSpace/ldbc-sf100/social_network/dynamic/comment_0_0.csv rows=62000000 directed_edges=62891160 elapsed_s=75.0
[snb-full][edge] progress file=/data/WorkSpace/ldbc-sf100/social_network/dynamic/comment_0_0.csv rows=63000000 directed_edges=63906444 elapsed_s=76.1
[snb-full][edge] progress file=/data/WorkSpace/ldbc-sf100/social_network/dynamic/comment_0_0.csv rows=65000000 directed_edges=65932162 elapsed_s=78.6
[snb-full][edge] progress file=/data/WorkSpace/ldbc-sf100/social_network/dynamic/comment_0_0.csv rows=66000000 directed_edges=66945158 elapsed_s=79.9
[snb-full][edge] progress file=/data/WorkSpace/ldbc-sf100/social_network/dynamic/comment_0_0.csv rows=67000000 directed_edges=67957898 elapsed_s=81.0
[snb-full][edge] progress file=/data/WorkSpace/ldbc-sf100/social_network/dynamic/comment_0_0.csv rows=68000000 directed_edges=68973956 elapsed_s=82.3
[snb-full][edge] progress file=/data/WorkSpace/ldbc-sf100/social_network/dynamic/comment_0_0.csv rows=69000000 directed_edges=69988280 elapsed_s=83.5
[snb-full][edge] progress file=/data/WorkSpace/ldbc-sf100/social_network/dynamic/comment_0_0.csv rows=70000000 directed_edges=71001352 elapsed_s=84.8
[snb-full][edge] progress file=/data/WorkSpace/ldbc-sf100/social_network/dynamic/comment_0_0.csv rows=71000000 directed_edges=72014862 elapsed_s=85.9
[snb-full][edge] progress file=/data/WorkSpace/ldbc-sf100/social_network/dynamic/comment_0_0.csv rows=72000000 directed_edges=73030268 elapsed_s=87.3
[snb-full][edge] progress file=/data/WorkSpace/ldbc-sf100/social_network/dynamic/comment_0_0.csv rows=75000000 directed_edges=76072270 elapsed_s=90.8
[snb-full][edge] progress file=/data/WorkSpace/ldbc-sf100/social_network/dynamic/comment_0_0.csv rows=76000000 directed_edges=77085052 elapsed_s=92.2
[snb-full][edge] progress file=/data/WorkSpace/ldbc-sf100/social_network/dynamic/comment_0_0.csv rows=77000000 directed_edges=78099316 elapsed_s=93.3
[snb-full][edge] progress file=/data/WorkSpace/ldbc-sf100/social_network/dynamic/comment_0_0.csv rows=80000000 directed_edges=81144622 elapsed_s=97.1
[snb-full][edge] progress file=/data/WorkSpace/ldbc-sf100/social_network/dynamic/comment_0_0.csv rows=81000000 directed_edges=82157380 elapsed_s=98.2
[snb-full][edge] progress file=/data/WorkSpace/ldbc-sf100/social_network/dynamic/comment_0_0.csv rows=84000000 directed_edges=85198860 elapsed_s=101.8
[snb-full][edge] progress file=/data/WorkSpace/ldbc-sf100/social_network/dynamic/comment_0_0.csv rows=85000000 directed_edges=86213052 elapsed_s=103.2
[snb-full][edge] progress file=/data/WorkSpace/ldbc-sf100/social_network/dynamic/comment_0_0.csv rows=87000000 directed_edges=88244542 elapsed_s=105.6
[snb-full][edge] progress file=/data/WorkSpace/ldbc-sf100/social_network/dynamic/comment_0_0.csv rows=88000000 directed_edges=89260476 elapsed_s=106.8
[snb-full][edge] progress file=/data/WorkSpace/ldbc-sf100/social_network/dynamic/comment_0_0.csv rows=89000000 directed_edges=90277222 elapsed_s=108.1
[snb-full][edge] progress file=/data/WorkSpace/ldbc-sf100/social_network/dynamic/comment_0_0.csv rows=90000000 directed_edges=91290668 elapsed_s=109.2
[snb-full][edge] progress file=/data/WorkSpace/ldbc-sf100/social_network/dynamic/comment_0_0.csv rows=91000000 directed_edges=92305508 elapsed_s=110.5
[snb-full][edge] progress file=/data/WorkSpace/ldbc-sf100/social_network/dynamic/comment_0_0.csv rows=95000000 directed_edges=96366652 elapsed_s=115.5
[snb-full][edge] progress file=/data/WorkSpace/ldbc-sf100/social_network/dynamic/comment_0_0.csv rows=96000000 directed_edges=97379676 elapsed_s=116.6
[snb-full][edge] progress file=/data/WorkSpace/ldbc-sf100/social_network/dynamic/comment_0_0.csv rows=98000000 directed_edges=99408264 elapsed_s=119.0
[snb-full][edge] progress file=/data/WorkSpace/ldbc-sf100/social_network/dynamic/comment_0_0.csv rows=101000000 directed_edges=102451212 elapsed_s=122.9
[snb-full][edge] progress file=/data/WorkSpace/ldbc-sf100/social_network/dynamic/comment_0_0.csv rows=103000000 directed_edges=104477638 elapsed_s=125.3
[snb-full][edge] progress file=/data/WorkSpace/ldbc-sf100/social_network/dynamic/comment_0_0.csv rows=107000000 directed_edges=108534806 elapsed_s=130.3
[snb-full][edge] progress file=/data/WorkSpace/ldbc-sf100/social_network/dynamic/comment_0_0.csv rows=110000000 directed_edges=111577292 elapsed_s=133.9
[snb-full][edge] progress file=/data/WorkSpace/ldbc-sf100/social_network/dynamic/comment_0_0.csv rows=115000000 directed_edges=116652222 elapsed_s=140.0
[snb-full][edge] progress file=/data/WorkSpace/ldbc-sf100/social_network/dynamic/comment_0_0.csv rows=117000000 directed_edges=118679326 elapsed_s=142.4
[snb-full][edge] progress file=/data/WorkSpace/ldbc-sf100/social_network/dynamic/comment_0_0.csv rows=118000000 directed_edges=119696120 elapsed_s=143.8
[snb-full][edge] progress file=/data/WorkSpace/ldbc-sf100/social_network/dynamic/comment_0_0.csv rows=120000000 directed_edges=121728342 elapsed_s=146.2
[snb-full][edge] progress file=/data/WorkSpace/ldbc-sf100/social_network/dynamic/comment_0_0.csv rows=122000000 directed_edges=123757622 elapsed_s=148.7
[snb-full][edge] progress file=/data/WorkSpace/ldbc-sf100/social_network/dynamic/comment_0_0.csv rows=123000000 directed_edges=124772232 elapsed_s=149.8
[snb-full][edge] progress file=/data/WorkSpace/ldbc-sf100/social_network/dynamic/comment_0_0.csv rows=124000000 directed_edges=125784984 elapsed_s=151.2
[snb-full][edge] progress file=/data/WorkSpace/ldbc-sf100/social_network/dynamic/comment_0_0.csv rows=127000000 directed_edges=128830676 elapsed_s=154.8
[snb-full][edge] progress file=/data/WorkSpace/ldbc-sf100/social_network/dynamic/comment_0_0.csv rows=128000000 directed_edges=129843746 elapsed_s=156.1
[snb-full][edge] progress file=/data/WorkSpace/ldbc-sf100/social_network/dynamic/comment_0_0.csv rows=131000000 directed_edges=132887994 elapsed_s=159.7
[snb-full][edge] progress file=/data/WorkSpace/ldbc-sf100/social_network/dynamic/comment_0_0.csv rows=132000000 directed_edges=133902470 elapsed_s=161.0
[snb-full][edge] progress file=/data/WorkSpace/ldbc-sf100/social_network/dynamic/comment_0_0.csv rows=133000000 directed_edges=134916452 elapsed_s=162.1
[snb-full][edge] progress file=/data/WorkSpace/ldbc-sf100/social_network/dynamic/comment_0_0.csv rows=134000000 directed_edges=135929526 elapsed_s=163.5
[snb-full][edge] progress file=/data/WorkSpace/ldbc-sf100/social_network/dynamic/comment_0_0.csv rows=135000000 directed_edges=136941818 elapsed_s=164.6
[snb-full][edge] progress file=/data/WorkSpace/ldbc-sf100/social_network/dynamic/comment_0_0.csv rows=137000000 directed_edges=138973146 elapsed_s=167.1
[snb-full][edge] progress file=/data/WorkSpace/ldbc-sf100/social_network/dynamic/comment_0_0.csv rows=140000000 directed_edges=142020654 elapsed_s=170.9
[snb-full][edge] progress file=/data/WorkSpace/ldbc-sf100/social_network/dynamic/comment_0_0.csv rows=142000000 directed_edges=144052126 elapsed_s=173.4
[snb-full][edge] progress file=/data/WorkSpace/ldbc-sf100/social_network/dynamic/comment_0_0.csv rows=144000000 directed_edges=146084232 elapsed_s=175.8
[snb-full][edge] progress file=/data/WorkSpace/ldbc-sf100/social_network/dynamic/comment_0_0.csv rows=145000000 directed_edges=147097138 elapsed_s=177.0
[snb-full][edge] progress file=/data/WorkSpace/ldbc-sf100/social_network/dynamic/comment_0_0.csv rows=146000000 directed_edges=148109888 elapsed_s=178.2
[snb-full][edge] progress file=/data/WorkSpace/ldbc-sf100/social_network/dynamic/comment_0_0.csv rows=147000000 directed_edges=149125812 elapsed_s=179.5
[snb-full][edge] progress file=/data/WorkSpace/ldbc-sf100/social_network/dynamic/comment_0_0.csv rows=148000000 directed_edges=150142532 elapsed_s=180.6
[snb-full][edge] progress file=/data/WorkSpace/ldbc-sf100/social_network/dynamic/comment_0_0.csv rows=149000000 directed_edges=151154800 elapsed_s=182.0
[snb-full][edge] progress file=/data/WorkSpace/ldbc-sf100/social_network/dynamic/comment_0_0.csv rows=151000000 directed_edges=153181984 elapsed_s=184.4
[snb-full][edge] progress file=/data/WorkSpace/ldbc-sf100/social_network/dynamic/comment_0_0.csv rows=152000000 directed_edges=154198454 elapsed_s=185.6
[snb-full][edge] progress file=/data/WorkSpace/ldbc-sf100/social_network/dynamic/comment_0_0.csv rows=153000000 directed_edges=155213210 elapsed_s=186.9
[snb-full][edge] progress file=/data/WorkSpace/ldbc-sf100/social_network/dynamic/comment_0_0.csv rows=155000000 directed_edges=157243516 elapsed_s=189.4
[snb-full][edge] progress file=/data/WorkSpace/ldbc-sf100/social_network/dynamic/comment_0_0.csv rows=156000000 directed_edges=158254358 elapsed_s=190.5
[snb-full][edge] progress file=/data/WorkSpace/ldbc-sf100/social_network/dynamic/comment_0_0.csv rows=157000000 directed_edges=159267638 elapsed_s=191.9
[snb-full][edge] progress file=/data/WorkSpace/ldbc-sf100/social_network/dynamic/comment_0_0.csv rows=160000000 directed_edges=162309994 elapsed_s=195.4
[snb-full][edge] progress file=/data/WorkSpace/ldbc-sf100/social_network/dynamic/comment_0_0.csv rows=162000000 directed_edges=164343274 elapsed_s=197.9
[snb-full][edge] progress file=/data/WorkSpace/ldbc-sf100/social_network/dynamic/comment_0_0.csv rows=163000000 directed_edges=165358750 elapsed_s=199.3
[snb-full][edge] progress file=/data/WorkSpace/ldbc-sf100/social_network/dynamic/comment_0_0.csv rows=164000000 directed_edges=166371018 elapsed_s=200.4
[snb-full][edge] progress file=/data/WorkSpace/ldbc-sf100/social_network/dynamic/comment_0_0.csv rows=165000000 directed_edges=167384752 elapsed_s=201.8
[snb-full][edge] progress file=/data/WorkSpace/ldbc-sf100/social_network/dynamic/comment_0_0.csv rows=166000000 directed_edges=168397610 elapsed_s=202.9
[snb-full][edge] progress file=/data/WorkSpace/ldbc-sf100/social_network/dynamic/comment_0_0.csv rows=167000000 directed_edges=169411952 elapsed_s=204.3
[snb-full][edge] progress file=/data/WorkSpace/ldbc-sf100/social_network/dynamic/comment_0_0.csv rows=169000000 directed_edges=171436562 elapsed_s=206.8
[snb-full][edge] progress file=/data/WorkSpace/ldbc-sf100/social_network/dynamic/comment_0_0.csv rows=170000000 directed_edges=172452766 elapsed_s=207.9
[snb-full][edge] progress file=/data/WorkSpace/ldbc-sf100/social_network/dynamic/comment_0_0.csv rows=173000000 directed_edges=175495650 elapsed_s=211.7
[snb-full][edge] progress file=/data/WorkSpace/ldbc-sf100/social_network/dynamic/comment_0_0.csv rows=177000000 directed_edges=179557186 elapsed_s=216.5
[snb-full][edge] progress file=/data/WorkSpace/ldbc-sf100/social_network/dynamic/comment_0_0.csv rows=181000000 directed_edges=183615374 elapsed_s=221.5
[snb-full][edge] progress file=/data/WorkSpace/ldbc-sf100/social_network/dynamic/comment_0_0.csv rows=182000000 directed_edges=184628750 elapsed_s=222.8
[snb-full][edge] progress file=/data/WorkSpace/ldbc-sf100/social_network/dynamic/comment_0_0.csv rows=183000000 directed_edges=185644558 elapsed_s=223.9
[snb-full][edge] progress file=/data/WorkSpace/ldbc-sf100/social_network/dynamic/comment_0_0.csv rows=184000000 directed_edges=186660320 elapsed_s=225.3
[snb-full][edge] progress file=/data/WorkSpace/ldbc-sf100/social_network/dynamic/comment_0_0.csv rows=186000000 directed_edges=188692060 elapsed_s=227.7
[snb-full][edge] progress file=/data/WorkSpace/ldbc-sf100/social_network/dynamic/comment_0_0.csv rows=188000000 directed_edges=190719664 elapsed_s=230.2
[snb-full][edge] progress file=/data/WorkSpace/ldbc-sf100/social_network/dynamic/comment_0_0.csv rows=189000000 directed_edges=191734906 elapsed_s=231.4
[snb-full][edge] progress file=/data/WorkSpace/ldbc-sf100/social_network/dynamic/comment_0_0.csv rows=191000000 directed_edges=193763370 elapsed_s=233.8
[snb-full][edge] progress file=/data/WorkSpace/ldbc-sf100/social_network/dynamic/comment_0_0.csv rows=192000000 directed_edges=194781432 elapsed_s=235.2
[snb-full][edge] progress file=/data/WorkSpace/ldbc-sf100/social_network/dynamic/comment_0_0.csv rows=195000000 directed_edges=197829246 elapsed_s=238.8
[snb-full][edge] progress file=/data/WorkSpace/ldbc-sf100/social_network/dynamic/comment_0_0.csv rows=197000000 directed_edges=199855862 elapsed_s=241.2
[snb-full][edge] progress file=/data/WorkSpace/ldbc-sf100/social_network/dynamic/comment_0_0.csv rows=198000000 directed_edges=200870970 elapsed_s=242.6
[snb-full][edge] progress file=/data/WorkSpace/ldbc-sf100/social_network/dynamic/comment_0_0.csv rows=199000000 directed_edges=201885828 elapsed_s=243.7
[snb-full][edge] progress file=/data/WorkSpace/ldbc-sf100/social_network/dynamic/comment_0_0.csv rows=201000000 directed_edges=203913530 elapsed_s=246.2
[snb-full][edge] progress file=/data/WorkSpace/ldbc-sf100/social_network/dynamic/comment_0_0.csv rows=205000000 directed_edges=207968028 elapsed_s=251.2
[snb-full][edge] progress file=/data/WorkSpace/ldbc-sf100/social_network/dynamic/comment_0_0.csv rows=206000000 directed_edges=208983048 elapsed_s=252.4
[snb-full][edge] progress file=/data/WorkSpace/ldbc-sf100/social_network/dynamic/comment_0_0.csv rows=207000000 directed_edges=209995138 elapsed_s=253.6
[snb-full][edge] progress file=/data/WorkSpace/ldbc-sf100/social_network/dynamic/comment_0_0.csv rows=210000000 directed_edges=213037400 elapsed_s=257.3
[snb-full][edge] progress file=/data/WorkSpace/ldbc-sf100/social_network/dynamic/comment_0_0.csv rows=211000000 directed_edges=214050450 elapsed_s=258.6
[snb-full][edge] progress file=/data/WorkSpace/ldbc-sf100/social_network/dynamic/comment_0_0.csv rows=212000000 directed_edges=215065298 elapsed_s=259.7
[snb-full][edge] progress file=/data/WorkSpace/ldbc-sf100/social_network/dynamic/comment_0_0.csv rows=215000000 directed_edges=218110802 elapsed_s=263.5
[snb-full][edge] progress file=/data/WorkSpace/ldbc-sf100/social_network/dynamic/comment_0_0.csv rows=217000000 directed_edges=220139152 elapsed_s=266.0
[snb-full][edge] progress file=/data/WorkSpace/ldbc-sf100/social_network/dynamic/comment_0_0.csv rows=218000000 directed_edges=221154410 elapsed_s=267.2
[snb-full][edge] progress file=/data/WorkSpace/ldbc-sf100/social_network/dynamic/comment_0_0.csv rows=219000000 directed_edges=222168900 elapsed_s=268.5
[snb-full][edge] done file=/data/WorkSpace/ldbc-sf100/social_network/dynamic/comment_0_0.csv rows=220096052 directed_edges=223281132 elapsed_s=269.7
[snb-full][edge] start file=/data/WorkSpace/ldbc-sf100/social_network/static/organisation_0_0.csv edge=IsLocatedIn src=Organisation dst=Place
[snb-full][edge] done file=/data/WorkSpace/ldbc-sf100/social_network/static/organisation_0_0.csv rows=7955 directed_edges=15910 elapsed_s=0.0
[snb-full][edge] start file=/data/WorkSpace/ldbc-sf100/social_network/static/place_0_0.csv edge=IsPartOf src=Place dst=Place
[snb-full][edge] done file=/data/WorkSpace/ldbc-sf100/social_network/static/place_0_0.csv rows=1460 directed_edges=2908 elapsed_s=0.0
[snb-full][edge] start file=/data/WorkSpace/ldbc-sf100/social_network/static/tag_0_0.csv edge=HasType src=Tag dst=TagClass
[snb-full][edge] done file=/data/WorkSpace/ldbc-sf100/social_network/static/tag_0_0.csv rows=16080 directed_edges=32160 elapsed_s=0.0
[snb-full][edge] start file=/data/WorkSpace/ldbc-sf100/social_network/static/tagclass_0_0.csv edge=IsSubclassOf src=TagClass dst=TagClass
[snb-full][edge] done file=/data/WorkSpace/ldbc-sf100/social_network/static/tagclass_0_0.csv rows=71 directed_edges=140 elapsed_s=0.0
[snb-full] edge import complete input_rows=1995609800 directed_edges=3570968680 edge_props=/dev/null elapsed_s=3783.5
[snb-full] flushing active MemGraph to CSR
[snb-full] flush complete elapsed_s=1.7
[snb-full] SKIP adjacency cache (SNB_SKIP_ADJ_CACHE set) directed_edges=3570968680 total_elapsed_s=3785.1
