[snb-full] SKIP vertex JSONL + edge-prop persistence (SNB_SKIP_ADJ_CACHE set)
[snb-full][edge] start file=/data/WorkSpace/ldbc-sf100/social_network/dynamic/person_knows_person_0_0.csv edge=Knows src=Person dst=Person
[snb-full][edge] progress file=/data/WorkSpace/ldbc-sf100/social_network/dynamic/person_knows_person_0_0.csv rows=1000000 directed_edges=3000000 elapsed_s=2.7
[snb-full][edge] progress file=/data/WorkSpace/ldbc-sf100/social_network/dynamic/person_knows_person_0_0.csv rows=2000000 directed_edges=6000000 elapsed_s=5.6
[snb-full][edge] progress file=/data/WorkSpace/ldbc-sf100/social_network/dynamic/person_knows_person_0_0.csv rows=3000000 directed_edges=9000000 elapsed_s=9.3
[snb-full][edge] progress file=/data/WorkSpace/ldbc-sf100/social_network/dynamic/person_knows_person_0_0.csv rows=4000000 directed_edges=12000000 elapsed_s=12.3
[snb-full][edge] progress file=/data/WorkSpace/ldbc-sf100/social_network/dynamic/person_knows_person_0_0.csv rows=5000000 directed_edges=15000000 elapsed_s=16.0
[snb-full][edge] progress file=/data/WorkSpace/ldbc-sf100/social_network/dynamic/person_knows_person_0_0.csv rows=6000000 directed_edges=18000000 elapsed_s=19.0
[snb-full][edge] progress file=/data/WorkSpace/ldbc-sf100/social_network/dynamic/person_knows_person_0_0.csv rows=7000000 directed_edges=21000000 elapsed_s=22.8
[snb-full][edge] progress file=/data/WorkSpace/ldbc-sf100/social_network/dynamic/person_knows_person_0_0.csv rows=8000000 directed_edges=24000000 elapsed_s=26.0
[snb-full][edge] progress file=/data/WorkSpace/ldbc-sf100/social_network/dynamic/person_knows_person_0_0.csv rows=9000000 directed_edges=27000000 elapsed_s=29.8
[snb-full][edge] progress file=/data/WorkSpace/ldbc-sf100/social_network/dynamic/person_knows_person_0_0.csv rows=10000000 directed_edges=30000000 elapsed_s=32.9
[snb-full][edge] progress file=/data/WorkSpace/ldbc-sf100/social_network/dynamic/person_knows_person_0_0.csv rows=11000000 directed_edges=33000000 elapsed_s=36.5
[snb-full][edge] progress file=/data/WorkSpace/ldbc-sf100/social_network/dynamic/person_knows_person_0_0.csv rows=12000000 directed_edges=36000000 elapsed_s=39.5
[snb-full][edge] progress file=/data/WorkSpace/ldbc-sf100/social_network/dynamic/person_knows_person_0_0.csv rows=13000000 directed_edges=39000000 elapsed_s=42.9
[snb-full][edge] progress file=/data/WorkSpace/ldbc-sf100/social_network/dynamic/person_knows_person_0_0.csv rows=14000000 directed_edges=42000000 elapsed_s=46.2
[snb-full][edge] progress file=/data/WorkSpace/ldbc-sf100/social_network/dynamic/person_knows_person_0_0.csv rows=15000000 directed_edges=45000000 elapsed_s=49.3
[snb-full][edge] progress file=/data/WorkSpace/ldbc-sf100/social_network/dynamic/person_knows_person_0_0.csv rows=16000000 directed_edges=48000000 elapsed_s=52.8
[snb-full][edge] progress file=/data/WorkSpace/ldbc-sf100/social_network/dynamic/person_knows_person_0_0.csv rows=17000000 directed_edges=51000000 elapsed_s=55.8
[snb-full][edge] progress file=/data/WorkSpace/ldbc-sf100/social_network/dynamic/person_knows_person_0_0.csv rows=18000000 directed_edges=54000000 elapsed_s=59.5
[snb-full][edge] progress file=/data/WorkSpace/ldbc-sf100/social_network/dynamic/person_knows_person_0_0.csv rows=19000000 directed_edges=57000000 elapsed_s=62.5
[snb-full][edge] done file=/data/WorkSpace/ldbc-sf100/social_network/dynamic/person_knows_person_0_0.csv rows=19941198 directed_edges=59823594 elapsed_s=65.6
[snb-full][edge] start file=/data/WorkSpace/ldbc-sf100/social_network/dynamic/person_likes_comment_0_0.csv edge=LikesComment src=Person dst=Comment
[snb-full][edge] progress file=/data/WorkSpace/ldbc-sf100/social_network/dynamic/person_likes_comment_0_0.csv rows=1000000 directed_edges=2000000 elapsed_s=2.3
[snb-full][edge] progress file=/data/WorkSpace/ldbc-sf100/social_network/dynamic/person_likes_comment_0_0.csv rows=2000000 directed_edges=4000000 elapsed_s=4.4
[snb-full][edge] progress file=/data/WorkSpace/ldbc-sf100/social_network/dynamic/person_likes_comment_0_0.csv rows=3000000 directed_edges=6000000 elapsed_s=7.1
[snb-full][edge] progress file=/data/WorkSpace/ldbc-sf100/social_network/dynamic/person_likes_comment_0_0.csv rows=4000000 directed_edges=8000000 elapsed_s=9.0
[snb-full][edge] progress file=/data/WorkSpace/ldbc-sf100/social_network/dynamic/person_likes_comment_0_0.csv rows=5000000 directed_edges=10000000 elapsed_s=11.1
[snb-full][edge] progress file=/data/WorkSpace/ldbc-sf100/social_network/dynamic/person_likes_comment_0_0.csv rows=6000000 directed_edges=12000000 elapsed_s=13.0
[snb-full][edge] progress file=/data/WorkSpace/ldbc-sf100/social_network/dynamic/person_likes_comment_0_0.csv rows=7000000 directed_edges=14000000 elapsed_s=15.0
[snb-full][edge] progress file=/data/WorkSpace/ldbc-sf100/social_network/dynamic/person_likes_comment_0_0.csv rows=8000000 directed_edges=16000000 elapsed_s=17.2
[snb-full][edge] progress file=/data/WorkSpace/ldbc-sf100/social_network/dynamic/person_likes_comment_0_0.csv rows=9000000 directed_edges=18000000 elapsed_s=19.4
[snb-full][edge] progress file=/data/WorkSpace/ldbc-sf100/social_network/dynamic/person_likes_comment_0_0.csv rows=10000000 directed_edges=20000000 elapsed_s=21.4
[snb-full][edge] progress file=/data/WorkSpace/ldbc-sf100/social_network/dynamic/person_likes_comment_0_0.csv rows=11000000 directed_edges=22000000 elapsed_s=23.3
[snb-full][edge] progress file=/data/WorkSpace/ldbc-sf100/social_network/dynamic/person_likes_comment_0_0.csv rows=12000000 directed_edges=24000000 elapsed_s=25.2
[snb-full][edge] progress file=/data/WorkSpace/ldbc-sf100/social_network/dynamic/person_likes_comment_0_0.csv rows=13000000 directed_edges=26000000 elapsed_s=27.1
[snb-full][edge] progress file=/data/WorkSpace/ldbc-sf100/social_network/dynamic/person_likes_comment_0_0.csv rows=14000000 directed_edges=28000000 elapsed_s=29.1
[snb-full][edge] progress file=/data/WorkSpace/ldbc-sf100/social_network/dynamic/person_likes_comment_0_0.csv rows=15000000 directed_edges=30000000 elapsed_s=31.1
[snb-full][edge] progress file=/data/WorkSpace/ldbc-sf100/social_network/dynamic/person_likes_comment_0_0.csv rows=16000000 directed_edges=32000000 elapsed_s=33.0
[snb-full][edge] progress file=/data/WorkSpace/ldbc-sf100/social_network/dynamic/person_likes_comment_0_0.csv rows=17000000 directed_edges=34000000 elapsed_s=35.0
[snb-full][edge] progress file=/data/WorkSpace/ldbc-sf100/social_network/dynamic/person_likes_comment_0_0.csv rows=18000000 directed_edges=36000000 elapsed_s=37.1
[snb-full][edge] progress file=/data/WorkSpace/ldbc-sf100/social_network/dynamic/person_likes_comment_0_0.csv rows=19000000 directed_edges=38000000 elapsed_s=39.1
[snb-full][edge] progress file=/data/WorkSpace/ldbc-sf100/social_network/dynamic/person_likes_comment_0_0.csv rows=20000000 directed_edges=40000000 elapsed_s=41.2
[snb-full][edge] progress file=/data/WorkSpace/ldbc-sf100/social_network/dynamic/person_likes_comment_0_0.csv rows=21000000 directed_edges=42000000 elapsed_s=43.1
[snb-full][edge] progress file=/data/WorkSpace/ldbc-sf100/social_network/dynamic/person_likes_comment_0_0.csv rows=22000000 directed_edges=44000000 elapsed_s=45.1
[snb-full][edge] progress file=/data/WorkSpace/ldbc-sf100/social_network/dynamic/person_likes_comment_0_0.csv rows=23000000 directed_edges=46000000 elapsed_s=47.1
[snb-full][edge] progress file=/data/WorkSpace/ldbc-sf100/social_network/dynamic/person_likes_comment_0_0.csv rows=24000000 directed_edges=48000000 elapsed_s=49.1
[snb-full][edge] progress file=/data/WorkSpace/ldbc-sf100/social_network/dynamic/person_likes_comment_0_0.csv rows=25000000 directed_edges=50000000 elapsed_s=51.0
[snb-full][edge] progress file=/data/WorkSpace/ldbc-sf100/social_network/dynamic/person_likes_comment_0_0.csv rows=26000000 directed_edges=52000000 elapsed_s=53.0
[snb-full][edge] progress file=/data/WorkSpace/ldbc-sf100/social_network/dynamic/person_likes_comment_0_0.csv rows=27000000 directed_edges=54000000 elapsed_s=55.0
[snb-full][edge] progress file=/data/WorkSpace/ldbc-sf100/social_network/dynamic/person_likes_comment_0_0.csv rows=28000000 directed_edges=56000000 elapsed_s=57.0
[snb-full][edge] progress file=/data/WorkSpace/ldbc-sf100/social_network/dynamic/person_likes_comment_0_0.csv rows=29000000 directed_edges=58000000 elapsed_s=59.0
[snb-full][edge] progress file=/data/WorkSpace/ldbc-sf100/social_network/dynamic/person_likes_comment_0_0.csv rows=30000000 directed_edges=60000000 elapsed_s=60.7
[snb-full][edge] progress file=/data/WorkSpace/ldbc-sf100/social_network/dynamic/person_likes_comment_0_0.csv rows=31000000 directed_edges=62000000 elapsed_s=62.7
[snb-full][edge] progress file=/data/WorkSpace/ldbc-sf100/social_network/dynamic/person_likes_comment_0_0.csv rows=32000000 directed_edges=64000000 elapsed_s=64.6
[snb-full][edge] progress file=/data/WorkSpace/ldbc-sf100/social_network/dynamic/person_likes_comment_0_0.csv rows=33000000 directed_edges=66000000 elapsed_s=66.6
[snb-full][edge] progress file=/data/WorkSpace/ldbc-sf100/social_network/dynamic/person_likes_comment_0_0.csv rows=34000000 directed_edges=68000000 elapsed_s=68.6
[snb-full][edge] progress file=/data/WorkSpace/ldbc-sf100/social_network/dynamic/person_likes_comment_0_0.csv rows=35000000 directed_edges=70000000 elapsed_s=70.6
[snb-full][edge] progress file=/data/WorkSpace/ldbc-sf100/social_network/dynamic/person_likes_comment_0_0.csv rows=36000000 directed_edges=72000000 elapsed_s=72.5
[snb-full][edge] progress file=/data/WorkSpace/ldbc-sf100/social_network/dynamic/person_likes_comment_0_0.csv rows=37000000 directed_edges=74000000 elapsed_s=74.4
[snb-full][edge] progress file=/data/WorkSpace/ldbc-sf100/social_network/dynamic/person_likes_comment_0_0.csv rows=38000000 directed_edges=76000000 elapsed_s=76.4
[snb-full][edge] progress file=/data/WorkSpace/ldbc-sf100/social_network/dynamic/person_likes_comment_0_0.csv rows=39000000 directed_edges=78000000 elapsed_s=78.4
[snb-full][edge] progress file=/data/WorkSpace/ldbc-sf100/social_network/dynamic/person_likes_comment_0_0.csv rows=40000000 directed_edges=80000000 elapsed_s=80.4
[snb-full][edge] progress file=/data/WorkSpace/ldbc-sf100/social_network/dynamic/person_likes_comment_0_0.csv rows=41000000 directed_edges=82000000 elapsed_s=82.3
[snb-full][edge] progress file=/data/WorkSpace/ldbc-sf100/social_network/dynamic/person_likes_comment_0_0.csv rows=42000000 directed_edges=84000000 elapsed_s=84.3
[snb-full][edge] progress file=/data/WorkSpace/ldbc-sf100/social_network/dynamic/person_likes_comment_0_0.csv rows=43000000 directed_edges=86000000 elapsed_s=86.3
[snb-full][edge] progress file=/data/WorkSpace/ldbc-sf100/social_network/dynamic/person_likes_comment_0_0.csv rows=44000000 directed_edges=88000000 elapsed_s=88.4
[snb-full][edge] progress file=/data/WorkSpace/ldbc-sf100/social_network/dynamic/person_likes_comment_0_0.csv rows=45000000 directed_edges=90000000 elapsed_s=90.4
[snb-full][edge] progress file=/data/WorkSpace/ldbc-sf100/social_network/dynamic/person_likes_comment_0_0.csv rows=46000000 directed_edges=92000000 elapsed_s=92.4
[snb-full][edge] progress file=/data/WorkSpace/ldbc-sf100/social_network/dynamic/person_likes_comment_0_0.csv rows=47000000 directed_edges=94000000 elapsed_s=94.4
[snb-full][edge] progress file=/data/WorkSpace/ldbc-sf100/social_network/dynamic/person_likes_comment_0_0.csv rows=48000000 directed_edges=96000000 elapsed_s=96.4
[snb-full][edge] progress file=/data/WorkSpace/ldbc-sf100/social_network/dynamic/person_likes_comment_0_0.csv rows=49000000 directed_edges=98000000 elapsed_s=98.4
[snb-full][edge] progress file=/data/WorkSpace/ldbc-sf100/social_network/dynamic/person_likes_comment_0_0.csv rows=50000000 directed_edges=100000000 elapsed_s=100.5
[snb-full][edge] progress file=/data/WorkSpace/ldbc-sf100/social_network/dynamic/person_likes_comment_0_0.csv rows=51000000 directed_edges=102000000 elapsed_s=102.4
[snb-full][edge] progress file=/data/WorkSpace/ldbc-sf100/social_network/dynamic/person_likes_comment_0_0.csv rows=52000000 directed_edges=104000000 elapsed_s=104.4
[snb-full][edge] progress file=/data/WorkSpace/ldbc-sf100/social_network/dynamic/person_likes_comment_0_0.csv rows=53000000 directed_edges=106000000 elapsed_s=106.5
[snb-full][edge] progress file=/data/WorkSpace/ldbc-sf100/social_network/dynamic/person_likes_comment_0_0.csv rows=54000000 directed_edges=108000000 elapsed_s=108.5
[snb-full][edge] progress file=/data/WorkSpace/ldbc-sf100/social_network/dynamic/person_likes_comment_0_0.csv rows=55000000 directed_edges=110000000 elapsed_s=110.5
[snb-full][edge] progress file=/data/WorkSpace/ldbc-sf100/social_network/dynamic/person_likes_comment_0_0.csv rows=56000000 directed_edges=112000000 elapsed_s=112.5
[snb-full][edge] progress file=/data/WorkSpace/ldbc-sf100/social_network/dynamic/person_likes_comment_0_0.csv rows=57000000 directed_edges=114000000 elapsed_s=114.5
[snb-full][edge] progress file=/data/WorkSpace/ldbc-sf100/social_network/dynamic/person_likes_comment_0_0.csv rows=58000000 directed_edges=116000000 elapsed_s=116.6
[snb-full][edge] progress file=/data/WorkSpace/ldbc-sf100/social_network/dynamic/person_likes_comment_0_0.csv rows=59000000 directed_edges=118000000 elapsed_s=118.6
[snb-full][edge] progress file=/data/WorkSpace/ldbc-sf100/social_network/dynamic/person_likes_comment_0_0.csv rows=60000000 directed_edges=120000000 elapsed_s=120.7
[snb-full][edge] progress file=/data/WorkSpace/ldbc-sf100/social_network/dynamic/person_likes_comment_0_0.csv rows=61000000 directed_edges=122000000 elapsed_s=122.7
[snb-full][edge] progress file=/data/WorkSpace/ldbc-sf100/social_network/dynamic/person_likes_comment_0_0.csv rows=62000000 directed_edges=124000000 elapsed_s=124.7
[snb-full][edge] progress file=/data/WorkSpace/ldbc-sf100/social_network/dynamic/person_likes_comment_0_0.csv rows=63000000 directed_edges=126000000 elapsed_s=126.6
[snb-full][edge] progress file=/data/WorkSpace/ldbc-sf100/social_network/dynamic/person_likes_comment_0_0.csv rows=64000000 directed_edges=128000000 elapsed_s=128.5
[snb-full][edge] progress file=/data/WorkSpace/ldbc-sf100/social_network/dynamic/person_likes_comment_0_0.csv rows=65000000 directed_edges=130000000 elapsed_s=130.5
[snb-full][edge] progress file=/data/WorkSpace/ldbc-sf100/social_network/dynamic/person_likes_comment_0_0.csv rows=66000000 directed_edges=132000000 elapsed_s=132.5
[snb-full][edge] progress file=/data/WorkSpace/ldbc-sf100/social_network/dynamic/person_likes_comment_0_0.csv rows=67000000 directed_edges=134000000 elapsed_s=134.5
[snb-full][edge] progress file=/data/WorkSpace/ldbc-sf100/social_network/dynamic/person_likes_comment_0_0.csv rows=68000000 directed_edges=136000000 elapsed_s=136.5
[snb-full][edge] progress file=/data/WorkSpace/ldbc-sf100/social_network/dynamic/person_likes_comment_0_0.csv rows=69000000 directed_edges=138000000 elapsed_s=138.4
[snb-full][edge] progress file=/data/WorkSpace/ldbc-sf100/social_network/dynamic/person_likes_comment_0_0.csv rows=70000000 directed_edges=140000000 elapsed_s=140.4
[snb-full][edge] progress file=/data/WorkSpace/ldbc-sf100/social_network/dynamic/person_likes_comment_0_0.csv rows=71000000 directed_edges=142000000 elapsed_s=142.4
[snb-full][edge] progress file=/data/WorkSpace/ldbc-sf100/social_network/dynamic/person_likes_comment_0_0.csv rows=72000000 directed_edges=144000000 elapsed_s=144.4
[snb-full][edge] progress file=/data/WorkSpace/ldbc-sf100/social_network/dynamic/person_likes_comment_0_0.csv rows=73000000 directed_edges=146000000 elapsed_s=146.2
[snb-full][edge] progress file=/data/WorkSpace/ldbc-sf100/social_network/dynamic/person_likes_comment_0_0.csv rows=74000000 directed_edges=148000000 elapsed_s=148.1
[snb-full][edge] progress file=/data/WorkSpace/ldbc-sf100/social_network/dynamic/person_likes_comment_0_0.csv rows=75000000 directed_edges=150000000 elapsed_s=150.1
[snb-full][edge] progress file=/data/WorkSpace/ldbc-sf100/social_network/dynamic/person_likes_comment_0_0.csv rows=76000000 directed_edges=152000000 elapsed_s=152.1
[snb-full][edge] progress file=/data/WorkSpace/ldbc-sf100/social_network/dynamic/person_likes_comment_0_0.csv rows=77000000 directed_edges=154000000 elapsed_s=154.2
[snb-full][edge] progress file=/data/WorkSpace/ldbc-sf100/social_network/dynamic/person_likes_comment_0_0.csv rows=78000000 directed_edges=156000000 elapsed_s=156.2
[snb-full][edge] progress file=/data/WorkSpace/ldbc-sf100/social_network/dynamic/person_likes_comment_0_0.csv rows=79000000 directed_edges=158000000 elapsed_s=158.3
[snb-full][edge] progress file=/data/WorkSpace/ldbc-sf100/social_network/dynamic/person_likes_comment_0_0.csv rows=80000000 directed_edges=160000000 elapsed_s=160.2
[snb-full][edge] progress file=/data/WorkSpace/ldbc-sf100/social_network/dynamic/person_likes_comment_0_0.csv rows=81000000 directed_edges=162000000 elapsed_s=162.2
[snb-full][edge] progress file=/data/WorkSpace/ldbc-sf100/social_network/dynamic/person_likes_comment_0_0.csv rows=82000000 directed_edges=164000000 elapsed_s=164.2
[snb-full][edge] progress file=/data/WorkSpace/ldbc-sf100/social_network/dynamic/person_likes_comment_0_0.csv rows=83000000 directed_edges=166000000 elapsed_s=166.2
[snb-full][edge] progress file=/data/WorkSpace/ldbc-sf100/social_network/dynamic/person_likes_comment_0_0.csv rows=84000000 directed_edges=168000000 elapsed_s=168.2
[snb-full][edge] progress file=/data/WorkSpace/ldbc-sf100/social_network/dynamic/person_likes_comment_0_0.csv rows=85000000 directed_edges=170000000 elapsed_s=170.2
[snb-full][edge] progress file=/data/WorkSpace/ldbc-sf100/social_network/dynamic/person_likes_comment_0_0.csv rows=86000000 directed_edges=172000000 elapsed_s=172.1
[snb-full][edge] progress file=/data/WorkSpace/ldbc-sf100/social_network/dynamic/person_likes_comment_0_0.csv rows=87000000 directed_edges=174000000 elapsed_s=174.1
[snb-full][edge] progress file=/data/WorkSpace/ldbc-sf100/social_network/dynamic/person_likes_comment_0_0.csv rows=88000000 directed_edges=176000000 elapsed_s=176.3
[snb-full][edge] progress file=/data/WorkSpace/ldbc-sf100/social_network/dynamic/person_likes_comment_0_0.csv rows=89000000 directed_edges=178000000 elapsed_s=178.3
[snb-full][edge] progress file=/data/WorkSpace/ldbc-sf100/social_network/dynamic/person_likes_comment_0_0.csv rows=90000000 directed_edges=180000000 elapsed_s=180.3
[snb-full][edge] progress file=/data/WorkSpace/ldbc-sf100/social_network/dynamic/person_likes_comment_0_0.csv rows=91000000 directed_edges=182000000 elapsed_s=182.4
[snb-full][edge] progress file=/data/WorkSpace/ldbc-sf100/social_network/dynamic/person_likes_comment_0_0.csv rows=92000000 directed_edges=184000000 elapsed_s=184.4
[snb-full][edge] progress file=/data/WorkSpace/ldbc-sf100/social_network/dynamic/person_likes_comment_0_0.csv rows=93000000 directed_edges=186000000 elapsed_s=186.6
[snb-full][edge] progress file=/data/WorkSpace/ldbc-sf100/social_network/dynamic/person_likes_comment_0_0.csv rows=94000000 directed_edges=188000000 elapsed_s=188.5
[snb-full][edge] progress file=/data/WorkSpace/ldbc-sf100/social_network/dynamic/person_likes_comment_0_0.csv rows=95000000 directed_edges=190000000 elapsed_s=190.4
[snb-full][edge] progress file=/data/WorkSpace/ldbc-sf100/social_network/dynamic/person_likes_comment_0_0.csv rows=96000000 directed_edges=192000000 elapsed_s=192.4
[snb-full][edge] progress file=/data/WorkSpace/ldbc-sf100/social_network/dynamic/person_likes_comment_0_0.csv rows=97000000 directed_edges=194000000 elapsed_s=194.4
[snb-full][edge] progress file=/data/WorkSpace/ldbc-sf100/social_network/dynamic/person_likes_comment_0_0.csv rows=98000000 directed_edges=196000000 elapsed_s=196.3
[snb-full][edge] progress file=/data/WorkSpace/ldbc-sf100/social_network/dynamic/person_likes_comment_0_0.csv rows=99000000 directed_edges=198000000 elapsed_s=198.4
[snb-full][edge] progress file=/data/WorkSpace/ldbc-sf100/social_network/dynamic/person_likes_comment_0_0.csv rows=100000000 directed_edges=200000000 elapsed_s=200.3
[snb-full][edge] progress file=/data/WorkSpace/ldbc-sf100/social_network/dynamic/person_likes_comment_0_0.csv rows=101000000 directed_edges=202000000 elapsed_s=202.5
[snb-full][edge] progress file=/data/WorkSpace/ldbc-sf100/social_network/dynamic/person_likes_comment_0_0.csv rows=102000000 directed_edges=204000000 elapsed_s=204.5
[snb-full][edge] progress file=/data/WorkSpace/ldbc-sf100/social_network/dynamic/person_likes_comment_0_0.csv rows=103000000 directed_edges=206000000 elapsed_s=206.5
[snb-full][edge] progress file=/data/WorkSpace/ldbc-sf100/social_network/dynamic/person_likes_comment_0_0.csv rows=104000000 directed_edges=208000000 elapsed_s=208.5
[snb-full][edge] progress file=/data/WorkSpace/ldbc-sf100/social_network/dynamic/person_likes_comment_0_0.csv rows=105000000 directed_edges=210000000 elapsed_s=210.5
[snb-full][edge] progress file=/data/WorkSpace/ldbc-sf100/social_network/dynamic/person_likes_comment_0_0.csv rows=106000000 directed_edges=212000000 elapsed_s=212.4
[snb-full][edge] progress file=/data/WorkSpace/ldbc-sf100/social_network/dynamic/person_likes_comment_0_0.csv rows=107000000 directed_edges=214000000 elapsed_s=214.3
[snb-full][edge] progress file=/data/WorkSpace/ldbc-sf100/social_network/dynamic/person_likes_comment_0_0.csv rows=108000000 directed_edges=216000000 elapsed_s=216.4
[snb-full][edge] progress file=/data/WorkSpace/ldbc-sf100/social_network/dynamic/person_likes_comment_0_0.csv rows=109000000 directed_edges=218000000 elapsed_s=218.4
[snb-full][edge] progress file=/data/WorkSpace/ldbc-sf100/social_network/dynamic/person_likes_comment_0_0.csv rows=110000000 directed_edges=220000000 elapsed_s=220.5
[snb-full][edge] progress file=/data/WorkSpace/ldbc-sf100/social_network/dynamic/person_likes_comment_0_0.csv rows=111000000 directed_edges=222000000 elapsed_s=222.5
[snb-full][edge] progress file=/data/WorkSpace/ldbc-sf100/social_network/dynamic/person_likes_comment_0_0.csv rows=112000000 directed_edges=224000000 elapsed_s=224.5
[snb-full][edge] progress file=/data/WorkSpace/ldbc-sf100/social_network/dynamic/person_likes_comment_0_0.csv rows=113000000 directed_edges=226000000 elapsed_s=226.5
[snb-full][edge] progress file=/data/WorkSpace/ldbc-sf100/social_network/dynamic/person_likes_comment_0_0.csv rows=114000000 directed_edges=228000000 elapsed_s=228.2
[snb-full][edge] progress file=/data/WorkSpace/ldbc-sf100/social_network/dynamic/person_likes_comment_0_0.csv rows=115000000 directed_edges=230000000 elapsed_s=230.4
[snb-full][edge] progress file=/data/WorkSpace/ldbc-sf100/social_network/dynamic/person_likes_comment_0_0.csv rows=116000000 directed_edges=232000000 elapsed_s=232.3
[snb-full][edge] progress file=/data/WorkSpace/ldbc-sf100/social_network/dynamic/person_likes_comment_0_0.csv rows=117000000 directed_edges=234000000 elapsed_s=234.1
[snb-full][edge] progress file=/data/WorkSpace/ldbc-sf100/social_network/dynamic/person_likes_comment_0_0.csv rows=118000000 directed_edges=236000000 elapsed_s=236.6
[snb-full][edge] progress file=/data/WorkSpace/ldbc-sf100/social_network/dynamic/person_likes_comment_0_0.csv rows=119000000 directed_edges=238000000 elapsed_s=238.4
[snb-full][edge] progress file=/data/WorkSpace/ldbc-sf100/social_network/dynamic/person_likes_comment_0_0.csv rows=120000000 directed_edges=240000000 elapsed_s=240.5
[snb-full][edge] progress file=/data/WorkSpace/ldbc-sf100/social_network/dynamic/person_likes_comment_0_0.csv rows=121000000 directed_edges=242000000 elapsed_s=242.4
[snb-full][edge] progress file=/data/WorkSpace/ldbc-sf100/social_network/dynamic/person_likes_comment_0_0.csv rows=122000000 directed_edges=244000000 elapsed_s=244.4
[snb-full][edge] progress file=/data/WorkSpace/ldbc-sf100/social_network/dynamic/person_likes_comment_0_0.csv rows=123000000 directed_edges=246000000 elapsed_s=246.5
[snb-full][edge] progress file=/data/WorkSpace/ldbc-sf100/social_network/dynamic/person_likes_comment_0_0.csv rows=124000000 directed_edges=248000000 elapsed_s=248.6
[snb-full][edge] progress file=/data/WorkSpace/ldbc-sf100/social_network/dynamic/person_likes_comment_0_0.csv rows=125000000 directed_edges=250000000 elapsed_s=250.7
[snb-full][edge] progress file=/data/WorkSpace/ldbc-sf100/social_network/dynamic/person_likes_comment_0_0.csv rows=126000000 directed_edges=252000000 elapsed_s=252.7
[snb-full][edge] progress file=/data/WorkSpace/ldbc-sf100/social_network/dynamic/person_likes_comment_0_0.csv rows=127000000 directed_edges=254000000 elapsed_s=254.9
[snb-full][edge] progress file=/data/WorkSpace/ldbc-sf100/social_network/dynamic/person_likes_comment_0_0.csv rows=128000000 directed_edges=256000000 elapsed_s=256.8
[snb-full][edge] progress file=/data/WorkSpace/ldbc-sf100/social_network/dynamic/person_likes_comment_0_0.csv rows=129000000 directed_edges=258000000 elapsed_s=258.9
[snb-full][edge] progress file=/data/WorkSpace/ldbc-sf100/social_network/dynamic/person_likes_comment_0_0.csv rows=130000000 directed_edges=260000000 elapsed_s=260.8
[snb-full][edge] progress file=/data/WorkSpace/ldbc-sf100/social_network/dynamic/person_likes_comment_0_0.csv rows=131000000 directed_edges=262000000 elapsed_s=262.8
[snb-full][edge] progress file=/data/WorkSpace/ldbc-sf100/social_network/dynamic/person_likes_comment_0_0.csv rows=132000000 directed_edges=264000000 elapsed_s=264.8
[snb-full][edge] progress file=/data/WorkSpace/ldbc-sf100/social_network/dynamic/person_likes_comment_0_0.csv rows=133000000 directed_edges=266000000 elapsed_s=266.9
[snb-full][edge] progress file=/data/WorkSpace/ldbc-sf100/social_network/dynamic/person_likes_comment_0_0.csv rows=134000000 directed_edges=268000000 elapsed_s=269.1
[snb-full][edge] progress file=/data/WorkSpace/ldbc-sf100/social_network/dynamic/person_likes_comment_0_0.csv rows=135000000 directed_edges=270000000 elapsed_s=271.2
[snb-full][edge] progress file=/data/WorkSpace/ldbc-sf100/social_network/dynamic/person_likes_comment_0_0.csv rows=136000000 directed_edges=272000000 elapsed_s=272.9
[snb-full][edge] progress file=/data/WorkSpace/ldbc-sf100/social_network/dynamic/person_likes_comment_0_0.csv rows=137000000 directed_edges=274000000 elapsed_s=274.9
[snb-full][edge] progress file=/data/WorkSpace/ldbc-sf100/social_network/dynamic/person_likes_comment_0_0.csv rows=138000000 directed_edges=276000000 elapsed_s=276.8
[snb-full][edge] progress file=/data/WorkSpace/ldbc-sf100/social_network/dynamic/person_likes_comment_0_0.csv rows=139000000 directed_edges=278000000 elapsed_s=278.9
[snb-full][edge] progress file=/data/WorkSpace/ldbc-sf100/social_network/dynamic/person_likes_comment_0_0.csv rows=140000000 directed_edges=280000000 elapsed_s=280.9
[snb-full][edge] progress file=/data/WorkSpace/ldbc-sf100/social_network/dynamic/person_likes_comment_0_0.csv rows=141000000 directed_edges=282000000 elapsed_s=282.8
[snb-full][edge] progress file=/data/WorkSpace/ldbc-sf100/social_network/dynamic/person_likes_comment_0_0.csv rows=142000000 directed_edges=284000000 elapsed_s=285.1
[snb-full][edge] progress file=/data/WorkSpace/ldbc-sf100/social_network/dynamic/person_likes_comment_0_0.csv rows=143000000 directed_edges=286000000 elapsed_s=287.3
[snb-full][edge] progress file=/data/WorkSpace/ldbc-sf100/social_network/dynamic/person_likes_comment_0_0.csv rows=144000000 directed_edges=288000000 elapsed_s=289.5
[snb-full][edge] progress file=/data/WorkSpace/ldbc-sf100/social_network/dynamic/person_likes_comment_0_0.csv rows=145000000 directed_edges=290000000 elapsed_s=291.6
[snb-full][edge] progress file=/data/WorkSpace/ldbc-sf100/social_network/dynamic/person_likes_comment_0_0.csv rows=146000000 directed_edges=292000000 elapsed_s=293.6
[snb-full][edge] progress file=/data/WorkSpace/ldbc-sf100/social_network/dynamic/person_likes_comment_0_0.csv rows=147000000 directed_edges=294000000 elapsed_s=295.6
[snb-full][edge] progress file=/data/WorkSpace/ldbc-sf100/social_network/dynamic/person_likes_comment_0_0.csv rows=148000000 directed_edges=296000000 elapsed_s=297.7
[snb-full][edge] progress file=/data/WorkSpace/ldbc-sf100/social_network/dynamic/person_likes_comment_0_0.csv rows=149000000 directed_edges=298000000 elapsed_s=300.0
[snb-full][edge] progress file=/data/WorkSpace/ldbc-sf100/social_network/dynamic/person_likes_comment_0_0.csv rows=150000000 directed_edges=300000000 elapsed_s=302.1
[snb-full][edge] progress file=/data/WorkSpace/ldbc-sf100/social_network/dynamic/person_likes_comment_0_0.csv rows=151000000 directed_edges=302000000 elapsed_s=304.0
[snb-full][edge] progress file=/data/WorkSpace/ldbc-sf100/social_network/dynamic/person_likes_comment_0_0.csv rows=152000000 directed_edges=304000000 elapsed_s=306.2
[snb-full][edge] progress file=/data/WorkSpace/ldbc-sf100/social_network/dynamic/person_likes_comment_0_0.csv rows=153000000 directed_edges=306000000 elapsed_s=308.2
[snb-full][edge] progress file=/data/WorkSpace/ldbc-sf100/social_network/dynamic/person_likes_comment_0_0.csv rows=154000000 directed_edges=308000000 elapsed_s=310.2
[snb-full][edge] progress file=/data/WorkSpace/ldbc-sf100/social_network/dynamic/person_likes_comment_0_0.csv rows=155000000 directed_edges=310000000 elapsed_s=312.2
[snb-full][edge] progress file=/data/WorkSpace/ldbc-sf100/social_network/dynamic/person_likes_comment_0_0.csv rows=156000000 directed_edges=312000000 elapsed_s=314.3
[snb-full][edge] progress file=/data/WorkSpace/ldbc-sf100/social_network/dynamic/person_likes_comment_0_0.csv rows=157000000 directed_edges=314000000 elapsed_s=316.3
[snb-full][edge] progress file=/data/WorkSpace/ldbc-sf100/social_network/dynamic/person_likes_comment_0_0.csv rows=158000000 directed_edges=316000000 elapsed_s=317.9
[snb-full][edge] progress file=/data/WorkSpace/ldbc-sf100/social_network/dynamic/person_likes_comment_0_0.csv rows=159000000 directed_edges=318000000 elapsed_s=319.9
[snb-full][edge] progress file=/data/WorkSpace/ldbc-sf100/social_network/dynamic/person_likes_comment_0_0.csv rows=160000000 directed_edges=320000000 elapsed_s=321.8
[snb-full][edge] progress file=/data/WorkSpace/ldbc-sf100/social_network/dynamic/person_likes_comment_0_0.csv rows=161000000 directed_edges=322000000 elapsed_s=323.9
[snb-full][edge] progress file=/data/WorkSpace/ldbc-sf100/social_network/dynamic/person_likes_comment_0_0.csv rows=162000000 directed_edges=324000000 elapsed_s=325.8
[snb-full][edge] progress file=/data/WorkSpace/ldbc-sf100/social_network/dynamic/person_likes_comment_0_0.csv rows=163000000 directed_edges=326000000 elapsed_s=327.8
[snb-full][edge] progress file=/data/WorkSpace/ldbc-sf100/social_network/dynamic/person_likes_comment_0_0.csv rows=164000000 directed_edges=328000000 elapsed_s=329.8
[snb-full][edge] progress file=/data/WorkSpace/ldbc-sf100/social_network/dynamic/person_likes_comment_0_0.csv rows=165000000 directed_edges=330000000 elapsed_s=331.8
[snb-full][edge] progress file=/data/WorkSpace/ldbc-sf100/social_network/dynamic/person_likes_comment_0_0.csv rows=166000000 directed_edges=332000000 elapsed_s=333.8
[snb-full][edge] progress file=/data/WorkSpace/ldbc-sf100/social_network/dynamic/person_likes_comment_0_0.csv rows=167000000 directed_edges=334000000 elapsed_s=335.8
[snb-full][edge] progress file=/data/WorkSpace/ldbc-sf100/social_network/dynamic/person_likes_comment_0_0.csv rows=168000000 directed_edges=336000000 elapsed_s=337.9
[snb-full][edge] progress file=/data/WorkSpace/ldbc-sf100/social_network/dynamic/person_likes_comment_0_0.csv rows=169000000 directed_edges=338000000 elapsed_s=340.0
[snb-full][edge] progress file=/data/WorkSpace/ldbc-sf100/social_network/dynamic/person_likes_comment_0_0.csv rows=170000000 directed_edges=340000000 elapsed_s=342.0
[snb-full][edge] progress file=/data/WorkSpace/ldbc-sf100/social_network/dynamic/person_likes_comment_0_0.csv rows=171000000 directed_edges=342000000 elapsed_s=343.9
[snb-full][edge] progress file=/data/WorkSpace/ldbc-sf100/social_network/dynamic/person_likes_comment_0_0.csv rows=172000000 directed_edges=344000000 elapsed_s=345.9
[snb-full][edge] progress file=/data/WorkSpace/ldbc-sf100/social_network/dynamic/person_likes_comment_0_0.csv rows=173000000 directed_edges=346000000 elapsed_s=348.0
[snb-full][edge] progress file=/data/WorkSpace/ldbc-sf100/social_network/dynamic/person_likes_comment_0_0.csv rows=174000000 directed_edges=348000000 elapsed_s=350.1
[snb-full][edge] progress file=/data/WorkSpace/ldbc-sf100/social_network/dynamic/person_likes_comment_0_0.csv rows=175000000 directed_edges=350000000 elapsed_s=352.0
[snb-full][edge] progress file=/data/WorkSpace/ldbc-sf100/social_network/dynamic/person_likes_comment_0_0.csv rows=176000000 directed_edges=352000000 elapsed_s=354.0
[snb-full][edge] progress file=/data/WorkSpace/ldbc-sf100/social_network/dynamic/person_likes_comment_0_0.csv rows=177000000 directed_edges=354000000 elapsed_s=356.0
[snb-full][edge] progress file=/data/WorkSpace/ldbc-sf100/social_network/dynamic/person_likes_comment_0_0.csv rows=178000000 directed_edges=356000000 elapsed_s=358.0
[snb-full][edge] progress file=/data/WorkSpace/ldbc-sf100/social_network/dynamic/person_likes_comment_0_0.csv rows=179000000 directed_edges=358000000 elapsed_s=359.8
[snb-full][edge] progress file=/data/WorkSpace/ldbc-sf100/social_network/dynamic/person_likes_comment_0_0.csv rows=180000000 directed_edges=360000000 elapsed_s=361.6
[snb-full][edge] progress file=/data/WorkSpace/ldbc-sf100/social_network/dynamic/person_likes_comment_0_0.csv rows=181000000 directed_edges=362000000 elapsed_s=363.6
[snb-full][edge] progress file=/data/WorkSpace/ldbc-sf100/social_network/dynamic/person_likes_comment_0_0.csv rows=182000000 directed_edges=364000000 elapsed_s=365.7
[snb-full][edge] progress file=/data/WorkSpace/ldbc-sf100/social_network/dynamic/person_likes_comment_0_0.csv rows=183000000 directed_edges=366000000 elapsed_s=367.9
[snb-full][edge] progress file=/data/WorkSpace/ldbc-sf100/social_network/dynamic/person_likes_comment_0_0.csv rows=184000000 directed_edges=368000000 elapsed_s=369.9
[snb-full][edge] progress file=/data/WorkSpace/ldbc-sf100/social_network/dynamic/person_likes_comment_0_0.csv rows=185000000 directed_edges=370000000 elapsed_s=372.1
[snb-full][edge] progress file=/data/WorkSpace/ldbc-sf100/social_network/dynamic/person_likes_comment_0_0.csv rows=186000000 directed_edges=372000000 elapsed_s=374.2
[snb-full][edge] progress file=/data/WorkSpace/ldbc-sf100/social_network/dynamic/person_likes_comment_0_0.csv rows=187000000 directed_edges=374000000 elapsed_s=376.0
[snb-full][edge] progress file=/data/WorkSpace/ldbc-sf100/social_network/dynamic/person_likes_comment_0_0.csv rows=188000000 directed_edges=376000000 elapsed_s=378.2
[snb-full][edge] progress file=/data/WorkSpace/ldbc-sf100/social_network/dynamic/person_likes_comment_0_0.csv rows=189000000 directed_edges=378000000 elapsed_s=380.1
[snb-full][edge] progress file=/data/WorkSpace/ldbc-sf100/social_network/dynamic/person_likes_comment_0_0.csv rows=190000000 directed_edges=380000000 elapsed_s=382.2
[snb-full][edge] progress file=/data/WorkSpace/ldbc-sf100/social_network/dynamic/person_likes_comment_0_0.csv rows=191000000 directed_edges=382000000 elapsed_s=384.3
[snb-full][edge] progress file=/data/WorkSpace/ldbc-sf100/social_network/dynamic/person_likes_comment_0_0.csv rows=192000000 directed_edges=384000000 elapsed_s=386.3
[snb-full][edge] progress file=/data/WorkSpace/ldbc-sf100/social_network/dynamic/person_likes_comment_0_0.csv rows=193000000 directed_edges=386000000 elapsed_s=388.3
[snb-full][edge] progress file=/data/WorkSpace/ldbc-sf100/social_network/dynamic/person_likes_comment_0_0.csv rows=194000000 directed_edges=388000000 elapsed_s=390.3
[snb-full][edge] progress file=/data/WorkSpace/ldbc-sf100/social_network/dynamic/person_likes_comment_0_0.csv rows=195000000 directed_edges=390000000 elapsed_s=392.2
[snb-full][edge] progress file=/data/WorkSpace/ldbc-sf100/social_network/dynamic/person_likes_comment_0_0.csv rows=196000000 directed_edges=392000000 elapsed_s=394.2
[snb-full][edge] progress file=/data/WorkSpace/ldbc-sf100/social_network/dynamic/person_likes_comment_0_0.csv rows=197000000 directed_edges=394000000 elapsed_s=396.1
[snb-full][edge] progress file=/data/WorkSpace/ldbc-sf100/social_network/dynamic/person_likes_comment_0_0.csv rows=198000000 directed_edges=396000000 elapsed_s=398.0
[snb-full][edge] progress file=/data/WorkSpace/ldbc-sf100/social_network/dynamic/person_likes_comment_0_0.csv rows=199000000 directed_edges=398000000 elapsed_s=399.9
[snb-full][edge] progress file=/data/WorkSpace/ldbc-sf100/social_network/dynamic/person_likes_comment_0_0.csv rows=200000000 directed_edges=400000000 elapsed_s=401.9
[snb-full][edge] progress file=/data/WorkSpace/ldbc-sf100/social_network/dynamic/person_likes_comment_0_0.csv rows=201000000 directed_edges=402000000 elapsed_s=404.2
[snb-full][edge] progress file=/data/WorkSpace/ldbc-sf100/social_network/dynamic/person_likes_comment_0_0.csv rows=202000000 directed_edges=404000000 elapsed_s=405.9
[snb-full][edge] progress file=/data/WorkSpace/ldbc-sf100/social_network/dynamic/person_likes_comment_0_0.csv rows=203000000 directed_edges=406000000 elapsed_s=408.1
[snb-full][edge] progress file=/data/WorkSpace/ldbc-sf100/social_network/dynamic/person_likes_comment_0_0.csv rows=204000000 directed_edges=408000000 elapsed_s=410.0
[snb-full][edge] progress file=/data/WorkSpace/ldbc-sf100/social_network/dynamic/person_likes_comment_0_0.csv rows=205000000 directed_edges=410000000 elapsed_s=412.0
[snb-full][edge] progress file=/data/WorkSpace/ldbc-sf100/social_network/dynamic/person_likes_comment_0_0.csv rows=206000000 directed_edges=412000000 elapsed_s=414.1
[snb-full][edge] progress file=/data/WorkSpace/ldbc-sf100/social_network/dynamic/person_likes_comment_0_0.csv rows=207000000 directed_edges=414000000 elapsed_s=416.0
[snb-full][edge] progress file=/data/WorkSpace/ldbc-sf100/social_network/dynamic/person_likes_comment_0_0.csv rows=208000000 directed_edges=416000000 elapsed_s=418.2
[snb-full][edge] progress file=/data/WorkSpace/ldbc-sf100/social_network/dynamic/person_likes_comment_0_0.csv rows=209000000 directed_edges=418000000 elapsed_s=420.3
[snb-full][edge] progress file=/data/WorkSpace/ldbc-sf100/social_network/dynamic/person_likes_comment_0_0.csv rows=210000000 directed_edges=420000000 elapsed_s=422.5
[snb-full][edge] progress file=/data/WorkSpace/ldbc-sf100/social_network/dynamic/person_likes_comment_0_0.csv rows=211000000 directed_edges=422000000 elapsed_s=424.5
[snb-full][edge] progress file=/data/WorkSpace/ldbc-sf100/social_network/dynamic/person_likes_comment_0_0.csv rows=212000000 directed_edges=424000000 elapsed_s=426.5
[snb-full][edge] progress file=/data/WorkSpace/ldbc-sf100/social_network/dynamic/person_likes_comment_0_0.csv rows=213000000 directed_edges=426000000 elapsed_s=428.7
[snb-full][edge] progress file=/data/WorkSpace/ldbc-sf100/social_network/dynamic/person_likes_comment_0_0.csv rows=214000000 directed_edges=428000000 elapsed_s=430.9
[snb-full][edge] progress file=/data/WorkSpace/ldbc-sf100/social_network/dynamic/person_likes_comment_0_0.csv rows=215000000 directed_edges=430000000 elapsed_s=433.1
[snb-full][edge] progress file=/data/WorkSpace/ldbc-sf100/social_network/dynamic/person_likes_comment_0_0.csv rows=216000000 directed_edges=432000000 elapsed_s=434.8
[snb-full][edge] progress file=/data/WorkSpace/ldbc-sf100/social_network/dynamic/person_likes_comment_0_0.csv rows=217000000 directed_edges=434000000 elapsed_s=437.2
[snb-full][edge] progress file=/data/WorkSpace/ldbc-sf100/social_network/dynamic/person_likes_comment_0_0.csv rows=218000000 directed_edges=436000000 elapsed_s=439.3
[snb-full][edge] progress file=/data/WorkSpace/ldbc-sf100/social_network/dynamic/person_likes_comment_0_0.csv rows=219000000 directed_edges=438000000 elapsed_s=441.5
[snb-full][edge] progress file=/data/WorkSpace/ldbc-sf100/social_network/dynamic/person_likes_comment_0_0.csv rows=220000000 directed_edges=440000000 elapsed_s=444.0
[snb-full][edge] progress file=/data/WorkSpace/ldbc-sf100/social_network/dynamic/person_likes_comment_0_0.csv rows=221000000 directed_edges=442000000 elapsed_s=446.0
[snb-full][edge] progress file=/data/WorkSpace/ldbc-sf100/social_network/dynamic/person_likes_comment_0_0.csv rows=222000000 directed_edges=444000000 elapsed_s=447.7
[snb-full][edge] progress file=/data/WorkSpace/ldbc-sf100/social_network/dynamic/person_likes_comment_0_0.csv rows=223000000 directed_edges=446000000 elapsed_s=449.8
[snb-full][edge] progress file=/data/WorkSpace/ldbc-sf100/social_network/dynamic/person_likes_comment_0_0.csv rows=224000000 directed_edges=448000000 elapsed_s=451.5
[snb-full][edge] progress file=/data/WorkSpace/ldbc-sf100/social_network/dynamic/person_likes_comment_0_0.csv rows=225000000 directed_edges=450000000 elapsed_s=453.4
[snb-full][edge] progress file=/data/WorkSpace/ldbc-sf100/social_network/dynamic/person_likes_comment_0_0.csv rows=226000000 directed_edges=452000000 elapsed_s=455.4
[snb-full][edge] progress file=/data/WorkSpace/ldbc-sf100/social_network/dynamic/person_likes_comment_0_0.csv rows=227000000 directed_edges=454000000 elapsed_s=457.4
[snb-full][edge] progress file=/data/WorkSpace/ldbc-sf100/social_network/dynamic/person_likes_comment_0_0.csv rows=228000000 directed_edges=456000000 elapsed_s=459.4
[snb-full][edge] progress file=/data/WorkSpace/ldbc-sf100/social_network/dynamic/person_likes_comment_0_0.csv rows=229000000 directed_edges=458000000 elapsed_s=461.6
[snb-full][edge] progress file=/data/WorkSpace/ldbc-sf100/social_network/dynamic/person_likes_comment_0_0.csv rows=230000000 directed_edges=460000000 elapsed_s=463.8
[snb-full][edge] progress file=/data/WorkSpace/ldbc-sf100/social_network/dynamic/person_likes_comment_0_0.csv rows=231000000 directed_edges=462000000 elapsed_s=466.0
[snb-full][edge] progress file=/data/WorkSpace/ldbc-sf100/social_network/dynamic/person_likes_comment_0_0.csv rows=232000000 directed_edges=464000000 elapsed_s=468.1
[snb-full][edge] progress file=/data/WorkSpace/ldbc-sf100/social_network/dynamic/person_likes_comment_0_0.csv rows=233000000 directed_edges=466000000 elapsed_s=470.1
[snb-full][edge] progress file=/data/WorkSpace/ldbc-sf100/social_network/dynamic/person_likes_comment_0_0.csv rows=234000000 directed_edges=468000000 elapsed_s=472.0
[snb-full][edge] progress file=/data/WorkSpace/ldbc-sf100/social_network/dynamic/person_likes_comment_0_0.csv rows=235000000 directed_edges=470000000 elapsed_s=474.0
[snb-full][edge] progress file=/data/WorkSpace/ldbc-sf100/social_network/dynamic/person_likes_comment_0_0.csv rows=236000000 directed_edges=472000000 elapsed_s=476.1
[snb-full][edge] progress file=/data/WorkSpace/ldbc-sf100/social_network/dynamic/person_likes_comment_0_0.csv rows=237000000 directed_edges=474000000 elapsed_s=478.0
[snb-full][edge] progress file=/data/WorkSpace/ldbc-sf100/social_network/dynamic/person_likes_comment_0_0.csv rows=238000000 directed_edges=476000000 elapsed_s=479.7
[snb-full][edge] progress file=/data/WorkSpace/ldbc-sf100/social_network/dynamic/person_likes_comment_0_0.csv rows=239000000 directed_edges=478000000 elapsed_s=481.7
[snb-full][edge] progress file=/data/WorkSpace/ldbc-sf100/social_network/dynamic/person_likes_comment_0_0.csv rows=240000000 directed_edges=480000000 elapsed_s=483.9
[snb-full][edge] progress file=/data/WorkSpace/ldbc-sf100/social_network/dynamic/person_likes_comment_0_0.csv rows=241000000 directed_edges=482000000 elapsed_s=485.7
[snb-full][edge] done file=/data/WorkSpace/ldbc-sf100/social_network/dynamic/person_likes_comment_0_0.csv rows=241957834 directed_edges=483915668 elapsed_s=487.5
[snb-full][edge] start file=/data/WorkSpace/ldbc-sf100/social_network/dynamic/person_likes_post_0_0.csv edge=LikesPost src=Person dst=Post
[snb-full][edge] progress file=/data/WorkSpace/ldbc-sf100/social_network/dynamic/person_likes_post_0_0.csv rows=1000000 directed_edges=2000000 elapsed_s=2.0
[snb-full][edge] progress file=/data/WorkSpace/ldbc-sf100/social_network/dynamic/person_likes_post_0_0.csv rows=2000000 directed_edges=4000000 elapsed_s=3.8
[snb-full][edge] progress file=/data/WorkSpace/ldbc-sf100/social_network/dynamic/person_likes_post_0_0.csv rows=3000000 directed_edges=6000000 elapsed_s=5.7
[snb-full][edge] progress file=/data/WorkSpace/ldbc-sf100/social_network/dynamic/person_likes_post_0_0.csv rows=4000000 directed_edges=8000000 elapsed_s=7.6
[snb-full][edge] progress file=/data/WorkSpace/ldbc-sf100/social_network/dynamic/person_likes_post_0_0.csv rows=5000000 directed_edges=10000000 elapsed_s=9.8
[snb-full][edge] progress file=/data/WorkSpace/ldbc-sf100/social_network/dynamic/person_likes_post_0_0.csv rows=6000000 directed_edges=12000000 elapsed_s=11.8
[snb-full][edge] progress file=/data/WorkSpace/ldbc-sf100/social_network/dynamic/person_likes_post_0_0.csv rows=7000000 directed_edges=14000000 elapsed_s=14.0
[snb-full][edge] progress file=/data/WorkSpace/ldbc-sf100/social_network/dynamic/person_likes_post_0_0.csv rows=8000000 directed_edges=16000000 elapsed_s=16.1
[snb-full][edge] progress file=/data/WorkSpace/ldbc-sf100/social_network/dynamic/person_likes_post_0_0.csv rows=9000000 directed_edges=18000000 elapsed_s=18.4
[snb-full][edge] progress file=/data/WorkSpace/ldbc-sf100/social_network/dynamic/person_likes_post_0_0.csv rows=10000000 directed_edges=20000000 elapsed_s=20.9
[snb-full][edge] progress file=/data/WorkSpace/ldbc-sf100/social_network/dynamic/person_likes_post_0_0.csv rows=11000000 directed_edges=22000000 elapsed_s=23.3
[snb-full][edge] progress file=/data/WorkSpace/ldbc-sf100/social_network/dynamic/person_likes_post_0_0.csv rows=12000000 directed_edges=24000000 elapsed_s=25.3
[snb-full][edge] progress file=/data/WorkSpace/ldbc-sf100/social_network/dynamic/person_likes_post_0_0.csv rows=13000000 directed_edges=26000000 elapsed_s=27.5
[snb-full][edge] progress file=/data/WorkSpace/ldbc-sf100/social_network/dynamic/person_likes_post_0_0.csv rows=14000000 directed_edges=28000000 elapsed_s=29.8
[snb-full][edge] progress file=/data/WorkSpace/ldbc-sf100/social_network/dynamic/person_likes_post_0_0.csv rows=15000000 directed_edges=30000000 elapsed_s=32.1
[snb-full][edge] progress file=/data/WorkSpace/ldbc-sf100/social_network/dynamic/person_likes_post_0_0.csv rows=16000000 directed_edges=32000000 elapsed_s=34.5
[snb-full][edge] progress file=/data/WorkSpace/ldbc-sf100/social_network/dynamic/person_likes_post_0_0.csv rows=17000000 directed_edges=34000000 elapsed_s=36.8
[snb-full][edge] progress file=/data/WorkSpace/ldbc-sf100/social_network/dynamic/person_likes_post_0_0.csv rows=18000000 directed_edges=36000000 elapsed_s=39.2
[snb-full][edge] progress file=/data/WorkSpace/ldbc-sf100/social_network/dynamic/person_likes_post_0_0.csv rows=19000000 directed_edges=38000000 elapsed_s=41.5
[snb-full][edge] progress file=/data/WorkSpace/ldbc-sf100/social_network/dynamic/person_likes_post_0_0.csv rows=20000000 directed_edges=40000000 elapsed_s=43.8
[snb-full][edge] progress file=/data/WorkSpace/ldbc-sf100/social_network/dynamic/person_likes_post_0_0.csv rows=21000000 directed_edges=42000000 elapsed_s=46.1
[snb-full][edge] progress file=/data/WorkSpace/ldbc-sf100/social_network/dynamic/person_likes_post_0_0.csv rows=22000000 directed_edges=44000000 elapsed_s=48.1
[snb-full][edge] progress file=/data/WorkSpace/ldbc-sf100/social_network/dynamic/person_likes_post_0_0.csv rows=23000000 directed_edges=46000000 elapsed_s=50.6
[snb-full][edge] progress file=/data/WorkSpace/ldbc-sf100/social_network/dynamic/person_likes_post_0_0.csv rows=24000000 directed_edges=48000000 elapsed_s=52.8
[snb-full][edge] progress file=/data/WorkSpace/ldbc-sf100/social_network/dynamic/person_likes_post_0_0.csv rows=25000000 directed_edges=50000000 elapsed_s=54.9
[snb-full][edge] progress file=/data/WorkSpace/ldbc-sf100/social_network/dynamic/person_likes_post_0_0.csv rows=26000000 directed_edges=52000000 elapsed_s=56.9
[snb-full][edge] progress file=/data/WorkSpace/ldbc-sf100/social_network/dynamic/person_likes_post_0_0.csv rows=27000000 directed_edges=54000000 elapsed_s=59.2
[snb-full][edge] progress file=/data/WorkSpace/ldbc-sf100/social_network/dynamic/person_likes_post_0_0.csv rows=28000000 directed_edges=56000000 elapsed_s=61.5
[snb-full][edge] progress file=/data/WorkSpace/ldbc-sf100/social_network/dynamic/person_likes_post_0_0.csv rows=29000000 directed_edges=58000000 elapsed_s=63.8
[snb-full][edge] progress file=/data/WorkSpace/ldbc-sf100/social_network/dynamic/person_likes_post_0_0.csv rows=30000000 directed_edges=60000000 elapsed_s=66.2
[snb-full][edge] progress file=/data/WorkSpace/ldbc-sf100/social_network/dynamic/person_likes_post_0_0.csv rows=31000000 directed_edges=62000000 elapsed_s=68.4
[snb-full][edge] progress file=/data/WorkSpace/ldbc-sf100/social_network/dynamic/person_likes_post_0_0.csv rows=32000000 directed_edges=64000000 elapsed_s=70.8
[snb-full][edge] progress file=/data/WorkSpace/ldbc-sf100/social_network/dynamic/person_likes_post_0_0.csv rows=33000000 directed_edges=66000000 elapsed_s=73.1
[snb-full][edge] progress file=/data/WorkSpace/ldbc-sf100/social_network/dynamic/person_likes_post_0_0.csv rows=34000000 directed_edges=68000000 elapsed_s=75.5
[snb-full][edge] progress file=/data/WorkSpace/ldbc-sf100/social_network/dynamic/person_likes_post_0_0.csv rows=35000000 directed_edges=70000000 elapsed_s=78.0
[snb-full][edge] progress file=/data/WorkSpace/ldbc-sf100/social_network/dynamic/person_likes_post_0_0.csv rows=36000000 directed_edges=72000000 elapsed_s=80.3
[snb-full][edge] progress file=/data/WorkSpace/ldbc-sf100/social_network/dynamic/person_likes_post_0_0.csv rows=37000000 directed_edges=74000000 elapsed_s=82.5
[snb-full][edge] progress file=/data/WorkSpace/ldbc-sf100/social_network/dynamic/person_likes_post_0_0.csv rows=38000000 directed_edges=76000000 elapsed_s=84.7
[snb-full][edge] progress file=/data/WorkSpace/ldbc-sf100/social_network/dynamic/person_likes_post_0_0.csv rows=39000000 directed_edges=78000000 elapsed_s=86.8
[snb-full][edge] progress file=/data/WorkSpace/ldbc-sf100/social_network/dynamic/person_likes_post_0_0.csv rows=40000000 directed_edges=80000000 elapsed_s=89.0
[snb-full][edge] progress file=/data/WorkSpace/ldbc-sf100/social_network/dynamic/person_likes_post_0_0.csv rows=41000000 directed_edges=82000000 elapsed_s=91.2
[snb-full][edge] progress file=/data/WorkSpace/ldbc-sf100/social_network/dynamic/person_likes_post_0_0.csv rows=42000000 directed_edges=84000000 elapsed_s=93.3
[snb-full][edge] progress file=/data/WorkSpace/ldbc-sf100/social_network/dynamic/person_likes_post_0_0.csv rows=43000000 directed_edges=86000000 elapsed_s=95.4
[snb-full][edge] progress file=/data/WorkSpace/ldbc-sf100/social_network/dynamic/person_likes_post_0_0.csv rows=44000000 directed_edges=88000000 elapsed_s=97.8
[snb-full][edge] progress file=/data/WorkSpace/ldbc-sf100/social_network/dynamic/person_likes_post_0_0.csv rows=45000000 directed_edges=90000000 elapsed_s=99.8
[snb-full][edge] progress file=/data/WorkSpace/ldbc-sf100/social_network/dynamic/person_likes_post_0_0.csv rows=46000000 directed_edges=92000000 elapsed_s=102.0
[snb-full][edge] progress file=/data/WorkSpace/ldbc-sf100/social_network/dynamic/person_likes_post_0_0.csv rows=47000000 directed_edges=94000000 elapsed_s=104.3
[snb-full][edge] progress file=/data/WorkSpace/ldbc-sf100/social_network/dynamic/person_likes_post_0_0.csv rows=48000000 directed_edges=96000000 elapsed_s=106.4
[snb-full][edge] progress file=/data/WorkSpace/ldbc-sf100/social_network/dynamic/person_likes_post_0_0.csv rows=49000000 directed_edges=98000000 elapsed_s=108.7
[snb-full][edge] progress file=/data/WorkSpace/ldbc-sf100/social_network/dynamic/person_likes_post_0_0.csv rows=50000000 directed_edges=100000000 elapsed_s=111.1
[snb-full][edge] progress file=/data/WorkSpace/ldbc-sf100/social_network/dynamic/person_likes_post_0_0.csv rows=51000000 directed_edges=102000000 elapsed_s=113.4
[snb-full][edge] progress file=/data/WorkSpace/ldbc-sf100/social_network/dynamic/person_likes_post_0_0.csv rows=52000000 directed_edges=104000000 elapsed_s=115.8
[snb-full][edge] progress file=/data/WorkSpace/ldbc-sf100/social_network/dynamic/person_likes_post_0_0.csv rows=53000000 directed_edges=106000000 elapsed_s=118.2
[snb-full][edge] progress file=/data/WorkSpace/ldbc-sf100/social_network/dynamic/person_likes_post_0_0.csv rows=54000000 directed_edges=108000000 elapsed_s=120.6
[snb-full][edge] progress file=/data/WorkSpace/ldbc-sf100/social_network/dynamic/person_likes_post_0_0.csv rows=55000000 directed_edges=110000000 elapsed_s=122.8
[snb-full][edge] progress file=/data/WorkSpace/ldbc-sf100/social_network/dynamic/person_likes_post_0_0.csv rows=56000000 directed_edges=112000000 elapsed_s=125.2
[snb-full][edge] progress file=/data/WorkSpace/ldbc-sf100/social_network/dynamic/person_likes_post_0_0.csv rows=57000000 directed_edges=114000000 elapsed_s=127.4
[snb-full][edge] progress file=/data/WorkSpace/ldbc-sf100/social_network/dynamic/person_likes_post_0_0.csv rows=58000000 directed_edges=116000000 elapsed_s=129.7
[snb-full][edge] progress file=/data/WorkSpace/ldbc-sf100/social_network/dynamic/person_likes_post_0_0.csv rows=59000000 directed_edges=118000000 elapsed_s=132.0
[snb-full][edge] progress file=/data/WorkSpace/ldbc-sf100/social_network/dynamic/person_likes_post_0_0.csv rows=60000000 directed_edges=120000000 elapsed_s=134.2
[snb-full][edge] progress file=/data/WorkSpace/ldbc-sf100/social_network/dynamic/person_likes_post_0_0.csv rows=61000000 directed_edges=122000000 elapsed_s=136.4
[snb-full][edge] progress file=/data/WorkSpace/ldbc-sf100/social_network/dynamic/person_likes_post_0_0.csv rows=62000000 directed_edges=124000000 elapsed_s=138.7
[snb-full][edge] progress file=/data/WorkSpace/ldbc-sf100/social_network/dynamic/person_likes_post_0_0.csv rows=63000000 directed_edges=126000000 elapsed_s=141.0
[snb-full][edge] progress file=/data/WorkSpace/ldbc-sf100/social_network/dynamic/person_likes_post_0_0.csv rows=64000000 directed_edges=128000000 elapsed_s=143.3
[snb-full][edge] progress file=/data/WorkSpace/ldbc-sf100/social_network/dynamic/person_likes_post_0_0.csv rows=65000000 directed_edges=130000000 elapsed_s=145.5
[snb-full][edge] progress file=/data/WorkSpace/ldbc-sf100/social_network/dynamic/person_likes_post_0_0.csv rows=66000000 directed_edges=132000000 elapsed_s=147.8
[snb-full][edge] progress file=/data/WorkSpace/ldbc-sf100/social_network/dynamic/person_likes_post_0_0.csv rows=67000000 directed_edges=134000000 elapsed_s=150.3
[snb-full][edge] progress file=/data/WorkSpace/ldbc-sf100/social_network/dynamic/person_likes_post_0_0.csv rows=68000000 directed_edges=136000000 elapsed_s=152.4
[snb-full][edge] progress file=/data/WorkSpace/ldbc-sf100/social_network/dynamic/person_likes_post_0_0.csv rows=69000000 directed_edges=138000000 elapsed_s=154.8
[snb-full][edge] progress file=/data/WorkSpace/ldbc-sf100/social_network/dynamic/person_likes_post_0_0.csv rows=70000000 directed_edges=140000000 elapsed_s=156.9
[snb-full][edge] progress file=/data/WorkSpace/ldbc-sf100/social_network/dynamic/person_likes_post_0_0.csv rows=71000000 directed_edges=142000000 elapsed_s=159.3
[snb-full][edge] progress file=/data/WorkSpace/ldbc-sf100/social_network/dynamic/person_likes_post_0_0.csv rows=72000000 directed_edges=144000000 elapsed_s=161.6
[snb-full][edge] progress file=/data/WorkSpace/ldbc-sf100/social_network/dynamic/person_likes_post_0_0.csv rows=73000000 directed_edges=146000000 elapsed_s=164.1
[snb-full][edge] progress file=/data/WorkSpace/ldbc-sf100/social_network/dynamic/person_likes_post_0_0.csv rows=74000000 directed_edges=148000000 elapsed_s=166.5
[snb-full][edge] progress file=/data/WorkSpace/ldbc-sf100/social_network/dynamic/person_likes_post_0_0.csv rows=75000000 directed_edges=150000000 elapsed_s=168.9
[snb-full][edge] progress file=/data/WorkSpace/ldbc-sf100/social_network/dynamic/person_likes_post_0_0.csv rows=76000000 directed_edges=152000000 elapsed_s=171.3
[snb-full][edge] progress file=/data/WorkSpace/ldbc-sf100/social_network/dynamic/person_likes_post_0_0.csv rows=77000000 directed_edges=154000000 elapsed_s=173.7
[snb-full][edge] progress file=/data/WorkSpace/ldbc-sf100/social_network/dynamic/person_likes_post_0_0.csv rows=78000000 directed_edges=156000000 elapsed_s=175.9
[snb-full][edge] progress file=/data/WorkSpace/ldbc-sf100/social_network/dynamic/person_likes_post_0_0.csv rows=79000000 directed_edges=158000000 elapsed_s=178.2
[snb-full][edge] progress file=/data/WorkSpace/ldbc-sf100/social_network/dynamic/person_likes_post_0_0.csv rows=80000000 directed_edges=160000000 elapsed_s=180.4
[snb-full][edge] progress file=/data/WorkSpace/ldbc-sf100/social_network/dynamic/person_likes_post_0_0.csv rows=81000000 directed_edges=162000000 elapsed_s=182.5
[snb-full][edge] progress file=/data/WorkSpace/ldbc-sf100/social_network/dynamic/person_likes_post_0_0.csv rows=82000000 directed_edges=164000000 elapsed_s=184.8
[snb-full][edge] progress file=/data/WorkSpace/ldbc-sf100/social_network/dynamic/person_likes_post_0_0.csv rows=83000000 directed_edges=166000000 elapsed_s=187.0
[snb-full][edge] progress file=/data/WorkSpace/ldbc-sf100/social_network/dynamic/person_likes_post_0_0.csv rows=84000000 directed_edges=168000000 elapsed_s=189.3
[snb-full][edge] progress file=/data/WorkSpace/ldbc-sf100/social_network/dynamic/person_likes_post_0_0.csv rows=85000000 directed_edges=170000000 elapsed_s=191.6
[snb-full][edge] progress file=/data/WorkSpace/ldbc-sf100/social_network/dynamic/person_likes_post_0_0.csv rows=86000000 directed_edges=172000000 elapsed_s=194.0
[snb-full][edge] progress file=/data/WorkSpace/ldbc-sf100/social_network/dynamic/person_likes_post_0_0.csv rows=87000000 directed_edges=174000000 elapsed_s=196.1
[snb-full][edge] progress file=/data/WorkSpace/ldbc-sf100/social_network/dynamic/person_likes_post_0_0.csv rows=88000000 directed_edges=176000000 elapsed_s=198.5
[snb-full][edge] progress file=/data/WorkSpace/ldbc-sf100/social_network/dynamic/person_likes_post_0_0.csv rows=89000000 directed_edges=178000000 elapsed_s=200.6
[snb-full][edge] progress file=/data/WorkSpace/ldbc-sf100/social_network/dynamic/person_likes_post_0_0.csv rows=90000000 directed_edges=180000000 elapsed_s=202.8
[snb-full][edge] progress file=/data/WorkSpace/ldbc-sf100/social_network/dynamic/person_likes_post_0_0.csv rows=91000000 directed_edges=182000000 elapsed_s=205.1
[snb-full][edge] progress file=/data/WorkSpace/ldbc-sf100/social_network/dynamic/person_likes_post_0_0.csv rows=92000000 directed_edges=184000000 elapsed_s=207.3
[snb-full][edge] progress file=/data/WorkSpace/ldbc-sf100/social_network/dynamic/person_likes_post_0_0.csv rows=93000000 directed_edges=186000000 elapsed_s=209.5
[snb-full][edge] progress file=/data/WorkSpace/ldbc-sf100/social_network/dynamic/person_likes_post_0_0.csv rows=94000000 directed_edges=188000000 elapsed_s=211.8
[snb-full][edge] progress file=/data/WorkSpace/ldbc-sf100/social_network/dynamic/person_likes_post_0_0.csv rows=95000000 directed_edges=190000000 elapsed_s=214.2
[snb-full][edge] progress file=/data/WorkSpace/ldbc-sf100/social_network/dynamic/person_likes_post_0_0.csv rows=96000000 directed_edges=192000000 elapsed_s=216.5
[snb-full][edge] progress file=/data/WorkSpace/ldbc-sf100/social_network/dynamic/person_likes_post_0_0.csv rows=97000000 directed_edges=194000000 elapsed_s=218.8
[snb-full][edge] progress file=/data/WorkSpace/ldbc-sf100/social_network/dynamic/person_likes_post_0_0.csv rows=98000000 directed_edges=196000000 elapsed_s=221.1
[snb-full][edge] progress file=/data/WorkSpace/ldbc-sf100/social_network/dynamic/person_likes_post_0_0.csv rows=99000000 directed_edges=198000000 elapsed_s=223.4
[snb-full][edge] done file=/data/WorkSpace/ldbc-sf100/social_network/dynamic/person_likes_post_0_0.csv rows=99515108 directed_edges=199030216 elapsed_s=224.6
[snb-full][edge] start file=/data/WorkSpace/ldbc-sf100/social_network/dynamic/person_hasInterest_tag_0_0.csv edge=HasInterest src=Person dst=Tag
[snb-full][edge] progress file=/data/WorkSpace/ldbc-sf100/social_network/dynamic/person_hasInterest_tag_0_0.csv rows=1000000 directed_edges=2000000 elapsed_s=1.9
[snb-full][edge] progress file=/data/WorkSpace/ldbc-sf100/social_network/dynamic/person_hasInterest_tag_0_0.csv rows=2000000 directed_edges=4000000 elapsed_s=3.9
[snb-full][edge] progress file=/data/WorkSpace/ldbc-sf100/social_network/dynamic/person_hasInterest_tag_0_0.csv rows=3000000 directed_edges=6000000 elapsed_s=5.9
[snb-full][edge] progress file=/data/WorkSpace/ldbc-sf100/social_network/dynamic/person_hasInterest_tag_0_0.csv rows=4000000 directed_edges=8000000 elapsed_s=7.9
[snb-full][edge] progress file=/data/WorkSpace/ldbc-sf100/social_network/dynamic/person_hasInterest_tag_0_0.csv rows=5000000 directed_edges=10000000 elapsed_s=9.9
[snb-full][edge] progress file=/data/WorkSpace/ldbc-sf100/social_network/dynamic/person_hasInterest_tag_0_0.csv rows=6000000 directed_edges=12000000 elapsed_s=11.8
[snb-full][edge] progress file=/data/WorkSpace/ldbc-sf100/social_network/dynamic/person_hasInterest_tag_0_0.csv rows=7000000 directed_edges=14000000 elapsed_s=13.8
[snb-full][edge] progress file=/data/WorkSpace/ldbc-sf100/social_network/dynamic/person_hasInterest_tag_0_0.csv rows=8000000 directed_edges=16000000 elapsed_s=15.7
[snb-full][edge] progress file=/data/WorkSpace/ldbc-sf100/social_network/dynamic/person_hasInterest_tag_0_0.csv rows=9000000 directed_edges=18000000 elapsed_s=17.5
[snb-full][edge] progress file=/data/WorkSpace/ldbc-sf100/social_network/dynamic/person_hasInterest_tag_0_0.csv rows=10000000 directed_edges=20000000 elapsed_s=19.4
[snb-full][edge] done file=/data/WorkSpace/ldbc-sf100/social_network/dynamic/person_hasInterest_tag_0_0.csv rows=10471962 directed_edges=20943924 elapsed_s=20.1
[snb-full][edge] start file=/data/WorkSpace/ldbc-sf100/social_network/dynamic/person_studyAt_organisation_0_0.csv edge=StudyAt src=Person dst=Organisation
[snb-full][edge] done file=/data/WorkSpace/ldbc-sf100/social_network/dynamic/person_studyAt_organisation_0_0.csv rows=359212 directed_edges=718424 elapsed_s=1.7
[snb-full][edge] start file=/data/WorkSpace/ldbc-sf100/social_network/dynamic/person_workAt_organisation_0_0.csv edge=WorkAt src=Person dst=Organisation
[snb-full][edge] done file=/data/WorkSpace/ldbc-sf100/social_network/dynamic/person_workAt_organisation_0_0.csv rows=976349 directed_edges=1952698 elapsed_s=2.6
[snb-full][edge] start file=/data/WorkSpace/ldbc-sf100/social_network/dynamic/forum_hasMember_person_0_0.csv edge=HasMember src=Forum dst=Person
[snb-full][edge] progress file=/data/WorkSpace/ldbc-sf100/social_network/dynamic/forum_hasMember_person_0_0.csv rows=1000000 directed_edges=2000000 elapsed_s=1.7
[snb-full][edge] progress file=/data/WorkSpace/ldbc-sf100/social_network/dynamic/forum_hasMember_person_0_0.csv rows=2000000 directed_edges=4000000 elapsed_s=3.7
[snb-full][edge] progress file=/data/WorkSpace/ldbc-sf100/social_network/dynamic/forum_hasMember_person_0_0.csv rows=3000000 directed_edges=6000000 elapsed_s=6.1
[snb-full][edge] progress file=/data/WorkSpace/ldbc-sf100/social_network/dynamic/forum_hasMember_person_0_0.csv rows=4000000 directed_edges=8000000 elapsed_s=8.1
[snb-full][edge] progress file=/data/WorkSpace/ldbc-sf100/social_network/dynamic/forum_hasMember_person_0_0.csv rows=5000000 directed_edges=10000000 elapsed_s=10.1
[snb-full][edge] progress file=/data/WorkSpace/ldbc-sf100/social_network/dynamic/forum_hasMember_person_0_0.csv rows=6000000 directed_edges=12000000 elapsed_s=12.6
[snb-full][edge] progress file=/data/WorkSpace/ldbc-sf100/social_network/dynamic/forum_hasMember_person_0_0.csv rows=7000000 directed_edges=14000000 elapsed_s=14.3
[snb-full][edge] progress file=/data/WorkSpace/ldbc-sf100/social_network/dynamic/forum_hasMember_person_0_0.csv rows=8000000 directed_edges=16000000 elapsed_s=16.8
[snb-full][edge] progress file=/data/WorkSpace/ldbc-sf100/social_network/dynamic/forum_hasMember_person_0_0.csv rows=9000000 directed_edges=18000000 elapsed_s=18.7
[snb-full][edge] progress file=/data/WorkSpace/ldbc-sf100/social_network/dynamic/forum_hasMember_person_0_0.csv rows=10000000 directed_edges=20000000 elapsed_s=20.7
[snb-full][edge] progress file=/data/WorkSpace/ldbc-sf100/social_network/dynamic/forum_hasMember_person_0_0.csv rows=11000000 directed_edges=22000000 elapsed_s=23.5
[snb-full][edge] progress file=/data/WorkSpace/ldbc-sf100/social_network/dynamic/forum_hasMember_person_0_0.csv rows=12000000 directed_edges=24000000 elapsed_s=25.5
[snb-full][edge] progress file=/data/WorkSpace/ldbc-sf100/social_network/dynamic/forum_hasMember_person_0_0.csv rows=13000000 directed_edges=26000000 elapsed_s=27.7
[snb-full][edge] progress file=/data/WorkSpace/ldbc-sf100/social_network/dynamic/forum_hasMember_person_0_0.csv rows=14000000 directed_edges=28000000 elapsed_s=29.8
[snb-full][edge] progress file=/data/WorkSpace/ldbc-sf100/social_network/dynamic/forum_hasMember_person_0_0.csv rows=15000000 directed_edges=30000000 elapsed_s=32.3
[snb-full][edge] progress file=/data/WorkSpace/ldbc-sf100/social_network/dynamic/forum_hasMember_person_0_0.csv rows=16000000 directed_edges=32000000 elapsed_s=34.3
[snb-full][edge] progress file=/data/WorkSpace/ldbc-sf100/social_network/dynamic/forum_hasMember_person_0_0.csv rows=17000000 directed_edges=34000000 elapsed_s=36.4
[snb-full][edge] progress file=/data/WorkSpace/ldbc-sf100/social_network/dynamic/forum_hasMember_person_0_0.csv rows=18000000 directed_edges=36000000 elapsed_s=38.6
[snb-full][edge] progress file=/data/WorkSpace/ldbc-sf100/social_network/dynamic/forum_hasMember_person_0_0.csv rows=19000000 directed_edges=38000000 elapsed_s=40.6
[snb-full][edge] progress file=/data/WorkSpace/ldbc-sf100/social_network/dynamic/forum_hasMember_person_0_0.csv rows=20000000 directed_edges=40000000 elapsed_s=42.7
[snb-full][edge] progress file=/data/WorkSpace/ldbc-sf100/social_network/dynamic/forum_hasMember_person_0_0.csv rows=21000000 directed_edges=42000000 elapsed_s=44.8
[snb-full][edge] progress file=/data/WorkSpace/ldbc-sf100/social_network/dynamic/forum_hasMember_person_0_0.csv rows=22000000 directed_edges=44000000 elapsed_s=46.6
[snb-full][edge] progress file=/data/WorkSpace/ldbc-sf100/social_network/dynamic/forum_hasMember_person_0_0.csv rows=23000000 directed_edges=46000000 elapsed_s=48.7
[snb-full][edge] progress file=/data/WorkSpace/ldbc-sf100/social_network/dynamic/forum_hasMember_person_0_0.csv rows=24000000 directed_edges=48000000 elapsed_s=50.6
[snb-full][edge] progress file=/data/WorkSpace/ldbc-sf100/social_network/dynamic/forum_hasMember_person_0_0.csv rows=25000000 directed_edges=50000000 elapsed_s=52.6
[snb-full][edge] progress file=/data/WorkSpace/ldbc-sf100/social_network/dynamic/forum_hasMember_person_0_0.csv rows=26000000 directed_edges=52000000 elapsed_s=54.7
[snb-full][edge] progress file=/data/WorkSpace/ldbc-sf100/social_network/dynamic/forum_hasMember_person_0_0.csv rows=27000000 directed_edges=54000000 elapsed_s=56.4
[snb-full][edge] progress file=/data/WorkSpace/ldbc-sf100/social_network/dynamic/forum_hasMember_person_0_0.csv rows=28000000 directed_edges=56000000 elapsed_s=58.5
[snb-full][edge] progress file=/data/WorkSpace/ldbc-sf100/social_network/dynamic/forum_hasMember_person_0_0.csv rows=29000000 directed_edges=58000000 elapsed_s=60.8
[snb-full][edge] progress file=/data/WorkSpace/ldbc-sf100/social_network/dynamic/forum_hasMember_person_0_0.csv rows=30000000 directed_edges=60000000 elapsed_s=62.9
[snb-full][edge] progress file=/data/WorkSpace/ldbc-sf100/social_network/dynamic/forum_hasMember_person_0_0.csv rows=31000000 directed_edges=62000000 elapsed_s=65.3
[snb-full][edge] progress file=/data/WorkSpace/ldbc-sf100/social_network/dynamic/forum_hasMember_person_0_0.csv rows=32000000 directed_edges=64000000 elapsed_s=67.4
[snb-full][edge] progress file=/data/WorkSpace/ldbc-sf100/social_network/dynamic/forum_hasMember_person_0_0.csv rows=33000000 directed_edges=66000000 elapsed_s=69.4
[snb-full][edge] progress file=/data/WorkSpace/ldbc-sf100/social_network/dynamic/forum_hasMember_person_0_0.csv rows=34000000 directed_edges=68000000 elapsed_s=71.5
[snb-full][edge] progress file=/data/WorkSpace/ldbc-sf100/social_network/dynamic/forum_hasMember_person_0_0.csv rows=35000000 directed_edges=70000000 elapsed_s=73.5
[snb-full][edge] progress file=/data/WorkSpace/ldbc-sf100/social_network/dynamic/forum_hasMember_person_0_0.csv rows=36000000 directed_edges=72000000 elapsed_s=75.6
[snb-full][edge] progress file=/data/WorkSpace/ldbc-sf100/social_network/dynamic/forum_hasMember_person_0_0.csv rows=37000000 directed_edges=74000000 elapsed_s=77.6
[snb-full][edge] progress file=/data/WorkSpace/ldbc-sf100/social_network/dynamic/forum_hasMember_person_0_0.csv rows=38000000 directed_edges=76000000 elapsed_s=79.7
[snb-full][edge] progress file=/data/WorkSpace/ldbc-sf100/social_network/dynamic/forum_hasMember_person_0_0.csv rows=39000000 directed_edges=78000000 elapsed_s=82.0
[snb-full][edge] progress file=/data/WorkSpace/ldbc-sf100/social_network/dynamic/forum_hasMember_person_0_0.csv rows=40000000 directed_edges=80000000 elapsed_s=84.1
[snb-full][edge] progress file=/data/WorkSpace/ldbc-sf100/social_network/dynamic/forum_hasMember_person_0_0.csv rows=41000000 directed_edges=82000000 elapsed_s=86.0
[snb-full][edge] progress file=/data/WorkSpace/ldbc-sf100/social_network/dynamic/forum_hasMember_person_0_0.csv rows=42000000 directed_edges=84000000 elapsed_s=88.1
[snb-full][edge] progress file=/data/WorkSpace/ldbc-sf100/social_network/dynamic/forum_hasMember_person_0_0.csv rows=43000000 directed_edges=86000000 elapsed_s=90.4
[snb-full][edge] progress file=/data/WorkSpace/ldbc-sf100/social_network/dynamic/forum_hasMember_person_0_0.csv rows=44000000 directed_edges=88000000 elapsed_s=92.4
[snb-full][edge] progress file=/data/WorkSpace/ldbc-sf100/social_network/dynamic/forum_hasMember_person_0_0.csv rows=45000000 directed_edges=90000000 elapsed_s=94.6
[snb-full][edge] progress file=/data/WorkSpace/ldbc-sf100/social_network/dynamic/forum_hasMember_person_0_0.csv rows=46000000 directed_edges=92000000 elapsed_s=96.7
[snb-full][edge] progress file=/data/WorkSpace/ldbc-sf100/social_network/dynamic/forum_hasMember_person_0_0.csv rows=47000000 directed_edges=94000000 elapsed_s=98.5
[snb-full][edge] progress file=/data/WorkSpace/ldbc-sf100/social_network/dynamic/forum_hasMember_person_0_0.csv rows=48000000 directed_edges=96000000 elapsed_s=100.6
[snb-full][edge] progress file=/data/WorkSpace/ldbc-sf100/social_network/dynamic/forum_hasMember_person_0_0.csv rows=49000000 directed_edges=98000000 elapsed_s=102.8
[snb-full][edge] progress file=/data/WorkSpace/ldbc-sf100/social_network/dynamic/forum_hasMember_person_0_0.csv rows=50000000 directed_edges=100000000 elapsed_s=104.5
[snb-full][edge] progress file=/data/WorkSpace/ldbc-sf100/social_network/dynamic/forum_hasMember_person_0_0.csv rows=51000000 directed_edges=102000000 elapsed_s=106.8
[snb-full][edge] progress file=/data/WorkSpace/ldbc-sf100/social_network/dynamic/forum_hasMember_person_0_0.csv rows=52000000 directed_edges=104000000 elapsed_s=108.7
[snb-full][edge] progress file=/data/WorkSpace/ldbc-sf100/social_network/dynamic/forum_hasMember_person_0_0.csv rows=53000000 directed_edges=106000000 elapsed_s=110.8
[snb-full][edge] progress file=/data/WorkSpace/ldbc-sf100/social_network/dynamic/forum_hasMember_person_0_0.csv rows=54000000 directed_edges=108000000 elapsed_s=112.8
[snb-full][edge] progress file=/data/WorkSpace/ldbc-sf100/social_network/dynamic/forum_hasMember_person_0_0.csv rows=55000000 directed_edges=110000000 elapsed_s=114.8
[snb-full][edge] progress file=/data/WorkSpace/ldbc-sf100/social_network/dynamic/forum_hasMember_person_0_0.csv rows=56000000 directed_edges=112000000 elapsed_s=116.8
[snb-full][edge] progress file=/data/WorkSpace/ldbc-sf100/social_network/dynamic/forum_hasMember_person_0_0.csv rows=57000000 directed_edges=114000000 elapsed_s=118.8
[snb-full][edge] progress file=/data/WorkSpace/ldbc-sf100/social_network/dynamic/forum_hasMember_person_0_0.csv rows=58000000 directed_edges=116000000 elapsed_s=120.9
[snb-full][edge] progress file=/data/WorkSpace/ldbc-sf100/social_network/dynamic/forum_hasMember_person_0_0.csv rows=59000000 directed_edges=118000000 elapsed_s=122.9
[snb-full][edge] progress file=/data/WorkSpace/ldbc-sf100/social_network/dynamic/forum_hasMember_person_0_0.csv rows=60000000 directed_edges=120000000 elapsed_s=124.9
[snb-full][edge] progress file=/data/WorkSpace/ldbc-sf100/social_network/dynamic/forum_hasMember_person_0_0.csv rows=61000000 directed_edges=122000000 elapsed_s=127.0
[snb-full][edge] progress file=/data/WorkSpace/ldbc-sf100/social_network/dynamic/forum_hasMember_person_0_0.csv rows=62000000 directed_edges=124000000 elapsed_s=129.0
[snb-full][edge] progress file=/data/WorkSpace/ldbc-sf100/social_network/dynamic/forum_hasMember_person_0_0.csv rows=63000000 directed_edges=126000000 elapsed_s=131.1
[snb-full][edge] progress file=/data/WorkSpace/ldbc-sf100/social_network/dynamic/forum_hasMember_person_0_0.csv rows=64000000 directed_edges=128000000 elapsed_s=133.1
[snb-full][edge] progress file=/data/WorkSpace/ldbc-sf100/social_network/dynamic/forum_hasMember_person_0_0.csv rows=65000000 directed_edges=130000000 elapsed_s=135.1
[snb-full][edge] progress file=/data/WorkSpace/ldbc-sf100/social_network/dynamic/forum_hasMember_person_0_0.csv rows=66000000 directed_edges=132000000 elapsed_s=137.2
[snb-full][edge] progress file=/data/WorkSpace/ldbc-sf100/social_network/dynamic/forum_hasMember_person_0_0.csv rows=67000000 directed_edges=134000000 elapsed_s=139.2
[snb-full][edge] progress file=/data/WorkSpace/ldbc-sf100/social_network/dynamic/forum_hasMember_person_0_0.csv rows=68000000 directed_edges=136000000 elapsed_s=141.3
[snb-full][edge] progress file=/data/WorkSpace/ldbc-sf100/social_network/dynamic/forum_hasMember_person_0_0.csv rows=69000000 directed_edges=138000000 elapsed_s=143.3
[snb-full][edge] progress file=/data/WorkSpace/ldbc-sf100/social_network/dynamic/forum_hasMember_person_0_0.csv rows=70000000 directed_edges=140000000 elapsed_s=145.4
[snb-full][edge] progress file=/data/WorkSpace/ldbc-sf100/social_network/dynamic/forum_hasMember_person_0_0.csv rows=71000000 directed_edges=142000000 elapsed_s=147.3
[snb-full][edge] progress file=/data/WorkSpace/ldbc-sf100/social_network/dynamic/forum_hasMember_person_0_0.csv rows=72000000 directed_edges=144000000 elapsed_s=149.3
[snb-full][edge] progress file=/data/WorkSpace/ldbc-sf100/social_network/dynamic/forum_hasMember_person_0_0.csv rows=73000000 directed_edges=146000000 elapsed_s=151.2
[snb-full][edge] progress file=/data/WorkSpace/ldbc-sf100/social_network/dynamic/forum_hasMember_person_0_0.csv rows=74000000 directed_edges=148000000 elapsed_s=153.3
[snb-full][edge] progress file=/data/WorkSpace/ldbc-sf100/social_network/dynamic/forum_hasMember_person_0_0.csv rows=75000000 directed_edges=150000000 elapsed_s=155.3
[snb-full][edge] progress file=/data/WorkSpace/ldbc-sf100/social_network/dynamic/forum_hasMember_person_0_0.csv rows=76000000 directed_edges=152000000 elapsed_s=157.5
[snb-full][edge] progress file=/data/WorkSpace/ldbc-sf100/social_network/dynamic/forum_hasMember_person_0_0.csv rows=77000000 directed_edges=154000000 elapsed_s=159.6
[snb-full][edge] progress file=/data/WorkSpace/ldbc-sf100/social_network/dynamic/forum_hasMember_person_0_0.csv rows=78000000 directed_edges=156000000 elapsed_s=161.6
[snb-full][edge] progress file=/data/WorkSpace/ldbc-sf100/social_network/dynamic/forum_hasMember_person_0_0.csv rows=79000000 directed_edges=158000000 elapsed_s=163.7
[snb-full][edge] progress file=/data/WorkSpace/ldbc-sf100/social_network/dynamic/forum_hasMember_person_0_0.csv rows=80000000 directed_edges=160000000 elapsed_s=165.7
[snb-full][edge] progress file=/data/WorkSpace/ldbc-sf100/social_network/dynamic/forum_hasMember_person_0_0.csv rows=81000000 directed_edges=162000000 elapsed_s=167.9
[snb-full][edge] progress file=/data/WorkSpace/ldbc-sf100/social_network/dynamic/forum_hasMember_person_0_0.csv rows=82000000 directed_edges=164000000 elapsed_s=169.9
[snb-full][edge] progress file=/data/WorkSpace/ldbc-sf100/social_network/dynamic/forum_hasMember_person_0_0.csv rows=83000000 directed_edges=166000000 elapsed_s=172.0
[snb-full][edge] progress file=/data/WorkSpace/ldbc-sf100/social_network/dynamic/forum_hasMember_person_0_0.csv rows=84000000 directed_edges=168000000 elapsed_s=174.0
[snb-full][edge] progress file=/data/WorkSpace/ldbc-sf100/social_network/dynamic/forum_hasMember_person_0_0.csv rows=85000000 directed_edges=170000000 elapsed_s=176.0
[snb-full][edge] progress file=/data/WorkSpace/ldbc-sf100/social_network/dynamic/forum_hasMember_person_0_0.csv rows=86000000 directed_edges=172000000 elapsed_s=178.1
[snb-full][edge] progress file=/data/WorkSpace/ldbc-sf100/social_network/dynamic/forum_hasMember_person_0_0.csv rows=87000000 directed_edges=174000000 elapsed_s=180.1
[snb-full][edge] progress file=/data/WorkSpace/ldbc-sf100/social_network/dynamic/forum_hasMember_person_0_0.csv rows=88000000 directed_edges=176000000 elapsed_s=182.3
[snb-full][edge] progress file=/data/WorkSpace/ldbc-sf100/social_network/dynamic/forum_hasMember_person_0_0.csv rows=89000000 directed_edges=178000000 elapsed_s=184.4
[snb-full][edge] progress file=/data/WorkSpace/ldbc-sf100/social_network/dynamic/forum_hasMember_person_0_0.csv rows=90000000 directed_edges=180000000 elapsed_s=186.3
[snb-full][edge] progress file=/data/WorkSpace/ldbc-sf100/social_network/dynamic/forum_hasMember_person_0_0.csv rows=91000000 directed_edges=182000000 elapsed_s=188.2
[snb-full][edge] progress file=/data/WorkSpace/ldbc-sf100/social_network/dynamic/forum_hasMember_person_0_0.csv rows=92000000 directed_edges=184000000 elapsed_s=190.1
[snb-full][edge] progress file=/data/WorkSpace/ldbc-sf100/social_network/dynamic/forum_hasMember_person_0_0.csv rows=93000000 directed_edges=186000000 elapsed_s=192.1
[snb-full][edge] progress file=/data/WorkSpace/ldbc-sf100/social_network/dynamic/forum_hasMember_person_0_0.csv rows=94000000 directed_edges=188000000 elapsed_s=194.6
[snb-full][edge] progress file=/data/WorkSpace/ldbc-sf100/social_network/dynamic/forum_hasMember_person_0_0.csv rows=95000000 directed_edges=190000000 elapsed_s=196.5
[snb-full][edge] progress file=/data/WorkSpace/ldbc-sf100/social_network/dynamic/forum_hasMember_person_0_0.csv rows=96000000 directed_edges=192000000 elapsed_s=198.9
[snb-full][edge] progress file=/data/WorkSpace/ldbc-sf100/social_network/dynamic/forum_hasMember_person_0_0.csv rows=97000000 directed_edges=194000000 elapsed_s=201.0
[snb-full][edge] progress file=/data/WorkSpace/ldbc-sf100/social_network/dynamic/forum_hasMember_person_0_0.csv rows=98000000 directed_edges=196000000 elapsed_s=203.1
[snb-full][edge] progress file=/data/WorkSpace/ldbc-sf100/social_network/dynamic/forum_hasMember_person_0_0.csv rows=99000000 directed_edges=198000000 elapsed_s=205.4
[snb-full][edge] progress file=/data/WorkSpace/ldbc-sf100/social_network/dynamic/forum_hasMember_person_0_0.csv rows=100000000 directed_edges=200000000 elapsed_s=207.5
[snb-full][edge] progress file=/data/WorkSpace/ldbc-sf100/social_network/dynamic/forum_hasMember_person_0_0.csv rows=101000000 directed_edges=202000000 elapsed_s=209.5
[snb-full][edge] progress file=/data/WorkSpace/ldbc-sf100/social_network/dynamic/forum_hasMember_person_0_0.csv rows=102000000 directed_edges=204000000 elapsed_s=211.6
[snb-full][edge] progress file=/data/WorkSpace/ldbc-sf100/social_network/dynamic/forum_hasMember_person_0_0.csv rows=103000000 directed_edges=206000000 elapsed_s=213.8
[snb-full][edge] progress file=/data/WorkSpace/ldbc-sf100/social_network/dynamic/forum_hasMember_person_0_0.csv rows=104000000 directed_edges=208000000 elapsed_s=215.7
[snb-full][edge] progress file=/data/WorkSpace/ldbc-sf100/social_network/dynamic/forum_hasMember_person_0_0.csv rows=105000000 directed_edges=210000000 elapsed_s=217.7
[snb-full][edge] progress file=/data/WorkSpace/ldbc-sf100/social_network/dynamic/forum_hasMember_person_0_0.csv rows=106000000 directed_edges=212000000 elapsed_s=219.9
[snb-full][edge] progress file=/data/WorkSpace/ldbc-sf100/social_network/dynamic/forum_hasMember_person_0_0.csv rows=107000000 directed_edges=214000000 elapsed_s=222.1
[snb-full][edge] progress file=/data/WorkSpace/ldbc-sf100/social_network/dynamic/forum_hasMember_person_0_0.csv rows=108000000 directed_edges=216000000 elapsed_s=224.5
[snb-full][edge] progress file=/data/WorkSpace/ldbc-sf100/social_network/dynamic/forum_hasMember_person_0_0.csv rows=109000000 directed_edges=218000000 elapsed_s=226.6
[snb-full][edge] progress file=/data/WorkSpace/ldbc-sf100/social_network/dynamic/forum_hasMember_person_0_0.csv rows=110000000 directed_edges=220000000 elapsed_s=228.5
[snb-full][edge] progress file=/data/WorkSpace/ldbc-sf100/social_network/dynamic/forum_hasMember_person_0_0.csv rows=111000000 directed_edges=222000000 elapsed_s=230.3
[snb-full][edge] progress file=/data/WorkSpace/ldbc-sf100/social_network/dynamic/forum_hasMember_person_0_0.csv rows=112000000 directed_edges=224000000 elapsed_s=232.6
[snb-full][edge] progress file=/data/WorkSpace/ldbc-sf100/social_network/dynamic/forum_hasMember_person_0_0.csv rows=113000000 directed_edges=226000000 elapsed_s=234.3
[snb-full][edge] progress file=/data/WorkSpace/ldbc-sf100/social_network/dynamic/forum_hasMember_person_0_0.csv rows=114000000 directed_edges=228000000 elapsed_s=236.9
[snb-full][edge] progress file=/data/WorkSpace/ldbc-sf100/social_network/dynamic/forum_hasMember_person_0_0.csv rows=115000000 directed_edges=230000000 elapsed_s=238.7
[snb-full][edge] progress file=/data/WorkSpace/ldbc-sf100/social_network/dynamic/forum_hasMember_person_0_0.csv rows=116000000 directed_edges=232000000 elapsed_s=240.8
[snb-full][edge] progress file=/data/WorkSpace/ldbc-sf100/social_network/dynamic/forum_hasMember_person_0_0.csv rows=117000000 directed_edges=234000000 elapsed_s=242.8
[snb-full][edge] progress file=/data/WorkSpace/ldbc-sf100/social_network/dynamic/forum_hasMember_person_0_0.csv rows=118000000 directed_edges=236000000 elapsed_s=244.7
[snb-full][edge] progress file=/data/WorkSpace/ldbc-sf100/social_network/dynamic/forum_hasMember_person_0_0.csv rows=119000000 directed_edges=238000000 elapsed_s=247.1
[snb-full][edge] progress file=/data/WorkSpace/ldbc-sf100/social_network/dynamic/forum_hasMember_person_0_0.csv rows=120000000 directed_edges=240000000 elapsed_s=249.2
[snb-full][edge] progress file=/data/WorkSpace/ldbc-sf100/social_network/dynamic/forum_hasMember_person_0_0.csv rows=121000000 directed_edges=242000000 elapsed_s=251.1
[snb-full][edge] progress file=/data/WorkSpace/ldbc-sf100/social_network/dynamic/forum_hasMember_person_0_0.csv rows=122000000 directed_edges=244000000 elapsed_s=253.2
[snb-full][edge] progress file=/data/WorkSpace/ldbc-sf100/social_network/dynamic/forum_hasMember_person_0_0.csv rows=123000000 directed_edges=246000000 elapsed_s=255.3
[snb-full][edge] progress file=/data/WorkSpace/ldbc-sf100/social_network/dynamic/forum_hasMember_person_0_0.csv rows=124000000 directed_edges=248000000 elapsed_s=257.4
[snb-full][edge] progress file=/data/WorkSpace/ldbc-sf100/social_network/dynamic/forum_hasMember_person_0_0.csv rows=125000000 directed_edges=250000000 elapsed_s=259.4
[snb-full][edge] progress file=/data/WorkSpace/ldbc-sf100/social_network/dynamic/forum_hasMember_person_0_0.csv rows=126000000 directed_edges=252000000 elapsed_s=261.6
[snb-full][edge] progress file=/data/WorkSpace/ldbc-sf100/social_network/dynamic/forum_hasMember_person_0_0.csv rows=127000000 directed_edges=254000000 elapsed_s=263.7
[snb-full][edge] progress file=/data/WorkSpace/ldbc-sf100/social_network/dynamic/forum_hasMember_person_0_0.csv rows=128000000 directed_edges=256000000 elapsed_s=265.8
[snb-full][edge] progress file=/data/WorkSpace/ldbc-sf100/social_network/dynamic/forum_hasMember_person_0_0.csv rows=129000000 directed_edges=258000000 elapsed_s=268.0
[snb-full][edge] progress file=/data/WorkSpace/ldbc-sf100/social_network/dynamic/forum_hasMember_person_0_0.csv rows=130000000 directed_edges=260000000 elapsed_s=270.2
[snb-full][edge] progress file=/data/WorkSpace/ldbc-sf100/social_network/dynamic/forum_hasMember_person_0_0.csv rows=131000000 directed_edges=262000000 elapsed_s=271.9
[snb-full][edge] progress file=/data/WorkSpace/ldbc-sf100/social_network/dynamic/forum_hasMember_person_0_0.csv rows=132000000 directed_edges=264000000 elapsed_s=274.4
[snb-full][edge] progress file=/data/WorkSpace/ldbc-sf100/social_network/dynamic/forum_hasMember_person_0_0.csv rows=133000000 directed_edges=266000000 elapsed_s=276.6
[snb-full][edge] progress file=/data/WorkSpace/ldbc-sf100/social_network/dynamic/forum_hasMember_person_0_0.csv rows=134000000 directed_edges=268000000 elapsed_s=278.5
[snb-full][edge] progress file=/data/WorkSpace/ldbc-sf100/social_network/dynamic/forum_hasMember_person_0_0.csv rows=135000000 directed_edges=270000000 elapsed_s=280.6
[snb-full][edge] progress file=/data/WorkSpace/ldbc-sf100/social_network/dynamic/forum_hasMember_person_0_0.csv rows=136000000 directed_edges=272000000 elapsed_s=282.4
[snb-full][edge] progress file=/data/WorkSpace/ldbc-sf100/social_network/dynamic/forum_hasMember_person_0_0.csv rows=137000000 directed_edges=274000000 elapsed_s=284.9
[snb-full][edge] progress file=/data/WorkSpace/ldbc-sf100/social_network/dynamic/forum_hasMember_person_0_0.csv rows=138000000 directed_edges=276000000 elapsed_s=286.7
[snb-full][edge] progress file=/data/WorkSpace/ldbc-sf100/social_network/dynamic/forum_hasMember_person_0_0.csv rows=139000000 directed_edges=278000000 elapsed_s=288.8
[snb-full][edge] progress file=/data/WorkSpace/ldbc-sf100/social_network/dynamic/forum_hasMember_person_0_0.csv rows=140000000 directed_edges=280000000 elapsed_s=291.0
[snb-full][edge] progress file=/data/WorkSpace/ldbc-sf100/social_network/dynamic/forum_hasMember_person_0_0.csv rows=141000000 directed_edges=282000000 elapsed_s=293.7
[snb-full][edge] progress file=/data/WorkSpace/ldbc-sf100/social_network/dynamic/forum_hasMember_person_0_0.csv rows=142000000 directed_edges=284000000 elapsed_s=295.7
[snb-full][edge] progress file=/data/WorkSpace/ldbc-sf100/social_network/dynamic/forum_hasMember_person_0_0.csv rows=143000000 directed_edges=286000000 elapsed_s=297.8
[snb-full][edge] progress file=/data/WorkSpace/ldbc-sf100/social_network/dynamic/forum_hasMember_person_0_0.csv rows=144000000 directed_edges=288000000 elapsed_s=300.2
[snb-full][edge] progress file=/data/WorkSpace/ldbc-sf100/social_network/dynamic/forum_hasMember_person_0_0.csv rows=145000000 directed_edges=290000000 elapsed_s=302.3
[snb-full][edge] progress file=/data/WorkSpace/ldbc-sf100/social_network/dynamic/forum_hasMember_person_0_0.csv rows=146000000 directed_edges=292000000 elapsed_s=304.6
[snb-full][edge] progress file=/data/WorkSpace/ldbc-sf100/social_network/dynamic/forum_hasMember_person_0_0.csv rows=147000000 directed_edges=294000000 elapsed_s=306.7
[snb-full][edge] progress file=/data/WorkSpace/ldbc-sf100/social_network/dynamic/forum_hasMember_person_0_0.csv rows=148000000 directed_edges=296000000 elapsed_s=308.9
[snb-full][edge] progress file=/data/WorkSpace/ldbc-sf100/social_network/dynamic/forum_hasMember_person_0_0.csv rows=149000000 directed_edges=298000000 elapsed_s=311.2
[snb-full][edge] progress file=/data/WorkSpace/ldbc-sf100/social_network/dynamic/forum_hasMember_person_0_0.csv rows=150000000 directed_edges=300000000 elapsed_s=313.3
[snb-full][edge] progress file=/data/WorkSpace/ldbc-sf100/social_network/dynamic/forum_hasMember_person_0_0.csv rows=151000000 directed_edges=302000000 elapsed_s=315.4
[snb-full][edge] progress file=/data/WorkSpace/ldbc-sf100/social_network/dynamic/forum_hasMember_person_0_0.csv rows=152000000 directed_edges=304000000 elapsed_s=317.5
[snb-full][edge] progress file=/data/WorkSpace/ldbc-sf100/social_network/dynamic/forum_hasMember_person_0_0.csv rows=153000000 directed_edges=306000000 elapsed_s=319.9
[snb-full][edge] progress file=/data/WorkSpace/ldbc-sf100/social_network/dynamic/forum_hasMember_person_0_0.csv rows=154000000 directed_edges=308000000 elapsed_s=322.1
[snb-full][edge] progress file=/data/WorkSpace/ldbc-sf100/social_network/dynamic/forum_hasMember_person_0_0.csv rows=155000000 directed_edges=310000000 elapsed_s=323.7
[snb-full][edge] progress file=/data/WorkSpace/ldbc-sf100/social_network/dynamic/forum_hasMember_person_0_0.csv rows=156000000 directed_edges=312000000 elapsed_s=325.9
[snb-full][edge] progress file=/data/WorkSpace/ldbc-sf100/social_network/dynamic/forum_hasMember_person_0_0.csv rows=157000000 directed_edges=314000000 elapsed_s=327.8
[snb-full][edge] progress file=/data/WorkSpace/ldbc-sf100/social_network/dynamic/forum_hasMember_person_0_0.csv rows=158000000 directed_edges=316000000 elapsed_s=330.3
[snb-full][edge] progress file=/data/WorkSpace/ldbc-sf100/social_network/dynamic/forum_hasMember_person_0_0.csv rows=159000000 directed_edges=318000000 elapsed_s=332.1
[snb-full][edge] progress file=/data/WorkSpace/ldbc-sf100/social_network/dynamic/forum_hasMember_person_0_0.csv rows=160000000 directed_edges=320000000 elapsed_s=334.4
[snb-full][edge] progress file=/data/WorkSpace/ldbc-sf100/social_network/dynamic/forum_hasMember_person_0_0.csv rows=161000000 directed_edges=322000000 elapsed_s=336.5
[snb-full][edge] progress file=/data/WorkSpace/ldbc-sf100/social_network/dynamic/forum_hasMember_person_0_0.csv rows=162000000 directed_edges=324000000 elapsed_s=339.1
[snb-full][edge] progress file=/data/WorkSpace/ldbc-sf100/social_network/dynamic/forum_hasMember_person_0_0.csv rows=163000000 directed_edges=326000000 elapsed_s=340.9
[snb-full][edge] progress file=/data/WorkSpace/ldbc-sf100/social_network/dynamic/forum_hasMember_person_0_0.csv rows=164000000 directed_edges=328000000 elapsed_s=343.0
[snb-full][edge] progress file=/data/WorkSpace/ldbc-sf100/social_network/dynamic/forum_hasMember_person_0_0.csv rows=165000000 directed_edges=330000000 elapsed_s=345.0
[snb-full][edge] progress file=/data/WorkSpace/ldbc-sf100/social_network/dynamic/forum_hasMember_person_0_0.csv rows=166000000 directed_edges=332000000 elapsed_s=347.2
[snb-full][edge] progress file=/data/WorkSpace/ldbc-sf100/social_network/dynamic/forum_hasMember_person_0_0.csv rows=167000000 directed_edges=334000000 elapsed_s=349.2
[snb-full][edge] progress file=/data/WorkSpace/ldbc-sf100/social_network/dynamic/forum_hasMember_person_0_0.csv rows=168000000 directed_edges=336000000 elapsed_s=351.3
[snb-full][edge] progress file=/data/WorkSpace/ldbc-sf100/social_network/dynamic/forum_hasMember_person_0_0.csv rows=169000000 directed_edges=338000000 elapsed_s=353.4
[snb-full][edge] progress file=/data/WorkSpace/ldbc-sf100/social_network/dynamic/forum_hasMember_person_0_0.csv rows=170000000 directed_edges=340000000 elapsed_s=355.4
[snb-full][edge] progress file=/data/WorkSpace/ldbc-sf100/social_network/dynamic/forum_hasMember_person_0_0.csv rows=171000000 directed_edges=342000000 elapsed_s=357.4
[snb-full][edge] progress file=/data/WorkSpace/ldbc-sf100/social_network/dynamic/forum_hasMember_person_0_0.csv rows=172000000 directed_edges=344000000 elapsed_s=359.5
[snb-full][edge] progress file=/data/WorkSpace/ldbc-sf100/social_network/dynamic/forum_hasMember_person_0_0.csv rows=173000000 directed_edges=346000000 elapsed_s=361.6
[snb-full][edge] progress file=/data/WorkSpace/ldbc-sf100/social_network/dynamic/forum_hasMember_person_0_0.csv rows=174000000 directed_edges=348000000 elapsed_s=363.7
[snb-full][edge] progress file=/data/WorkSpace/ldbc-sf100/social_network/dynamic/forum_hasMember_person_0_0.csv rows=175000000 directed_edges=350000000 elapsed_s=365.7
[snb-full][edge] progress file=/data/WorkSpace/ldbc-sf100/social_network/dynamic/forum_hasMember_person_0_0.csv rows=176000000 directed_edges=352000000 elapsed_s=367.8
[snb-full][edge] progress file=/data/WorkSpace/ldbc-sf100/social_network/dynamic/forum_hasMember_person_0_0.csv rows=177000000 directed_edges=354000000 elapsed_s=369.8
[snb-full][edge] progress file=/data/WorkSpace/ldbc-sf100/social_network/dynamic/forum_hasMember_person_0_0.csv rows=178000000 directed_edges=356000000 elapsed_s=371.6
[snb-full][edge] progress file=/data/WorkSpace/ldbc-sf100/social_network/dynamic/forum_hasMember_person_0_0.csv rows=179000000 directed_edges=358000000 elapsed_s=373.9
[snb-full][edge] done file=/data/WorkSpace/ldbc-sf100/social_network/dynamic/forum_hasMember_person_0_0.csv rows=179874360 directed_edges=359748720 elapsed_s=375.5
[snb-full][edge] start file=/data/WorkSpace/ldbc-sf100/social_network/dynamic/forum_hasTag_tag_0_0.csv edge=HasTag src=Forum dst=Tag
[snb-full][edge] progress file=/data/WorkSpace/ldbc-sf100/social_network/dynamic/forum_hasTag_tag_0_0.csv rows=1000000 directed_edges=2000000 elapsed_s=2.2
[snb-full][edge] progress file=/data/WorkSpace/ldbc-sf100/social_network/dynamic/forum_hasTag_tag_0_0.csv rows=2000000 directed_edges=4000000 elapsed_s=4.2
[snb-full][edge] progress file=/data/WorkSpace/ldbc-sf100/social_network/dynamic/forum_hasTag_tag_0_0.csv rows=3000000 directed_edges=6000000 elapsed_s=6.1
[snb-full][edge] progress file=/data/WorkSpace/ldbc-sf100/social_network/dynamic/forum_hasTag_tag_0_0.csv rows=4000000 directed_edges=8000000 elapsed_s=8.0
[snb-full][edge] progress file=/data/WorkSpace/ldbc-sf100/social_network/dynamic/forum_hasTag_tag_0_0.csv rows=5000000 directed_edges=10000000 elapsed_s=10.3
[snb-full][edge] progress file=/data/WorkSpace/ldbc-sf100/social_network/dynamic/forum_hasTag_tag_0_0.csv rows=6000000 directed_edges=12000000 elapsed_s=12.5
[snb-full][edge] progress file=/data/WorkSpace/ldbc-sf100/social_network/dynamic/forum_hasTag_tag_0_0.csv rows=7000000 directed_edges=14000000 elapsed_s=14.8
[snb-full][edge] progress file=/data/WorkSpace/ldbc-sf100/social_network/dynamic/forum_hasTag_tag_0_0.csv rows=8000000 directed_edges=16000000 elapsed_s=17.1
[snb-full][edge] progress file=/data/WorkSpace/ldbc-sf100/social_network/dynamic/forum_hasTag_tag_0_0.csv rows=9000000 directed_edges=18000000 elapsed_s=19.4
[snb-full][edge] progress file=/data/WorkSpace/ldbc-sf100/social_network/dynamic/forum_hasTag_tag_0_0.csv rows=10000000 directed_edges=20000000 elapsed_s=21.4
[snb-full][edge] progress file=/data/WorkSpace/ldbc-sf100/social_network/dynamic/forum_hasTag_tag_0_0.csv rows=11000000 directed_edges=22000000 elapsed_s=23.3
[snb-full][edge] progress file=/data/WorkSpace/ldbc-sf100/social_network/dynamic/forum_hasTag_tag_0_0.csv rows=12000000 directed_edges=24000000 elapsed_s=25.3
[snb-full][edge] progress file=/data/WorkSpace/ldbc-sf100/social_network/dynamic/forum_hasTag_tag_0_0.csv rows=13000000 directed_edges=26000000 elapsed_s=27.1
[snb-full][edge] progress file=/data/WorkSpace/ldbc-sf100/social_network/dynamic/forum_hasTag_tag_0_0.csv rows=14000000 directed_edges=28000000 elapsed_s=29.3
[snb-full][edge] done file=/data/WorkSpace/ldbc-sf100/social_network/dynamic/forum_hasTag_tag_0_0.csv rows=14103940 directed_edges=28207880 elapsed_s=29.6
[snb-full][edge] start file=/data/WorkSpace/ldbc-sf100/social_network/dynamic/comment_hasTag_tag_0_0.csv edge=HasTag src=Comment dst=Tag
[snb-full][edge] progress file=/data/WorkSpace/ldbc-sf100/social_network/dynamic/comment_hasTag_tag_0_0.csv rows=1000000 directed_edges=2000000 elapsed_s=1.7
[snb-full][edge] progress file=/data/WorkSpace/ldbc-sf100/social_network/dynamic/comment_hasTag_tag_0_0.csv rows=2000000 directed_edges=4000000 elapsed_s=3.7
[snb-full][edge] progress file=/data/WorkSpace/ldbc-sf100/social_network/dynamic/comment_hasTag_tag_0_0.csv rows=3000000 directed_edges=6000000 elapsed_s=5.6
[snb-full][edge] progress file=/data/WorkSpace/ldbc-sf100/social_network/dynamic/comment_hasTag_tag_0_0.csv rows=4000000 directed_edges=8000000 elapsed_s=7.7
[snb-full][edge] progress file=/data/WorkSpace/ldbc-sf100/social_network/dynamic/comment_hasTag_tag_0_0.csv rows=5000000 directed_edges=10000000 elapsed_s=10.5
[snb-full][edge] progress file=/data/WorkSpace/ldbc-sf100/social_network/dynamic/comment_hasTag_tag_0_0.csv rows=6000000 directed_edges=12000000 elapsed_s=12.8
[snb-full][edge] progress file=/data/WorkSpace/ldbc-sf100/social_network/dynamic/comment_hasTag_tag_0_0.csv rows=7000000 directed_edges=14000000 elapsed_s=15.3
[snb-full][edge] progress file=/data/WorkSpace/ldbc-sf100/social_network/dynamic/comment_hasTag_tag_0_0.csv rows=8000000 directed_edges=16000000 elapsed_s=17.3
[snb-full][edge] progress file=/data/WorkSpace/ldbc-sf100/social_network/dynamic/comment_hasTag_tag_0_0.csv rows=9000000 directed_edges=18000000 elapsed_s=19.7
[snb-full][edge] progress file=/data/WorkSpace/ldbc-sf100/social_network/dynamic/comment_hasTag_tag_0_0.csv rows=10000000 directed_edges=20000000 elapsed_s=21.7
[snb-full][edge] progress file=/data/WorkSpace/ldbc-sf100/social_network/dynamic/comment_hasTag_tag_0_0.csv rows=11000000 directed_edges=22000000 elapsed_s=23.9
[snb-full][edge] progress file=/data/WorkSpace/ldbc-sf100/social_network/dynamic/comment_hasTag_tag_0_0.csv rows=12000000 directed_edges=24000000 elapsed_s=26.2
[snb-full][edge] progress file=/data/WorkSpace/ldbc-sf100/social_network/dynamic/comment_hasTag_tag_0_0.csv rows=13000000 directed_edges=26000000 elapsed_s=28.5
[snb-full][edge] progress file=/data/WorkSpace/ldbc-sf100/social_network/dynamic/comment_hasTag_tag_0_0.csv rows=14000000 directed_edges=28000000 elapsed_s=30.8
[snb-full][edge] progress file=/data/WorkSpace/ldbc-sf100/social_network/dynamic/comment_hasTag_tag_0_0.csv rows=15000000 directed_edges=30000000 elapsed_s=33.2
[snb-full][edge] progress file=/data/WorkSpace/ldbc-sf100/social_network/dynamic/comment_hasTag_tag_0_0.csv rows=16000000 directed_edges=32000000 elapsed_s=35.3
[snb-full][edge] progress file=/data/WorkSpace/ldbc-sf100/social_network/dynamic/comment_hasTag_tag_0_0.csv rows=17000000 directed_edges=34000000 elapsed_s=37.4
[snb-full][edge] progress file=/data/WorkSpace/ldbc-sf100/social_network/dynamic/comment_hasTag_tag_0_0.csv rows=18000000 directed_edges=36000000 elapsed_s=39.4
[snb-full][edge] progress file=/data/WorkSpace/ldbc-sf100/social_network/dynamic/comment_hasTag_tag_0_0.csv rows=19000000 directed_edges=38000000 elapsed_s=41.4
[snb-full][edge] progress file=/data/WorkSpace/ldbc-sf100/social_network/dynamic/comment_hasTag_tag_0_0.csv rows=20000000 directed_edges=40000000 elapsed_s=43.0
[snb-full][edge] progress file=/data/WorkSpace/ldbc-sf100/social_network/dynamic/comment_hasTag_tag_0_0.csv rows=21000000 directed_edges=42000000 elapsed_s=45.4
[snb-full][edge] progress file=/data/WorkSpace/ldbc-sf100/social_network/dynamic/comment_hasTag_tag_0_0.csv rows=22000000 directed_edges=44000000 elapsed_s=47.0
[snb-full][edge] progress file=/data/WorkSpace/ldbc-sf100/social_network/dynamic/comment_hasTag_tag_0_0.csv rows=23000000 directed_edges=46000000 elapsed_s=49.2
[snb-full][edge] progress file=/data/WorkSpace/ldbc-sf100/social_network/dynamic/comment_hasTag_tag_0_0.csv rows=24000000 directed_edges=48000000 elapsed_s=51.2
[snb-full][edge] progress file=/data/WorkSpace/ldbc-sf100/social_network/dynamic/comment_hasTag_tag_0_0.csv rows=25000000 directed_edges=50000000 elapsed_s=53.1
[snb-full][edge] progress file=/data/WorkSpace/ldbc-sf100/social_network/dynamic/comment_hasTag_tag_0_0.csv rows=26000000 directed_edges=52000000 elapsed_s=55.1
[snb-full][edge] progress file=/data/WorkSpace/ldbc-sf100/social_network/dynamic/comment_hasTag_tag_0_0.csv rows=27000000 directed_edges=54000000 elapsed_s=57.1
[snb-full][edge] progress file=/data/WorkSpace/ldbc-sf100/social_network/dynamic/comment_hasTag_tag_0_0.csv rows=28000000 directed_edges=56000000 elapsed_s=59.2
[snb-full][edge] progress file=/data/WorkSpace/ldbc-sf100/social_network/dynamic/comment_hasTag_tag_0_0.csv rows=29000000 directed_edges=58000000 elapsed_s=61.3
[snb-full][edge] progress file=/data/WorkSpace/ldbc-sf100/social_network/dynamic/comment_hasTag_tag_0_0.csv rows=30000000 directed_edges=60000000 elapsed_s=63.0
[snb-full][edge] progress file=/data/WorkSpace/ldbc-sf100/social_network/dynamic/comment_hasTag_tag_0_0.csv rows=31000000 directed_edges=62000000 elapsed_s=64.6
[snb-full][edge] progress file=/data/WorkSpace/ldbc-sf100/social_network/dynamic/comment_hasTag_tag_0_0.csv rows=32000000 directed_edges=64000000 elapsed_s=67.6
[snb-full][edge] progress file=/data/WorkSpace/ldbc-sf100/social_network/dynamic/comment_hasTag_tag_0_0.csv rows=33000000 directed_edges=66000000 elapsed_s=69.6
[snb-full][edge] progress file=/data/WorkSpace/ldbc-sf100/social_network/dynamic/comment_hasTag_tag_0_0.csv rows=34000000 directed_edges=68000000 elapsed_s=71.7
[snb-full][edge] progress file=/data/WorkSpace/ldbc-sf100/social_network/dynamic/comment_hasTag_tag_0_0.csv rows=35000000 directed_edges=70000000 elapsed_s=74.2
[snb-full][edge] progress file=/data/WorkSpace/ldbc-sf100/social_network/dynamic/comment_hasTag_tag_0_0.csv rows=36000000 directed_edges=72000000 elapsed_s=76.9
[snb-full][edge] progress file=/data/WorkSpace/ldbc-sf100/social_network/dynamic/comment_hasTag_tag_0_0.csv rows=37000000 directed_edges=74000000 elapsed_s=79.2
[snb-full][edge] progress file=/data/WorkSpace/ldbc-sf100/social_network/dynamic/comment_hasTag_tag_0_0.csv rows=38000000 directed_edges=76000000 elapsed_s=81.8
[snb-full][edge] progress file=/data/WorkSpace/ldbc-sf100/social_network/dynamic/comment_hasTag_tag_0_0.csv rows=39000000 directed_edges=78000000 elapsed_s=84.2
[snb-full][edge] progress file=/data/WorkSpace/ldbc-sf100/social_network/dynamic/comment_hasTag_tag_0_0.csv rows=40000000 directed_edges=80000000 elapsed_s=86.8
[snb-full][edge] progress file=/data/WorkSpace/ldbc-sf100/social_network/dynamic/comment_hasTag_tag_0_0.csv rows=41000000 directed_edges=82000000 elapsed_s=89.2
[snb-full][edge] progress file=/data/WorkSpace/ldbc-sf100/social_network/dynamic/comment_hasTag_tag_0_0.csv rows=42000000 directed_edges=84000000 elapsed_s=91.4
[snb-full][edge] progress file=/data/WorkSpace/ldbc-sf100/social_network/dynamic/comment_hasTag_tag_0_0.csv rows=43000000 directed_edges=86000000 elapsed_s=93.3
[snb-full][edge] progress file=/data/WorkSpace/ldbc-sf100/social_network/dynamic/comment_hasTag_tag_0_0.csv rows=44000000 directed_edges=88000000 elapsed_s=95.1
[snb-full][edge] progress file=/data/WorkSpace/ldbc-sf100/social_network/dynamic/comment_hasTag_tag_0_0.csv rows=45000000 directed_edges=90000000 elapsed_s=97.0
[snb-full][edge] progress file=/data/WorkSpace/ldbc-sf100/social_network/dynamic/comment_hasTag_tag_0_0.csv rows=46000000 directed_edges=92000000 elapsed_s=98.8
[snb-full][edge] progress file=/data/WorkSpace/ldbc-sf100/social_network/dynamic/comment_hasTag_tag_0_0.csv rows=47000000 directed_edges=94000000 elapsed_s=100.5
[snb-full][edge] progress file=/data/WorkSpace/ldbc-sf100/social_network/dynamic/comment_hasTag_tag_0_0.csv rows=48000000 directed_edges=96000000 elapsed_s=102.4
[snb-full][edge] progress file=/data/WorkSpace/ldbc-sf100/social_network/dynamic/comment_hasTag_tag_0_0.csv rows=49000000 directed_edges=98000000 elapsed_s=104.4
[snb-full][edge] progress file=/data/WorkSpace/ldbc-sf100/social_network/dynamic/comment_hasTag_tag_0_0.csv rows=50000000 directed_edges=100000000 elapsed_s=106.3
[snb-full][edge] progress file=/data/WorkSpace/ldbc-sf100/social_network/dynamic/comment_hasTag_tag_0_0.csv rows=51000000 directed_edges=102000000 elapsed_s=108.1
[snb-full][edge] progress file=/data/WorkSpace/ldbc-sf100/social_network/dynamic/comment_hasTag_tag_0_0.csv rows=52000000 directed_edges=104000000 elapsed_s=110.3
[snb-full][edge] progress file=/data/WorkSpace/ldbc-sf100/social_network/dynamic/comment_hasTag_tag_0_0.csv rows=53000000 directed_edges=106000000 elapsed_s=112.3
[snb-full][edge] progress file=/data/WorkSpace/ldbc-sf100/social_network/dynamic/comment_hasTag_tag_0_0.csv rows=54000000 directed_edges=108000000 elapsed_s=114.2
[snb-full][edge] progress file=/data/WorkSpace/ldbc-sf100/social_network/dynamic/comment_hasTag_tag_0_0.csv rows=55000000 directed_edges=110000000 elapsed_s=116.2
[snb-full][edge] progress file=/data/WorkSpace/ldbc-sf100/social_network/dynamic/comment_hasTag_tag_0_0.csv rows=56000000 directed_edges=112000000 elapsed_s=118.2
[snb-full][edge] progress file=/data/WorkSpace/ldbc-sf100/social_network/dynamic/comment_hasTag_tag_0_0.csv rows=57000000 directed_edges=114000000 elapsed_s=120.1
[snb-full][edge] progress file=/data/WorkSpace/ldbc-sf100/social_network/dynamic/comment_hasTag_tag_0_0.csv rows=58000000 directed_edges=116000000 elapsed_s=122.0
[snb-full][edge] progress file=/data/WorkSpace/ldbc-sf100/social_network/dynamic/comment_hasTag_tag_0_0.csv rows=59000000 directed_edges=118000000 elapsed_s=123.9
[snb-full][edge] progress file=/data/WorkSpace/ldbc-sf100/social_network/dynamic/comment_hasTag_tag_0_0.csv rows=60000000 directed_edges=120000000 elapsed_s=125.8
[snb-full][edge] progress file=/data/WorkSpace/ldbc-sf100/social_network/dynamic/comment_hasTag_tag_0_0.csv rows=61000000 directed_edges=122000000 elapsed_s=127.9
[snb-full][edge] progress file=/data/WorkSpace/ldbc-sf100/social_network/dynamic/comment_hasTag_tag_0_0.csv rows=62000000 directed_edges=124000000 elapsed_s=129.8
[snb-full][edge] progress file=/data/WorkSpace/ldbc-sf100/social_network/dynamic/comment_hasTag_tag_0_0.csv rows=63000000 directed_edges=126000000 elapsed_s=131.9
[snb-full][edge] progress file=/data/WorkSpace/ldbc-sf100/social_network/dynamic/comment_hasTag_tag_0_0.csv rows=64000000 directed_edges=128000000 elapsed_s=133.6
[snb-full][edge] progress file=/data/WorkSpace/ldbc-sf100/social_network/dynamic/comment_hasTag_tag_0_0.csv rows=65000000 directed_edges=130000000 elapsed_s=135.7
[snb-full][edge] progress file=/data/WorkSpace/ldbc-sf100/social_network/dynamic/comment_hasTag_tag_0_0.csv rows=66000000 directed_edges=132000000 elapsed_s=137.5
[snb-full][edge] progress file=/data/WorkSpace/ldbc-sf100/social_network/dynamic/comment_hasTag_tag_0_0.csv rows=67000000 directed_edges=134000000 elapsed_s=139.5
[snb-full][edge] progress file=/data/WorkSpace/ldbc-sf100/social_network/dynamic/comment_hasTag_tag_0_0.csv rows=68000000 directed_edges=136000000 elapsed_s=141.4
[snb-full][edge] progress file=/data/WorkSpace/ldbc-sf100/social_network/dynamic/comment_hasTag_tag_0_0.csv rows=69000000 directed_edges=138000000 elapsed_s=143.4
[snb-full][edge] progress file=/data/WorkSpace/ldbc-sf100/social_network/dynamic/comment_hasTag_tag_0_0.csv rows=70000000 directed_edges=140000000 elapsed_s=145.3
[snb-full][edge] progress file=/data/WorkSpace/ldbc-sf100/social_network/dynamic/comment_hasTag_tag_0_0.csv rows=71000000 directed_edges=142000000 elapsed_s=147.3
[snb-full][edge] progress file=/data/WorkSpace/ldbc-sf100/social_network/dynamic/comment_hasTag_tag_0_0.csv rows=72000000 directed_edges=144000000 elapsed_s=149.3
[snb-full][edge] progress file=/data/WorkSpace/ldbc-sf100/social_network/dynamic/comment_hasTag_tag_0_0.csv rows=73000000 directed_edges=146000000 elapsed_s=151.5
[snb-full][edge] progress file=/data/WorkSpace/ldbc-sf100/social_network/dynamic/comment_hasTag_tag_0_0.csv rows=74000000 directed_edges=148000000 elapsed_s=153.4
[snb-full][edge] progress file=/data/WorkSpace/ldbc-sf100/social_network/dynamic/comment_hasTag_tag_0_0.csv rows=75000000 directed_edges=150000000 elapsed_s=155.7
[snb-full][edge] progress file=/data/WorkSpace/ldbc-sf100/social_network/dynamic/comment_hasTag_tag_0_0.csv rows=76000000 directed_edges=152000000 elapsed_s=157.6
[snb-full][edge] progress file=/data/WorkSpace/ldbc-sf100/social_network/dynamic/comment_hasTag_tag_0_0.csv rows=77000000 directed_edges=154000000 elapsed_s=159.6
[snb-full][edge] progress file=/data/WorkSpace/ldbc-sf100/social_network/dynamic/comment_hasTag_tag_0_0.csv rows=78000000 directed_edges=156000000 elapsed_s=161.5
[snb-full][edge] progress file=/data/WorkSpace/ldbc-sf100/social_network/dynamic/comment_hasTag_tag_0_0.csv rows=79000000 directed_edges=158000000 elapsed_s=163.5
[snb-full][edge] progress file=/data/WorkSpace/ldbc-sf100/social_network/dynamic/comment_hasTag_tag_0_0.csv rows=80000000 directed_edges=160000000 elapsed_s=165.5
[snb-full][edge] progress file=/data/WorkSpace/ldbc-sf100/social_network/dynamic/comment_hasTag_tag_0_0.csv rows=81000000 directed_edges=162000000 elapsed_s=167.5
[snb-full][edge] progress file=/data/WorkSpace/ldbc-sf100/social_network/dynamic/comment_hasTag_tag_0_0.csv rows=82000000 directed_edges=164000000 elapsed_s=169.5
[snb-full][edge] progress file=/data/WorkSpace/ldbc-sf100/social_network/dynamic/comment_hasTag_tag_0_0.csv rows=83000000 directed_edges=166000000 elapsed_s=171.6
[snb-full][edge] progress file=/data/WorkSpace/ldbc-sf100/social_network/dynamic/comment_hasTag_tag_0_0.csv rows=84000000 directed_edges=168000000 elapsed_s=173.6
[snb-full][edge] progress file=/data/WorkSpace/ldbc-sf100/social_network/dynamic/comment_hasTag_tag_0_0.csv rows=85000000 directed_edges=170000000 elapsed_s=175.4
[snb-full][edge] progress file=/data/WorkSpace/ldbc-sf100/social_network/dynamic/comment_hasTag_tag_0_0.csv rows=86000000 directed_edges=172000000 elapsed_s=177.3
[snb-full][edge] progress file=/data/WorkSpace/ldbc-sf100/social_network/dynamic/comment_hasTag_tag_0_0.csv rows=87000000 directed_edges=174000000 elapsed_s=179.1
[snb-full][edge] progress file=/data/WorkSpace/ldbc-sf100/social_network/dynamic/comment_hasTag_tag_0_0.csv rows=88000000 directed_edges=176000000 elapsed_s=181.1
[snb-full][edge] progress file=/data/WorkSpace/ldbc-sf100/social_network/dynamic/comment_hasTag_tag_0_0.csv rows=89000000 directed_edges=178000000 elapsed_s=183.0
[snb-full][edge] progress file=/data/WorkSpace/ldbc-sf100/social_network/dynamic/comment_hasTag_tag_0_0.csv rows=90000000 directed_edges=180000000 elapsed_s=184.9
[snb-full][edge] progress file=/data/WorkSpace/ldbc-sf100/social_network/dynamic/comment_hasTag_tag_0_0.csv rows=91000000 directed_edges=182000000 elapsed_s=186.8
[snb-full][edge] progress file=/data/WorkSpace/ldbc-sf100/social_network/dynamic/comment_hasTag_tag_0_0.csv rows=92000000 directed_edges=184000000 elapsed_s=189.0
[snb-full][edge] progress file=/data/WorkSpace/ldbc-sf100/social_network/dynamic/comment_hasTag_tag_0_0.csv rows=93000000 directed_edges=186000000 elapsed_s=190.9
[snb-full][edge] progress file=/data/WorkSpace/ldbc-sf100/social_network/dynamic/comment_hasTag_tag_0_0.csv rows=94000000 directed_edges=188000000 elapsed_s=192.9
[snb-full][edge] progress file=/data/WorkSpace/ldbc-sf100/social_network/dynamic/comment_hasTag_tag_0_0.csv rows=95000000 directed_edges=190000000 elapsed_s=194.8
[snb-full][edge] progress file=/data/WorkSpace/ldbc-sf100/social_network/dynamic/comment_hasTag_tag_0_0.csv rows=96000000 directed_edges=192000000 elapsed_s=196.7
[snb-full][edge] progress file=/data/WorkSpace/ldbc-sf100/social_network/dynamic/comment_hasTag_tag_0_0.csv rows=97000000 directed_edges=194000000 elapsed_s=198.8
[snb-full][edge] progress file=/data/WorkSpace/ldbc-sf100/social_network/dynamic/comment_hasTag_tag_0_0.csv rows=98000000 directed_edges=196000000 elapsed_s=200.8
[snb-full][edge] progress file=/data/WorkSpace/ldbc-sf100/social_network/dynamic/comment_hasTag_tag_0_0.csv rows=99000000 directed_edges=198000000 elapsed_s=202.7
[snb-full][edge] progress file=/data/WorkSpace/ldbc-sf100/social_network/dynamic/comment_hasTag_tag_0_0.csv rows=100000000 directed_edges=200000000 elapsed_s=204.7
[snb-full][edge] progress file=/data/WorkSpace/ldbc-sf100/social_network/dynamic/comment_hasTag_tag_0_0.csv rows=101000000 directed_edges=202000000 elapsed_s=206.8
[snb-full][edge] progress file=/data/WorkSpace/ldbc-sf100/social_network/dynamic/comment_hasTag_tag_0_0.csv rows=102000000 directed_edges=204000000 elapsed_s=208.8
[snb-full][edge] progress file=/data/WorkSpace/ldbc-sf100/social_network/dynamic/comment_hasTag_tag_0_0.csv rows=103000000 directed_edges=206000000 elapsed_s=211.0
[snb-full][edge] progress file=/data/WorkSpace/ldbc-sf100/social_network/dynamic/comment_hasTag_tag_0_0.csv rows=104000000 directed_edges=208000000 elapsed_s=213.1
[snb-full][edge] progress file=/data/WorkSpace/ldbc-sf100/social_network/dynamic/comment_hasTag_tag_0_0.csv rows=105000000 directed_edges=210000000 elapsed_s=215.0
[snb-full][edge] progress file=/data/WorkSpace/ldbc-sf100/social_network/dynamic/comment_hasTag_tag_0_0.csv rows=106000000 directed_edges=212000000 elapsed_s=216.8
[snb-full][edge] progress file=/data/WorkSpace/ldbc-sf100/social_network/dynamic/comment_hasTag_tag_0_0.csv rows=107000000 directed_edges=214000000 elapsed_s=219.0
[snb-full][edge] progress file=/data/WorkSpace/ldbc-sf100/social_network/dynamic/comment_hasTag_tag_0_0.csv rows=108000000 directed_edges=216000000 elapsed_s=220.9
[snb-full][edge] progress file=/data/WorkSpace/ldbc-sf100/social_network/dynamic/comment_hasTag_tag_0_0.csv rows=109000000 directed_edges=218000000 elapsed_s=222.9
[snb-full][edge] progress file=/data/WorkSpace/ldbc-sf100/social_network/dynamic/comment_hasTag_tag_0_0.csv rows=110000000 directed_edges=220000000 elapsed_s=224.6
[snb-full][edge] progress file=/data/WorkSpace/ldbc-sf100/social_network/dynamic/comment_hasTag_tag_0_0.csv rows=111000000 directed_edges=222000000 elapsed_s=226.8
[snb-full][edge] progress file=/data/WorkSpace/ldbc-sf100/social_network/dynamic/comment_hasTag_tag_0_0.csv rows=112000000 directed_edges=224000000 elapsed_s=228.6
[snb-full][edge] progress file=/data/WorkSpace/ldbc-sf100/social_network/dynamic/comment_hasTag_tag_0_0.csv rows=113000000 directed_edges=226000000 elapsed_s=230.6
[snb-full][edge] progress file=/data/WorkSpace/ldbc-sf100/social_network/dynamic/comment_hasTag_tag_0_0.csv rows=114000000 directed_edges=228000000 elapsed_s=232.6
[snb-full][edge] progress file=/data/WorkSpace/ldbc-sf100/social_network/dynamic/comment_hasTag_tag_0_0.csv rows=115000000 directed_edges=230000000 elapsed_s=234.6
[snb-full][edge] progress file=/data/WorkSpace/ldbc-sf100/social_network/dynamic/comment_hasTag_tag_0_0.csv rows=116000000 directed_edges=232000000 elapsed_s=236.5
[snb-full][edge] progress file=/data/WorkSpace/ldbc-sf100/social_network/dynamic/comment_hasTag_tag_0_0.csv rows=117000000 directed_edges=234000000 elapsed_s=238.4
[snb-full][edge] progress file=/data/WorkSpace/ldbc-sf100/social_network/dynamic/comment_hasTag_tag_0_0.csv rows=118000000 directed_edges=236000000 elapsed_s=240.7
[snb-full][edge] progress file=/data/WorkSpace/ldbc-sf100/social_network/dynamic/comment_hasTag_tag_0_0.csv rows=119000000 directed_edges=238000000 elapsed_s=242.8
[snb-full][edge] progress file=/data/WorkSpace/ldbc-sf100/social_network/dynamic/comment_hasTag_tag_0_0.csv rows=120000000 directed_edges=240000000 elapsed_s=244.8
[snb-full][edge] progress file=/data/WorkSpace/ldbc-sf100/social_network/dynamic/comment_hasTag_tag_0_0.csv rows=121000000 directed_edges=242000000 elapsed_s=247.0
[snb-full][edge] progress file=/data/WorkSpace/ldbc-sf100/social_network/dynamic/comment_hasTag_tag_0_0.csv rows=122000000 directed_edges=244000000 elapsed_s=248.9
[snb-full][edge] progress file=/data/WorkSpace/ldbc-sf100/social_network/dynamic/comment_hasTag_tag_0_0.csv rows=123000000 directed_edges=246000000 elapsed_s=251.1
[snb-full][edge] progress file=/data/WorkSpace/ldbc-sf100/social_network/dynamic/comment_hasTag_tag_0_0.csv rows=124000000 directed_edges=248000000 elapsed_s=253.1
[snb-full][edge] progress file=/data/WorkSpace/ldbc-sf100/social_network/dynamic/comment_hasTag_tag_0_0.csv rows=125000000 directed_edges=250000000 elapsed_s=254.7
[snb-full][edge] progress file=/data/WorkSpace/ldbc-sf100/social_network/dynamic/comment_hasTag_tag_0_0.csv rows=126000000 directed_edges=252000000 elapsed_s=256.9
[snb-full][edge] progress file=/data/WorkSpace/ldbc-sf100/social_network/dynamic/comment_hasTag_tag_0_0.csv rows=127000000 directed_edges=254000000 elapsed_s=258.9
[snb-full][edge] progress file=/data/WorkSpace/ldbc-sf100/social_network/dynamic/comment_hasTag_tag_0_0.csv rows=128000000 directed_edges=256000000 elapsed_s=260.5
[snb-full][edge] progress file=/data/WorkSpace/ldbc-sf100/social_network/dynamic/comment_hasTag_tag_0_0.csv rows=129000000 directed_edges=258000000 elapsed_s=262.8
[snb-full][edge] progress file=/data/WorkSpace/ldbc-sf100/social_network/dynamic/comment_hasTag_tag_0_0.csv rows=130000000 directed_edges=260000000 elapsed_s=264.6
[snb-full][edge] progress file=/data/WorkSpace/ldbc-sf100/social_network/dynamic/comment_hasTag_tag_0_0.csv rows=131000000 directed_edges=262000000 elapsed_s=266.5
[snb-full][edge] progress file=/data/WorkSpace/ldbc-sf100/social_network/dynamic/comment_hasTag_tag_0_0.csv rows=132000000 directed_edges=264000000 elapsed_s=268.5
[snb-full][edge] progress file=/data/WorkSpace/ldbc-sf100/social_network/dynamic/comment_hasTag_tag_0_0.csv rows=133000000 directed_edges=266000000 elapsed_s=270.8
[snb-full][edge] progress file=/data/WorkSpace/ldbc-sf100/social_network/dynamic/comment_hasTag_tag_0_0.csv rows=134000000 directed_edges=268000000 elapsed_s=272.9
[snb-full][edge] progress file=/data/WorkSpace/ldbc-sf100/social_network/dynamic/comment_hasTag_tag_0_0.csv rows=135000000 directed_edges=270000000 elapsed_s=274.8
[snb-full][edge] progress file=/data/WorkSpace/ldbc-sf100/social_network/dynamic/comment_hasTag_tag_0_0.csv rows=136000000 directed_edges=272000000 elapsed_s=277.1
[snb-full][edge] progress file=/data/WorkSpace/ldbc-sf100/social_network/dynamic/comment_hasTag_tag_0_0.csv rows=137000000 directed_edges=274000000 elapsed_s=278.9
[snb-full][edge] progress file=/data/WorkSpace/ldbc-sf100/social_network/dynamic/comment_hasTag_tag_0_0.csv rows=138000000 directed_edges=276000000 elapsed_s=280.9
[snb-full][edge] progress file=/data/WorkSpace/ldbc-sf100/social_network/dynamic/comment_hasTag_tag_0_0.csv rows=139000000 directed_edges=278000000 elapsed_s=282.9
[snb-full][edge] progress file=/data/WorkSpace/ldbc-sf100/social_network/dynamic/comment_hasTag_tag_0_0.csv rows=140000000 directed_edges=280000000 elapsed_s=284.9
[snb-full][edge] progress file=/data/WorkSpace/ldbc-sf100/social_network/dynamic/comment_hasTag_tag_0_0.csv rows=141000000 directed_edges=282000000 elapsed_s=287.0
[snb-full][edge] progress file=/data/WorkSpace/ldbc-sf100/social_network/dynamic/comment_hasTag_tag_0_0.csv rows=142000000 directed_edges=284000000 elapsed_s=289.0
[snb-full][edge] progress file=/data/WorkSpace/ldbc-sf100/social_network/dynamic/comment_hasTag_tag_0_0.csv rows=143000000 directed_edges=286000000 elapsed_s=291.0
[snb-full][edge] progress file=/data/WorkSpace/ldbc-sf100/social_network/dynamic/comment_hasTag_tag_0_0.csv rows=144000000 directed_edges=288000000 elapsed_s=293.0
[snb-full][edge] progress file=/data/WorkSpace/ldbc-sf100/social_network/dynamic/comment_hasTag_tag_0_0.csv rows=145000000 directed_edges=290000000 elapsed_s=295.0
[snb-full][edge] progress file=/data/WorkSpace/ldbc-sf100/social_network/dynamic/comment_hasTag_tag_0_0.csv rows=146000000 directed_edges=292000000 elapsed_s=297.0
[snb-full][edge] progress file=/data/WorkSpace/ldbc-sf100/social_network/dynamic/comment_hasTag_tag_0_0.csv rows=147000000 directed_edges=294000000 elapsed_s=298.6
[snb-full][edge] progress file=/data/WorkSpace/ldbc-sf100/social_network/dynamic/comment_hasTag_tag_0_0.csv rows=148000000 directed_edges=296000000 elapsed_s=300.2
[snb-full][edge] progress file=/data/WorkSpace/ldbc-sf100/social_network/dynamic/comment_hasTag_tag_0_0.csv rows=149000000 directed_edges=298000000 elapsed_s=301.8
[snb-full][edge] progress file=/data/WorkSpace/ldbc-sf100/social_network/dynamic/comment_hasTag_tag_0_0.csv rows=150000000 directed_edges=300000000 elapsed_s=303.6
[snb-full][edge] progress file=/data/WorkSpace/ldbc-sf100/social_network/dynamic/comment_hasTag_tag_0_0.csv rows=151000000 directed_edges=302000000 elapsed_s=305.4
[snb-full][edge] progress file=/data/WorkSpace/ldbc-sf100/social_network/dynamic/comment_hasTag_tag_0_0.csv rows=152000000 directed_edges=304000000 elapsed_s=309.4
[snb-full][edge] progress file=/data/WorkSpace/ldbc-sf100/social_network/dynamic/comment_hasTag_tag_0_0.csv rows=153000000 directed_edges=306000000 elapsed_s=311.6
[snb-full][edge] progress file=/data/WorkSpace/ldbc-sf100/social_network/dynamic/comment_hasTag_tag_0_0.csv rows=154000000 directed_edges=308000000 elapsed_s=313.1
[snb-full][edge] progress file=/data/WorkSpace/ldbc-sf100/social_network/dynamic/comment_hasTag_tag_0_0.csv rows=155000000 directed_edges=310000000 elapsed_s=316.0
[snb-full][edge] progress file=/data/WorkSpace/ldbc-sf100/social_network/dynamic/comment_hasTag_tag_0_0.csv rows=156000000 directed_edges=312000000 elapsed_s=319.3
[snb-full][edge] progress file=/data/WorkSpace/ldbc-sf100/social_network/dynamic/comment_hasTag_tag_0_0.csv rows=157000000 directed_edges=314000000 elapsed_s=321.0
[snb-full][edge] progress file=/data/WorkSpace/ldbc-sf100/social_network/dynamic/comment_hasTag_tag_0_0.csv rows=158000000 directed_edges=316000000 elapsed_s=323.9
[snb-full][edge] progress file=/data/WorkSpace/ldbc-sf100/social_network/dynamic/comment_hasTag_tag_0_0.csv rows=159000000 directed_edges=318000000 elapsed_s=325.8
[snb-full][edge] progress file=/data/WorkSpace/ldbc-sf100/social_network/dynamic/comment_hasTag_tag_0_0.csv rows=160000000 directed_edges=320000000 elapsed_s=328.0
[snb-full][edge] progress file=/data/WorkSpace/ldbc-sf100/social_network/dynamic/comment_hasTag_tag_0_0.csv rows=161000000 directed_edges=322000000 elapsed_s=330.3
[snb-full][edge] progress file=/data/WorkSpace/ldbc-sf100/social_network/dynamic/comment_hasTag_tag_0_0.csv rows=162000000 directed_edges=324000000 elapsed_s=332.7
[snb-full][edge] progress file=/data/WorkSpace/ldbc-sf100/social_network/dynamic/comment_hasTag_tag_0_0.csv rows=163000000 directed_edges=326000000 elapsed_s=334.9
[snb-full][edge] progress file=/data/WorkSpace/ldbc-sf100/social_network/dynamic/comment_hasTag_tag_0_0.csv rows=164000000 directed_edges=328000000 elapsed_s=337.2
[snb-full][edge] progress file=/data/WorkSpace/ldbc-sf100/social_network/dynamic/comment_hasTag_tag_0_0.csv rows=165000000 directed_edges=330000000 elapsed_s=339.3
[snb-full][edge] progress file=/data/WorkSpace/ldbc-sf100/social_network/dynamic/comment_hasTag_tag_0_0.csv rows=166000000 directed_edges=332000000 elapsed_s=341.4
[snb-full][edge] progress file=/data/WorkSpace/ldbc-sf100/social_network/dynamic/comment_hasTag_tag_0_0.csv rows=167000000 directed_edges=334000000 elapsed_s=343.5
[snb-full][edge] progress file=/data/WorkSpace/ldbc-sf100/social_network/dynamic/comment_hasTag_tag_0_0.csv rows=168000000 directed_edges=336000000 elapsed_s=345.5
[snb-full][edge] progress file=/data/WorkSpace/ldbc-sf100/social_network/dynamic/comment_hasTag_tag_0_0.csv rows=169000000 directed_edges=338000000 elapsed_s=347.5
[snb-full][edge] progress file=/data/WorkSpace/ldbc-sf100/social_network/dynamic/comment_hasTag_tag_0_0.csv rows=170000000 directed_edges=340000000 elapsed_s=349.6
[snb-full][edge] progress file=/data/WorkSpace/ldbc-sf100/social_network/dynamic/comment_hasTag_tag_0_0.csv rows=171000000 directed_edges=342000000 elapsed_s=351.7
[snb-full][edge] progress file=/data/WorkSpace/ldbc-sf100/social_network/dynamic/comment_hasTag_tag_0_0.csv rows=172000000 directed_edges=344000000 elapsed_s=353.7
[snb-full][edge] progress file=/data/WorkSpace/ldbc-sf100/social_network/dynamic/comment_hasTag_tag_0_0.csv rows=173000000 directed_edges=346000000 elapsed_s=355.8
[snb-full][edge] progress file=/data/WorkSpace/ldbc-sf100/social_network/dynamic/comment_hasTag_tag_0_0.csv rows=174000000 directed_edges=348000000 elapsed_s=357.8
[snb-full][edge] progress file=/data/WorkSpace/ldbc-sf100/social_network/dynamic/comment_hasTag_tag_0_0.csv rows=175000000 directed_edges=350000000 elapsed_s=359.8
[snb-full][edge] progress file=/data/WorkSpace/ldbc-sf100/social_network/dynamic/comment_hasTag_tag_0_0.csv rows=176000000 directed_edges=352000000 elapsed_s=361.6
[snb-full][edge] progress file=/data/WorkSpace/ldbc-sf100/social_network/dynamic/comment_hasTag_tag_0_0.csv rows=177000000 directed_edges=354000000 elapsed_s=363.7
[snb-full][edge] progress file=/data/WorkSpace/ldbc-sf100/social_network/dynamic/comment_hasTag_tag_0_0.csv rows=178000000 directed_edges=356000000 elapsed_s=365.7
[snb-full][edge] progress file=/data/WorkSpace/ldbc-sf100/social_network/dynamic/comment_hasTag_tag_0_0.csv rows=179000000 directed_edges=358000000 elapsed_s=367.7
[snb-full][edge] progress file=/data/WorkSpace/ldbc-sf100/social_network/dynamic/comment_hasTag_tag_0_0.csv rows=180000000 directed_edges=360000000 elapsed_s=369.7
[snb-full][edge] progress file=/data/WorkSpace/ldbc-sf100/social_network/dynamic/comment_hasTag_tag_0_0.csv rows=181000000 directed_edges=362000000 elapsed_s=371.6
[snb-full][edge] progress file=/data/WorkSpace/ldbc-sf100/social_network/dynamic/comment_hasTag_tag_0_0.csv rows=182000000 directed_edges=364000000 elapsed_s=373.6
[snb-full][edge] progress file=/data/WorkSpace/ldbc-sf100/social_network/dynamic/comment_hasTag_tag_0_0.csv rows=183000000 directed_edges=366000000 elapsed_s=375.5
[snb-full][edge] progress file=/data/WorkSpace/ldbc-sf100/social_network/dynamic/comment_hasTag_tag_0_0.csv rows=184000000 directed_edges=368000000 elapsed_s=377.4
[snb-full][edge] progress file=/data/WorkSpace/ldbc-sf100/social_network/dynamic/comment_hasTag_tag_0_0.csv rows=185000000 directed_edges=370000000 elapsed_s=379.4
[snb-full][edge] progress file=/data/WorkSpace/ldbc-sf100/social_network/dynamic/comment_hasTag_tag_0_0.csv rows=186000000 directed_edges=372000000 elapsed_s=381.3
[snb-full][edge] progress file=/data/WorkSpace/ldbc-sf100/social_network/dynamic/comment_hasTag_tag_0_0.csv rows=187000000 directed_edges=374000000 elapsed_s=383.3
[snb-full][edge] progress file=/data/WorkSpace/ldbc-sf100/social_network/dynamic/comment_hasTag_tag_0_0.csv rows=188000000 directed_edges=376000000 elapsed_s=385.4
[snb-full][edge] progress file=/data/WorkSpace/ldbc-sf100/social_network/dynamic/comment_hasTag_tag_0_0.csv rows=189000000 directed_edges=378000000 elapsed_s=387.4
[snb-full][edge] progress file=/data/WorkSpace/ldbc-sf100/social_network/dynamic/comment_hasTag_tag_0_0.csv rows=190000000 directed_edges=380000000 elapsed_s=389.3
[snb-full][edge] progress file=/data/WorkSpace/ldbc-sf100/social_network/dynamic/comment_hasTag_tag_0_0.csv rows=191000000 directed_edges=382000000 elapsed_s=391.3
[snb-full][edge] progress file=/data/WorkSpace/ldbc-sf100/social_network/dynamic/comment_hasTag_tag_0_0.csv rows=192000000 directed_edges=384000000 elapsed_s=393.2
[snb-full][edge] progress file=/data/WorkSpace/ldbc-sf100/social_network/dynamic/comment_hasTag_tag_0_0.csv rows=193000000 directed_edges=386000000 elapsed_s=395.0
[snb-full][edge] progress file=/data/WorkSpace/ldbc-sf100/social_network/dynamic/comment_hasTag_tag_0_0.csv rows=194000000 directed_edges=388000000 elapsed_s=397.2
[snb-full][edge] progress file=/data/WorkSpace/ldbc-sf100/social_network/dynamic/comment_hasTag_tag_0_0.csv rows=195000000 directed_edges=390000000 elapsed_s=399.2
[snb-full][edge] progress file=/data/WorkSpace/ldbc-sf100/social_network/dynamic/comment_hasTag_tag_0_0.csv rows=196000000 directed_edges=392000000 elapsed_s=401.2
[snb-full][edge] progress file=/data/WorkSpace/ldbc-sf100/social_network/dynamic/comment_hasTag_tag_0_0.csv rows=197000000 directed_edges=394000000 elapsed_s=402.8
[snb-full][edge] progress file=/data/WorkSpace/ldbc-sf100/social_network/dynamic/comment_hasTag_tag_0_0.csv rows=198000000 directed_edges=396000000 elapsed_s=404.8
[snb-full][edge] progress file=/data/WorkSpace/ldbc-sf100/social_network/dynamic/comment_hasTag_tag_0_0.csv rows=199000000 directed_edges=398000000 elapsed_s=407.0
[snb-full][edge] progress file=/data/WorkSpace/ldbc-sf100/social_network/dynamic/comment_hasTag_tag_0_0.csv rows=200000000 directed_edges=400000000 elapsed_s=408.9
[snb-full][edge] progress file=/data/WorkSpace/ldbc-sf100/social_network/dynamic/comment_hasTag_tag_0_0.csv rows=201000000 directed_edges=402000000 elapsed_s=411.0
[snb-full][edge] progress file=/data/WorkSpace/ldbc-sf100/social_network/dynamic/comment_hasTag_tag_0_0.csv rows=202000000 directed_edges=404000000 elapsed_s=413.1
[snb-full][edge] progress file=/data/WorkSpace/ldbc-sf100/social_network/dynamic/comment_hasTag_tag_0_0.csv rows=203000000 directed_edges=406000000 elapsed_s=415.2
[snb-full][edge] progress file=/data/WorkSpace/ldbc-sf100/social_network/dynamic/comment_hasTag_tag_0_0.csv rows=204000000 directed_edges=408000000 elapsed_s=417.1
[snb-full][edge] progress file=/data/WorkSpace/ldbc-sf100/social_network/dynamic/comment_hasTag_tag_0_0.csv rows=205000000 directed_edges=410000000 elapsed_s=419.1
[snb-full][edge] progress file=/data/WorkSpace/ldbc-sf100/social_network/dynamic/comment_hasTag_tag_0_0.csv rows=206000000 directed_edges=412000000 elapsed_s=421.0
[snb-full][edge] progress file=/data/WorkSpace/ldbc-sf100/social_network/dynamic/comment_hasTag_tag_0_0.csv rows=207000000 directed_edges=414000000 elapsed_s=423.0
[snb-full][edge] progress file=/data/WorkSpace/ldbc-sf100/social_network/dynamic/comment_hasTag_tag_0_0.csv rows=208000000 directed_edges=416000000 elapsed_s=424.9
[snb-full][edge] progress file=/data/WorkSpace/ldbc-sf100/social_network/dynamic/comment_hasTag_tag_0_0.csv rows=209000000 directed_edges=418000000 elapsed_s=426.8
[snb-full][edge] progress file=/data/WorkSpace/ldbc-sf100/social_network/dynamic/comment_hasTag_tag_0_0.csv rows=210000000 directed_edges=420000000 elapsed_s=428.7
[snb-full][edge] progress file=/data/WorkSpace/ldbc-sf100/social_network/dynamic/comment_hasTag_tag_0_0.csv rows=211000000 directed_edges=422000000 elapsed_s=430.7
[snb-full][edge] progress file=/data/WorkSpace/ldbc-sf100/social_network/dynamic/comment_hasTag_tag_0_0.csv rows=212000000 directed_edges=424000000 elapsed_s=432.6
[snb-full][edge] progress file=/data/WorkSpace/ldbc-sf100/social_network/dynamic/comment_hasTag_tag_0_0.csv rows=213000000 directed_edges=426000000 elapsed_s=434.7
[snb-full][edge] progress file=/data/WorkSpace/ldbc-sf100/social_network/dynamic/comment_hasTag_tag_0_0.csv rows=214000000 directed_edges=428000000 elapsed_s=436.6
[snb-full][edge] progress file=/data/WorkSpace/ldbc-sf100/social_network/dynamic/comment_hasTag_tag_0_0.csv rows=215000000 directed_edges=430000000 elapsed_s=438.6
[snb-full][edge] progress file=/data/WorkSpace/ldbc-sf100/social_network/dynamic/comment_hasTag_tag_0_0.csv rows=216000000 directed_edges=432000000 elapsed_s=440.6
[snb-full][edge] progress file=/data/WorkSpace/ldbc-sf100/social_network/dynamic/comment_hasTag_tag_0_0.csv rows=217000000 directed_edges=434000000 elapsed_s=442.2
[snb-full][edge] progress file=/data/WorkSpace/ldbc-sf100/social_network/dynamic/comment_hasTag_tag_0_0.csv rows=218000000 directed_edges=436000000 elapsed_s=444.2
[snb-full][edge] progress file=/data/WorkSpace/ldbc-sf100/social_network/dynamic/comment_hasTag_tag_0_0.csv rows=219000000 directed_edges=438000000 elapsed_s=446.1
[snb-full][edge] progress file=/data/WorkSpace/ldbc-sf100/social_network/dynamic/comment_hasTag_tag_0_0.csv rows=220000000 directed_edges=440000000 elapsed_s=448.1
[snb-full][edge] progress file=/data/WorkSpace/ldbc-sf100/social_network/dynamic/comment_hasTag_tag_0_0.csv rows=221000000 directed_edges=442000000 elapsed_s=450.1
[snb-full][edge] progress file=/data/WorkSpace/ldbc-sf100/social_network/dynamic/comment_hasTag_tag_0_0.csv rows=222000000 directed_edges=444000000 elapsed_s=452.0
[snb-full][edge] progress file=/data/WorkSpace/ldbc-sf100/social_network/dynamic/comment_hasTag_tag_0_0.csv rows=223000000 directed_edges=446000000 elapsed_s=454.0
[snb-full][edge] progress file=/data/WorkSpace/ldbc-sf100/social_network/dynamic/comment_hasTag_tag_0_0.csv rows=224000000 directed_edges=448000000 elapsed_s=456.0
[snb-full][edge] progress file=/data/WorkSpace/ldbc-sf100/social_network/dynamic/comment_hasTag_tag_0_0.csv rows=225000000 directed_edges=450000000 elapsed_s=458.0
[snb-full][edge] progress file=/data/WorkSpace/ldbc-sf100/social_network/dynamic/comment_hasTag_tag_0_0.csv rows=226000000 directed_edges=452000000 elapsed_s=459.9
[snb-full][edge] progress file=/data/WorkSpace/ldbc-sf100/social_network/dynamic/comment_hasTag_tag_0_0.csv rows=227000000 directed_edges=454000000 elapsed_s=461.9
[snb-full][edge] progress file=/data/WorkSpace/ldbc-sf100/social_network/dynamic/comment_hasTag_tag_0_0.csv rows=228000000 directed_edges=456000000 elapsed_s=463.9
[snb-full][edge] progress file=/data/WorkSpace/ldbc-sf100/social_network/dynamic/comment_hasTag_tag_0_0.csv rows=229000000 directed_edges=458000000 elapsed_s=465.9
[snb-full][edge] progress file=/data/WorkSpace/ldbc-sf100/social_network/dynamic/comment_hasTag_tag_0_0.csv rows=230000000 directed_edges=460000000 elapsed_s=467.9
[snb-full][edge] progress file=/data/WorkSpace/ldbc-sf100/social_network/dynamic/comment_hasTag_tag_0_0.csv rows=231000000 directed_edges=462000000 elapsed_s=469.8
[snb-full][edge] progress file=/data/WorkSpace/ldbc-sf100/social_network/dynamic/comment_hasTag_tag_0_0.csv rows=232000000 directed_edges=464000000 elapsed_s=471.8
[snb-full][edge] progress file=/data/WorkSpace/ldbc-sf100/social_network/dynamic/comment_hasTag_tag_0_0.csv rows=233000000 directed_edges=466000000 elapsed_s=473.7
[snb-full][edge] progress file=/data/WorkSpace/ldbc-sf100/social_network/dynamic/comment_hasTag_tag_0_0.csv rows=234000000 directed_edges=468000000 elapsed_s=475.7
[snb-full][edge] progress file=/data/WorkSpace/ldbc-sf100/social_network/dynamic/comment_hasTag_tag_0_0.csv rows=235000000 directed_edges=470000000 elapsed_s=477.6
[snb-full][edge] progress file=/data/WorkSpace/ldbc-sf100/social_network/dynamic/comment_hasTag_tag_0_0.csv rows=236000000 directed_edges=472000000 elapsed_s=479.7
[snb-full][edge] progress file=/data/WorkSpace/ldbc-sf100/social_network/dynamic/comment_hasTag_tag_0_0.csv rows=237000000 directed_edges=474000000 elapsed_s=481.7
[snb-full][edge] progress file=/data/WorkSpace/ldbc-sf100/social_network/dynamic/comment_hasTag_tag_0_0.csv rows=238000000 directed_edges=476000000 elapsed_s=483.6
[snb-full][edge] progress file=/data/WorkSpace/ldbc-sf100/social_network/dynamic/comment_hasTag_tag_0_0.csv rows=239000000 directed_edges=478000000 elapsed_s=485.4
[snb-full][edge] progress file=/data/WorkSpace/ldbc-sf100/social_network/dynamic/comment_hasTag_tag_0_0.csv rows=240000000 directed_edges=480000000 elapsed_s=487.3
[snb-full][edge] progress file=/data/WorkSpace/ldbc-sf100/social_network/dynamic/comment_hasTag_tag_0_0.csv rows=241000000 directed_edges=482000000 elapsed_s=489.3
[snb-full][edge] progress file=/data/WorkSpace/ldbc-sf100/social_network/dynamic/comment_hasTag_tag_0_0.csv rows=242000000 directed_edges=484000000 elapsed_s=491.2
[snb-full][edge] progress file=/data/WorkSpace/ldbc-sf100/social_network/dynamic/comment_hasTag_tag_0_0.csv rows=243000000 directed_edges=486000000 elapsed_s=493.1
[snb-full][edge] progress file=/data/WorkSpace/ldbc-sf100/social_network/dynamic/comment_hasTag_tag_0_0.csv rows=244000000 directed_edges=488000000 elapsed_s=495.1
[snb-full][edge] progress file=/data/WorkSpace/ldbc-sf100/social_network/dynamic/comment_hasTag_tag_0_0.csv rows=245000000 directed_edges=490000000 elapsed_s=497.1
[snb-full][edge] progress file=/data/WorkSpace/ldbc-sf100/social_network/dynamic/comment_hasTag_tag_0_0.csv rows=246000000 directed_edges=492000000 elapsed_s=499.1
[snb-full][edge] progress file=/data/WorkSpace/ldbc-sf100/social_network/dynamic/comment_hasTag_tag_0_0.csv rows=247000000 directed_edges=494000000 elapsed_s=501.1
[snb-full][edge] progress file=/data/WorkSpace/ldbc-sf100/social_network/dynamic/comment_hasTag_tag_0_0.csv rows=248000000 directed_edges=496000000 elapsed_s=503.0
[snb-full][edge] progress file=/data/WorkSpace/ldbc-sf100/social_network/dynamic/comment_hasTag_tag_0_0.csv rows=249000000 directed_edges=498000000 elapsed_s=505.0
[snb-full][edge] progress file=/data/WorkSpace/ldbc-sf100/social_network/dynamic/comment_hasTag_tag_0_0.csv rows=250000000 directed_edges=500000000 elapsed_s=507.0
[snb-full][edge] progress file=/data/WorkSpace/ldbc-sf100/social_network/dynamic/comment_hasTag_tag_0_0.csv rows=251000000 directed_edges=502000000 elapsed_s=509.0
[snb-full][edge] progress file=/data/WorkSpace/ldbc-sf100/social_network/dynamic/comment_hasTag_tag_0_0.csv rows=252000000 directed_edges=504000000 elapsed_s=510.9
[snb-full][edge] progress file=/data/WorkSpace/ldbc-sf100/social_network/dynamic/comment_hasTag_tag_0_0.csv rows=253000000 directed_edges=506000000 elapsed_s=512.9
[snb-full][edge] progress file=/data/WorkSpace/ldbc-sf100/social_network/dynamic/comment_hasTag_tag_0_0.csv rows=254000000 directed_edges=508000000 elapsed_s=514.9
[snb-full][edge] progress file=/data/WorkSpace/ldbc-sf100/social_network/dynamic/comment_hasTag_tag_0_0.csv rows=255000000 directed_edges=510000000 elapsed_s=516.9
[snb-full][edge] progress file=/data/WorkSpace/ldbc-sf100/social_network/dynamic/comment_hasTag_tag_0_0.csv rows=256000000 directed_edges=512000000 elapsed_s=518.7
[snb-full][edge] progress file=/data/WorkSpace/ldbc-sf100/social_network/dynamic/comment_hasTag_tag_0_0.csv rows=257000000 directed_edges=514000000 elapsed_s=520.8
[snb-full][edge] progress file=/data/WorkSpace/ldbc-sf100/social_network/dynamic/comment_hasTag_tag_0_0.csv rows=258000000 directed_edges=516000000 elapsed_s=522.8
[snb-full][edge] progress file=/data/WorkSpace/ldbc-sf100/social_network/dynamic/comment_hasTag_tag_0_0.csv rows=259000000 directed_edges=518000000 elapsed_s=524.8
[snb-full][edge] progress file=/data/WorkSpace/ldbc-sf100/social_network/dynamic/comment_hasTag_tag_0_0.csv rows=260000000 directed_edges=520000000 elapsed_s=526.8
[snb-full][edge] progress file=/data/WorkSpace/ldbc-sf100/social_network/dynamic/comment_hasTag_tag_0_0.csv rows=261000000 directed_edges=522000000 elapsed_s=528.7
[snb-full][edge] progress file=/data/WorkSpace/ldbc-sf100/social_network/dynamic/comment_hasTag_tag_0_0.csv rows=262000000 directed_edges=524000000 elapsed_s=530.4
[snb-full][edge] progress file=/data/WorkSpace/ldbc-sf100/social_network/dynamic/comment_hasTag_tag_0_0.csv rows=263000000 directed_edges=526000000 elapsed_s=532.4
[snb-full][edge] progress file=/data/WorkSpace/ldbc-sf100/social_network/dynamic/comment_hasTag_tag_0_0.csv rows=264000000 directed_edges=528000000 elapsed_s=534.4
[snb-full][edge] progress file=/data/WorkSpace/ldbc-sf100/social_network/dynamic/comment_hasTag_tag_0_0.csv rows=265000000 directed_edges=530000000 elapsed_s=536.4
[snb-full][edge] progress file=/data/WorkSpace/ldbc-sf100/social_network/dynamic/comment_hasTag_tag_0_0.csv rows=266000000 directed_edges=532000000 elapsed_s=538.3
[snb-full][edge] progress file=/data/WorkSpace/ldbc-sf100/social_network/dynamic/comment_hasTag_tag_0_0.csv rows=267000000 directed_edges=534000000 elapsed_s=540.3
[snb-full][edge] progress file=/data/WorkSpace/ldbc-sf100/social_network/dynamic/comment_hasTag_tag_0_0.csv rows=268000000 directed_edges=536000000 elapsed_s=542.4
[snb-full][edge] progress file=/data/WorkSpace/ldbc-sf100/social_network/dynamic/comment_hasTag_tag_0_0.csv rows=269000000 directed_edges=538000000 elapsed_s=544.3
[snb-full][edge] progress file=/data/WorkSpace/ldbc-sf100/social_network/dynamic/comment_hasTag_tag_0_0.csv rows=270000000 directed_edges=540000000 elapsed_s=546.3
[snb-full][edge] progress file=/data/WorkSpace/ldbc-sf100/social_network/dynamic/comment_hasTag_tag_0_0.csv rows=271000000 directed_edges=542000000 elapsed_s=548.2
[snb-full][edge] progress file=/data/WorkSpace/ldbc-sf100/social_network/dynamic/comment_hasTag_tag_0_0.csv rows=272000000 directed_edges=544000000 elapsed_s=550.2
[snb-full][edge] progress file=/data/WorkSpace/ldbc-sf100/social_network/dynamic/comment_hasTag_tag_0_0.csv rows=273000000 directed_edges=546000000 elapsed_s=552.1
[snb-full][edge] progress file=/data/WorkSpace/ldbc-sf100/social_network/dynamic/comment_hasTag_tag_0_0.csv rows=274000000 directed_edges=548000000 elapsed_s=554.1
[snb-full][edge] progress file=/data/WorkSpace/ldbc-sf100/social_network/dynamic/comment_hasTag_tag_0_0.csv rows=275000000 directed_edges=550000000 elapsed_s=556.1
[snb-full][edge] progress file=/data/WorkSpace/ldbc-sf100/social_network/dynamic/comment_hasTag_tag_0_0.csv rows=276000000 directed_edges=552000000 elapsed_s=558.1
[snb-full][edge] progress file=/data/WorkSpace/ldbc-sf100/social_network/dynamic/comment_hasTag_tag_0_0.csv rows=277000000 directed_edges=554000000 elapsed_s=560.1
[snb-full][edge] progress file=/data/WorkSpace/ldbc-sf100/social_network/dynamic/comment_hasTag_tag_0_0.csv rows=278000000 directed_edges=556000000 elapsed_s=562.2
[snb-full][edge] progress file=/data/WorkSpace/ldbc-sf100/social_network/dynamic/comment_hasTag_tag_0_0.csv rows=279000000 directed_edges=558000000 elapsed_s=564.1
[snb-full][edge] progress file=/data/WorkSpace/ldbc-sf100/social_network/dynamic/comment_hasTag_tag_0_0.csv rows=280000000 directed_edges=560000000 elapsed_s=566.2
[snb-full][edge] progress file=/data/WorkSpace/ldbc-sf100/social_network/dynamic/comment_hasTag_tag_0_0.csv rows=281000000 directed_edges=562000000 elapsed_s=567.8
[snb-full][edge] progress file=/data/WorkSpace/ldbc-sf100/social_network/dynamic/comment_hasTag_tag_0_0.csv rows=282000000 directed_edges=564000000 elapsed_s=569.8
[snb-full][edge] progress file=/data/WorkSpace/ldbc-sf100/social_network/dynamic/comment_hasTag_tag_0_0.csv rows=283000000 directed_edges=566000000 elapsed_s=571.9
[snb-full][edge] progress file=/data/WorkSpace/ldbc-sf100/social_network/dynamic/comment_hasTag_tag_0_0.csv rows=284000000 directed_edges=568000000 elapsed_s=573.7
[snb-full][edge] progress file=/data/WorkSpace/ldbc-sf100/social_network/dynamic/comment_hasTag_tag_0_0.csv rows=285000000 directed_edges=570000000 elapsed_s=575.6
[snb-full][edge] progress file=/data/WorkSpace/ldbc-sf100/social_network/dynamic/comment_hasTag_tag_0_0.csv rows=286000000 directed_edges=572000000 elapsed_s=577.5
[snb-full][edge] progress file=/data/WorkSpace/ldbc-sf100/social_network/dynamic/comment_hasTag_tag_0_0.csv rows=287000000 directed_edges=574000000 elapsed_s=579.5
[snb-full][edge] progress file=/data/WorkSpace/ldbc-sf100/social_network/dynamic/comment_hasTag_tag_0_0.csv rows=288000000 directed_edges=576000000 elapsed_s=581.5
[snb-full][edge] progress file=/data/WorkSpace/ldbc-sf100/social_network/dynamic/comment_hasTag_tag_0_0.csv rows=289000000 directed_edges=578000000 elapsed_s=583.6
[snb-full][edge] progress file=/data/WorkSpace/ldbc-sf100/social_network/dynamic/comment_hasTag_tag_0_0.csv rows=290000000 directed_edges=580000000 elapsed_s=585.6
[snb-full][edge] progress file=/data/WorkSpace/ldbc-sf100/social_network/dynamic/comment_hasTag_tag_0_0.csv rows=291000000 directed_edges=582000000 elapsed_s=587.6
[snb-full][edge] progress file=/data/WorkSpace/ldbc-sf100/social_network/dynamic/comment_hasTag_tag_0_0.csv rows=292000000 directed_edges=584000000 elapsed_s=589.5
[snb-full][edge] done file=/data/WorkSpace/ldbc-sf100/social_network/dynamic/comment_hasTag_tag_0_0.csv rows=292166773 directed_edges=584333546 elapsed_s=589.8
[snb-full][edge] start file=/data/WorkSpace/ldbc-sf100/social_network/dynamic/post_hasTag_tag_0_0.csv edge=HasTag src=Post dst=Tag
[snb-full][edge] progress file=/data/WorkSpace/ldbc-sf100/social_network/dynamic/post_hasTag_tag_0_0.csv rows=1000000 directed_edges=2000000 elapsed_s=2.0
[snb-full][edge] progress file=/data/WorkSpace/ldbc-sf100/social_network/dynamic/post_hasTag_tag_0_0.csv rows=2000000 directed_edges=4000000 elapsed_s=4.0
[snb-full][edge] progress file=/data/WorkSpace/ldbc-sf100/social_network/dynamic/post_hasTag_tag_0_0.csv rows=3000000 directed_edges=6000000 elapsed_s=6.2
[snb-full][edge] progress file=/data/WorkSpace/ldbc-sf100/social_network/dynamic/post_hasTag_tag_0_0.csv rows=4000000 directed_edges=8000000 elapsed_s=8.1
[snb-full][edge] progress file=/data/WorkSpace/ldbc-sf100/social_network/dynamic/post_hasTag_tag_0_0.csv rows=5000000 directed_edges=10000000 elapsed_s=10.2
[snb-full][edge] progress file=/data/WorkSpace/ldbc-sf100/social_network/dynamic/post_hasTag_tag_0_0.csv rows=6000000 directed_edges=12000000 elapsed_s=12.4
[snb-full][edge] progress file=/data/WorkSpace/ldbc-sf100/social_network/dynamic/post_hasTag_tag_0_0.csv rows=7000000 directed_edges=14000000 elapsed_s=14.6
[snb-full][edge] progress file=/data/WorkSpace/ldbc-sf100/social_network/dynamic/post_hasTag_tag_0_0.csv rows=8000000 directed_edges=16000000 elapsed_s=16.8
[snb-full][edge] progress file=/data/WorkSpace/ldbc-sf100/social_network/dynamic/post_hasTag_tag_0_0.csv rows=9000000 directed_edges=18000000 elapsed_s=19.1
[snb-full][edge] progress file=/data/WorkSpace/ldbc-sf100/social_network/dynamic/post_hasTag_tag_0_0.csv rows=10000000 directed_edges=20000000 elapsed_s=21.1
[snb-full][edge] progress file=/data/WorkSpace/ldbc-sf100/social_network/dynamic/post_hasTag_tag_0_0.csv rows=11000000 directed_edges=22000000 elapsed_s=22.7
[snb-full][edge] progress file=/data/WorkSpace/ldbc-sf100/social_network/dynamic/post_hasTag_tag_0_0.csv rows=12000000 directed_edges=24000000 elapsed_s=25.0
[snb-full][edge] progress file=/data/WorkSpace/ldbc-sf100/social_network/dynamic/post_hasTag_tag_0_0.csv rows=13000000 directed_edges=26000000 elapsed_s=27.3
[snb-full][edge] progress file=/data/WorkSpace/ldbc-sf100/social_network/dynamic/post_hasTag_tag_0_0.csv rows=14000000 directed_edges=28000000 elapsed_s=29.5
[snb-full][edge] progress file=/data/WorkSpace/ldbc-sf100/social_network/dynamic/post_hasTag_tag_0_0.csv rows=15000000 directed_edges=30000000 elapsed_s=31.7
[snb-full][edge] progress file=/data/WorkSpace/ldbc-sf100/social_network/dynamic/post_hasTag_tag_0_0.csv rows=16000000 directed_edges=32000000 elapsed_s=33.7
[snb-full][edge] progress file=/data/WorkSpace/ldbc-sf100/social_network/dynamic/post_hasTag_tag_0_0.csv rows=17000000 directed_edges=34000000 elapsed_s=35.3
[snb-full][edge] progress file=/data/WorkSpace/ldbc-sf100/social_network/dynamic/post_hasTag_tag_0_0.csv rows=18000000 directed_edges=36000000 elapsed_s=37.2
[snb-full][edge] progress file=/data/WorkSpace/ldbc-sf100/social_network/dynamic/post_hasTag_tag_0_0.csv rows=19000000 directed_edges=38000000 elapsed_s=39.5
[snb-full][edge] progress file=/data/WorkSpace/ldbc-sf100/social_network/dynamic/post_hasTag_tag_0_0.csv rows=20000000 directed_edges=40000000 elapsed_s=41.9
[snb-full][edge] progress file=/data/WorkSpace/ldbc-sf100/social_network/dynamic/post_hasTag_tag_0_0.csv rows=21000000 directed_edges=42000000 elapsed_s=43.7
[snb-full][edge] progress file=/data/WorkSpace/ldbc-sf100/social_network/dynamic/post_hasTag_tag_0_0.csv rows=22000000 directed_edges=44000000 elapsed_s=45.6
[snb-full][edge] progress file=/data/WorkSpace/ldbc-sf100/social_network/dynamic/post_hasTag_tag_0_0.csv rows=23000000 directed_edges=46000000 elapsed_s=47.7
[snb-full][edge] progress file=/data/WorkSpace/ldbc-sf100/social_network/dynamic/post_hasTag_tag_0_0.csv rows=24000000 directed_edges=48000000 elapsed_s=49.6
[snb-full][edge] progress file=/data/WorkSpace/ldbc-sf100/social_network/dynamic/post_hasTag_tag_0_0.csv rows=25000000 directed_edges=50000000 elapsed_s=51.5
[snb-full][edge] progress file=/data/WorkSpace/ldbc-sf100/social_network/dynamic/post_hasTag_tag_0_0.csv rows=26000000 directed_edges=52000000 elapsed_s=53.5
[snb-full][edge] progress file=/data/WorkSpace/ldbc-sf100/social_network/dynamic/post_hasTag_tag_0_0.csv rows=27000000 directed_edges=54000000 elapsed_s=55.4
[snb-full][edge] progress file=/data/WorkSpace/ldbc-sf100/social_network/dynamic/post_hasTag_tag_0_0.csv rows=28000000 directed_edges=56000000 elapsed_s=57.3
[snb-full][edge] progress file=/data/WorkSpace/ldbc-sf100/social_network/dynamic/post_hasTag_tag_0_0.csv rows=29000000 directed_edges=58000000 elapsed_s=59.3
[snb-full][edge] progress file=/data/WorkSpace/ldbc-sf100/social_network/dynamic/post_hasTag_tag_0_0.csv rows=30000000 directed_edges=60000000 elapsed_s=61.2
[snb-full][edge] progress file=/data/WorkSpace/ldbc-sf100/social_network/dynamic/post_hasTag_tag_0_0.csv rows=31000000 directed_edges=62000000 elapsed_s=63.1
[snb-full][edge] progress file=/data/WorkSpace/ldbc-sf100/social_network/dynamic/post_hasTag_tag_0_0.csv rows=32000000 directed_edges=64000000 elapsed_s=65.0
[snb-full][edge] progress file=/data/WorkSpace/ldbc-sf100/social_network/dynamic/post_hasTag_tag_0_0.csv rows=33000000 directed_edges=66000000 elapsed_s=67.1
[snb-full][edge] progress file=/data/WorkSpace/ldbc-sf100/social_network/dynamic/post_hasTag_tag_0_0.csv rows=34000000 directed_edges=68000000 elapsed_s=69.3
[snb-full][edge] progress file=/data/WorkSpace/ldbc-sf100/social_network/dynamic/post_hasTag_tag_0_0.csv rows=35000000 directed_edges=70000000 elapsed_s=71.5
[snb-full][edge] progress file=/data/WorkSpace/ldbc-sf100/social_network/dynamic/post_hasTag_tag_0_0.csv rows=36000000 directed_edges=72000000 elapsed_s=73.7
[snb-full][edge] progress file=/data/WorkSpace/ldbc-sf100/social_network/dynamic/post_hasTag_tag_0_0.csv rows=37000000 directed_edges=74000000 elapsed_s=75.3
[snb-full][edge] progress file=/data/WorkSpace/ldbc-sf100/social_network/dynamic/post_hasTag_tag_0_0.csv rows=38000000 directed_edges=76000000 elapsed_s=77.2
[snb-full][edge] progress file=/data/WorkSpace/ldbc-sf100/social_network/dynamic/post_hasTag_tag_0_0.csv rows=39000000 directed_edges=78000000 elapsed_s=79.2
[snb-full][edge] progress file=/data/WorkSpace/ldbc-sf100/social_network/dynamic/post_hasTag_tag_0_0.csv rows=40000000 directed_edges=80000000 elapsed_s=81.1
[snb-full][edge] progress file=/data/WorkSpace/ldbc-sf100/social_network/dynamic/post_hasTag_tag_0_0.csv rows=41000000 directed_edges=82000000 elapsed_s=83.0
[snb-full][edge] progress file=/data/WorkSpace/ldbc-sf100/social_network/dynamic/post_hasTag_tag_0_0.csv rows=42000000 directed_edges=84000000 elapsed_s=85.0
[snb-full][edge] progress file=/data/WorkSpace/ldbc-sf100/social_network/dynamic/post_hasTag_tag_0_0.csv rows=43000000 directed_edges=86000000 elapsed_s=87.0
[snb-full][edge] progress file=/data/WorkSpace/ldbc-sf100/social_network/dynamic/post_hasTag_tag_0_0.csv rows=44000000 directed_edges=88000000 elapsed_s=89.1
[snb-full][edge] progress file=/data/WorkSpace/ldbc-sf100/social_network/dynamic/post_hasTag_tag_0_0.csv rows=45000000 directed_edges=90000000 elapsed_s=91.1
[snb-full][edge] progress file=/data/WorkSpace/ldbc-sf100/social_network/dynamic/post_hasTag_tag_0_0.csv rows=46000000 directed_edges=92000000 elapsed_s=93.1
[snb-full][edge] progress file=/data/WorkSpace/ldbc-sf100/social_network/dynamic/post_hasTag_tag_0_0.csv rows=47000000 directed_edges=94000000 elapsed_s=95.1
[snb-full][edge] progress file=/data/WorkSpace/ldbc-sf100/social_network/dynamic/post_hasTag_tag_0_0.csv rows=48000000 directed_edges=96000000 elapsed_s=97.1
[snb-full][edge] progress file=/data/WorkSpace/ldbc-sf100/social_network/dynamic/post_hasTag_tag_0_0.csv rows=49000000 directed_edges=98000000 elapsed_s=99.1
[snb-full][edge] progress file=/data/WorkSpace/ldbc-sf100/social_network/dynamic/post_hasTag_tag_0_0.csv rows=50000000 directed_edges=100000000 elapsed_s=101.1
[snb-full][edge] progress file=/data/WorkSpace/ldbc-sf100/social_network/dynamic/post_hasTag_tag_0_0.csv rows=51000000 directed_edges=102000000 elapsed_s=103.1
[snb-full][edge] progress file=/data/WorkSpace/ldbc-sf100/social_network/dynamic/post_hasTag_tag_0_0.csv rows=52000000 directed_edges=104000000 elapsed_s=105.1
[snb-full][edge] progress file=/data/WorkSpace/ldbc-sf100/social_network/dynamic/post_hasTag_tag_0_0.csv rows=53000000 directed_edges=106000000 elapsed_s=107.1
[snb-full][edge] progress file=/data/WorkSpace/ldbc-sf100/social_network/dynamic/post_hasTag_tag_0_0.csv rows=54000000 directed_edges=108000000 elapsed_s=109.1
[snb-full][edge] progress file=/data/WorkSpace/ldbc-sf100/social_network/dynamic/post_hasTag_tag_0_0.csv rows=55000000 directed_edges=110000000 elapsed_s=111.1
[snb-full][edge] progress file=/data/WorkSpace/ldbc-sf100/social_network/dynamic/post_hasTag_tag_0_0.csv rows=56000000 directed_edges=112000000 elapsed_s=113.1
[snb-full][edge] progress file=/data/WorkSpace/ldbc-sf100/social_network/dynamic/post_hasTag_tag_0_0.csv rows=57000000 directed_edges=114000000 elapsed_s=115.2
[snb-full][edge] progress file=/data/WorkSpace/ldbc-sf100/social_network/dynamic/post_hasTag_tag_0_0.csv rows=58000000 directed_edges=116000000 elapsed_s=116.8
[snb-full][edge] progress file=/data/WorkSpace/ldbc-sf100/social_network/dynamic/post_hasTag_tag_0_0.csv rows=59000000 directed_edges=118000000 elapsed_s=118.8
[snb-full][edge] progress file=/data/WorkSpace/ldbc-sf100/social_network/dynamic/post_hasTag_tag_0_0.csv rows=60000000 directed_edges=120000000 elapsed_s=120.9
[snb-full][edge] progress file=/data/WorkSpace/ldbc-sf100/social_network/dynamic/post_hasTag_tag_0_0.csv rows=61000000 directed_edges=122000000 elapsed_s=122.7
[snb-full][edge] progress file=/data/WorkSpace/ldbc-sf100/social_network/dynamic/post_hasTag_tag_0_0.csv rows=62000000 directed_edges=124000000 elapsed_s=124.7
[snb-full][edge] progress file=/data/WorkSpace/ldbc-sf100/social_network/dynamic/post_hasTag_tag_0_0.csv rows=63000000 directed_edges=126000000 elapsed_s=126.7
[snb-full][edge] progress file=/data/WorkSpace/ldbc-sf100/social_network/dynamic/post_hasTag_tag_0_0.csv rows=64000000 directed_edges=128000000 elapsed_s=128.7
[snb-full][edge] progress file=/data/WorkSpace/ldbc-sf100/social_network/dynamic/post_hasTag_tag_0_0.csv rows=65000000 directed_edges=130000000 elapsed_s=130.7
[snb-full][edge] progress file=/data/WorkSpace/ldbc-sf100/social_network/dynamic/post_hasTag_tag_0_0.csv rows=66000000 directed_edges=132000000 elapsed_s=132.7
[snb-full][edge] progress file=/data/WorkSpace/ldbc-sf100/social_network/dynamic/post_hasTag_tag_0_0.csv rows=67000000 directed_edges=134000000 elapsed_s=134.7
[snb-full][edge] progress file=/data/WorkSpace/ldbc-sf100/social_network/dynamic/post_hasTag_tag_0_0.csv rows=68000000 directed_edges=136000000 elapsed_s=136.7
[snb-full][edge] progress file=/data/WorkSpace/ldbc-sf100/social_network/dynamic/post_hasTag_tag_0_0.csv rows=69000000 directed_edges=138000000 elapsed_s=138.7
[snb-full][edge] progress file=/data/WorkSpace/ldbc-sf100/social_network/dynamic/post_hasTag_tag_0_0.csv rows=70000000 directed_edges=140000000 elapsed_s=140.6
[snb-full][edge] progress file=/data/WorkSpace/ldbc-sf100/social_network/dynamic/post_hasTag_tag_0_0.csv rows=71000000 directed_edges=142000000 elapsed_s=142.6
[snb-full][edge] progress file=/data/WorkSpace/ldbc-sf100/social_network/dynamic/post_hasTag_tag_0_0.csv rows=72000000 directed_edges=144000000 elapsed_s=144.6
[snb-full][edge] progress file=/data/WorkSpace/ldbc-sf100/social_network/dynamic/post_hasTag_tag_0_0.csv rows=73000000 directed_edges=146000000 elapsed_s=146.5
[snb-full][edge] progress file=/data/WorkSpace/ldbc-sf100/social_network/dynamic/post_hasTag_tag_0_0.csv rows=74000000 directed_edges=148000000 elapsed_s=148.5
[snb-full][edge] progress file=/data/WorkSpace/ldbc-sf100/social_network/dynamic/post_hasTag_tag_0_0.csv rows=75000000 directed_edges=150000000 elapsed_s=150.5
[snb-full][edge] progress file=/data/WorkSpace/ldbc-sf100/social_network/dynamic/post_hasTag_tag_0_0.csv rows=76000000 directed_edges=152000000 elapsed_s=152.5
[snb-full][edge] progress file=/data/WorkSpace/ldbc-sf100/social_network/dynamic/post_hasTag_tag_0_0.csv rows=77000000 directed_edges=154000000 elapsed_s=154.4
[snb-full][edge] done file=/data/WorkSpace/ldbc-sf100/social_network/dynamic/post_hasTag_tag_0_0.csv rows=77342991 directed_edges=154685982 elapsed_s=155.1
[snb-full][edge] start file=/data/WorkSpace/ldbc-sf100/social_network/dynamic/person_0_0.csv edge=IsLocatedIn src=Person dst=Place
[snb-full][edge] done file=/data/WorkSpace/ldbc-sf100/social_network/dynamic/person_0_0.csv rows=448626 directed_edges=897252 elapsed_s=1.0
[snb-full][edge] start file=/data/WorkSpace/ldbc-sf100/social_network/dynamic/forum_0_0.csv edge=HasModerator src=Forum dst=Person
[snb-full][edge] progress file=/data/WorkSpace/ldbc-sf100/social_network/dynamic/forum_0_0.csv rows=1000000 directed_edges=2000000 elapsed_s=1.5
[snb-full][edge] progress file=/data/WorkSpace/ldbc-sf100/social_network/dynamic/forum_0_0.csv rows=2000000 directed_edges=4000000 elapsed_s=3.1
[snb-full][edge] progress file=/data/WorkSpace/ldbc-sf100/social_network/dynamic/forum_0_0.csv rows=3000000 directed_edges=6000000 elapsed_s=4.6
[snb-full][edge] progress file=/data/WorkSpace/ldbc-sf100/social_network/dynamic/forum_0_0.csv rows=4000000 directed_edges=8000000 elapsed_s=6.2
[snb-full][edge] done file=/data/WorkSpace/ldbc-sf100/social_network/dynamic/forum_0_0.csv rows=4080604 directed_edges=8161208 elapsed_s=6.3
[snb-full][edge] start file=/data/WorkSpace/ldbc-sf100/social_network/dynamic/post_0_0.csv edge=HasCreator src=Post dst=Person
[snb-full][edge] progress file=/data/WorkSpace/ldbc-sf100/social_network/dynamic/post_0_0.csv rows=1000000 directed_edges=2000000 elapsed_s=1.9
[snb-full][edge] progress file=/data/WorkSpace/ldbc-sf100/social_network/dynamic/post_0_0.csv rows=2000000 directed_edges=4000000 elapsed_s=3.8
[snb-full][edge] progress file=/data/WorkSpace/ldbc-sf100/social_network/dynamic/post_0_0.csv rows=3000000 directed_edges=6000000 elapsed_s=5.7
[snb-full][edge] progress file=/data/WorkSpace/ldbc-sf100/social_network/dynamic/post_0_0.csv rows=4000000 directed_edges=8000000 elapsed_s=8.3
[snb-full][edge] progress file=/data/WorkSpace/ldbc-sf100/social_network/dynamic/post_0_0.csv rows=5000000 directed_edges=10000000 elapsed_s=11.5
[snb-full][edge] progress file=/data/WorkSpace/ldbc-sf100/social_network/dynamic/post_0_0.csv rows=6000000 directed_edges=12000000 elapsed_s=14.7
[snb-full][edge] progress file=/data/WorkSpace/ldbc-sf100/social_network/dynamic/post_0_0.csv rows=7000000 directed_edges=14000000 elapsed_s=17.2
[snb-full][edge] progress file=/data/WorkSpace/ldbc-sf100/social_network/dynamic/post_0_0.csv rows=8000000 directed_edges=16000000 elapsed_s=24.1
[snb-full][edge] progress file=/data/WorkSpace/ldbc-sf100/social_network/dynamic/post_0_0.csv rows=9000000 directed_edges=18000000 elapsed_s=26.3
[snb-full][edge] progress file=/data/WorkSpace/ldbc-sf100/social_network/dynamic/post_0_0.csv rows=10000000 directed_edges=20000000 elapsed_s=27.9
[snb-full][edge] progress file=/data/WorkSpace/ldbc-sf100/social_network/dynamic/post_0_0.csv rows=11000000 directed_edges=22000000 elapsed_s=32.6
[snb-full][edge] progress file=/data/WorkSpace/ldbc-sf100/social_network/dynamic/post_0_0.csv rows=12000000 directed_edges=24000000 elapsed_s=35.5
[snb-full][edge] progress file=/data/WorkSpace/ldbc-sf100/social_network/dynamic/post_0_0.csv rows=13000000 directed_edges=26000000 elapsed_s=37.1
[snb-full][edge] progress file=/data/WorkSpace/ldbc-sf100/social_network/dynamic/post_0_0.csv rows=14000000 directed_edges=28000000 elapsed_s=39.0
[snb-full][edge] progress file=/data/WorkSpace/ldbc-sf100/social_network/dynamic/post_0_0.csv rows=15000000 directed_edges=30000000 elapsed_s=42.6
[snb-full][edge] progress file=/data/WorkSpace/ldbc-sf100/social_network/dynamic/post_0_0.csv rows=16000000 directed_edges=32000000 elapsed_s=44.9
[snb-full][edge] progress file=/data/WorkSpace/ldbc-sf100/social_network/dynamic/post_0_0.csv rows=17000000 directed_edges=34000000 elapsed_s=48.0
[snb-full][edge] progress file=/data/WorkSpace/ldbc-sf100/social_network/dynamic/post_0_0.csv rows=18000000 directed_edges=36000000 elapsed_s=50.4
[snb-full][edge] progress file=/data/WorkSpace/ldbc-sf100/social_network/dynamic/post_0_0.csv rows=19000000 directed_edges=38000000 elapsed_s=53.0
[snb-full][edge] progress file=/data/WorkSpace/ldbc-sf100/social_network/dynamic/post_0_0.csv rows=20000000 directed_edges=40000000 elapsed_s=55.5
[snb-full][edge] progress file=/data/WorkSpace/ldbc-sf100/social_network/dynamic/post_0_0.csv rows=21000000 directed_edges=42000000 elapsed_s=57.3
[snb-full][edge] progress file=/data/WorkSpace/ldbc-sf100/social_network/dynamic/post_0_0.csv rows=22000000 directed_edges=44000000 elapsed_s=60.4
[snb-full][edge] progress file=/data/WorkSpace/ldbc-sf100/social_network/dynamic/post_0_0.csv rows=23000000 directed_edges=46000000 elapsed_s=62.7
[snb-full][edge] progress file=/data/WorkSpace/ldbc-sf100/social_network/dynamic/post_0_0.csv rows=24000000 directed_edges=48000000 elapsed_s=64.5
[snb-full][edge] progress file=/data/WorkSpace/ldbc-sf100/social_network/dynamic/post_0_0.csv rows=25000000 directed_edges=50000000 elapsed_s=67.2
[snb-full][edge] progress file=/data/WorkSpace/ldbc-sf100/social_network/dynamic/post_0_0.csv rows=26000000 directed_edges=52000000 elapsed_s=69.9
[snb-full][edge] progress file=/data/WorkSpace/ldbc-sf100/social_network/dynamic/post_0_0.csv rows=27000000 directed_edges=54000000 elapsed_s=71.7
[snb-full][edge] progress file=/data/WorkSpace/ldbc-sf100/social_network/dynamic/post_0_0.csv rows=28000000 directed_edges=56000000 elapsed_s=74.3
[snb-full][edge] progress file=/data/WorkSpace/ldbc-sf100/social_network/dynamic/post_0_0.csv rows=29000000 directed_edges=58000000 elapsed_s=76.6
[snb-full][edge] progress file=/data/WorkSpace/ldbc-sf100/social_network/dynamic/post_0_0.csv rows=30000000 directed_edges=60000000 elapsed_s=78.8
[snb-full][edge] progress file=/data/WorkSpace/ldbc-sf100/social_network/dynamic/post_0_0.csv rows=31000000 directed_edges=62000000 elapsed_s=81.5
[snb-full][edge] progress file=/data/WorkSpace/ldbc-sf100/social_network/dynamic/post_0_0.csv rows=32000000 directed_edges=64000000 elapsed_s=83.8
[snb-full][edge] progress file=/data/WorkSpace/ldbc-sf100/social_network/dynamic/post_0_0.csv rows=33000000 directed_edges=66000000 elapsed_s=86.0
[snb-full][edge] progress file=/data/WorkSpace/ldbc-sf100/social_network/dynamic/post_0_0.csv rows=34000000 directed_edges=68000000 elapsed_s=88.3
[snb-full][edge] progress file=/data/WorkSpace/ldbc-sf100/social_network/dynamic/post_0_0.csv rows=35000000 directed_edges=70000000 elapsed_s=91.1
[snb-full][edge] progress file=/data/WorkSpace/ldbc-sf100/social_network/dynamic/post_0_0.csv rows=36000000 directed_edges=72000000 elapsed_s=93.2
[snb-full][edge] progress file=/data/WorkSpace/ldbc-sf100/social_network/dynamic/post_0_0.csv rows=37000000 directed_edges=74000000 elapsed_s=95.4
[snb-full][edge] progress file=/data/WorkSpace/ldbc-sf100/social_network/dynamic/post_0_0.csv rows=38000000 directed_edges=76000000 elapsed_s=97.6
[snb-full][edge] progress file=/data/WorkSpace/ldbc-sf100/social_network/dynamic/post_0_0.csv rows=39000000 directed_edges=78000000 elapsed_s=99.8
[snb-full][edge] progress file=/data/WorkSpace/ldbc-sf100/social_network/dynamic/post_0_0.csv rows=40000000 directed_edges=80000000 elapsed_s=102.0
[snb-full][edge] progress file=/data/WorkSpace/ldbc-sf100/social_network/dynamic/post_0_0.csv rows=41000000 directed_edges=82000000 elapsed_s=104.2
[snb-full][edge] progress file=/data/WorkSpace/ldbc-sf100/social_network/dynamic/post_0_0.csv rows=42000000 directed_edges=84000000 elapsed_s=106.2
[snb-full][edge] progress file=/data/WorkSpace/ldbc-sf100/social_network/dynamic/post_0_0.csv rows=43000000 directed_edges=86000000 elapsed_s=108.3
[snb-full][edge] progress file=/data/WorkSpace/ldbc-sf100/social_network/dynamic/post_0_0.csv rows=44000000 directed_edges=88000000 elapsed_s=111.0
[snb-full][edge] progress file=/data/WorkSpace/ldbc-sf100/social_network/dynamic/post_0_0.csv rows=45000000 directed_edges=90000000 elapsed_s=112.8
[snb-full][edge] progress file=/data/WorkSpace/ldbc-sf100/social_network/dynamic/post_0_0.csv rows=46000000 directed_edges=92000000 elapsed_s=115.2
[snb-full][edge] progress file=/data/WorkSpace/ldbc-sf100/social_network/dynamic/post_0_0.csv rows=47000000 directed_edges=94000000 elapsed_s=118.1
[snb-full][edge] progress file=/data/WorkSpace/ldbc-sf100/social_network/dynamic/post_0_0.csv rows=48000000 directed_edges=96000000 elapsed_s=120.4
[snb-full][edge] progress file=/data/WorkSpace/ldbc-sf100/social_network/dynamic/post_0_0.csv rows=49000000 directed_edges=98000000 elapsed_s=122.2
[snb-full][edge] progress file=/data/WorkSpace/ldbc-sf100/social_network/dynamic/post_0_0.csv rows=50000000 directed_edges=100000000 elapsed_s=125.0
[snb-full][edge] progress file=/data/WorkSpace/ldbc-sf100/social_network/dynamic/post_0_0.csv rows=51000000 directed_edges=102000000 elapsed_s=127.6
[snb-full][edge] progress file=/data/WorkSpace/ldbc-sf100/social_network/dynamic/post_0_0.csv rows=52000000 directed_edges=104000000 elapsed_s=129.6
[snb-full][edge] progress file=/data/WorkSpace/ldbc-sf100/social_network/dynamic/post_0_0.csv rows=53000000 directed_edges=106000000 elapsed_s=131.9
[snb-full][edge] progress file=/data/WorkSpace/ldbc-sf100/social_network/dynamic/post_0_0.csv rows=54000000 directed_edges=108000000 elapsed_s=134.6
[snb-full][edge] progress file=/data/WorkSpace/ldbc-sf100/social_network/dynamic/post_0_0.csv rows=55000000 directed_edges=110000000 elapsed_s=136.9
[snb-full][edge] progress file=/data/WorkSpace/ldbc-sf100/social_network/dynamic/post_0_0.csv rows=56000000 directed_edges=112000000 elapsed_s=139.5
[snb-full][edge] progress file=/data/WorkSpace/ldbc-sf100/social_network/dynamic/post_0_0.csv rows=57000000 directed_edges=114000000 elapsed_s=141.6
[snb-full][edge] done file=/data/WorkSpace/ldbc-sf100/social_network/dynamic/post_0_0.csv rows=57987023 directed_edges=115974046 elapsed_s=144.1
[snb-full][edge] start file=/data/WorkSpace/ldbc-sf100/social_network/dynamic/post_0_0.csv edge=ContainerOf src=Forum dst=Post
[snb-full][edge] progress file=/data/WorkSpace/ldbc-sf100/social_network/dynamic/post_0_0.csv rows=1000000 directed_edges=2000000 elapsed_s=2.3
[snb-full][edge] progress file=/data/WorkSpace/ldbc-sf100/social_network/dynamic/post_0_0.csv rows=2000000 directed_edges=4000000 elapsed_s=4.5
[snb-full][edge] progress file=/data/WorkSpace/ldbc-sf100/social_network/dynamic/post_0_0.csv rows=3000000 directed_edges=6000000 elapsed_s=6.8
[snb-full][edge] progress file=/data/WorkSpace/ldbc-sf100/social_network/dynamic/post_0_0.csv rows=4000000 directed_edges=8000000 elapsed_s=8.9
[snb-full][edge] progress file=/data/WorkSpace/ldbc-sf100/social_network/dynamic/post_0_0.csv rows=5000000 directed_edges=10000000 elapsed_s=11.3
[snb-full][edge] progress file=/data/WorkSpace/ldbc-sf100/social_network/dynamic/post_0_0.csv rows=6000000 directed_edges=12000000 elapsed_s=13.5
[snb-full][edge] progress file=/data/WorkSpace/ldbc-sf100/social_network/dynamic/post_0_0.csv rows=7000000 directed_edges=14000000 elapsed_s=15.8
[snb-full][edge] progress file=/data/WorkSpace/ldbc-sf100/social_network/dynamic/post_0_0.csv rows=8000000 directed_edges=16000000 elapsed_s=17.8
[snb-full][edge] progress file=/data/WorkSpace/ldbc-sf100/social_network/dynamic/post_0_0.csv rows=9000000 directed_edges=18000000 elapsed_s=20.1
[snb-full][edge] progress file=/data/WorkSpace/ldbc-sf100/social_network/dynamic/post_0_0.csv rows=10000000 directed_edges=20000000 elapsed_s=22.8
[snb-full][edge] progress file=/data/WorkSpace/ldbc-sf100/social_network/dynamic/post_0_0.csv rows=11000000 directed_edges=22000000 elapsed_s=24.7
[snb-full][edge] progress file=/data/WorkSpace/ldbc-sf100/social_network/dynamic/post_0_0.csv rows=12000000 directed_edges=24000000 elapsed_s=26.8
[snb-full][edge] progress file=/data/WorkSpace/ldbc-sf100/social_network/dynamic/post_0_0.csv rows=13000000 directed_edges=26000000 elapsed_s=29.2
[snb-full][edge] progress file=/data/WorkSpace/ldbc-sf100/social_network/dynamic/post_0_0.csv rows=14000000 directed_edges=28000000 elapsed_s=31.5
[snb-full][edge] progress file=/data/WorkSpace/ldbc-sf100/social_network/dynamic/post_0_0.csv rows=15000000 directed_edges=30000000 elapsed_s=33.5
[snb-full][edge] progress file=/data/WorkSpace/ldbc-sf100/social_network/dynamic/post_0_0.csv rows=16000000 directed_edges=32000000 elapsed_s=35.8
[snb-full][edge] progress file=/data/WorkSpace/ldbc-sf100/social_network/dynamic/post_0_0.csv rows=17000000 directed_edges=34000000 elapsed_s=38.1
[snb-full][edge] progress file=/data/WorkSpace/ldbc-sf100/social_network/dynamic/post_0_0.csv rows=18000000 directed_edges=36000000 elapsed_s=40.2
[snb-full][edge] progress file=/data/WorkSpace/ldbc-sf100/social_network/dynamic/post_0_0.csv rows=19000000 directed_edges=38000000 elapsed_s=42.5
[snb-full][edge] progress file=/data/WorkSpace/ldbc-sf100/social_network/dynamic/post_0_0.csv rows=20000000 directed_edges=40000000 elapsed_s=45.1
[snb-full][edge] progress file=/data/WorkSpace/ldbc-sf100/social_network/dynamic/post_0_0.csv rows=21000000 directed_edges=42000000 elapsed_s=47.3
[snb-full][edge] progress file=/data/WorkSpace/ldbc-sf100/social_network/dynamic/post_0_0.csv rows=22000000 directed_edges=44000000 elapsed_s=49.6
[snb-full][edge] progress file=/data/WorkSpace/ldbc-sf100/social_network/dynamic/post_0_0.csv rows=23000000 directed_edges=46000000 elapsed_s=51.9
[snb-full][edge] progress file=/data/WorkSpace/ldbc-sf100/social_network/dynamic/post_0_0.csv rows=24000000 directed_edges=48000000 elapsed_s=54.0
[snb-full][edge] progress file=/data/WorkSpace/ldbc-sf100/social_network/dynamic/post_0_0.csv rows=25000000 directed_edges=50000000 elapsed_s=56.1
[snb-full][edge] progress file=/data/WorkSpace/ldbc-sf100/social_network/dynamic/post_0_0.csv rows=26000000 directed_edges=52000000 elapsed_s=58.6
[snb-full][edge] progress file=/data/WorkSpace/ldbc-sf100/social_network/dynamic/post_0_0.csv rows=27000000 directed_edges=54000000 elapsed_s=60.8
[snb-full][edge] progress file=/data/WorkSpace/ldbc-sf100/social_network/dynamic/post_0_0.csv rows=28000000 directed_edges=56000000 elapsed_s=63.0
[snb-full][edge] progress file=/data/WorkSpace/ldbc-sf100/social_network/dynamic/post_0_0.csv rows=29000000 directed_edges=58000000 elapsed_s=65.3
[snb-full][edge] progress file=/data/WorkSpace/ldbc-sf100/social_network/dynamic/post_0_0.csv rows=30000000 directed_edges=60000000 elapsed_s=67.7
[snb-full][edge] progress file=/data/WorkSpace/ldbc-sf100/social_network/dynamic/post_0_0.csv rows=31000000 directed_edges=62000000 elapsed_s=70.1
[snb-full][edge] progress file=/data/WorkSpace/ldbc-sf100/social_network/dynamic/post_0_0.csv rows=32000000 directed_edges=64000000 elapsed_s=71.9
[snb-full][edge] progress file=/data/WorkSpace/ldbc-sf100/social_network/dynamic/post_0_0.csv rows=33000000 directed_edges=66000000 elapsed_s=74.2
[snb-full][edge] progress file=/data/WorkSpace/ldbc-sf100/social_network/dynamic/post_0_0.csv rows=34000000 directed_edges=68000000 elapsed_s=76.4
[snb-full][edge] progress file=/data/WorkSpace/ldbc-sf100/social_network/dynamic/post_0_0.csv rows=35000000 directed_edges=70000000 elapsed_s=78.6
[snb-full][edge] progress file=/data/WorkSpace/ldbc-sf100/social_network/dynamic/post_0_0.csv rows=36000000 directed_edges=72000000 elapsed_s=80.8
[snb-full][edge] progress file=/data/WorkSpace/ldbc-sf100/social_network/dynamic/post_0_0.csv rows=37000000 directed_edges=74000000 elapsed_s=83.1
[snb-full][edge] progress file=/data/WorkSpace/ldbc-sf100/social_network/dynamic/post_0_0.csv rows=38000000 directed_edges=76000000 elapsed_s=85.2
[snb-full][edge] progress file=/data/WorkSpace/ldbc-sf100/social_network/dynamic/post_0_0.csv rows=39000000 directed_edges=78000000 elapsed_s=87.4
[snb-full][edge] progress file=/data/WorkSpace/ldbc-sf100/social_network/dynamic/post_0_0.csv rows=40000000 directed_edges=80000000 elapsed_s=89.5
[snb-full][edge] progress file=/data/WorkSpace/ldbc-sf100/social_network/dynamic/post_0_0.csv rows=41000000 directed_edges=82000000 elapsed_s=91.8
[snb-full][edge] progress file=/data/WorkSpace/ldbc-sf100/social_network/dynamic/post_0_0.csv rows=42000000 directed_edges=84000000 elapsed_s=94.1
[snb-full][edge] progress file=/data/WorkSpace/ldbc-sf100/social_network/dynamic/post_0_0.csv rows=43000000 directed_edges=86000000 elapsed_s=96.3
[snb-full][edge] progress file=/data/WorkSpace/ldbc-sf100/social_network/dynamic/post_0_0.csv rows=44000000 directed_edges=88000000 elapsed_s=98.6
[snb-full][edge] progress file=/data/WorkSpace/ldbc-sf100/social_network/dynamic/post_0_0.csv rows=45000000 directed_edges=90000000 elapsed_s=100.8
[snb-full][edge] progress file=/data/WorkSpace/ldbc-sf100/social_network/dynamic/post_0_0.csv rows=46000000 directed_edges=92000000 elapsed_s=103.1
[snb-full][edge] progress file=/data/WorkSpace/ldbc-sf100/social_network/dynamic/post_0_0.csv rows=47000000 directed_edges=94000000 elapsed_s=105.4
[snb-full][edge] progress file=/data/WorkSpace/ldbc-sf100/social_network/dynamic/post_0_0.csv rows=48000000 directed_edges=96000000 elapsed_s=107.7
[snb-full][edge] progress file=/data/WorkSpace/ldbc-sf100/social_network/dynamic/post_0_0.csv rows=49000000 directed_edges=98000000 elapsed_s=109.9
[snb-full][edge] progress file=/data/WorkSpace/ldbc-sf100/social_network/dynamic/post_0_0.csv rows=50000000 directed_edges=100000000 elapsed_s=112.2
[snb-full][edge] progress file=/data/WorkSpace/ldbc-sf100/social_network/dynamic/post_0_0.csv rows=51000000 directed_edges=102000000 elapsed_s=114.0
[snb-full][edge] progress file=/data/WorkSpace/ldbc-sf100/social_network/dynamic/post_0_0.csv rows=52000000 directed_edges=104000000 elapsed_s=116.6
[snb-full][edge] progress file=/data/WorkSpace/ldbc-sf100/social_network/dynamic/post_0_0.csv rows=53000000 directed_edges=106000000 elapsed_s=118.5
[snb-full][edge] progress file=/data/WorkSpace/ldbc-sf100/social_network/dynamic/post_0_0.csv rows=54000000 directed_edges=108000000 elapsed_s=120.2
[snb-full][edge] progress file=/data/WorkSpace/ldbc-sf100/social_network/dynamic/post_0_0.csv rows=55000000 directed_edges=110000000 elapsed_s=121.9
[snb-full][edge] progress file=/data/WorkSpace/ldbc-sf100/social_network/dynamic/post_0_0.csv rows=56000000 directed_edges=112000000 elapsed_s=123.6
[snb-full][edge] progress file=/data/WorkSpace/ldbc-sf100/social_network/dynamic/post_0_0.csv rows=57000000 directed_edges=114000000 elapsed_s=125.2
[snb-full][edge] done file=/data/WorkSpace/ldbc-sf100/social_network/dynamic/post_0_0.csv rows=57987023 directed_edges=115974046 elapsed_s=126.9
[snb-full][edge] start file=/data/WorkSpace/ldbc-sf100/social_network/dynamic/post_0_0.csv edge=IsLocatedIn src=Post dst=Place
[snb-full][edge] progress file=/data/WorkSpace/ldbc-sf100/social_network/dynamic/post_0_0.csv rows=1000000 directed_edges=2000000 elapsed_s=1.8
[snb-full][edge] progress file=/data/WorkSpace/ldbc-sf100/social_network/dynamic/post_0_0.csv rows=2000000 directed_edges=4000000 elapsed_s=3.7
[snb-full][edge] progress file=/data/WorkSpace/ldbc-sf100/social_network/dynamic/post_0_0.csv rows=3000000 directed_edges=6000000 elapsed_s=5.7
[snb-full][edge] progress file=/data/WorkSpace/ldbc-sf100/social_network/dynamic/post_0_0.csv rows=4000000 directed_edges=8000000 elapsed_s=7.7
[snb-full][edge] progress file=/data/WorkSpace/ldbc-sf100/social_network/dynamic/post_0_0.csv rows=5000000 directed_edges=10000000 elapsed_s=9.7
[snb-full][edge] progress file=/data/WorkSpace/ldbc-sf100/social_network/dynamic/post_0_0.csv rows=6000000 directed_edges=12000000 elapsed_s=11.7
[snb-full][edge] progress file=/data/WorkSpace/ldbc-sf100/social_network/dynamic/post_0_0.csv rows=7000000 directed_edges=14000000 elapsed_s=13.6
[snb-full][edge] progress file=/data/WorkSpace/ldbc-sf100/social_network/dynamic/post_0_0.csv rows=8000000 directed_edges=16000000 elapsed_s=15.6
[snb-full][edge] progress file=/data/WorkSpace/ldbc-sf100/social_network/dynamic/post_0_0.csv rows=9000000 directed_edges=18000000 elapsed_s=17.6
[snb-full][edge] progress file=/data/WorkSpace/ldbc-sf100/social_network/dynamic/post_0_0.csv rows=10000000 directed_edges=20000000 elapsed_s=20.5
[snb-full][edge] progress file=/data/WorkSpace/ldbc-sf100/social_network/dynamic/post_0_0.csv rows=11000000 directed_edges=22000000 elapsed_s=23.8
[snb-full][edge] progress file=/data/WorkSpace/ldbc-sf100/social_network/dynamic/post_0_0.csv rows=12000000 directed_edges=24000000 elapsed_s=26.6
[snb-full][edge] progress file=/data/WorkSpace/ldbc-sf100/social_network/dynamic/post_0_0.csv rows=13000000 directed_edges=26000000 elapsed_s=29.2
[snb-full][edge] progress file=/data/WorkSpace/ldbc-sf100/social_network/dynamic/post_0_0.csv rows=14000000 directed_edges=28000000 elapsed_s=32.5
[snb-full][edge] progress file=/data/WorkSpace/ldbc-sf100/social_network/dynamic/post_0_0.csv rows=15000000 directed_edges=30000000 elapsed_s=35.6
[snb-full][edge] progress file=/data/WorkSpace/ldbc-sf100/social_network/dynamic/post_0_0.csv rows=16000000 directed_edges=32000000 elapsed_s=39.4
[snb-full][edge] progress file=/data/WorkSpace/ldbc-sf100/social_network/dynamic/post_0_0.csv rows=17000000 directed_edges=34000000 elapsed_s=51.3
[snb-full][edge] progress file=/data/WorkSpace/ldbc-sf100/social_network/dynamic/post_0_0.csv rows=18000000 directed_edges=36000000 elapsed_s=53.1
[snb-full][edge] progress file=/data/WorkSpace/ldbc-sf100/social_network/dynamic/post_0_0.csv rows=19000000 directed_edges=38000000 elapsed_s=54.9
[snb-full][edge] progress file=/data/WorkSpace/ldbc-sf100/social_network/dynamic/post_0_0.csv rows=20000000 directed_edges=40000000 elapsed_s=62.7
[snb-full][edge] progress file=/data/WorkSpace/ldbc-sf100/social_network/dynamic/post_0_0.csv rows=21000000 directed_edges=42000000 elapsed_s=64.5
[snb-full][edge] progress file=/data/WorkSpace/ldbc-sf100/social_network/dynamic/post_0_0.csv rows=22000000 directed_edges=44000000 elapsed_s=66.3
[snb-full][edge] progress file=/data/WorkSpace/ldbc-sf100/social_network/dynamic/post_0_0.csv rows=23000000 directed_edges=46000000 elapsed_s=72.5
[snb-full][edge] progress file=/data/WorkSpace/ldbc-sf100/social_network/dynamic/post_0_0.csv rows=24000000 directed_edges=48000000 elapsed_s=74.5
[snb-full][edge] progress file=/data/WorkSpace/ldbc-sf100/social_network/dynamic/post_0_0.csv rows=25000000 directed_edges=50000000 elapsed_s=76.2
[snb-full][edge] progress file=/data/WorkSpace/ldbc-sf100/social_network/dynamic/post_0_0.csv rows=26000000 directed_edges=52000000 elapsed_s=79.8
[snb-full][edge] progress file=/data/WorkSpace/ldbc-sf100/social_network/dynamic/post_0_0.csv rows=27000000 directed_edges=54000000 elapsed_s=82.1
[snb-full][edge] progress file=/data/WorkSpace/ldbc-sf100/social_network/dynamic/post_0_0.csv rows=28000000 directed_edges=56000000 elapsed_s=84.5
[snb-full][edge] progress file=/data/WorkSpace/ldbc-sf100/social_network/dynamic/post_0_0.csv rows=29000000 directed_edges=58000000 elapsed_s=86.9
[snb-full][edge] progress file=/data/WorkSpace/ldbc-sf100/social_network/dynamic/post_0_0.csv rows=30000000 directed_edges=60000000 elapsed_s=89.2
[snb-full][edge] progress file=/data/WorkSpace/ldbc-sf100/social_network/dynamic/post_0_0.csv rows=31000000 directed_edges=62000000 elapsed_s=91.7
[snb-full][edge] progress file=/data/WorkSpace/ldbc-sf100/social_network/dynamic/post_0_0.csv rows=32000000 directed_edges=64000000 elapsed_s=94.2
[snb-full][edge] progress file=/data/WorkSpace/ldbc-sf100/social_network/dynamic/post_0_0.csv rows=33000000 directed_edges=66000000 elapsed_s=96.6
[snb-full][edge] progress file=/data/WorkSpace/ldbc-sf100/social_network/dynamic/post_0_0.csv rows=34000000 directed_edges=68000000 elapsed_s=99.2
[snb-full][edge] progress file=/data/WorkSpace/ldbc-sf100/social_network/dynamic/post_0_0.csv rows=35000000 directed_edges=70000000 elapsed_s=101.5
[snb-full][edge] progress file=/data/WorkSpace/ldbc-sf100/social_network/dynamic/post_0_0.csv rows=36000000 directed_edges=72000000 elapsed_s=103.8
[snb-full][edge] progress file=/data/WorkSpace/ldbc-sf100/social_network/dynamic/post_0_0.csv rows=37000000 directed_edges=74000000 elapsed_s=106.3
[snb-full][edge] progress file=/data/WorkSpace/ldbc-sf100/social_network/dynamic/post_0_0.csv rows=38000000 directed_edges=76000000 elapsed_s=108.5
[snb-full][edge] progress file=/data/WorkSpace/ldbc-sf100/social_network/dynamic/post_0_0.csv rows=39000000 directed_edges=78000000 elapsed_s=110.4
[snb-full][edge] progress file=/data/WorkSpace/ldbc-sf100/social_network/dynamic/post_0_0.csv rows=40000000 directed_edges=80000000 elapsed_s=113.6
[snb-full][edge] progress file=/data/WorkSpace/ldbc-sf100/social_network/dynamic/post_0_0.csv rows=41000000 directed_edges=82000000 elapsed_s=115.9
[snb-full][edge] progress file=/data/WorkSpace/ldbc-sf100/social_network/dynamic/post_0_0.csv rows=42000000 directed_edges=84000000 elapsed_s=117.8
[snb-full][edge] progress file=/data/WorkSpace/ldbc-sf100/social_network/dynamic/post_0_0.csv rows=43000000 directed_edges=86000000 elapsed_s=121.0
[snb-full][edge] progress file=/data/WorkSpace/ldbc-sf100/social_network/dynamic/post_0_0.csv rows=44000000 directed_edges=88000000 elapsed_s=123.8
[snb-full][edge] progress file=/data/WorkSpace/ldbc-sf100/social_network/dynamic/post_0_0.csv rows=45000000 directed_edges=90000000 elapsed_s=125.8
[snb-full][edge] progress file=/data/WorkSpace/ldbc-sf100/social_network/dynamic/post_0_0.csv rows=46000000 directed_edges=92000000 elapsed_s=128.2
[snb-full][edge] progress file=/data/WorkSpace/ldbc-sf100/social_network/dynamic/post_0_0.csv rows=47000000 directed_edges=94000000 elapsed_s=130.4
[snb-full][edge] progress file=/data/WorkSpace/ldbc-sf100/social_network/dynamic/post_0_0.csv rows=48000000 directed_edges=96000000 elapsed_s=132.8
[snb-full][edge] progress file=/data/WorkSpace/ldbc-sf100/social_network/dynamic/post_0_0.csv rows=49000000 directed_edges=98000000 elapsed_s=135.2
[snb-full][edge] progress file=/data/WorkSpace/ldbc-sf100/social_network/dynamic/post_0_0.csv rows=50000000 directed_edges=100000000 elapsed_s=137.5
[snb-full][edge] progress file=/data/WorkSpace/ldbc-sf100/social_network/dynamic/post_0_0.csv rows=51000000 directed_edges=102000000 elapsed_s=139.8
[snb-full][edge] progress file=/data/WorkSpace/ldbc-sf100/social_network/dynamic/post_0_0.csv rows=52000000 directed_edges=104000000 elapsed_s=142.4
[snb-full][edge] progress file=/data/WorkSpace/ldbc-sf100/social_network/dynamic/post_0_0.csv rows=53000000 directed_edges=106000000 elapsed_s=144.8
[snb-full][edge] progress file=/data/WorkSpace/ldbc-sf100/social_network/dynamic/post_0_0.csv rows=54000000 directed_edges=108000000 elapsed_s=147.0
[snb-full][edge] progress file=/data/WorkSpace/ldbc-sf100/social_network/dynamic/post_0_0.csv rows=55000000 directed_edges=110000000 elapsed_s=149.4
[snb-full][edge] progress file=/data/WorkSpace/ldbc-sf100/social_network/dynamic/post_0_0.csv rows=56000000 directed_edges=112000000 elapsed_s=151.7
[snb-full][edge] progress file=/data/WorkSpace/ldbc-sf100/social_network/dynamic/post_0_0.csv rows=57000000 directed_edges=114000000 elapsed_s=154.1
[snb-full][edge] done file=/data/WorkSpace/ldbc-sf100/social_network/dynamic/post_0_0.csv rows=57987023 directed_edges=115974046 elapsed_s=156.6
[snb-full][edge] start file=/data/WorkSpace/ldbc-sf100/social_network/dynamic/comment_0_0.csv edge=HasCreator src=Comment dst=Person
[snb-full][edge] progress file=/data/WorkSpace/ldbc-sf100/social_network/dynamic/comment_0_0.csv rows=1000000 directed_edges=2000000 elapsed_s=2.5
[snb-full][edge] progress file=/data/WorkSpace/ldbc-sf100/social_network/dynamic/comment_0_0.csv rows=2000000 directed_edges=4000000 elapsed_s=4.8
[snb-full][edge] progress file=/data/WorkSpace/ldbc-sf100/social_network/dynamic/comment_0_0.csv rows=3000000 directed_edges=6000000 elapsed_s=6.8
[snb-full][edge] progress file=/data/WorkSpace/ldbc-sf100/social_network/dynamic/comment_0_0.csv rows=4000000 directed_edges=8000000 elapsed_s=9.7
[snb-full][edge] progress file=/data/WorkSpace/ldbc-sf100/social_network/dynamic/comment_0_0.csv rows=5000000 directed_edges=10000000 elapsed_s=12.8
[snb-full][edge] progress file=/data/WorkSpace/ldbc-sf100/social_network/dynamic/comment_0_0.csv rows=6000000 directed_edges=12000000 elapsed_s=14.6
[snb-full][edge] progress file=/data/WorkSpace/ldbc-sf100/social_network/dynamic/comment_0_0.csv rows=7000000 directed_edges=14000000 elapsed_s=17.4
[snb-full][edge] progress file=/data/WorkSpace/ldbc-sf100/social_network/dynamic/comment_0_0.csv rows=8000000 directed_edges=16000000 elapsed_s=20.3
[snb-full][edge] progress file=/data/WorkSpace/ldbc-sf100/social_network/dynamic/comment_0_0.csv rows=9000000 directed_edges=18000000 elapsed_s=22.3
[snb-full][edge] progress file=/data/WorkSpace/ldbc-sf100/social_network/dynamic/comment_0_0.csv rows=10000000 directed_edges=20000000 elapsed_s=25.0
[snb-full][edge] progress file=/data/WorkSpace/ldbc-sf100/social_network/dynamic/comment_0_0.csv rows=11000000 directed_edges=22000000 elapsed_s=27.1
[snb-full][edge] progress file=/data/WorkSpace/ldbc-sf100/social_network/dynamic/comment_0_0.csv rows=12000000 directed_edges=24000000 elapsed_s=29.9
[snb-full][edge] progress file=/data/WorkSpace/ldbc-sf100/social_network/dynamic/comment_0_0.csv rows=13000000 directed_edges=26000000 elapsed_s=32.5
[snb-full][edge] progress file=/data/WorkSpace/ldbc-sf100/social_network/dynamic/comment_0_0.csv rows=14000000 directed_edges=28000000 elapsed_s=35.2
[snb-full][edge] progress file=/data/WorkSpace/ldbc-sf100/social_network/dynamic/comment_0_0.csv rows=15000000 directed_edges=30000000 elapsed_s=37.8
[snb-full][edge] progress file=/data/WorkSpace/ldbc-sf100/social_network/dynamic/comment_0_0.csv rows=16000000 directed_edges=32000000 elapsed_s=40.5
[snb-full][edge] progress file=/data/WorkSpace/ldbc-sf100/social_network/dynamic/comment_0_0.csv rows=17000000 directed_edges=34000000 elapsed_s=42.8
[snb-full][edge] progress file=/data/WorkSpace/ldbc-sf100/social_network/dynamic/comment_0_0.csv rows=18000000 directed_edges=36000000 elapsed_s=45.1
[snb-full][edge] progress file=/data/WorkSpace/ldbc-sf100/social_network/dynamic/comment_0_0.csv rows=19000000 directed_edges=38000000 elapsed_s=47.7
[snb-full][edge] progress file=/data/WorkSpace/ldbc-sf100/social_network/dynamic/comment_0_0.csv rows=20000000 directed_edges=40000000 elapsed_s=50.0
[snb-full][edge] progress file=/data/WorkSpace/ldbc-sf100/social_network/dynamic/comment_0_0.csv rows=21000000 directed_edges=42000000 elapsed_s=52.2
[snb-full][edge] progress file=/data/WorkSpace/ldbc-sf100/social_network/dynamic/comment_0_0.csv rows=22000000 directed_edges=44000000 elapsed_s=54.1
[snb-full][edge] progress file=/data/WorkSpace/ldbc-sf100/social_network/dynamic/comment_0_0.csv rows=23000000 directed_edges=46000000 elapsed_s=56.6
[snb-full][edge] progress file=/data/WorkSpace/ldbc-sf100/social_network/dynamic/comment_0_0.csv rows=24000000 directed_edges=48000000 elapsed_s=59.1
[snb-full][edge] progress file=/data/WorkSpace/ldbc-sf100/social_network/dynamic/comment_0_0.csv rows=25000000 directed_edges=50000000 elapsed_s=60.9
[snb-full][edge] progress file=/data/WorkSpace/ldbc-sf100/social_network/dynamic/comment_0_0.csv rows=26000000 directed_edges=52000000 elapsed_s=63.4
[snb-full][edge] progress file=/data/WorkSpace/ldbc-sf100/social_network/dynamic/comment_0_0.csv rows=27000000 directed_edges=54000000 elapsed_s=66.1
[snb-full][edge] progress file=/data/WorkSpace/ldbc-sf100/social_network/dynamic/comment_0_0.csv rows=28000000 directed_edges=56000000 elapsed_s=68.1
[snb-full][edge] progress file=/data/WorkSpace/ldbc-sf100/social_network/dynamic/comment_0_0.csv rows=29000000 directed_edges=58000000 elapsed_s=70.4
[snb-full][edge] progress file=/data/WorkSpace/ldbc-sf100/social_network/dynamic/comment_0_0.csv rows=30000000 directed_edges=60000000 elapsed_s=72.9
[snb-full][edge] progress file=/data/WorkSpace/ldbc-sf100/social_network/dynamic/comment_0_0.csv rows=31000000 directed_edges=62000000 elapsed_s=75.2
[snb-full][edge] progress file=/data/WorkSpace/ldbc-sf100/social_network/dynamic/comment_0_0.csv rows=32000000 directed_edges=64000000 elapsed_s=77.4
[snb-full][edge] progress file=/data/WorkSpace/ldbc-sf100/social_network/dynamic/comment_0_0.csv rows=33000000 directed_edges=66000000 elapsed_s=79.9
[snb-full][edge] progress file=/data/WorkSpace/ldbc-sf100/social_network/dynamic/comment_0_0.csv rows=34000000 directed_edges=68000000 elapsed_s=82.5
[snb-full][edge] progress file=/data/WorkSpace/ldbc-sf100/social_network/dynamic/comment_0_0.csv rows=35000000 directed_edges=70000000 elapsed_s=84.8
[snb-full][edge] progress file=/data/WorkSpace/ldbc-sf100/social_network/dynamic/comment_0_0.csv rows=36000000 directed_edges=72000000 elapsed_s=87.0
[snb-full][edge] progress file=/data/WorkSpace/ldbc-sf100/social_network/dynamic/comment_0_0.csv rows=37000000 directed_edges=74000000 elapsed_s=89.4
[snb-full][edge] progress file=/data/WorkSpace/ldbc-sf100/social_network/dynamic/comment_0_0.csv rows=38000000 directed_edges=76000000 elapsed_s=92.0
[snb-full][edge] progress file=/data/WorkSpace/ldbc-sf100/social_network/dynamic/comment_0_0.csv rows=39000000 directed_edges=78000000 elapsed_s=94.3
[snb-full][edge] progress file=/data/WorkSpace/ldbc-sf100/social_network/dynamic/comment_0_0.csv rows=40000000 directed_edges=80000000 elapsed_s=96.3
[snb-full][edge] progress file=/data/WorkSpace/ldbc-sf100/social_network/dynamic/comment_0_0.csv rows=41000000 directed_edges=82000000 elapsed_s=98.9
[snb-full][edge] progress file=/data/WorkSpace/ldbc-sf100/social_network/dynamic/comment_0_0.csv rows=42000000 directed_edges=84000000 elapsed_s=101.9
[snb-full][edge] progress file=/data/WorkSpace/ldbc-sf100/social_network/dynamic/comment_0_0.csv rows=43000000 directed_edges=86000000 elapsed_s=104.1
[snb-full][edge] progress file=/data/WorkSpace/ldbc-sf100/social_network/dynamic/comment_0_0.csv rows=44000000 directed_edges=88000000 elapsed_s=106.1
[snb-full][edge] progress file=/data/WorkSpace/ldbc-sf100/social_network/dynamic/comment_0_0.csv rows=45000000 directed_edges=90000000 elapsed_s=108.7
[snb-full][edge] progress file=/data/WorkSpace/ldbc-sf100/social_network/dynamic/comment_0_0.csv rows=46000000 directed_edges=92000000 elapsed_s=111.6
[snb-full][edge] progress file=/data/WorkSpace/ldbc-sf100/social_network/dynamic/comment_0_0.csv rows=47000000 directed_edges=94000000 elapsed_s=113.5
[snb-full][edge] progress file=/data/WorkSpace/ldbc-sf100/social_network/dynamic/comment_0_0.csv rows=48000000 directed_edges=96000000 elapsed_s=115.8
[snb-full][edge] progress file=/data/WorkSpace/ldbc-sf100/social_network/dynamic/comment_0_0.csv rows=49000000 directed_edges=98000000 elapsed_s=118.6
[snb-full][edge] progress file=/data/WorkSpace/ldbc-sf100/social_network/dynamic/comment_0_0.csv rows=50000000 directed_edges=100000000 elapsed_s=120.9
[snb-full][edge] progress file=/data/WorkSpace/ldbc-sf100/social_network/dynamic/comment_0_0.csv rows=51000000 directed_edges=102000000 elapsed_s=123.4
[snb-full][edge] progress file=/data/WorkSpace/ldbc-sf100/social_network/dynamic/comment_0_0.csv rows=52000000 directed_edges=104000000 elapsed_s=126.2
[snb-full][edge] progress file=/data/WorkSpace/ldbc-sf100/social_network/dynamic/comment_0_0.csv rows=53000000 directed_edges=106000000 elapsed_s=128.6
[snb-full][edge] progress file=/data/WorkSpace/ldbc-sf100/social_network/dynamic/comment_0_0.csv rows=54000000 directed_edges=108000000 elapsed_s=131.1
[snb-full][edge] progress file=/data/WorkSpace/ldbc-sf100/social_network/dynamic/comment_0_0.csv rows=55000000 directed_edges=110000000 elapsed_s=133.4
[snb-full][edge] progress file=/data/WorkSpace/ldbc-sf100/social_network/dynamic/comment_0_0.csv rows=56000000 directed_edges=112000000 elapsed_s=135.7
[snb-full][edge] progress file=/data/WorkSpace/ldbc-sf100/social_network/dynamic/comment_0_0.csv rows=57000000 directed_edges=114000000 elapsed_s=138.0
[snb-full][edge] progress file=/data/WorkSpace/ldbc-sf100/social_network/dynamic/comment_0_0.csv rows=58000000 directed_edges=116000000 elapsed_s=140.4
[snb-full][edge] progress file=/data/WorkSpace/ldbc-sf100/social_network/dynamic/comment_0_0.csv rows=59000000 directed_edges=118000000 elapsed_s=142.7
[snb-full][edge] progress file=/data/WorkSpace/ldbc-sf100/social_network/dynamic/comment_0_0.csv rows=60000000 directed_edges=120000000 elapsed_s=145.0
[snb-full][edge] progress file=/data/WorkSpace/ldbc-sf100/social_network/dynamic/comment_0_0.csv rows=61000000 directed_edges=122000000 elapsed_s=147.8
[snb-full][edge] progress file=/data/WorkSpace/ldbc-sf100/social_network/dynamic/comment_0_0.csv rows=62000000 directed_edges=124000000 elapsed_s=150.2
[snb-full][edge] progress file=/data/WorkSpace/ldbc-sf100/social_network/dynamic/comment_0_0.csv rows=63000000 directed_edges=126000000 elapsed_s=152.8
[snb-full][edge] progress file=/data/WorkSpace/ldbc-sf100/social_network/dynamic/comment_0_0.csv rows=64000000 directed_edges=128000000 elapsed_s=155.1
[snb-full][edge] progress file=/data/WorkSpace/ldbc-sf100/social_network/dynamic/comment_0_0.csv rows=65000000 directed_edges=130000000 elapsed_s=157.2
[snb-full][edge] progress file=/data/WorkSpace/ldbc-sf100/social_network/dynamic/comment_0_0.csv rows=66000000 directed_edges=132000000 elapsed_s=159.3
[snb-full][edge] progress file=/data/WorkSpace/ldbc-sf100/social_network/dynamic/comment_0_0.csv rows=67000000 directed_edges=134000000 elapsed_s=161.8
[snb-full][edge] progress file=/data/WorkSpace/ldbc-sf100/social_network/dynamic/comment_0_0.csv rows=68000000 directed_edges=136000000 elapsed_s=164.0
[snb-full][edge] progress file=/data/WorkSpace/ldbc-sf100/social_network/dynamic/comment_0_0.csv rows=69000000 directed_edges=138000000 elapsed_s=166.3
[snb-full][edge] progress file=/data/WorkSpace/ldbc-sf100/social_network/dynamic/comment_0_0.csv rows=70000000 directed_edges=140000000 elapsed_s=168.7
[snb-full][edge] progress file=/data/WorkSpace/ldbc-sf100/social_network/dynamic/comment_0_0.csv rows=71000000 directed_edges=142000000 elapsed_s=170.8
[snb-full][edge] progress file=/data/WorkSpace/ldbc-sf100/social_network/dynamic/comment_0_0.csv rows=72000000 directed_edges=144000000 elapsed_s=173.2
[snb-full][edge] progress file=/data/WorkSpace/ldbc-sf100/social_network/dynamic/comment_0_0.csv rows=73000000 directed_edges=146000000 elapsed_s=176.0
[snb-full][edge] progress file=/data/WorkSpace/ldbc-sf100/social_network/dynamic/comment_0_0.csv rows=74000000 directed_edges=148000000 elapsed_s=178.4
[snb-full][edge] progress file=/data/WorkSpace/ldbc-sf100/social_network/dynamic/comment_0_0.csv rows=75000000 directed_edges=150000000 elapsed_s=181.0
[snb-full][edge] progress file=/data/WorkSpace/ldbc-sf100/social_network/dynamic/comment_0_0.csv rows=76000000 directed_edges=152000000 elapsed_s=183.6
[snb-full][edge] progress file=/data/WorkSpace/ldbc-sf100/social_network/dynamic/comment_0_0.csv rows=77000000 directed_edges=154000000 elapsed_s=186.4
[snb-full][edge] progress file=/data/WorkSpace/ldbc-sf100/social_network/dynamic/comment_0_0.csv rows=78000000 directed_edges=156000000 elapsed_s=188.8
[snb-full][edge] progress file=/data/WorkSpace/ldbc-sf100/social_network/dynamic/comment_0_0.csv rows=79000000 directed_edges=158000000 elapsed_s=191.3
[snb-full][edge] progress file=/data/WorkSpace/ldbc-sf100/social_network/dynamic/comment_0_0.csv rows=80000000 directed_edges=160000000 elapsed_s=193.5
[snb-full][edge] progress file=/data/WorkSpace/ldbc-sf100/social_network/dynamic/comment_0_0.csv rows=81000000 directed_edges=162000000 elapsed_s=196.1
[snb-full][edge] progress file=/data/WorkSpace/ldbc-sf100/social_network/dynamic/comment_0_0.csv rows=82000000 directed_edges=164000000 elapsed_s=198.8
[snb-full][edge] progress file=/data/WorkSpace/ldbc-sf100/social_network/dynamic/comment_0_0.csv rows=83000000 directed_edges=166000000 elapsed_s=201.1
[snb-full][edge] progress file=/data/WorkSpace/ldbc-sf100/social_network/dynamic/comment_0_0.csv rows=84000000 directed_edges=168000000 elapsed_s=202.9
[snb-full][edge] progress file=/data/WorkSpace/ldbc-sf100/social_network/dynamic/comment_0_0.csv rows=85000000 directed_edges=170000000 elapsed_s=205.3
[snb-full][edge] progress file=/data/WorkSpace/ldbc-sf100/social_network/dynamic/comment_0_0.csv rows=86000000 directed_edges=172000000 elapsed_s=208.2
[snb-full][edge] progress file=/data/WorkSpace/ldbc-sf100/social_network/dynamic/comment_0_0.csv rows=87000000 directed_edges=174000000 elapsed_s=210.3
[snb-full][edge] progress file=/data/WorkSpace/ldbc-sf100/social_network/dynamic/comment_0_0.csv rows=88000000 directed_edges=176000000 elapsed_s=212.4
[snb-full][edge] progress file=/data/WorkSpace/ldbc-sf100/social_network/dynamic/comment_0_0.csv rows=89000000 directed_edges=178000000 elapsed_s=214.7
[snb-full][edge] progress file=/data/WorkSpace/ldbc-sf100/social_network/dynamic/comment_0_0.csv rows=90000000 directed_edges=180000000 elapsed_s=217.0
[snb-full][edge] progress file=/data/WorkSpace/ldbc-sf100/social_network/dynamic/comment_0_0.csv rows=91000000 directed_edges=182000000 elapsed_s=219.3
[snb-full][edge] progress file=/data/WorkSpace/ldbc-sf100/social_network/dynamic/comment_0_0.csv rows=92000000 directed_edges=184000000 elapsed_s=222.0
[snb-full][edge] progress file=/data/WorkSpace/ldbc-sf100/social_network/dynamic/comment_0_0.csv rows=93000000 directed_edges=186000000 elapsed_s=224.3
[snb-full][edge] progress file=/data/WorkSpace/ldbc-sf100/social_network/dynamic/comment_0_0.csv rows=94000000 directed_edges=188000000 elapsed_s=226.8
[snb-full][edge] progress file=/data/WorkSpace/ldbc-sf100/social_network/dynamic/comment_0_0.csv rows=95000000 directed_edges=190000000 elapsed_s=229.2
[snb-full][edge] progress file=/data/WorkSpace/ldbc-sf100/social_network/dynamic/comment_0_0.csv rows=96000000 directed_edges=192000000 elapsed_s=231.9
[snb-full][edge] progress file=/data/WorkSpace/ldbc-sf100/social_network/dynamic/comment_0_0.csv rows=97000000 directed_edges=194000000 elapsed_s=234.2
[snb-full][edge] progress file=/data/WorkSpace/ldbc-sf100/social_network/dynamic/comment_0_0.csv rows=98000000 directed_edges=196000000 elapsed_s=236.7
[snb-full][edge] progress file=/data/WorkSpace/ldbc-sf100/social_network/dynamic/comment_0_0.csv rows=99000000 directed_edges=198000000 elapsed_s=239.0
[snb-full][edge] progress file=/data/WorkSpace/ldbc-sf100/social_network/dynamic/comment_0_0.csv rows=100000000 directed_edges=200000000 elapsed_s=241.3
[snb-full][edge] progress file=/data/WorkSpace/ldbc-sf100/social_network/dynamic/comment_0_0.csv rows=101000000 directed_edges=202000000 elapsed_s=244.0
[snb-full][edge] progress file=/data/WorkSpace/ldbc-sf100/social_network/dynamic/comment_0_0.csv rows=102000000 directed_edges=204000000 elapsed_s=246.5
[snb-full][edge] progress file=/data/WorkSpace/ldbc-sf100/social_network/dynamic/comment_0_0.csv rows=103000000 directed_edges=206000000 elapsed_s=248.8
[snb-full][edge] progress file=/data/WorkSpace/ldbc-sf100/social_network/dynamic/comment_0_0.csv rows=104000000 directed_edges=208000000 elapsed_s=251.6
[snb-full][edge] progress file=/data/WorkSpace/ldbc-sf100/social_network/dynamic/comment_0_0.csv rows=105000000 directed_edges=210000000 elapsed_s=253.5
[snb-full][edge] progress file=/data/WorkSpace/ldbc-sf100/social_network/dynamic/comment_0_0.csv rows=106000000 directed_edges=212000000 elapsed_s=256.4
[snb-full][edge] progress file=/data/WorkSpace/ldbc-sf100/social_network/dynamic/comment_0_0.csv rows=107000000 directed_edges=214000000 elapsed_s=258.6
[snb-full][edge] progress file=/data/WorkSpace/ldbc-sf100/social_network/dynamic/comment_0_0.csv rows=108000000 directed_edges=216000000 elapsed_s=260.5
[snb-full][edge] progress file=/data/WorkSpace/ldbc-sf100/social_network/dynamic/comment_0_0.csv rows=109000000 directed_edges=218000000 elapsed_s=262.9
[snb-full][edge] progress file=/data/WorkSpace/ldbc-sf100/social_network/dynamic/comment_0_0.csv rows=110000000 directed_edges=220000000 elapsed_s=265.6
[snb-full][edge] progress file=/data/WorkSpace/ldbc-sf100/social_network/dynamic/comment_0_0.csv rows=111000000 directed_edges=222000000 elapsed_s=267.9
[snb-full][edge] progress file=/data/WorkSpace/ldbc-sf100/social_network/dynamic/comment_0_0.csv rows=112000000 directed_edges=224000000 elapsed_s=269.8
[snb-full][edge] progress file=/data/WorkSpace/ldbc-sf100/social_network/dynamic/comment_0_0.csv rows=113000000 directed_edges=226000000 elapsed_s=272.0
[snb-full][edge] progress file=/data/WorkSpace/ldbc-sf100/social_network/dynamic/comment_0_0.csv rows=114000000 directed_edges=228000000 elapsed_s=274.4
[snb-full][edge] progress file=/data/WorkSpace/ldbc-sf100/social_network/dynamic/comment_0_0.csv rows=115000000 directed_edges=230000000 elapsed_s=277.1
[snb-full][edge] progress file=/data/WorkSpace/ldbc-sf100/social_network/dynamic/comment_0_0.csv rows=116000000 directed_edges=232000000 elapsed_s=279.2
[snb-full][edge] progress file=/data/WorkSpace/ldbc-sf100/social_network/dynamic/comment_0_0.csv rows=117000000 directed_edges=234000000 elapsed_s=281.5
[snb-full][edge] progress file=/data/WorkSpace/ldbc-sf100/social_network/dynamic/comment_0_0.csv rows=118000000 directed_edges=236000000 elapsed_s=283.6
[snb-full][edge] progress file=/data/WorkSpace/ldbc-sf100/social_network/dynamic/comment_0_0.csv rows=119000000 directed_edges=238000000 elapsed_s=285.9
[snb-full][edge] progress file=/data/WorkSpace/ldbc-sf100/social_network/dynamic/comment_0_0.csv rows=120000000 directed_edges=240000000 elapsed_s=288.1
[snb-full][edge] progress file=/data/WorkSpace/ldbc-sf100/social_network/dynamic/comment_0_0.csv rows=121000000 directed_edges=242000000 elapsed_s=290.6
[snb-full][edge] progress file=/data/WorkSpace/ldbc-sf100/social_network/dynamic/comment_0_0.csv rows=122000000 directed_edges=244000000 elapsed_s=293.1
[snb-full][edge] progress file=/data/WorkSpace/ldbc-sf100/social_network/dynamic/comment_0_0.csv rows=123000000 directed_edges=246000000 elapsed_s=295.5
[snb-full][edge] progress file=/data/WorkSpace/ldbc-sf100/social_network/dynamic/comment_0_0.csv rows=124000000 directed_edges=248000000 elapsed_s=297.7
[snb-full][edge] progress file=/data/WorkSpace/ldbc-sf100/social_network/dynamic/comment_0_0.csv rows=125000000 directed_edges=250000000 elapsed_s=300.5
[snb-full][edge] progress file=/data/WorkSpace/ldbc-sf100/social_network/dynamic/comment_0_0.csv rows=126000000 directed_edges=252000000 elapsed_s=303.0
[snb-full][edge] progress file=/data/WorkSpace/ldbc-sf100/social_network/dynamic/comment_0_0.csv rows=127000000 directed_edges=254000000 elapsed_s=305.5
[snb-full][edge] progress file=/data/WorkSpace/ldbc-sf100/social_network/dynamic/comment_0_0.csv rows=128000000 directed_edges=256000000 elapsed_s=308.2
[snb-full][edge] progress file=/data/WorkSpace/ldbc-sf100/social_network/dynamic/comment_0_0.csv rows=129000000 directed_edges=258000000 elapsed_s=310.6
[snb-full][edge] progress file=/data/WorkSpace/ldbc-sf100/social_network/dynamic/comment_0_0.csv rows=130000000 directed_edges=260000000 elapsed_s=312.5
[snb-full][edge] progress file=/data/WorkSpace/ldbc-sf100/social_network/dynamic/comment_0_0.csv rows=131000000 directed_edges=262000000 elapsed_s=315.3
[snb-full][edge] progress file=/data/WorkSpace/ldbc-sf100/social_network/dynamic/comment_0_0.csv rows=132000000 directed_edges=264000000 elapsed_s=318.6
[snb-full][edge] progress file=/data/WorkSpace/ldbc-sf100/social_network/dynamic/comment_0_0.csv rows=133000000 directed_edges=266000000 elapsed_s=321.1
[snb-full][edge] progress file=/data/WorkSpace/ldbc-sf100/social_network/dynamic/comment_0_0.csv rows=134000000 directed_edges=268000000 elapsed_s=323.1
[snb-full][edge] progress file=/data/WorkSpace/ldbc-sf100/social_network/dynamic/comment_0_0.csv rows=135000000 directed_edges=270000000 elapsed_s=325.8
[snb-full][edge] progress file=/data/WorkSpace/ldbc-sf100/social_network/dynamic/comment_0_0.csv rows=136000000 directed_edges=272000000 elapsed_s=328.5
[snb-full][edge] progress file=/data/WorkSpace/ldbc-sf100/social_network/dynamic/comment_0_0.csv rows=137000000 directed_edges=274000000 elapsed_s=331.2
[snb-full][edge] progress file=/data/WorkSpace/ldbc-sf100/social_network/dynamic/comment_0_0.csv rows=138000000 directed_edges=276000000 elapsed_s=333.7
[snb-full][edge] progress file=/data/WorkSpace/ldbc-sf100/social_network/dynamic/comment_0_0.csv rows=139000000 directed_edges=278000000 elapsed_s=336.6
[snb-full][edge] progress file=/data/WorkSpace/ldbc-sf100/social_network/dynamic/comment_0_0.csv rows=140000000 directed_edges=280000000 elapsed_s=340.2
[snb-full][edge] progress file=/data/WorkSpace/ldbc-sf100/social_network/dynamic/comment_0_0.csv rows=141000000 directed_edges=282000000 elapsed_s=342.1
[snb-full][edge] progress file=/data/WorkSpace/ldbc-sf100/social_network/dynamic/comment_0_0.csv rows=142000000 directed_edges=284000000 elapsed_s=344.9
[snb-full][edge] progress file=/data/WorkSpace/ldbc-sf100/social_network/dynamic/comment_0_0.csv rows=143000000 directed_edges=286000000 elapsed_s=348.2
[snb-full][edge] progress file=/data/WorkSpace/ldbc-sf100/social_network/dynamic/comment_0_0.csv rows=144000000 directed_edges=288000000 elapsed_s=350.3
[snb-full][edge] progress file=/data/WorkSpace/ldbc-sf100/social_network/dynamic/comment_0_0.csv rows=145000000 directed_edges=290000000 elapsed_s=353.1
[snb-full][edge] progress file=/data/WorkSpace/ldbc-sf100/social_network/dynamic/comment_0_0.csv rows=146000000 directed_edges=292000000 elapsed_s=356.0
[snb-full][edge] progress file=/data/WorkSpace/ldbc-sf100/social_network/dynamic/comment_0_0.csv rows=147000000 directed_edges=294000000 elapsed_s=358.5
[snb-full][edge] progress file=/data/WorkSpace/ldbc-sf100/social_network/dynamic/comment_0_0.csv rows=148000000 directed_edges=296000000 elapsed_s=361.0
[snb-full][edge] progress file=/data/WorkSpace/ldbc-sf100/social_network/dynamic/comment_0_0.csv rows=149000000 directed_edges=298000000 elapsed_s=364.4
[snb-full][edge] progress file=/data/WorkSpace/ldbc-sf100/social_network/dynamic/comment_0_0.csv rows=150000000 directed_edges=300000000 elapsed_s=366.9
[snb-full][edge] progress file=/data/WorkSpace/ldbc-sf100/social_network/dynamic/comment_0_0.csv rows=151000000 directed_edges=302000000 elapsed_s=369.3
[snb-full][edge] progress file=/data/WorkSpace/ldbc-sf100/social_network/dynamic/comment_0_0.csv rows=152000000 directed_edges=304000000 elapsed_s=372.6
[snb-full][edge] progress file=/data/WorkSpace/ldbc-sf100/social_network/dynamic/comment_0_0.csv rows=153000000 directed_edges=306000000 elapsed_s=375.2
[snb-full][edge] progress file=/data/WorkSpace/ldbc-sf100/social_network/dynamic/comment_0_0.csv rows=154000000 directed_edges=308000000 elapsed_s=377.2
[snb-full][edge] progress file=/data/WorkSpace/ldbc-sf100/social_network/dynamic/comment_0_0.csv rows=155000000 directed_edges=310000000 elapsed_s=380.4
[snb-full][edge] progress file=/data/WorkSpace/ldbc-sf100/social_network/dynamic/comment_0_0.csv rows=156000000 directed_edges=312000000 elapsed_s=383.5
[snb-full][edge] progress file=/data/WorkSpace/ldbc-sf100/social_network/dynamic/comment_0_0.csv rows=157000000 directed_edges=314000000 elapsed_s=385.5
[snb-full][edge] progress file=/data/WorkSpace/ldbc-sf100/social_network/dynamic/comment_0_0.csv rows=158000000 directed_edges=316000000 elapsed_s=388.4
[snb-full][edge] progress file=/data/WorkSpace/ldbc-sf100/social_network/dynamic/comment_0_0.csv rows=159000000 directed_edges=318000000 elapsed_s=391.1
[snb-full][edge] progress file=/data/WorkSpace/ldbc-sf100/social_network/dynamic/comment_0_0.csv rows=160000000 directed_edges=320000000 elapsed_s=393.8
[snb-full][edge] progress file=/data/WorkSpace/ldbc-sf100/social_network/dynamic/comment_0_0.csv rows=161000000 directed_edges=322000000 elapsed_s=396.6
[snb-full][edge] progress file=/data/WorkSpace/ldbc-sf100/social_network/dynamic/comment_0_0.csv rows=162000000 directed_edges=324000000 elapsed_s=399.4
[snb-full][edge] progress file=/data/WorkSpace/ldbc-sf100/social_network/dynamic/comment_0_0.csv rows=163000000 directed_edges=326000000 elapsed_s=401.8
[snb-full][edge] progress file=/data/WorkSpace/ldbc-sf100/social_network/dynamic/comment_0_0.csv rows=164000000 directed_edges=328000000 elapsed_s=404.1
[snb-full][edge] progress file=/data/WorkSpace/ldbc-sf100/social_network/dynamic/comment_0_0.csv rows=165000000 directed_edges=330000000 elapsed_s=406.5
[snb-full][edge] progress file=/data/WorkSpace/ldbc-sf100/social_network/dynamic/comment_0_0.csv rows=166000000 directed_edges=332000000 elapsed_s=408.9
[snb-full][edge] progress file=/data/WorkSpace/ldbc-sf100/social_network/dynamic/comment_0_0.csv rows=167000000 directed_edges=334000000 elapsed_s=411.3
[snb-full][edge] progress file=/data/WorkSpace/ldbc-sf100/social_network/dynamic/comment_0_0.csv rows=168000000 directed_edges=336000000 elapsed_s=413.7
[snb-full][edge] progress file=/data/WorkSpace/ldbc-sf100/social_network/dynamic/comment_0_0.csv rows=169000000 directed_edges=338000000 elapsed_s=415.7
[snb-full][edge] progress file=/data/WorkSpace/ldbc-sf100/social_network/dynamic/comment_0_0.csv rows=170000000 directed_edges=340000000 elapsed_s=418.4
[snb-full][edge] progress file=/data/WorkSpace/ldbc-sf100/social_network/dynamic/comment_0_0.csv rows=171000000 directed_edges=342000000 elapsed_s=420.4
[snb-full][edge] progress file=/data/WorkSpace/ldbc-sf100/social_network/dynamic/comment_0_0.csv rows=172000000 directed_edges=344000000 elapsed_s=422.2
[snb-full][edge] progress file=/data/WorkSpace/ldbc-sf100/social_network/dynamic/comment_0_0.csv rows=173000000 directed_edges=346000000 elapsed_s=424.0
[snb-full][edge] progress file=/data/WorkSpace/ldbc-sf100/social_network/dynamic/comment_0_0.csv rows=174000000 directed_edges=348000000 elapsed_s=425.9
[snb-full][edge] progress file=/data/WorkSpace/ldbc-sf100/social_network/dynamic/comment_0_0.csv rows=175000000 directed_edges=350000000 elapsed_s=427.7
[snb-full][edge] progress file=/data/WorkSpace/ldbc-sf100/social_network/dynamic/comment_0_0.csv rows=176000000 directed_edges=352000000 elapsed_s=429.6
[snb-full][edge] progress file=/data/WorkSpace/ldbc-sf100/social_network/dynamic/comment_0_0.csv rows=177000000 directed_edges=354000000 elapsed_s=431.5
[snb-full][edge] progress file=/data/WorkSpace/ldbc-sf100/social_network/dynamic/comment_0_0.csv rows=178000000 directed_edges=356000000 elapsed_s=433.4
[snb-full][edge] progress file=/data/WorkSpace/ldbc-sf100/social_network/dynamic/comment_0_0.csv rows=179000000 directed_edges=358000000 elapsed_s=435.1
[snb-full][edge] progress file=/data/WorkSpace/ldbc-sf100/social_network/dynamic/comment_0_0.csv rows=180000000 directed_edges=360000000 elapsed_s=437.0
[snb-full][edge] progress file=/data/WorkSpace/ldbc-sf100/social_network/dynamic/comment_0_0.csv rows=181000000 directed_edges=362000000 elapsed_s=438.8
[snb-full][edge] progress file=/data/WorkSpace/ldbc-sf100/social_network/dynamic/comment_0_0.csv rows=182000000 directed_edges=364000000 elapsed_s=440.7
[snb-full][edge] progress file=/data/WorkSpace/ldbc-sf100/social_network/dynamic/comment_0_0.csv rows=183000000 directed_edges=366000000 elapsed_s=442.6
[snb-full][edge] progress file=/data/WorkSpace/ldbc-sf100/social_network/dynamic/comment_0_0.csv rows=184000000 directed_edges=368000000 elapsed_s=444.6
[snb-full][edge] progress file=/data/WorkSpace/ldbc-sf100/social_network/dynamic/comment_0_0.csv rows=185000000 directed_edges=370000000 elapsed_s=446.6
[snb-full][edge] progress file=/data/WorkSpace/ldbc-sf100/social_network/dynamic/comment_0_0.csv rows=186000000 directed_edges=372000000 elapsed_s=448.5
[snb-full][edge] progress file=/data/WorkSpace/ldbc-sf100/social_network/dynamic/comment_0_0.csv rows=187000000 directed_edges=374000000 elapsed_s=450.4
[snb-full][edge] progress file=/data/WorkSpace/ldbc-sf100/social_network/dynamic/comment_0_0.csv rows=188000000 directed_edges=376000000 elapsed_s=452.3
[snb-full][edge] progress file=/data/WorkSpace/ldbc-sf100/social_network/dynamic/comment_0_0.csv rows=189000000 directed_edges=378000000 elapsed_s=454.3
[snb-full][edge] progress file=/data/WorkSpace/ldbc-sf100/social_network/dynamic/comment_0_0.csv rows=190000000 directed_edges=380000000 elapsed_s=456.3
[snb-full][edge] progress file=/data/WorkSpace/ldbc-sf100/social_network/dynamic/comment_0_0.csv rows=191000000 directed_edges=382000000 elapsed_s=458.2
[snb-full][edge] progress file=/data/WorkSpace/ldbc-sf100/social_network/dynamic/comment_0_0.csv rows=192000000 directed_edges=384000000 elapsed_s=460.2
[snb-full][edge] progress file=/data/WorkSpace/ldbc-sf100/social_network/dynamic/comment_0_0.csv rows=193000000 directed_edges=386000000 elapsed_s=462.2
[snb-full][edge] progress file=/data/WorkSpace/ldbc-sf100/social_network/dynamic/comment_0_0.csv rows=194000000 directed_edges=388000000 elapsed_s=464.2
[snb-full][edge] progress file=/data/WorkSpace/ldbc-sf100/social_network/dynamic/comment_0_0.csv rows=195000000 directed_edges=390000000 elapsed_s=466.2
[snb-full][edge] progress file=/data/WorkSpace/ldbc-sf100/social_network/dynamic/comment_0_0.csv rows=196000000 directed_edges=392000000 elapsed_s=468.2
[snb-full][edge] progress file=/data/WorkSpace/ldbc-sf100/social_network/dynamic/comment_0_0.csv rows=197000000 directed_edges=394000000 elapsed_s=470.1
[snb-full][edge] progress file=/data/WorkSpace/ldbc-sf100/social_network/dynamic/comment_0_0.csv rows=198000000 directed_edges=396000000 elapsed_s=472.1
[snb-full][edge] progress file=/data/WorkSpace/ldbc-sf100/social_network/dynamic/comment_0_0.csv rows=199000000 directed_edges=398000000 elapsed_s=474.1
[snb-full][edge] progress file=/data/WorkSpace/ldbc-sf100/social_network/dynamic/comment_0_0.csv rows=200000000 directed_edges=400000000 elapsed_s=477.7
[snb-full][edge] progress file=/data/WorkSpace/ldbc-sf100/social_network/dynamic/comment_0_0.csv rows=201000000 directed_edges=402000000 elapsed_s=480.5
[snb-full][edge] progress file=/data/WorkSpace/ldbc-sf100/social_network/dynamic/comment_0_0.csv rows=202000000 directed_edges=404000000 elapsed_s=483.4
[snb-full][edge] progress file=/data/WorkSpace/ldbc-sf100/social_network/dynamic/comment_0_0.csv rows=203000000 directed_edges=406000000 elapsed_s=486.5
[snb-full][edge] progress file=/data/WorkSpace/ldbc-sf100/social_network/dynamic/comment_0_0.csv rows=204000000 directed_edges=408000000 elapsed_s=489.4
[snb-full][edge] progress file=/data/WorkSpace/ldbc-sf100/social_network/dynamic/comment_0_0.csv rows=205000000 directed_edges=410000000 elapsed_s=492.5
[snb-full][edge] progress file=/data/WorkSpace/ldbc-sf100/social_network/dynamic/comment_0_0.csv rows=206000000 directed_edges=412000000 elapsed_s=495.7
[snb-full][edge] progress file=/data/WorkSpace/ldbc-sf100/social_network/dynamic/comment_0_0.csv rows=207000000 directed_edges=414000000 elapsed_s=498.7
[snb-full][edge] progress file=/data/WorkSpace/ldbc-sf100/social_network/dynamic/comment_0_0.csv rows=208000000 directed_edges=416000000 elapsed_s=501.4
[snb-full][edge] progress file=/data/WorkSpace/ldbc-sf100/social_network/dynamic/comment_0_0.csv rows=209000000 directed_edges=418000000 elapsed_s=504.7
[snb-full][edge] progress file=/data/WorkSpace/ldbc-sf100/social_network/dynamic/comment_0_0.csv rows=210000000 directed_edges=420000000 elapsed_s=507.5
[snb-full][edge] progress file=/data/WorkSpace/ldbc-sf100/social_network/dynamic/comment_0_0.csv rows=211000000 directed_edges=422000000 elapsed_s=510.5
[snb-full][edge] progress file=/data/WorkSpace/ldbc-sf100/social_network/dynamic/comment_0_0.csv rows=212000000 directed_edges=424000000 elapsed_s=513.9
[snb-full][edge] progress file=/data/WorkSpace/ldbc-sf100/social_network/dynamic/comment_0_0.csv rows=213000000 directed_edges=426000000 elapsed_s=517.8
[snb-full][edge] progress file=/data/WorkSpace/ldbc-sf100/social_network/dynamic/comment_0_0.csv rows=214000000 directed_edges=428000000 elapsed_s=534.6
[snb-full][edge] progress file=/data/WorkSpace/ldbc-sf100/social_network/dynamic/comment_0_0.csv rows=215000000 directed_edges=430000000 elapsed_s=536.6
[snb-full][edge] progress file=/data/WorkSpace/ldbc-sf100/social_network/dynamic/comment_0_0.csv rows=216000000 directed_edges=432000000 elapsed_s=557.3
[snb-full][edge] progress file=/data/WorkSpace/ldbc-sf100/social_network/dynamic/comment_0_0.csv rows=217000000 directed_edges=434000000 elapsed_s=559.1
[snb-full][edge] progress file=/data/WorkSpace/ldbc-sf100/social_network/dynamic/comment_0_0.csv rows=218000000 directed_edges=436000000 elapsed_s=560.8
[snb-full][edge] progress file=/data/WorkSpace/ldbc-sf100/social_network/dynamic/comment_0_0.csv rows=219000000 directed_edges=438000000 elapsed_s=574.6
[snb-full][edge] progress file=/data/WorkSpace/ldbc-sf100/social_network/dynamic/comment_0_0.csv rows=220000000 directed_edges=440000000 elapsed_s=576.4
[snb-full][edge] done file=/data/WorkSpace/ldbc-sf100/social_network/dynamic/comment_0_0.csv rows=220096052 directed_edges=440192104 elapsed_s=576.6
[snb-full][edge] start file=/data/WorkSpace/ldbc-sf100/social_network/dynamic/comment_0_0.csv edge=IsLocatedIn src=Comment dst=Place
[snb-full][edge] progress file=/data/WorkSpace/ldbc-sf100/social_network/dynamic/comment_0_0.csv rows=1000000 directed_edges=2000000 elapsed_s=1.8
[snb-full][edge] progress file=/data/WorkSpace/ldbc-sf100/social_network/dynamic/comment_0_0.csv rows=2000000 directed_edges=4000000 elapsed_s=8.7
[snb-full][edge] progress file=/data/WorkSpace/ldbc-sf100/social_network/dynamic/comment_0_0.csv rows=3000000 directed_edges=6000000 elapsed_s=10.5
[snb-full][edge] progress file=/data/WorkSpace/ldbc-sf100/social_network/dynamic/comment_0_0.csv rows=4000000 directed_edges=8000000 elapsed_s=12.3
[snb-full][edge] progress file=/data/WorkSpace/ldbc-sf100/social_network/dynamic/comment_0_0.csv rows=5000000 directed_edges=10000000 elapsed_s=16.6
[snb-full][edge] progress file=/data/WorkSpace/ldbc-sf100/social_network/dynamic/comment_0_0.csv rows=6000000 directed_edges=12000000 elapsed_s=19.1
[snb-full][edge] progress file=/data/WorkSpace/ldbc-sf100/social_network/dynamic/comment_0_0.csv rows=7000000 directed_edges=14000000 elapsed_s=20.9
[snb-full][edge] progress file=/data/WorkSpace/ldbc-sf100/social_network/dynamic/comment_0_0.csv rows=8000000 directed_edges=16000000 elapsed_s=23.8
[snb-full][edge] progress file=/data/WorkSpace/ldbc-sf100/social_network/dynamic/comment_0_0.csv rows=9000000 directed_edges=18000000 elapsed_s=27.3
[snb-full][edge] progress file=/data/WorkSpace/ldbc-sf100/social_network/dynamic/comment_0_0.csv rows=10000000 directed_edges=20000000 elapsed_s=29.1
[snb-full][edge] progress file=/data/WorkSpace/ldbc-sf100/social_network/dynamic/comment_0_0.csv rows=11000000 directed_edges=22000000 elapsed_s=31.6
[snb-full][edge] progress file=/data/WorkSpace/ldbc-sf100/social_network/dynamic/comment_0_0.csv rows=12000000 directed_edges=24000000 elapsed_s=34.1
[snb-full][edge] progress file=/data/WorkSpace/ldbc-sf100/social_network/dynamic/comment_0_0.csv rows=13000000 directed_edges=26000000 elapsed_s=36.6
[snb-full][edge] progress file=/data/WorkSpace/ldbc-sf100/social_network/dynamic/comment_0_0.csv rows=14000000 directed_edges=28000000 elapsed_s=39.0
[snb-full][edge] progress file=/data/WorkSpace/ldbc-sf100/social_network/dynamic/comment_0_0.csv rows=15000000 directed_edges=30000000 elapsed_s=41.4
[snb-full][edge] progress file=/data/WorkSpace/ldbc-sf100/social_network/dynamic/comment_0_0.csv rows=16000000 directed_edges=32000000 elapsed_s=43.8
[snb-full][edge] progress file=/data/WorkSpace/ldbc-sf100/social_network/dynamic/comment_0_0.csv rows=17000000 directed_edges=34000000 elapsed_s=46.1
[snb-full][edge] progress file=/data/WorkSpace/ldbc-sf100/social_network/dynamic/comment_0_0.csv rows=18000000 directed_edges=36000000 elapsed_s=48.5
[snb-full][edge] progress file=/data/WorkSpace/ldbc-sf100/social_network/dynamic/comment_0_0.csv rows=19000000 directed_edges=38000000 elapsed_s=50.6
[snb-full][edge] progress file=/data/WorkSpace/ldbc-sf100/social_network/dynamic/comment_0_0.csv rows=20000000 directed_edges=40000000 elapsed_s=53.0
[snb-full][edge] progress file=/data/WorkSpace/ldbc-sf100/social_network/dynamic/comment_0_0.csv rows=21000000 directed_edges=42000000 elapsed_s=55.6
[snb-full][edge] progress file=/data/WorkSpace/ldbc-sf100/social_network/dynamic/comment_0_0.csv rows=22000000 directed_edges=44000000 elapsed_s=58.1
[snb-full][edge] progress file=/data/WorkSpace/ldbc-sf100/social_network/dynamic/comment_0_0.csv rows=23000000 directed_edges=46000000 elapsed_s=59.9
[snb-full][edge] progress file=/data/WorkSpace/ldbc-sf100/social_network/dynamic/comment_0_0.csv rows=24000000 directed_edges=48000000 elapsed_s=62.4
[snb-full][edge] progress file=/data/WorkSpace/ldbc-sf100/social_network/dynamic/comment_0_0.csv rows=25000000 directed_edges=50000000 elapsed_s=64.6
[snb-full][edge] progress file=/data/WorkSpace/ldbc-sf100/social_network/dynamic/comment_0_0.csv rows=26000000 directed_edges=52000000 elapsed_s=66.8
[snb-full][edge] progress file=/data/WorkSpace/ldbc-sf100/social_network/dynamic/comment_0_0.csv rows=27000000 directed_edges=54000000 elapsed_s=69.2
[snb-full][edge] progress file=/data/WorkSpace/ldbc-sf100/social_network/dynamic/comment_0_0.csv rows=28000000 directed_edges=56000000 elapsed_s=71.7
[snb-full][edge] progress file=/data/WorkSpace/ldbc-sf100/social_network/dynamic/comment_0_0.csv rows=29000000 directed_edges=58000000 elapsed_s=74.4
[snb-full][edge] progress file=/data/WorkSpace/ldbc-sf100/social_network/dynamic/comment_0_0.csv rows=30000000 directed_edges=60000000 elapsed_s=76.3
[snb-full][edge] progress file=/data/WorkSpace/ldbc-sf100/social_network/dynamic/comment_0_0.csv rows=31000000 directed_edges=62000000 elapsed_s=78.7
[snb-full][edge] progress file=/data/WorkSpace/ldbc-sf100/social_network/dynamic/comment_0_0.csv rows=32000000 directed_edges=64000000 elapsed_s=81.0
[snb-full][edge] progress file=/data/WorkSpace/ldbc-sf100/social_network/dynamic/comment_0_0.csv rows=33000000 directed_edges=66000000 elapsed_s=83.3
[snb-full][edge] progress file=/data/WorkSpace/ldbc-sf100/social_network/dynamic/comment_0_0.csv rows=34000000 directed_edges=68000000 elapsed_s=85.6
[snb-full][edge] progress file=/data/WorkSpace/ldbc-sf100/social_network/dynamic/comment_0_0.csv rows=35000000 directed_edges=70000000 elapsed_s=87.9
[snb-full][edge] progress file=/data/WorkSpace/ldbc-sf100/social_network/dynamic/comment_0_0.csv rows=36000000 directed_edges=72000000 elapsed_s=90.2
[snb-full][edge] progress file=/data/WorkSpace/ldbc-sf100/social_network/dynamic/comment_0_0.csv rows=37000000 directed_edges=74000000 elapsed_s=92.5
[snb-full][edge] progress file=/data/WorkSpace/ldbc-sf100/social_network/dynamic/comment_0_0.csv rows=38000000 directed_edges=76000000 elapsed_s=94.8
[snb-full][edge] progress file=/data/WorkSpace/ldbc-sf100/social_network/dynamic/comment_0_0.csv rows=39000000 directed_edges=78000000 elapsed_s=97.2
[snb-full][edge] progress file=/data/WorkSpace/ldbc-sf100/social_network/dynamic/comment_0_0.csv rows=40000000 directed_edges=80000000 elapsed_s=99.5
[snb-full][edge] progress file=/data/WorkSpace/ldbc-sf100/social_network/dynamic/comment_0_0.csv rows=41000000 directed_edges=82000000 elapsed_s=101.8
[snb-full][edge] progress file=/data/WorkSpace/ldbc-sf100/social_network/dynamic/comment_0_0.csv rows=42000000 directed_edges=84000000 elapsed_s=104.1
[snb-full][edge] progress file=/data/WorkSpace/ldbc-sf100/social_network/dynamic/comment_0_0.csv rows=43000000 directed_edges=86000000 elapsed_s=106.4
[snb-full][edge] progress file=/data/WorkSpace/ldbc-sf100/social_network/dynamic/comment_0_0.csv rows=44000000 directed_edges=88000000 elapsed_s=108.5
[snb-full][edge] progress file=/data/WorkSpace/ldbc-sf100/social_network/dynamic/comment_0_0.csv rows=45000000 directed_edges=90000000 elapsed_s=110.7
[snb-full][edge] progress file=/data/WorkSpace/ldbc-sf100/social_network/dynamic/comment_0_0.csv rows=46000000 directed_edges=92000000 elapsed_s=113.4
[snb-full][edge] progress file=/data/WorkSpace/ldbc-sf100/social_network/dynamic/comment_0_0.csv rows=47000000 directed_edges=94000000 elapsed_s=116.2
[snb-full][edge] progress file=/data/WorkSpace/ldbc-sf100/social_network/dynamic/comment_0_0.csv rows=48000000 directed_edges=96000000 elapsed_s=118.1
[snb-full][edge] progress file=/data/WorkSpace/ldbc-sf100/social_network/dynamic/comment_0_0.csv rows=49000000 directed_edges=98000000 elapsed_s=120.4
[snb-full][edge] progress file=/data/WorkSpace/ldbc-sf100/social_network/dynamic/comment_0_0.csv rows=50000000 directed_edges=100000000 elapsed_s=122.7
[snb-full][edge] progress file=/data/WorkSpace/ldbc-sf100/social_network/dynamic/comment_0_0.csv rows=51000000 directed_edges=102000000 elapsed_s=125.3
[snb-full][edge] progress file=/data/WorkSpace/ldbc-sf100/social_network/dynamic/comment_0_0.csv rows=52000000 directed_edges=104000000 elapsed_s=127.6
[snb-full][edge] progress file=/data/WorkSpace/ldbc-sf100/social_network/dynamic/comment_0_0.csv rows=53000000 directed_edges=106000000 elapsed_s=129.8
[snb-full][edge] progress file=/data/WorkSpace/ldbc-sf100/social_network/dynamic/comment_0_0.csv rows=54000000 directed_edges=108000000 elapsed_s=132.1
[snb-full][edge] progress file=/data/WorkSpace/ldbc-sf100/social_network/dynamic/comment_0_0.csv rows=55000000 directed_edges=110000000 elapsed_s=134.4
[snb-full][edge] progress file=/data/WorkSpace/ldbc-sf100/social_network/dynamic/comment_0_0.csv rows=56000000 directed_edges=112000000 elapsed_s=137.1
[snb-full][edge] progress file=/data/WorkSpace/ldbc-sf100/social_network/dynamic/comment_0_0.csv rows=57000000 directed_edges=114000000 elapsed_s=139.9
[snb-full][edge] progress file=/data/WorkSpace/ldbc-sf100/social_network/dynamic/comment_0_0.csv rows=58000000 directed_edges=116000000 elapsed_s=142.1
[snb-full][edge] progress file=/data/WorkSpace/ldbc-sf100/social_network/dynamic/comment_0_0.csv rows=59000000 directed_edges=118000000 elapsed_s=144.6
[snb-full][edge] progress file=/data/WorkSpace/ldbc-sf100/social_network/dynamic/comment_0_0.csv rows=60000000 directed_edges=120000000 elapsed_s=147.2
[snb-full][edge] progress file=/data/WorkSpace/ldbc-sf100/social_network/dynamic/comment_0_0.csv rows=61000000 directed_edges=122000000 elapsed_s=149.5
[snb-full][edge] progress file=/data/WorkSpace/ldbc-sf100/social_network/dynamic/comment_0_0.csv rows=62000000 directed_edges=124000000 elapsed_s=151.7
[snb-full][edge] progress file=/data/WorkSpace/ldbc-sf100/social_network/dynamic/comment_0_0.csv rows=63000000 directed_edges=126000000 elapsed_s=154.6
[snb-full][edge] progress file=/data/WorkSpace/ldbc-sf100/social_network/dynamic/comment_0_0.csv rows=64000000 directed_edges=128000000 elapsed_s=157.2
[snb-full][edge] progress file=/data/WorkSpace/ldbc-sf100/social_network/dynamic/comment_0_0.csv rows=65000000 directed_edges=130000000 elapsed_s=159.9
[snb-full][edge] progress file=/data/WorkSpace/ldbc-sf100/social_network/dynamic/comment_0_0.csv rows=66000000 directed_edges=132000000 elapsed_s=162.0
[snb-full][edge] progress file=/data/WorkSpace/ldbc-sf100/social_network/dynamic/comment_0_0.csv rows=67000000 directed_edges=134000000 elapsed_s=164.2
[snb-full][edge] progress file=/data/WorkSpace/ldbc-sf100/social_network/dynamic/comment_0_0.csv rows=68000000 directed_edges=136000000 elapsed_s=167.1
[snb-full][edge] progress file=/data/WorkSpace/ldbc-sf100/social_network/dynamic/comment_0_0.csv rows=69000000 directed_edges=138000000 elapsed_s=169.0
[snb-full][edge] progress file=/data/WorkSpace/ldbc-sf100/social_network/dynamic/comment_0_0.csv rows=70000000 directed_edges=140000000 elapsed_s=171.5
[snb-full][edge] progress file=/data/WorkSpace/ldbc-sf100/social_network/dynamic/comment_0_0.csv rows=71000000 directed_edges=142000000 elapsed_s=174.5
[snb-full][edge] progress file=/data/WorkSpace/ldbc-sf100/social_network/dynamic/comment_0_0.csv rows=72000000 directed_edges=144000000 elapsed_s=176.3
[snb-full][edge] progress file=/data/WorkSpace/ldbc-sf100/social_network/dynamic/comment_0_0.csv rows=73000000 directed_edges=146000000 elapsed_s=178.6
[snb-full][edge] progress file=/data/WorkSpace/ldbc-sf100/social_network/dynamic/comment_0_0.csv rows=74000000 directed_edges=148000000 elapsed_s=181.6
[snb-full][edge] progress file=/data/WorkSpace/ldbc-sf100/social_network/dynamic/comment_0_0.csv rows=75000000 directed_edges=150000000 elapsed_s=183.6
[snb-full][edge] progress file=/data/WorkSpace/ldbc-sf100/social_network/dynamic/comment_0_0.csv rows=76000000 directed_edges=152000000 elapsed_s=186.2
[snb-full][edge] progress file=/data/WorkSpace/ldbc-sf100/social_network/dynamic/comment_0_0.csv rows=77000000 directed_edges=154000000 elapsed_s=188.5
[snb-full][edge] progress file=/data/WorkSpace/ldbc-sf100/social_network/dynamic/comment_0_0.csv rows=78000000 directed_edges=156000000 elapsed_s=191.2
[snb-full][edge] progress file=/data/WorkSpace/ldbc-sf100/social_network/dynamic/comment_0_0.csv rows=79000000 directed_edges=158000000 elapsed_s=193.5
[snb-full][edge] progress file=/data/WorkSpace/ldbc-sf100/social_network/dynamic/comment_0_0.csv rows=80000000 directed_edges=160000000 elapsed_s=195.8
[snb-full][edge] progress file=/data/WorkSpace/ldbc-sf100/social_network/dynamic/comment_0_0.csv rows=81000000 directed_edges=162000000 elapsed_s=198.1
[snb-full][edge] progress file=/data/WorkSpace/ldbc-sf100/social_network/dynamic/comment_0_0.csv rows=82000000 directed_edges=164000000 elapsed_s=201.0
[snb-full][edge] progress file=/data/WorkSpace/ldbc-sf100/social_network/dynamic/comment_0_0.csv rows=83000000 directed_edges=166000000 elapsed_s=203.2
[snb-full][edge] progress file=/data/WorkSpace/ldbc-sf100/social_network/dynamic/comment_0_0.csv rows=84000000 directed_edges=168000000 elapsed_s=205.7
[snb-full][edge] progress file=/data/WorkSpace/ldbc-sf100/social_network/dynamic/comment_0_0.csv rows=85000000 directed_edges=170000000 elapsed_s=208.2
[snb-full][edge] progress file=/data/WorkSpace/ldbc-sf100/social_network/dynamic/comment_0_0.csv rows=86000000 directed_edges=172000000 elapsed_s=210.9
[snb-full][edge] progress file=/data/WorkSpace/ldbc-sf100/social_network/dynamic/comment_0_0.csv rows=87000000 directed_edges=174000000 elapsed_s=213.0
[snb-full][edge] progress file=/data/WorkSpace/ldbc-sf100/social_network/dynamic/comment_0_0.csv rows=88000000 directed_edges=176000000 elapsed_s=214.9
[snb-full][edge] progress file=/data/WorkSpace/ldbc-sf100/social_network/dynamic/comment_0_0.csv rows=89000000 directed_edges=178000000 elapsed_s=217.4
[snb-full][edge] progress file=/data/WorkSpace/ldbc-sf100/social_network/dynamic/comment_0_0.csv rows=90000000 directed_edges=180000000 elapsed_s=219.7
[snb-full][edge] progress file=/data/WorkSpace/ldbc-sf100/social_network/dynamic/comment_0_0.csv rows=91000000 directed_edges=182000000 elapsed_s=221.9
[snb-full][edge] progress file=/data/WorkSpace/ldbc-sf100/social_network/dynamic/comment_0_0.csv rows=92000000 directed_edges=184000000 elapsed_s=224.2
[snb-full][edge] progress file=/data/WorkSpace/ldbc-sf100/social_network/dynamic/comment_0_0.csv rows=93000000 directed_edges=186000000 elapsed_s=226.5
[snb-full][edge] progress file=/data/WorkSpace/ldbc-sf100/social_network/dynamic/comment_0_0.csv rows=94000000 directed_edges=188000000 elapsed_s=228.7
[snb-full][edge] progress file=/data/WorkSpace/ldbc-sf100/social_network/dynamic/comment_0_0.csv rows=95000000 directed_edges=190000000 elapsed_s=231.0
[snb-full][edge] progress file=/data/WorkSpace/ldbc-sf100/social_network/dynamic/comment_0_0.csv rows=96000000 directed_edges=192000000 elapsed_s=233.3
[snb-full][edge] progress file=/data/WorkSpace/ldbc-sf100/social_network/dynamic/comment_0_0.csv rows=97000000 directed_edges=194000000 elapsed_s=236.0
[snb-full][edge] progress file=/data/WorkSpace/ldbc-sf100/social_network/dynamic/comment_0_0.csv rows=98000000 directed_edges=196000000 elapsed_s=238.3
[snb-full][edge] progress file=/data/WorkSpace/ldbc-sf100/social_network/dynamic/comment_0_0.csv rows=99000000 directed_edges=198000000 elapsed_s=240.9
[snb-full][edge] progress file=/data/WorkSpace/ldbc-sf100/social_network/dynamic/comment_0_0.csv rows=100000000 directed_edges=200000000 elapsed_s=243.6
[snb-full][edge] progress file=/data/WorkSpace/ldbc-sf100/social_network/dynamic/comment_0_0.csv rows=101000000 directed_edges=202000000 elapsed_s=246.4
[snb-full][edge] progress file=/data/WorkSpace/ldbc-sf100/social_network/dynamic/comment_0_0.csv rows=102000000 directed_edges=204000000 elapsed_s=248.6
[snb-full][edge] progress file=/data/WorkSpace/ldbc-sf100/social_network/dynamic/comment_0_0.csv rows=103000000 directed_edges=206000000 elapsed_s=250.5
[snb-full][edge] progress file=/data/WorkSpace/ldbc-sf100/social_network/dynamic/comment_0_0.csv rows=104000000 directed_edges=208000000 elapsed_s=253.6
[snb-full][edge] progress file=/data/WorkSpace/ldbc-sf100/social_network/dynamic/comment_0_0.csv rows=105000000 directed_edges=210000000 elapsed_s=255.7
[snb-full][edge] progress file=/data/WorkSpace/ldbc-sf100/social_network/dynamic/comment_0_0.csv rows=106000000 directed_edges=212000000 elapsed_s=257.7
[snb-full][edge] progress file=/data/WorkSpace/ldbc-sf100/social_network/dynamic/comment_0_0.csv rows=107000000 directed_edges=214000000 elapsed_s=259.9
[snb-full][edge] progress file=/data/WorkSpace/ldbc-sf100/social_network/dynamic/comment_0_0.csv rows=108000000 directed_edges=216000000 elapsed_s=262.2
[snb-full][edge] progress file=/data/WorkSpace/ldbc-sf100/social_network/dynamic/comment_0_0.csv rows=109000000 directed_edges=218000000 elapsed_s=265.2
[snb-full][edge] progress file=/data/WorkSpace/ldbc-sf100/social_network/dynamic/comment_0_0.csv rows=110000000 directed_edges=220000000 elapsed_s=267.5
[snb-full][edge] progress file=/data/WorkSpace/ldbc-sf100/social_network/dynamic/comment_0_0.csv rows=111000000 directed_edges=222000000 elapsed_s=269.4
[snb-full][edge] progress file=/data/WorkSpace/ldbc-sf100/social_network/dynamic/comment_0_0.csv rows=112000000 directed_edges=224000000 elapsed_s=271.8
[snb-full][edge] progress file=/data/WorkSpace/ldbc-sf100/social_network/dynamic/comment_0_0.csv rows=113000000 directed_edges=226000000 elapsed_s=274.7
[snb-full][edge] progress file=/data/WorkSpace/ldbc-sf100/social_network/dynamic/comment_0_0.csv rows=114000000 directed_edges=228000000 elapsed_s=276.6
[snb-full][edge] progress file=/data/WorkSpace/ldbc-sf100/social_network/dynamic/comment_0_0.csv rows=115000000 directed_edges=230000000 elapsed_s=279.1
[snb-full][edge] progress file=/data/WorkSpace/ldbc-sf100/social_network/dynamic/comment_0_0.csv rows=116000000 directed_edges=232000000 elapsed_s=281.8
[snb-full][edge] progress file=/data/WorkSpace/ldbc-sf100/social_network/dynamic/comment_0_0.csv rows=117000000 directed_edges=234000000 elapsed_s=284.1
[snb-full][edge] progress file=/data/WorkSpace/ldbc-sf100/social_network/dynamic/comment_0_0.csv rows=118000000 directed_edges=236000000 elapsed_s=286.7
[snb-full][edge] progress file=/data/WorkSpace/ldbc-sf100/social_network/dynamic/comment_0_0.csv rows=119000000 directed_edges=238000000 elapsed_s=289.0
[snb-full][edge] progress file=/data/WorkSpace/ldbc-sf100/social_network/dynamic/comment_0_0.csv rows=120000000 directed_edges=240000000 elapsed_s=291.5
[snb-full][edge] progress file=/data/WorkSpace/ldbc-sf100/social_network/dynamic/comment_0_0.csv rows=121000000 directed_edges=242000000 elapsed_s=293.8
[snb-full][edge] progress file=/data/WorkSpace/ldbc-sf100/social_network/dynamic/comment_0_0.csv rows=122000000 directed_edges=244000000 elapsed_s=296.4
[snb-full][edge] progress file=/data/WorkSpace/ldbc-sf100/social_network/dynamic/comment_0_0.csv rows=123000000 directed_edges=246000000 elapsed_s=299.1
[snb-full][edge] progress file=/data/WorkSpace/ldbc-sf100/social_network/dynamic/comment_0_0.csv rows=124000000 directed_edges=248000000 elapsed_s=301.4
[snb-full][edge] progress file=/data/WorkSpace/ldbc-sf100/social_network/dynamic/comment_0_0.csv rows=125000000 directed_edges=250000000 elapsed_s=304.0
[snb-full][edge] progress file=/data/WorkSpace/ldbc-sf100/social_network/dynamic/comment_0_0.csv rows=126000000 directed_edges=252000000 elapsed_s=306.2
[snb-full][edge] progress file=/data/WorkSpace/ldbc-sf100/social_network/dynamic/comment_0_0.csv rows=127000000 directed_edges=254000000 elapsed_s=308.0
[snb-full][edge] progress file=/data/WorkSpace/ldbc-sf100/social_network/dynamic/comment_0_0.csv rows=128000000 directed_edges=256000000 elapsed_s=310.4
[snb-full][edge] progress file=/data/WorkSpace/ldbc-sf100/social_network/dynamic/comment_0_0.csv rows=129000000 directed_edges=258000000 elapsed_s=313.3
[snb-full][edge] progress file=/data/WorkSpace/ldbc-sf100/social_network/dynamic/comment_0_0.csv rows=130000000 directed_edges=260000000 elapsed_s=315.6
[snb-full][edge] progress file=/data/WorkSpace/ldbc-sf100/social_network/dynamic/comment_0_0.csv rows=131000000 directed_edges=262000000 elapsed_s=317.4
[snb-full][edge] progress file=/data/WorkSpace/ldbc-sf100/social_network/dynamic/comment_0_0.csv rows=132000000 directed_edges=264000000 elapsed_s=320.0
[snb-full][edge] progress file=/data/WorkSpace/ldbc-sf100/social_network/dynamic/comment_0_0.csv rows=133000000 directed_edges=266000000 elapsed_s=322.9
[snb-full][edge] progress file=/data/WorkSpace/ldbc-sf100/social_network/dynamic/comment_0_0.csv rows=134000000 directed_edges=268000000 elapsed_s=324.8
[snb-full][edge] progress file=/data/WorkSpace/ldbc-sf100/social_network/dynamic/comment_0_0.csv rows=135000000 directed_edges=270000000 elapsed_s=327.0
[snb-full][edge] progress file=/data/WorkSpace/ldbc-sf100/social_network/dynamic/comment_0_0.csv rows=136000000 directed_edges=272000000 elapsed_s=330.0
[snb-full][edge] progress file=/data/WorkSpace/ldbc-sf100/social_network/dynamic/comment_0_0.csv rows=137000000 directed_edges=274000000 elapsed_s=332.3
[snb-full][edge] progress file=/data/WorkSpace/ldbc-sf100/social_network/dynamic/comment_0_0.csv rows=138000000 directed_edges=276000000 elapsed_s=334.8
[snb-full][edge] progress file=/data/WorkSpace/ldbc-sf100/social_network/dynamic/comment_0_0.csv rows=139000000 directed_edges=278000000 elapsed_s=337.5
[snb-full][edge] progress file=/data/WorkSpace/ldbc-sf100/social_network/dynamic/comment_0_0.csv rows=140000000 directed_edges=280000000 elapsed_s=340.2
[snb-full][edge] progress file=/data/WorkSpace/ldbc-sf100/social_network/dynamic/comment_0_0.csv rows=141000000 directed_edges=282000000 elapsed_s=342.4
[snb-full][edge] progress file=/data/WorkSpace/ldbc-sf100/social_network/dynamic/comment_0_0.csv rows=142000000 directed_edges=284000000 elapsed_s=344.7
[snb-full][edge] progress file=/data/WorkSpace/ldbc-sf100/social_network/dynamic/comment_0_0.csv rows=143000000 directed_edges=286000000 elapsed_s=347.0
[snb-full][edge] progress file=/data/WorkSpace/ldbc-sf100/social_network/dynamic/comment_0_0.csv rows=144000000 directed_edges=288000000 elapsed_s=349.3
[snb-full][edge] progress file=/data/WorkSpace/ldbc-sf100/social_network/dynamic/comment_0_0.csv rows=145000000 directed_edges=290000000 elapsed_s=351.5
[snb-full][edge] progress file=/data/WorkSpace/ldbc-sf100/social_network/dynamic/comment_0_0.csv rows=146000000 directed_edges=292000000 elapsed_s=353.9
[snb-full][edge] progress file=/data/WorkSpace/ldbc-sf100/social_network/dynamic/comment_0_0.csv rows=147000000 directed_edges=294000000 elapsed_s=356.3
[snb-full][edge] progress file=/data/WorkSpace/ldbc-sf100/social_network/dynamic/comment_0_0.csv rows=148000000 directed_edges=296000000 elapsed_s=358.9
[snb-full][edge] progress file=/data/WorkSpace/ldbc-sf100/social_network/dynamic/comment_0_0.csv rows=149000000 directed_edges=298000000 elapsed_s=361.3
[snb-full][edge] progress file=/data/WorkSpace/ldbc-sf100/social_network/dynamic/comment_0_0.csv rows=150000000 directed_edges=300000000 elapsed_s=363.2
[snb-full][edge] progress file=/data/WorkSpace/ldbc-sf100/social_network/dynamic/comment_0_0.csv rows=151000000 directed_edges=302000000 elapsed_s=365.5
[snb-full][edge] progress file=/data/WorkSpace/ldbc-sf100/social_network/dynamic/comment_0_0.csv rows=152000000 directed_edges=304000000 elapsed_s=368.1
[snb-full][edge] progress file=/data/WorkSpace/ldbc-sf100/social_network/dynamic/comment_0_0.csv rows=153000000 directed_edges=306000000 elapsed_s=370.1
[snb-full][edge] progress file=/data/WorkSpace/ldbc-sf100/social_network/dynamic/comment_0_0.csv rows=154000000 directed_edges=308000000 elapsed_s=372.4
[snb-full][edge] progress file=/data/WorkSpace/ldbc-sf100/social_network/dynamic/comment_0_0.csv rows=155000000 directed_edges=310000000 elapsed_s=374.7
[snb-full][edge] progress file=/data/WorkSpace/ldbc-sf100/social_network/dynamic/comment_0_0.csv rows=156000000 directed_edges=312000000 elapsed_s=377.0
[snb-full][edge] progress file=/data/WorkSpace/ldbc-sf100/social_network/dynamic/comment_0_0.csv rows=157000000 directed_edges=314000000 elapsed_s=379.7
[snb-full][edge] progress file=/data/WorkSpace/ldbc-sf100/social_network/dynamic/comment_0_0.csv rows=158000000 directed_edges=316000000 elapsed_s=382.0
[snb-full][edge] progress file=/data/WorkSpace/ldbc-sf100/social_network/dynamic/comment_0_0.csv rows=159000000 directed_edges=318000000 elapsed_s=384.2
[snb-full][edge] progress file=/data/WorkSpace/ldbc-sf100/social_network/dynamic/comment_0_0.csv rows=160000000 directed_edges=320000000 elapsed_s=386.5
[snb-full][edge] progress file=/data/WorkSpace/ldbc-sf100/social_network/dynamic/comment_0_0.csv rows=161000000 directed_edges=322000000 elapsed_s=388.9
[snb-full][edge] progress file=/data/WorkSpace/ldbc-sf100/social_network/dynamic/comment_0_0.csv rows=162000000 directed_edges=324000000 elapsed_s=391.2
[snb-full][edge] progress file=/data/WorkSpace/ldbc-sf100/social_network/dynamic/comment_0_0.csv rows=163000000 directed_edges=326000000 elapsed_s=393.4
[snb-full][edge] progress file=/data/WorkSpace/ldbc-sf100/social_network/dynamic/comment_0_0.csv rows=164000000 directed_edges=328000000 elapsed_s=396.4
[snb-full][edge] progress file=/data/WorkSpace/ldbc-sf100/social_network/dynamic/comment_0_0.csv rows=165000000 directed_edges=330000000 elapsed_s=399.2
[snb-full][edge] progress file=/data/WorkSpace/ldbc-sf100/social_network/dynamic/comment_0_0.csv rows=166000000 directed_edges=332000000 elapsed_s=401.6
[snb-full][edge] progress file=/data/WorkSpace/ldbc-sf100/social_network/dynamic/comment_0_0.csv rows=167000000 directed_edges=334000000 elapsed_s=404.3
[snb-full][edge] progress file=/data/WorkSpace/ldbc-sf100/social_network/dynamic/comment_0_0.csv rows=168000000 directed_edges=336000000 elapsed_s=407.0
[snb-full][edge] progress file=/data/WorkSpace/ldbc-sf100/social_network/dynamic/comment_0_0.csv rows=169000000 directed_edges=338000000 elapsed_s=409.8
[snb-full][edge] progress file=/data/WorkSpace/ldbc-sf100/social_network/dynamic/comment_0_0.csv rows=170000000 directed_edges=340000000 elapsed_s=412.0
[snb-full][edge] progress file=/data/WorkSpace/ldbc-sf100/social_network/dynamic/comment_0_0.csv rows=171000000 directed_edges=342000000 elapsed_s=414.3
[snb-full][edge] progress file=/data/WorkSpace/ldbc-sf100/social_network/dynamic/comment_0_0.csv rows=172000000 directed_edges=344000000 elapsed_s=417.2
[snb-full][edge] progress file=/data/WorkSpace/ldbc-sf100/social_network/dynamic/comment_0_0.csv rows=173000000 directed_edges=346000000 elapsed_s=419.6
[snb-full][edge] progress file=/data/WorkSpace/ldbc-sf100/social_network/dynamic/comment_0_0.csv rows=174000000 directed_edges=348000000 elapsed_s=421.6
[snb-full][edge] progress file=/data/WorkSpace/ldbc-sf100/social_network/dynamic/comment_0_0.csv rows=175000000 directed_edges=350000000 elapsed_s=424.2
[snb-full][edge] progress file=/data/WorkSpace/ldbc-sf100/social_network/dynamic/comment_0_0.csv rows=176000000 directed_edges=352000000 elapsed_s=426.5
[snb-full][edge] progress file=/data/WorkSpace/ldbc-sf100/social_network/dynamic/comment_0_0.csv rows=177000000 directed_edges=354000000 elapsed_s=428.8
[snb-full][edge] progress file=/data/WorkSpace/ldbc-sf100/social_network/dynamic/comment_0_0.csv rows=178000000 directed_edges=356000000 elapsed_s=431.2
[snb-full][edge] progress file=/data/WorkSpace/ldbc-sf100/social_network/dynamic/comment_0_0.csv rows=179000000 directed_edges=358000000 elapsed_s=434.3
[snb-full][edge] progress file=/data/WorkSpace/ldbc-sf100/social_network/dynamic/comment_0_0.csv rows=180000000 directed_edges=360000000 elapsed_s=436.3
[snb-full][edge] progress file=/data/WorkSpace/ldbc-sf100/social_network/dynamic/comment_0_0.csv rows=181000000 directed_edges=362000000 elapsed_s=438.8
[snb-full][edge] progress file=/data/WorkSpace/ldbc-sf100/social_network/dynamic/comment_0_0.csv rows=182000000 directed_edges=364000000 elapsed_s=441.2
[snb-full][edge] progress file=/data/WorkSpace/ldbc-sf100/social_network/dynamic/comment_0_0.csv rows=183000000 directed_edges=366000000 elapsed_s=443.9
[snb-full][edge] progress file=/data/WorkSpace/ldbc-sf100/social_network/dynamic/comment_0_0.csv rows=184000000 directed_edges=368000000 elapsed_s=446.6
[snb-full][edge] progress file=/data/WorkSpace/ldbc-sf100/social_network/dynamic/comment_0_0.csv rows=185000000 directed_edges=370000000 elapsed_s=449.0
[snb-full][edge] progress file=/data/WorkSpace/ldbc-sf100/social_network/dynamic/comment_0_0.csv rows=186000000 directed_edges=372000000 elapsed_s=451.6
[snb-full][edge] progress file=/data/WorkSpace/ldbc-sf100/social_network/dynamic/comment_0_0.csv rows=187000000 directed_edges=374000000 elapsed_s=453.9
[snb-full][edge] progress file=/data/WorkSpace/ldbc-sf100/social_network/dynamic/comment_0_0.csv rows=188000000 directed_edges=376000000 elapsed_s=456.6
[snb-full][edge] progress file=/data/WorkSpace/ldbc-sf100/social_network/dynamic/comment_0_0.csv rows=189000000 directed_edges=378000000 elapsed_s=458.8
[snb-full][edge] progress file=/data/WorkSpace/ldbc-sf100/social_network/dynamic/comment_0_0.csv rows=190000000 directed_edges=380000000 elapsed_s=461.3
[snb-full][edge] progress file=/data/WorkSpace/ldbc-sf100/social_network/dynamic/comment_0_0.csv rows=191000000 directed_edges=382000000 elapsed_s=463.9
[snb-full][edge] progress file=/data/WorkSpace/ldbc-sf100/social_network/dynamic/comment_0_0.csv rows=192000000 directed_edges=384000000 elapsed_s=466.5
[snb-full][edge] progress file=/data/WorkSpace/ldbc-sf100/social_network/dynamic/comment_0_0.csv rows=193000000 directed_edges=386000000 elapsed_s=468.7
[snb-full][edge] progress file=/data/WorkSpace/ldbc-sf100/social_network/dynamic/comment_0_0.csv rows=194000000 directed_edges=388000000 elapsed_s=471.4
[snb-full][edge] progress file=/data/WorkSpace/ldbc-sf100/social_network/dynamic/comment_0_0.csv rows=195000000 directed_edges=390000000 elapsed_s=473.7
[snb-full][edge] progress file=/data/WorkSpace/ldbc-sf100/social_network/dynamic/comment_0_0.csv rows=196000000 directed_edges=392000000 elapsed_s=475.6
[snb-full][edge] progress file=/data/WorkSpace/ldbc-sf100/social_network/dynamic/comment_0_0.csv rows=197000000 directed_edges=394000000 elapsed_s=477.9
[snb-full][edge] progress file=/data/WorkSpace/ldbc-sf100/social_network/dynamic/comment_0_0.csv rows=198000000 directed_edges=396000000 elapsed_s=480.2
[snb-full][edge] progress file=/data/WorkSpace/ldbc-sf100/social_network/dynamic/comment_0_0.csv rows=199000000 directed_edges=398000000 elapsed_s=482.4
[snb-full][edge] progress file=/data/WorkSpace/ldbc-sf100/social_network/dynamic/comment_0_0.csv rows=200000000 directed_edges=400000000 elapsed_s=484.8
[snb-full][edge] progress file=/data/WorkSpace/ldbc-sf100/social_network/dynamic/comment_0_0.csv rows=201000000 directed_edges=402000000 elapsed_s=487.2
[snb-full][edge] progress file=/data/WorkSpace/ldbc-sf100/social_network/dynamic/comment_0_0.csv rows=202000000 directed_edges=404000000 elapsed_s=489.4
[snb-full][edge] progress file=/data/WorkSpace/ldbc-sf100/social_network/dynamic/comment_0_0.csv rows=203000000 directed_edges=406000000 elapsed_s=491.7
[snb-full][edge] progress file=/data/WorkSpace/ldbc-sf100/social_network/dynamic/comment_0_0.csv rows=204000000 directed_edges=408000000 elapsed_s=494.4
[snb-full][edge] progress file=/data/WorkSpace/ldbc-sf100/social_network/dynamic/comment_0_0.csv rows=205000000 directed_edges=410000000 elapsed_s=496.7
[snb-full][edge] progress file=/data/WorkSpace/ldbc-sf100/social_network/dynamic/comment_0_0.csv rows=206000000 directed_edges=412000000 elapsed_s=498.9
[snb-full][edge] progress file=/data/WorkSpace/ldbc-sf100/social_network/dynamic/comment_0_0.csv rows=207000000 directed_edges=414000000 elapsed_s=501.4
[snb-full][edge] progress file=/data/WorkSpace/ldbc-sf100/social_network/dynamic/comment_0_0.csv rows=208000000 directed_edges=416000000 elapsed_s=503.6
[snb-full][edge] progress file=/data/WorkSpace/ldbc-sf100/social_network/dynamic/comment_0_0.csv rows=209000000 directed_edges=418000000 elapsed_s=505.9
[snb-full][edge] progress file=/data/WorkSpace/ldbc-sf100/social_network/dynamic/comment_0_0.csv rows=210000000 directed_edges=420000000 elapsed_s=508.2
[snb-full][edge] progress file=/data/WorkSpace/ldbc-sf100/social_network/dynamic/comment_0_0.csv rows=211000000 directed_edges=422000000 elapsed_s=510.9
[snb-full][edge] progress file=/data/WorkSpace/ldbc-sf100/social_network/dynamic/comment_0_0.csv rows=212000000 directed_edges=424000000 elapsed_s=513.6
[snb-full][edge] progress file=/data/WorkSpace/ldbc-sf100/social_network/dynamic/comment_0_0.csv rows=213000000 directed_edges=426000000 elapsed_s=516.3
[snb-full][edge] progress file=/data/WorkSpace/ldbc-sf100/social_network/dynamic/comment_0_0.csv rows=214000000 directed_edges=428000000 elapsed_s=519.2
[snb-full][edge] progress file=/data/WorkSpace/ldbc-sf100/social_network/dynamic/comment_0_0.csv rows=215000000 directed_edges=430000000 elapsed_s=521.8
[snb-full][edge] progress file=/data/WorkSpace/ldbc-sf100/social_network/dynamic/comment_0_0.csv rows=216000000 directed_edges=432000000 elapsed_s=523.6
[snb-full][edge] progress file=/data/WorkSpace/ldbc-sf100/social_network/dynamic/comment_0_0.csv rows=217000000 directed_edges=434000000 elapsed_s=526.1
[snb-full][edge] progress file=/data/WorkSpace/ldbc-sf100/social_network/dynamic/comment_0_0.csv rows=218000000 directed_edges=436000000 elapsed_s=528.4
[snb-full][edge] progress file=/data/WorkSpace/ldbc-sf100/social_network/dynamic/comment_0_0.csv rows=219000000 directed_edges=438000000 elapsed_s=530.8
[snb-full][edge] progress file=/data/WorkSpace/ldbc-sf100/social_network/dynamic/comment_0_0.csv rows=220000000 directed_edges=440000000 elapsed_s=533.2
[snb-full][edge] done file=/data/WorkSpace/ldbc-sf100/social_network/dynamic/comment_0_0.csv rows=220096052 directed_edges=440192104 elapsed_s=533.4
[snb-full][edge] start file=/data/WorkSpace/ldbc-sf100/social_network/dynamic/comment_0_0.csv edge=ReplyOfPost src=Comment dst=Post
[snb-full][edge] progress file=/data/WorkSpace/ldbc-sf100/social_network/dynamic/comment_0_0.csv rows=3000000 directed_edges=2954390 elapsed_s=3.9
[snb-full][edge] progress file=/data/WorkSpace/ldbc-sf100/social_network/dynamic/comment_0_0.csv rows=6000000 directed_edges=5911060 elapsed_s=7.5
[snb-full][edge] progress file=/data/WorkSpace/ldbc-sf100/social_network/dynamic/comment_0_0.csv rows=8000000 directed_edges=7880222 elapsed_s=10.2
[snb-full][edge] progress file=/data/WorkSpace/ldbc-sf100/social_network/dynamic/comment_0_0.csv rows=10000000 directed_edges=9848552 elapsed_s=12.6
[snb-full][edge] progress file=/data/WorkSpace/ldbc-sf100/social_network/dynamic/comment_0_0.csv rows=12000000 directed_edges=11820796 elapsed_s=15.2
[snb-full][edge] progress file=/data/WorkSpace/ldbc-sf100/social_network/dynamic/comment_0_0.csv rows=13000000 directed_edges=12805390 elapsed_s=16.3
[snb-full][edge] progress file=/data/WorkSpace/ldbc-sf100/social_network/dynamic/comment_0_0.csv rows=14000000 directed_edges=13792054 elapsed_s=17.7
[snb-full][edge] progress file=/data/WorkSpace/ldbc-sf100/social_network/dynamic/comment_0_0.csv rows=15000000 directed_edges=14778914 elapsed_s=18.8
[snb-full][edge] progress file=/data/WorkSpace/ldbc-sf100/social_network/dynamic/comment_0_0.csv rows=19000000 directed_edges=18717664 elapsed_s=24.4
[snb-full][edge] progress file=/data/WorkSpace/ldbc-sf100/social_network/dynamic/comment_0_0.csv rows=21000000 directed_edges=20687846 elapsed_s=27.2
[snb-full][edge] progress file=/data/WorkSpace/ldbc-sf100/social_network/dynamic/comment_0_0.csv rows=22000000 directed_edges=21673644 elapsed_s=28.8
[snb-full][edge] progress file=/data/WorkSpace/ldbc-sf100/social_network/dynamic/comment_0_0.csv rows=23000000 directed_edges=22660684 elapsed_s=29.9
[snb-full][edge] progress file=/data/WorkSpace/ldbc-sf100/social_network/dynamic/comment_0_0.csv rows=24000000 directed_edges=23645828 elapsed_s=31.6
[snb-full][edge] progress file=/data/WorkSpace/ldbc-sf100/social_network/dynamic/comment_0_0.csv rows=27000000 directed_edges=26600576 elapsed_s=35.7
[snb-full][edge] progress file=/data/WorkSpace/ldbc-sf100/social_network/dynamic/comment_0_0.csv rows=29000000 directed_edges=28574118 elapsed_s=38.4
[snb-full][edge] progress file=/data/WorkSpace/ldbc-sf100/social_network/dynamic/comment_0_0.csv rows=33000000 directed_edges=32514452 elapsed_s=44.2
[snb-full][edge] progress file=/data/WorkSpace/ldbc-sf100/social_network/dynamic/comment_0_0.csv rows=34000000 directed_edges=33499918 elapsed_s=45.4
[snb-full][edge] progress file=/data/WorkSpace/ldbc-sf100/social_network/dynamic/comment_0_0.csv rows=35000000 directed_edges=34486162 elapsed_s=46.9
[snb-full][edge] progress file=/data/WorkSpace/ldbc-sf100/social_network/dynamic/comment_0_0.csv rows=37000000 directed_edges=36459272 elapsed_s=49.7
[snb-full][edge] progress file=/data/WorkSpace/ldbc-sf100/social_network/dynamic/comment_0_0.csv rows=39000000 directed_edges=38429008 elapsed_s=52.6
[snb-full][edge] progress file=/data/WorkSpace/ldbc-sf100/social_network/dynamic/comment_0_0.csv rows=40000000 directed_edges=39415782 elapsed_s=53.8
[snb-full][edge] progress file=/data/WorkSpace/ldbc-sf100/social_network/dynamic/comment_0_0.csv rows=41000000 directed_edges=40400240 elapsed_s=55.5
[snb-full][edge] progress file=/data/WorkSpace/ldbc-sf100/social_network/dynamic/comment_0_0.csv rows=43000000 directed_edges=42370054 elapsed_s=58.2
[snb-full][edge] progress file=/data/WorkSpace/ldbc-sf100/social_network/dynamic/comment_0_0.csv rows=45000000 directed_edges=44347378 elapsed_s=60.5
[snb-full][edge] progress file=/data/WorkSpace/ldbc-sf100/social_network/dynamic/comment_0_0.csv rows=48000000 directed_edges=47309020 elapsed_s=65.2
[snb-full][edge] progress file=/data/WorkSpace/ldbc-sf100/social_network/dynamic/comment_0_0.csv rows=49000000 directed_edges=48295520 elapsed_s=66.7
[snb-full][edge] progress file=/data/WorkSpace/ldbc-sf100/social_network/dynamic/comment_0_0.csv rows=50000000 directed_edges=49282606 elapsed_s=67.9
[snb-full][edge] progress file=/data/WorkSpace/ldbc-sf100/social_network/dynamic/comment_0_0.csv rows=51000000 directed_edges=50269202 elapsed_s=69.0
[snb-full][edge] progress file=/data/WorkSpace/ldbc-sf100/social_network/dynamic/comment_0_0.csv rows=52000000 directed_edges=51252966 elapsed_s=70.7
[snb-full][edge] progress file=/data/WorkSpace/ldbc-sf100/social_network/dynamic/comment_0_0.csv rows=53000000 directed_edges=52239286 elapsed_s=71.9
[snb-full][edge] progress file=/data/WorkSpace/ldbc-sf100/social_network/dynamic/comment_0_0.csv rows=54000000 directed_edges=53225520 elapsed_s=73.7
[snb-full][edge] progress file=/data/WorkSpace/ldbc-sf100/social_network/dynamic/comment_0_0.csv rows=60000000 directed_edges=59141956 elapsed_s=81.4
[snb-full][edge] progress file=/data/WorkSpace/ldbc-sf100/social_network/dynamic/comment_0_0.csv rows=61000000 directed_edges=60125856 elapsed_s=82.7
[snb-full][edge] progress file=/data/WorkSpace/ldbc-sf100/social_network/dynamic/comment_0_0.csv rows=64000000 directed_edges=63081088 elapsed_s=86.6
[snb-full][edge] progress file=/data/WorkSpace/ldbc-sf100/social_network/dynamic/comment_0_0.csv rows=73000000 directed_edges=71958310 elapsed_s=97.9
[snb-full][edge] progress file=/data/WorkSpace/ldbc-sf100/social_network/dynamic/comment_0_0.csv rows=74000000 directed_edges=72943384 elapsed_s=99.1
[snb-full][edge] progress file=/data/WorkSpace/ldbc-sf100/social_network/dynamic/comment_0_0.csv rows=78000000 directed_edges=76885664 elapsed_s=103.9
[snb-full][edge] progress file=/data/WorkSpace/ldbc-sf100/social_network/dynamic/comment_0_0.csv rows=79000000 directed_edges=77869522 elapsed_s=105.1
[snb-full][edge] progress file=/data/WorkSpace/ldbc-sf100/social_network/dynamic/comment_0_0.csv rows=82000000 directed_edges=80828836 elapsed_s=109.0
[snb-full][edge] progress file=/data/WorkSpace/ldbc-sf100/social_network/dynamic/comment_0_0.csv rows=83000000 directed_edges=81813810 elapsed_s=110.1
[snb-full][edge] progress file=/data/WorkSpace/ldbc-sf100/social_network/dynamic/comment_0_0.csv rows=86000000 directed_edges=84772394 elapsed_s=113.9
[snb-full][edge] progress file=/data/WorkSpace/ldbc-sf100/social_network/dynamic/comment_0_0.csv rows=92000000 directed_edges=90678518 elapsed_s=121.1
[snb-full][edge] progress file=/data/WorkSpace/ldbc-sf100/social_network/dynamic/comment_0_0.csv rows=93000000 directed_edges=91662646 elapsed_s=122.5
[snb-full][edge] progress file=/data/WorkSpace/ldbc-sf100/social_network/dynamic/comment_0_0.csv rows=94000000 directed_edges=92648674 elapsed_s=123.8
[snb-full][edge] progress file=/data/WorkSpace/ldbc-sf100/social_network/dynamic/comment_0_0.csv rows=97000000 directed_edges=95606720 elapsed_s=127.4
[snb-full][edge] progress file=/data/WorkSpace/ldbc-sf100/social_network/dynamic/comment_0_0.csv rows=99000000 directed_edges=97578586 elapsed_s=130.0
[snb-full][edge] progress file=/data/WorkSpace/ldbc-sf100/social_network/dynamic/comment_0_0.csv rows=100000000 directed_edges=98565292 elapsed_s=131.1
[snb-full][edge] progress file=/data/WorkSpace/ldbc-sf100/social_network/dynamic/comment_0_0.csv rows=102000000 directed_edges=100535800 elapsed_s=133.6
[snb-full][edge] progress file=/data/WorkSpace/ldbc-sf100/social_network/dynamic/comment_0_0.csv rows=104000000 directed_edges=102508598 elapsed_s=136.0
[snb-full][edge] progress file=/data/WorkSpace/ldbc-sf100/social_network/dynamic/comment_0_0.csv rows=105000000 directed_edges=103493392 elapsed_s=137.6
[snb-full][edge] progress file=/data/WorkSpace/ldbc-sf100/social_network/dynamic/comment_0_0.csv rows=106000000 directed_edges=104480678 elapsed_s=138.7
[snb-full][edge] progress file=/data/WorkSpace/ldbc-sf100/social_network/dynamic/comment_0_0.csv rows=108000000 directed_edges=106449318 elapsed_s=141.2
[snb-full][edge] progress file=/data/WorkSpace/ldbc-sf100/social_network/dynamic/comment_0_0.csv rows=109000000 directed_edges=107437880 elapsed_s=142.5
[snb-full][edge] progress file=/data/WorkSpace/ldbc-sf100/social_network/dynamic/comment_0_0.csv rows=111000000 directed_edges=109407474 elapsed_s=144.8
[snb-full][edge] progress file=/data/WorkSpace/ldbc-sf100/social_network/dynamic/comment_0_0.csv rows=112000000 directed_edges=110393412 elapsed_s=146.2
[snb-full][edge] progress file=/data/WorkSpace/ldbc-sf100/social_network/dynamic/comment_0_0.csv rows=113000000 directed_edges=111379094 elapsed_s=147.3
[snb-full][edge] progress file=/data/WorkSpace/ldbc-sf100/social_network/dynamic/comment_0_0.csv rows=114000000 directed_edges=112362298 elapsed_s=149.0
[snb-full][edge] progress file=/data/WorkSpace/ldbc-sf100/social_network/dynamic/comment_0_0.csv rows=116000000 directed_edges=114334820 elapsed_s=151.4
[snb-full][edge] progress file=/data/WorkSpace/ldbc-sf100/social_network/dynamic/comment_0_0.csv rows=119000000 directed_edges=117286306 elapsed_s=154.9
[snb-full][edge] progress file=/data/WorkSpace/ldbc-sf100/social_network/dynamic/comment_0_0.csv rows=121000000 directed_edges=119255984 elapsed_s=157.5
[snb-full][edge] progress file=/data/WorkSpace/ldbc-sf100/social_network/dynamic/comment_0_0.csv rows=125000000 directed_edges=123199902 elapsed_s=162.5
[snb-full][edge] progress file=/data/WorkSpace/ldbc-sf100/social_network/dynamic/comment_0_0.csv rows=126000000 directed_edges=124184986 elapsed_s=163.7
[snb-full][edge] progress file=/data/WorkSpace/ldbc-sf100/social_network/dynamic/comment_0_0.csv rows=129000000 directed_edges=127139562 elapsed_s=168.1
[snb-full][edge] progress file=/data/WorkSpace/ldbc-sf100/social_network/dynamic/comment_0_0.csv rows=130000000 directed_edges=128125726 elapsed_s=169.5
[snb-full][edge] progress file=/data/WorkSpace/ldbc-sf100/social_network/dynamic/comment_0_0.csv rows=136000000 directed_edges=134041914 elapsed_s=176.9
[snb-full][edge] progress file=/data/WorkSpace/ldbc-sf100/social_network/dynamic/comment_0_0.csv rows=138000000 directed_edges=136011346 elapsed_s=179.5
[snb-full][edge] progress file=/data/WorkSpace/ldbc-sf100/social_network/dynamic/comment_0_0.csv rows=139000000 directed_edges=136995596 elapsed_s=180.6
[snb-full][edge] progress file=/data/WorkSpace/ldbc-sf100/social_network/dynamic/comment_0_0.csv rows=141000000 directed_edges=138963652 elapsed_s=183.1
[snb-full][edge] progress file=/data/WorkSpace/ldbc-sf100/social_network/dynamic/comment_0_0.csv rows=143000000 directed_edges=140931720 elapsed_s=185.7
[snb-full][edge] progress file=/data/WorkSpace/ldbc-sf100/social_network/dynamic/comment_0_0.csv rows=150000000 directed_edges=147830502 elapsed_s=194.3
[snb-full][edge] progress file=/data/WorkSpace/ldbc-sf100/social_network/dynamic/comment_0_0.csv rows=154000000 directed_edges=151770222 elapsed_s=199.2
[snb-full][edge] progress file=/data/WorkSpace/ldbc-sf100/social_network/dynamic/comment_0_0.csv rows=158000000 directed_edges=155718252 elapsed_s=203.8
[snb-full][edge] progress file=/data/WorkSpace/ldbc-sf100/social_network/dynamic/comment_0_0.csv rows=159000000 directed_edges=156704438 elapsed_s=205.1
[snb-full][edge] progress file=/data/WorkSpace/ldbc-sf100/social_network/dynamic/comment_0_0.csv rows=161000000 directed_edges=158671206 elapsed_s=207.5
[snb-full][edge] progress file=/data/WorkSpace/ldbc-sf100/social_network/dynamic/comment_0_0.csv rows=168000000 directed_edges=165574622 elapsed_s=216.2
[snb-full][edge] progress file=/data/WorkSpace/ldbc-sf100/social_network/dynamic/comment_0_0.csv rows=171000000 directed_edges=168533096 elapsed_s=219.5
[snb-full][edge] progress file=/data/WorkSpace/ldbc-sf100/social_network/dynamic/comment_0_0.csv rows=172000000 directed_edges=169518596 elapsed_s=220.8
[snb-full][edge] progress file=/data/WorkSpace/ldbc-sf100/social_network/dynamic/comment_0_0.csv rows=174000000 directed_edges=171488902 elapsed_s=223.2
[snb-full][edge] progress file=/data/WorkSpace/ldbc-sf100/social_network/dynamic/comment_0_0.csv rows=175000000 directed_edges=172474512 elapsed_s=224.5
[snb-full][edge] progress file=/data/WorkSpace/ldbc-sf100/social_network/dynamic/comment_0_0.csv rows=176000000 directed_edges=173458120 elapsed_s=225.6
[snb-full][edge] progress file=/data/WorkSpace/ldbc-sf100/social_network/dynamic/comment_0_0.csv rows=178000000 directed_edges=175426350 elapsed_s=227.9
[snb-full][edge] progress file=/data/WorkSpace/ldbc-sf100/social_network/dynamic/comment_0_0.csv rows=179000000 directed_edges=176414470 elapsed_s=229.0
[snb-full][edge] progress file=/data/WorkSpace/ldbc-sf100/social_network/dynamic/comment_0_0.csv rows=180000000 directed_edges=177400866 elapsed_s=230.0
[snb-full][edge] progress file=/data/WorkSpace/ldbc-sf100/social_network/dynamic/comment_0_0.csv rows=185000000 directed_edges=182322720 elapsed_s=236.4
[snb-full][edge] progress file=/data/WorkSpace/ldbc-sf100/social_network/dynamic/comment_0_0.csv rows=187000000 directed_edges=184292960 elapsed_s=238.8
[snb-full][edge] progress file=/data/WorkSpace/ldbc-sf100/social_network/dynamic/comment_0_0.csv rows=190000000 directed_edges=187250506 elapsed_s=242.7
[snb-full][edge] progress file=/data/WorkSpace/ldbc-sf100/social_network/dynamic/comment_0_0.csv rows=193000000 directed_edges=190201130 elapsed_s=246.2
[snb-full][edge] progress file=/data/WorkSpace/ldbc-sf100/social_network/dynamic/comment_0_0.csv rows=194000000 directed_edges=191187072 elapsed_s=247.5
[snb-full][edge] progress file=/data/WorkSpace/ldbc-sf100/social_network/dynamic/comment_0_0.csv rows=196000000 directed_edges=193158764 elapsed_s=249.7
[snb-full][edge] progress file=/data/WorkSpace/ldbc-sf100/social_network/dynamic/comment_0_0.csv rows=200000000 directed_edges=197100042 elapsed_s=254.6
[snb-full][edge] progress file=/data/WorkSpace/ldbc-sf100/social_network/dynamic/comment_0_0.csv rows=202000000 directed_edges=199074028 elapsed_s=257.0
[snb-full][edge] progress file=/data/WorkSpace/ldbc-sf100/social_network/dynamic/comment_0_0.csv rows=203000000 directed_edges=200062432 elapsed_s=258.3
[snb-full][edge] progress file=/data/WorkSpace/ldbc-sf100/social_network/dynamic/comment_0_0.csv rows=204000000 directed_edges=201045050 elapsed_s=259.4
[snb-full][edge] progress file=/data/WorkSpace/ldbc-sf100/social_network/dynamic/comment_0_0.csv rows=208000000 directed_edges=204991014 elapsed_s=265.1
[snb-full][edge] progress file=/data/WorkSpace/ldbc-sf100/social_network/dynamic/comment_0_0.csv rows=209000000 directed_edges=205974944 elapsed_s=266.5
[snb-full][edge] progress file=/data/WorkSpace/ldbc-sf100/social_network/dynamic/comment_0_0.csv rows=213000000 directed_edges=209919332 elapsed_s=271.2
[snb-full][edge] progress file=/data/WorkSpace/ldbc-sf100/social_network/dynamic/comment_0_0.csv rows=214000000 directed_edges=210903128 elapsed_s=273.0
[snb-full][edge] progress file=/data/WorkSpace/ldbc-sf100/social_network/dynamic/comment_0_0.csv rows=216000000 directed_edges=212874686 elapsed_s=275.8
[snb-full][edge] progress file=/data/WorkSpace/ldbc-sf100/social_network/dynamic/comment_0_0.csv rows=220000000 directed_edges=216816592 elapsed_s=280.6
[snb-full][edge] done file=/data/WorkSpace/ldbc-sf100/social_network/dynamic/comment_0_0.csv rows=220096052 directed_edges=216910972 elapsed_s=280.7
[snb-full][edge] start file=/data/WorkSpace/ldbc-sf100/social_network/dynamic/comment_0_0.csv edge=ReplyOfComment src=Comment dst=Comment
[snb-full][edge] progress file=/data/WorkSpace/ldbc-sf100/social_network/dynamic/comment_0_0.csv rows=1000000 directed_edges=1014926 elapsed_s=1.1
[snb-full][edge] progress file=/data/WorkSpace/ldbc-sf100/social_network/dynamic/comment_0_0.csv rows=2000000 directed_edges=2029986 elapsed_s=2.6
[snb-full][edge] progress file=/data/WorkSpace/ldbc-sf100/social_network/dynamic/comment_0_0.csv rows=4000000 directed_edges=4061956 elapsed_s=5.0
[snb-full][edge] progress file=/data/WorkSpace/ldbc-sf100/social_network/dynamic/comment_0_0.csv rows=5000000 directed_edges=5073042 elapsed_s=6.1
[snb-full][edge] progress file=/data/WorkSpace/ldbc-sf100/social_network/dynamic/comment_0_0.csv rows=7000000 directed_edges=7104734 elapsed_s=8.7
[snb-full][edge] progress file=/data/WorkSpace/ldbc-sf100/social_network/dynamic/comment_0_0.csv rows=9000000 directed_edges=9134718 elapsed_s=10.8
[snb-full][edge] progress file=/data/WorkSpace/ldbc-sf100/social_network/dynamic/comment_0_0.csv rows=11000000 directed_edges=11165156 elapsed_s=13.4
[snb-full][edge] progress file=/data/WorkSpace/ldbc-sf100/social_network/dynamic/comment_0_0.csv rows=16000000 directed_edges=16237944 elapsed_s=20.5
[snb-full][edge] progress file=/data/WorkSpace/ldbc-sf100/social_network/dynamic/comment_0_0.csv rows=17000000 directed_edges=17253332 elapsed_s=21.8
[snb-full][edge] progress file=/data/WorkSpace/ldbc-sf100/social_network/dynamic/comment_0_0.csv rows=18000000 directed_edges=18268684 elapsed_s=23.0
[snb-full][edge] progress file=/data/WorkSpace/ldbc-sf100/social_network/dynamic/comment_0_0.csv rows=20000000 directed_edges=20298328 elapsed_s=25.9
[snb-full][edge] progress file=/data/WorkSpace/ldbc-sf100/social_network/dynamic/comment_0_0.csv rows=25000000 directed_edges=25369020 elapsed_s=32.8
[snb-full][edge] progress file=/data/WorkSpace/ldbc-sf100/social_network/dynamic/comment_0_0.csv rows=26000000 directed_edges=26385018 elapsed_s=34.4
[snb-full][edge] progress file=/data/WorkSpace/ldbc-sf100/social_network/dynamic/comment_0_0.csv rows=28000000 directed_edges=28412816 elapsed_s=37.2
[snb-full][edge] progress file=/data/WorkSpace/ldbc-sf100/social_network/dynamic/comment_0_0.csv rows=30000000 directed_edges=30440914 elapsed_s=40.1
[snb-full][edge] progress file=/data/WorkSpace/ldbc-sf100/social_network/dynamic/comment_0_0.csv rows=31000000 directed_edges=31456020 elapsed_s=41.3
[snb-full][edge] progress file=/data/WorkSpace/ldbc-sf100/social_network/dynamic/comment_0_0.csv rows=32000000 directed_edges=32470944 elapsed_s=42.7
[snb-full][edge] progress file=/data/WorkSpace/ldbc-sf100/social_network/dynamic/comment_0_0.csv rows=36000000 directed_edges=36526264 elapsed_s=48.7
[snb-full][edge] progress file=/data/WorkSpace/ldbc-sf100/social_network/dynamic/comment_0_0.csv rows=38000000 directed_edges=38558764 elapsed_s=51.2
[snb-full][edge] progress file=/data/WorkSpace/ldbc-sf100/social_network/dynamic/comment_0_0.csv rows=42000000 directed_edges=42617002 elapsed_s=56.3
[snb-full][edge] progress file=/data/WorkSpace/ldbc-sf100/social_network/dynamic/comment_0_0.csv rows=44000000 directed_edges=44641046 elapsed_s=59.4
[snb-full][edge] progress file=/data/WorkSpace/ldbc-sf100/social_network/dynamic/comment_0_0.csv rows=46000000 directed_edges=46665800 elapsed_s=61.8
[snb-full][edge] progress file=/data/WorkSpace/ldbc-sf100/social_network/dynamic/comment_0_0.csv rows=47000000 directed_edges=47678684 elapsed_s=63.1
[snb-full][edge] progress file=/data/WorkSpace/ldbc-sf100/social_network/dynamic/comment_0_0.csv rows=55000000 directed_edges=55789448 elapsed_s=73.6
[snb-full][edge] progress file=/data/WorkSpace/ldbc-sf100/social_network/dynamic/comment_0_0.csv rows=56000000 directed_edges=56802386 elapsed_s=74.8
[snb-full][edge] progress file=/data/WorkSpace/ldbc-sf100/social_network/dynamic/comment_0_0.csv rows=57000000 directed_edges=57814564 elapsed_s=76.5
[snb-full][edge] progress file=/data/WorkSpace/ldbc-sf100/social_network/dynamic/comment_0_0.csv rows=58000000 directed_edges=58828474 elapsed_s=78.3
[snb-full][edge] progress file=/data/WorkSpace/ldbc-sf100/social_network/dynamic/comment_0_0.csv rows=59000000 directed_edges=59842104 elapsed_s=79.6
[snb-full][edge] progress file=/data/WorkSpace/ldbc-sf100/social_network/dynamic/comment_0_0.csv rows=62000000 directed_edges=62891160 elapsed_s=83.6
[snb-full][edge] progress file=/data/WorkSpace/ldbc-sf100/social_network/dynamic/comment_0_0.csv rows=63000000 directed_edges=63906444 elapsed_s=85.1
[snb-full][edge] progress file=/data/WorkSpace/ldbc-sf100/social_network/dynamic/comment_0_0.csv rows=65000000 directed_edges=65932162 elapsed_s=87.9
[snb-full][edge] progress file=/data/WorkSpace/ldbc-sf100/social_network/dynamic/comment_0_0.csv rows=66000000 directed_edges=66945158 elapsed_s=89.0
[snb-full][edge] progress file=/data/WorkSpace/ldbc-sf100/social_network/dynamic/comment_0_0.csv rows=67000000 directed_edges=67957898 elapsed_s=90.4
[snb-full][edge] progress file=/data/WorkSpace/ldbc-sf100/social_network/dynamic/comment_0_0.csv rows=68000000 directed_edges=68973956 elapsed_s=91.6
[snb-full][edge] progress file=/data/WorkSpace/ldbc-sf100/social_network/dynamic/comment_0_0.csv rows=69000000 directed_edges=69988280 elapsed_s=93.0
[snb-full][edge] progress file=/data/WorkSpace/ldbc-sf100/social_network/dynamic/comment_0_0.csv rows=70000000 directed_edges=71001352 elapsed_s=94.2
[snb-full][edge] progress file=/data/WorkSpace/ldbc-sf100/social_network/dynamic/comment_0_0.csv rows=71000000 directed_edges=72014862 elapsed_s=95.6
[snb-full][edge] progress file=/data/WorkSpace/ldbc-sf100/social_network/dynamic/comment_0_0.csv rows=72000000 directed_edges=73030268 elapsed_s=96.8
[snb-full][edge] progress file=/data/WorkSpace/ldbc-sf100/social_network/dynamic/comment_0_0.csv rows=75000000 directed_edges=76072270 elapsed_s=100.9
[snb-full][edge] progress file=/data/WorkSpace/ldbc-sf100/social_network/dynamic/comment_0_0.csv rows=76000000 directed_edges=77085052 elapsed_s=102.3
[snb-full][edge] progress file=/data/WorkSpace/ldbc-sf100/social_network/dynamic/comment_0_0.csv rows=77000000 directed_edges=78099316 elapsed_s=103.5
[snb-full][edge] progress file=/data/WorkSpace/ldbc-sf100/social_network/dynamic/comment_0_0.csv rows=80000000 directed_edges=81144622 elapsed_s=107.3
[snb-full][edge] progress file=/data/WorkSpace/ldbc-sf100/social_network/dynamic/comment_0_0.csv rows=81000000 directed_edges=82157380 elapsed_s=109.0
[snb-full][edge] progress file=/data/WorkSpace/ldbc-sf100/social_network/dynamic/comment_0_0.csv rows=84000000 directed_edges=85198860 elapsed_s=112.7
[snb-full][edge] progress file=/data/WorkSpace/ldbc-sf100/social_network/dynamic/comment_0_0.csv rows=85000000 directed_edges=86213052 elapsed_s=113.8
[snb-full][edge] progress file=/data/WorkSpace/ldbc-sf100/social_network/dynamic/comment_0_0.csv rows=87000000 directed_edges=88244542 elapsed_s=116.4
[snb-full][edge] progress file=/data/WorkSpace/ldbc-sf100/social_network/dynamic/comment_0_0.csv rows=88000000 directed_edges=89260476 elapsed_s=117.8
[snb-full][edge] progress file=/data/WorkSpace/ldbc-sf100/social_network/dynamic/comment_0_0.csv rows=89000000 directed_edges=90277222 elapsed_s=119.0
[snb-full][edge] progress file=/data/WorkSpace/ldbc-sf100/social_network/dynamic/comment_0_0.csv rows=90000000 directed_edges=91290668 elapsed_s=120.4
[snb-full][edge] progress file=/data/WorkSpace/ldbc-sf100/social_network/dynamic/comment_0_0.csv rows=91000000 directed_edges=92305508 elapsed_s=121.5
[snb-full][edge] progress file=/data/WorkSpace/ldbc-sf100/social_network/dynamic/comment_0_0.csv rows=95000000 directed_edges=96366652 elapsed_s=126.9
[snb-full][edge] progress file=/data/WorkSpace/ldbc-sf100/social_network/dynamic/comment_0_0.csv rows=96000000 directed_edges=97379676 elapsed_s=128.3
[snb-full][edge] progress file=/data/WorkSpace/ldbc-sf100/social_network/dynamic/comment_0_0.csv rows=98000000 directed_edges=99408264 elapsed_s=130.8
[snb-full][edge] progress file=/data/WorkSpace/ldbc-sf100/social_network/dynamic/comment_0_0.csv rows=101000000 directed_edges=102451212 elapsed_s=134.5
[snb-full][edge] progress file=/data/WorkSpace/ldbc-sf100/social_network/dynamic/comment_0_0.csv rows=103000000 directed_edges=104477638 elapsed_s=136.6
[snb-full][edge] progress file=/data/WorkSpace/ldbc-sf100/social_network/dynamic/comment_0_0.csv rows=107000000 directed_edges=108534806 elapsed_s=140.9
[snb-full][edge] progress file=/data/WorkSpace/ldbc-sf100/social_network/dynamic/comment_0_0.csv rows=110000000 directed_edges=111577292 elapsed_s=144.1
[snb-full][edge] progress file=/data/WorkSpace/ldbc-sf100/social_network/dynamic/comment_0_0.csv rows=115000000 directed_edges=116652222 elapsed_s=149.7
[snb-full][edge] progress file=/data/WorkSpace/ldbc-sf100/social_network/dynamic/comment_0_0.csv rows=117000000 directed_edges=118679326 elapsed_s=151.8
[snb-full][edge] progress file=/data/WorkSpace/ldbc-sf100/social_network/dynamic/comment_0_0.csv rows=118000000 directed_edges=119696120 elapsed_s=152.8
[snb-full][edge] progress file=/data/WorkSpace/ldbc-sf100/social_network/dynamic/comment_0_0.csv rows=120000000 directed_edges=121728342 elapsed_s=155.0
[snb-full][edge] progress file=/data/WorkSpace/ldbc-sf100/social_network/dynamic/comment_0_0.csv rows=122000000 directed_edges=123757622 elapsed_s=157.2
[snb-full][edge] progress file=/data/WorkSpace/ldbc-sf100/social_network/dynamic/comment_0_0.csv rows=123000000 directed_edges=124772232 elapsed_s=158.4
[snb-full][edge] progress file=/data/WorkSpace/ldbc-sf100/social_network/dynamic/comment_0_0.csv rows=124000000 directed_edges=125784984 elapsed_s=159.4
[snb-full][edge] progress file=/data/WorkSpace/ldbc-sf100/social_network/dynamic/comment_0_0.csv rows=127000000 directed_edges=128830676 elapsed_s=162.7
[snb-full][edge] progress file=/data/WorkSpace/ldbc-sf100/social_network/dynamic/comment_0_0.csv rows=128000000 directed_edges=129843746 elapsed_s=163.8
[snb-full][edge] progress file=/data/WorkSpace/ldbc-sf100/social_network/dynamic/comment_0_0.csv rows=131000000 directed_edges=132887994 elapsed_s=167.0
[snb-full][edge] progress file=/data/WorkSpace/ldbc-sf100/social_network/dynamic/comment_0_0.csv rows=132000000 directed_edges=133902470 elapsed_s=168.2
[snb-full][edge] progress file=/data/WorkSpace/ldbc-sf100/social_network/dynamic/comment_0_0.csv rows=133000000 directed_edges=134916452 elapsed_s=169.2
[snb-full][edge] progress file=/data/WorkSpace/ldbc-sf100/social_network/dynamic/comment_0_0.csv rows=134000000 directed_edges=135929526 elapsed_s=170.4
[snb-full][edge] progress file=/data/WorkSpace/ldbc-sf100/social_network/dynamic/comment_0_0.csv rows=135000000 directed_edges=136941818 elapsed_s=171.5
[snb-full][edge] progress file=/data/WorkSpace/ldbc-sf100/social_network/dynamic/comment_0_0.csv rows=137000000 directed_edges=138973146 elapsed_s=173.6
[snb-full][edge] progress file=/data/WorkSpace/ldbc-sf100/social_network/dynamic/comment_0_0.csv rows=140000000 directed_edges=142020654 elapsed_s=176.9
[snb-full][edge] progress file=/data/WorkSpace/ldbc-sf100/social_network/dynamic/comment_0_0.csv rows=142000000 directed_edges=144052126 elapsed_s=179.0
[snb-full][edge] progress file=/data/WorkSpace/ldbc-sf100/social_network/dynamic/comment_0_0.csv rows=144000000 directed_edges=146084232 elapsed_s=181.2
[snb-full][edge] progress file=/data/WorkSpace/ldbc-sf100/social_network/dynamic/comment_0_0.csv rows=145000000 directed_edges=147097138 elapsed_s=182.2
[snb-full][edge] progress file=/data/WorkSpace/ldbc-sf100/social_network/dynamic/comment_0_0.csv rows=146000000 directed_edges=148109888 elapsed_s=183.3
[snb-full][edge] progress file=/data/WorkSpace/ldbc-sf100/social_network/dynamic/comment_0_0.csv rows=147000000 directed_edges=149125812 elapsed_s=184.3
[snb-full][edge] progress file=/data/WorkSpace/ldbc-sf100/social_network/dynamic/comment_0_0.csv rows=148000000 directed_edges=150142532 elapsed_s=185.4
[snb-full][edge] progress file=/data/WorkSpace/ldbc-sf100/social_network/dynamic/comment_0_0.csv rows=149000000 directed_edges=151154800 elapsed_s=186.5
[snb-full][edge] progress file=/data/WorkSpace/ldbc-sf100/social_network/dynamic/comment_0_0.csv rows=151000000 directed_edges=153181984 elapsed_s=188.6
[snb-full][edge] progress file=/data/WorkSpace/ldbc-sf100/social_network/dynamic/comment_0_0.csv rows=152000000 directed_edges=154198454 elapsed_s=189.7
[snb-full][edge] progress file=/data/WorkSpace/ldbc-sf100/social_network/dynamic/comment_0_0.csv rows=153000000 directed_edges=155213210 elapsed_s=190.7
[snb-full][edge] progress file=/data/WorkSpace/ldbc-sf100/social_network/dynamic/comment_0_0.csv rows=155000000 directed_edges=157243516 elapsed_s=192.8
[snb-full][edge] progress file=/data/WorkSpace/ldbc-sf100/social_network/dynamic/comment_0_0.csv rows=156000000 directed_edges=158254358 elapsed_s=194.0
[snb-full][edge] progress file=/data/WorkSpace/ldbc-sf100/social_network/dynamic/comment_0_0.csv rows=157000000 directed_edges=159267638 elapsed_s=195.1
[snb-full][edge] progress file=/data/WorkSpace/ldbc-sf100/social_network/dynamic/comment_0_0.csv rows=160000000 directed_edges=162309994 elapsed_s=198.3
[snb-full][edge] progress file=/data/WorkSpace/ldbc-sf100/social_network/dynamic/comment_0_0.csv rows=162000000 directed_edges=164343274 elapsed_s=200.5
[snb-full][edge] progress file=/data/WorkSpace/ldbc-sf100/social_network/dynamic/comment_0_0.csv rows=163000000 directed_edges=165358750 elapsed_s=201.7
[snb-full][edge] progress file=/data/WorkSpace/ldbc-sf100/social_network/dynamic/comment_0_0.csv rows=164000000 directed_edges=166371018 elapsed_s=202.8
[snb-full][edge] progress file=/data/WorkSpace/ldbc-sf100/social_network/dynamic/comment_0_0.csv rows=165000000 directed_edges=167384752 elapsed_s=204.0
[snb-full][edge] progress file=/data/WorkSpace/ldbc-sf100/social_network/dynamic/comment_0_0.csv rows=166000000 directed_edges=168397610 elapsed_s=205.1
[snb-full][edge] progress file=/data/WorkSpace/ldbc-sf100/social_network/dynamic/comment_0_0.csv rows=167000000 directed_edges=169411952 elapsed_s=206.3
[snb-full][edge] progress file=/data/WorkSpace/ldbc-sf100/social_network/dynamic/comment_0_0.csv rows=169000000 directed_edges=171436562 elapsed_s=208.6
[snb-full][edge] progress file=/data/WorkSpace/ldbc-sf100/social_network/dynamic/comment_0_0.csv rows=170000000 directed_edges=172452766 elapsed_s=209.7
[snb-full][edge] progress file=/data/WorkSpace/ldbc-sf100/social_network/dynamic/comment_0_0.csv rows=173000000 directed_edges=175495650 elapsed_s=213.1
[snb-full][edge] progress file=/data/WorkSpace/ldbc-sf100/social_network/dynamic/comment_0_0.csv rows=177000000 directed_edges=179557186 elapsed_s=217.7
[snb-full][edge] progress file=/data/WorkSpace/ldbc-sf100/social_network/dynamic/comment_0_0.csv rows=181000000 directed_edges=183615374 elapsed_s=222.2
[snb-full][edge] progress file=/data/WorkSpace/ldbc-sf100/social_network/dynamic/comment_0_0.csv rows=182000000 directed_edges=184628750 elapsed_s=223.4
[snb-full][edge] progress file=/data/WorkSpace/ldbc-sf100/social_network/dynamic/comment_0_0.csv rows=183000000 directed_edges=185644558 elapsed_s=224.6
[snb-full][edge] progress file=/data/WorkSpace/ldbc-sf100/social_network/dynamic/comment_0_0.csv rows=184000000 directed_edges=186660320 elapsed_s=225.7
[snb-full][edge] progress file=/data/WorkSpace/ldbc-sf100/social_network/dynamic/comment_0_0.csv rows=186000000 directed_edges=188692060 elapsed_s=228.0
[snb-full][edge] progress file=/data/WorkSpace/ldbc-sf100/social_network/dynamic/comment_0_0.csv rows=188000000 directed_edges=190719664 elapsed_s=230.3
[snb-full][edge] progress file=/data/WorkSpace/ldbc-sf100/social_network/dynamic/comment_0_0.csv rows=189000000 directed_edges=191734906 elapsed_s=231.5
[snb-full][edge] progress file=/data/WorkSpace/ldbc-sf100/social_network/dynamic/comment_0_0.csv rows=191000000 directed_edges=193763370 elapsed_s=233.7
[snb-full][edge] progress file=/data/WorkSpace/ldbc-sf100/social_network/dynamic/comment_0_0.csv rows=192000000 directed_edges=194781432 elapsed_s=234.8
[snb-full][edge] progress file=/data/WorkSpace/ldbc-sf100/social_network/dynamic/comment_0_0.csv rows=195000000 directed_edges=197829246 elapsed_s=238.2
[snb-full][edge] progress file=/data/WorkSpace/ldbc-sf100/social_network/dynamic/comment_0_0.csv rows=197000000 directed_edges=199855862 elapsed_s=240.4
[snb-full][edge] progress file=/data/WorkSpace/ldbc-sf100/social_network/dynamic/comment_0_0.csv rows=198000000 directed_edges=200870970 elapsed_s=241.6
[snb-full][edge] progress file=/data/WorkSpace/ldbc-sf100/social_network/dynamic/comment_0_0.csv rows=199000000 directed_edges=201885828 elapsed_s=242.7
[snb-full][edge] progress file=/data/WorkSpace/ldbc-sf100/social_network/dynamic/comment_0_0.csv rows=201000000 directed_edges=203913530 elapsed_s=247.2
[snb-full][edge] progress file=/data/WorkSpace/ldbc-sf100/social_network/dynamic/comment_0_0.csv rows=205000000 directed_edges=207968028 elapsed_s=253.0
[snb-full][edge] progress file=/data/WorkSpace/ldbc-sf100/social_network/dynamic/comment_0_0.csv rows=206000000 directed_edges=208983048 elapsed_s=254.3
[snb-full][edge] progress file=/data/WorkSpace/ldbc-sf100/social_network/dynamic/comment_0_0.csv rows=207000000 directed_edges=209995138 elapsed_s=255.4
[snb-full][edge] progress file=/data/WorkSpace/ldbc-sf100/social_network/dynamic/comment_0_0.csv rows=210000000 directed_edges=213037400 elapsed_s=259.5
[snb-full][edge] progress file=/data/WorkSpace/ldbc-sf100/social_network/dynamic/comment_0_0.csv rows=211000000 directed_edges=214050450 elapsed_s=260.6
[snb-full][edge] progress file=/data/WorkSpace/ldbc-sf100/social_network/dynamic/comment_0_0.csv rows=212000000 directed_edges=215065298 elapsed_s=262.0
[snb-full][edge] progress file=/data/WorkSpace/ldbc-sf100/social_network/dynamic/comment_0_0.csv rows=215000000 directed_edges=218110802 elapsed_s=265.6
[snb-full][edge] progress file=/data/WorkSpace/ldbc-sf100/social_network/dynamic/comment_0_0.csv rows=217000000 directed_edges=220139152 elapsed_s=268.3
[snb-full][edge] progress file=/data/WorkSpace/ldbc-sf100/social_network/dynamic/comment_0_0.csv rows=218000000 directed_edges=221154410 elapsed_s=269.6
[snb-full][edge] progress file=/data/WorkSpace/ldbc-sf100/social_network/dynamic/comment_0_0.csv rows=219000000 directed_edges=222168900 elapsed_s=270.7
[snb-full][edge] done file=/data/WorkSpace/ldbc-sf100/social_network/dynamic/comment_0_0.csv rows=220096052 directed_edges=223281132 elapsed_s=272.1
[snb-full][edge] start file=/data/WorkSpace/ldbc-sf100/social_network/static/organisation_0_0.csv edge=IsLocatedIn src=Organisation dst=Place
[snb-full][edge] done file=/data/WorkSpace/ldbc-sf100/social_network/static/organisation_0_0.csv rows=7955 directed_edges=15910 elapsed_s=0.0
[snb-full][edge] start file=/data/WorkSpace/ldbc-sf100/social_network/static/place_0_0.csv edge=IsPartOf src=Place dst=Place
[snb-full][edge] done file=/data/WorkSpace/ldbc-sf100/social_network/static/place_0_0.csv rows=1460 directed_edges=2908 elapsed_s=0.0
[snb-full][edge] start file=/data/WorkSpace/ldbc-sf100/social_network/static/tag_0_0.csv edge=HasType src=Tag dst=TagClass
[snb-full][edge] done file=/data/WorkSpace/ldbc-sf100/social_network/static/tag_0_0.csv rows=16080 directed_edges=32160 elapsed_s=0.0
[snb-full][edge] start file=/data/WorkSpace/ldbc-sf100/social_network/static/tagclass_0_0.csv edge=IsSubclassOf src=TagClass dst=TagClass
[snb-full][edge] done file=/data/WorkSpace/ldbc-sf100/social_network/static/tagclass_0_0.csv rows=71 directed_edges=140 elapsed_s=0.0
[snb-full] edge import complete input_rows=1995609800 directed_edges=3570968680 edge_props=/dev/null elapsed_s=4049.7
[snb-full] flushing active MemGraph to CSR
[snb-full] flush complete elapsed_s=74.2
[snb-full] SKIP adjacency cache (SNB_SKIP_ADJ_CACHE set) directed_edges=3570968680 total_elapsed_s=4123.9
