{
  "benchmarks": [
    {
      "auto_compaction": null,
      "candidate_edges_for_sampling": 39882396,
      "candidate_sources_for_sampling": 431157,
      "edge_type": 1,
      "get_neighbors_elapsed_ms": 0,
      "levels_after_run": [
        3444,
        0,
        0,
        0,
        0
      ],
      "neighbor_edges": 0,
      "neighbor_metrics": {
        "csr": {
          "bloom_false_positive_probes": 0,
          "bloom_filtered_segments": 0,
          "body_bytes": 0,
          "body_reads": 0,
          "candidate_l0_segments": 0,
          "filter_passed_segments": 0,
          "full_scan_reads": 0,
          "get_neighbors_latency": {
            "avg_us": 0,
            "buckets": [
              {
                "count": 0,
                "upper_bound_us": 100
              },
              {
                "count": 0,
                "upper_bound_us": 250
              },
              {
                "count": 0,
                "upper_bound_us": 500
              },
              {
                "count": 0,
                "upper_bound_us": 1000
              },
              {
                "count": 0,
                "upper_bound_us": 2000
              },
              {
                "count": 0,
                "upper_bound_us": 5000
              },
              {
                "count": 0,
                "upper_bound_us": 10000
              },
              {
                "count": 0,
                "upper_bound_us": 20000
              },
              {
                "count": 0,
                "upper_bound_us": 50000
              },
              {
                "count": 0,
                "upper_bound_us": 100000
              },
              {
                "count": 0,
                "upper_bound_us": 250000
              },
              {
                "count": 0,
                "upper_bound_us": 500000
              },
              {
                "count": 0,
                "upper_bound_us": 1000000
              },
              {
                "count": 0,
                "upper_bound_us": 5000000
              },
              {
                "count": 0,
                "upper_bound_us": 30000000
              },
              {
                "count": 0,
                "upper_bound_us": 18446744073709551615
              }
            ],
            "count": 0,
            "max_us": 0,
            "min_us": 0,
            "p50_us": 0,
            "p90_us": 0,
            "p99_us": 0,
            "sum_us": 0
          },
          "header_bytes": 0,
          "header_reads": 0,
          "l0_partitions": [],
          "matched_l0_segments": 0,
          "offset_bytes": 0,
          "offset_cache_hits": 0,
          "offset_cache_misses": 0,
          "offset_reads": 0,
          "range_filtered_segments": 0,
          "read_all_edges_latency": {
            "avg_us": 0,
            "buckets": [
              {
                "count": 0,
                "upper_bound_us": 100
              },
              {
                "count": 0,
                "upper_bound_us": 250
              },
              {
                "count": 0,
                "upper_bound_us": 500
              },
              {
                "count": 0,
                "upper_bound_us": 1000
              },
              {
                "count": 0,
                "upper_bound_us": 2000
              },
              {
                "count": 0,
                "upper_bound_us": 5000
              },
              {
                "count": 0,
                "upper_bound_us": 10000
              },
              {
                "count": 0,
                "upper_bound_us": 20000
              },
              {
                "count": 0,
                "upper_bound_us": 50000
              },
              {
                "count": 0,
                "upper_bound_us": 100000
              },
              {
                "count": 0,
                "upper_bound_us": 250000
              },
              {
                "count": 0,
                "upper_bound_us": 500000
              },
              {
                "count": 0,
                "upper_bound_us": 1000000
              },
              {
                "count": 0,
                "upper_bound_us": 5000000
              },
              {
                "count": 0,
                "upper_bound_us": 30000000
              },
              {
                "count": 0,
                "upper_bound_us": 18446744073709551615
              }
            ],
            "count": 0,
            "max_us": 0,
            "min_us": 0,
            "p50_us": 0,
            "p90_us": 0,
            "p99_us": 0,
            "sum_us": 0
          },
          "read_offsets_latency": {
            "avg_us": 0,
            "buckets": [
              {
                "count": 0,
                "upper_bound_us": 100
              },
              {
                "count": 0,
                "upper_bound_us": 250
              },
              {
                "count": 0,
                "upper_bound_us": 500
              },
              {
                "count": 0,
                "upper_bound_us": 1000
              },
              {
                "count": 0,
                "upper_bound_us": 2000
              },
              {
                "count": 0,
                "upper_bound_us": 5000
              },
              {
                "count": 0,
                "upper_bound_us": 10000
              },
              {
                "count": 0,
                "upper_bound_us": 20000
              },
              {
                "count": 0,
                "upper_bound_us": 50000
              },
              {
                "count": 0,
                "upper_bound_us": 100000
              },
              {
                "count": 0,
                "upper_bound_us": 250000
              },
              {
                "count": 0,
                "upper_bound_us": 500000
              },
              {
                "count": 0,
                "upper_bound_us": 1000000
              },
              {
                "count": 0,
                "upper_bound_us": 5000000
              },
              {
                "count": 0,
                "upper_bound_us": 30000000
              },
              {
                "count": 0,
                "upper_bound_us": 18446744073709551615
              }
            ],
            "count": 0,
            "max_us": 0,
            "min_us": 0,
            "p50_us": 0,
            "p90_us": 0,
            "p99_us": 0,
            "sum_us": 0
          }
        },
        "http": {
          "endpoints": {},
          "handler_latency": {
            "avg_us": 0,
            "buckets": [
              {
                "count": 0,
                "upper_bound_us": 100
              },
              {
                "count": 0,
                "upper_bound_us": 250
              },
              {
                "count": 0,
                "upper_bound_us": 500
              },
              {
                "count": 0,
                "upper_bound_us": 1000
              },
              {
                "count": 0,
                "upper_bound_us": 2000
              },
              {
                "count": 0,
                "upper_bound_us": 5000
              },
              {
                "count": 0,
                "upper_bound_us": 10000
              },
              {
                "count": 0,
                "upper_bound_us": 20000
              },
              {
                "count": 0,
                "upper_bound_us": 50000
              },
              {
                "count": 0,
                "upper_bound_us": 100000
              },
              {
                "count": 0,
                "upper_bound_us": 250000
              },
              {
                "count": 0,
                "upper_bound_us": 500000
              },
              {
                "count": 0,
                "upper_bound_us": 1000000
              },
              {
                "count": 0,
                "upper_bound_us": 5000000
              },
              {
                "count": 0,
                "upper_bound_us": 30000000
              },
              {
                "count": 0,
                "upper_bound_us": 18446744073709551615
              }
            ],
            "count": 0,
            "max_us": 0,
            "min_us": 0,
            "p50_us": 0,
            "p90_us": 0,
            "p99_us": 0,
            "sum_us": 0
          },
          "json_parse_latency": {
            "avg_us": 0,
            "buckets": [
              {
                "count": 0,
                "upper_bound_us": 100
              },
              {
                "count": 0,
                "upper_bound_us": 250
              },
              {
                "count": 0,
                "upper_bound_us": 500
              },
              {
                "count": 0,
                "upper_bound_us": 1000
              },
              {
                "count": 0,
                "upper_bound_us": 2000
              },
              {
                "count": 0,
                "upper_bound_us": 5000
              },
              {
                "count": 0,
                "upper_bound_us": 10000
              },
              {
                "count": 0,
                "upper_bound_us": 20000
              },
              {
                "count": 0,
                "upper_bound_us": 50000
              },
              {
                "count": 0,
                "upper_bound_us": 100000
              },
              {
                "count": 0,
                "upper_bound_us": 250000
              },
              {
                "count": 0,
                "upper_bound_us": 500000
              },
              {
                "count": 0,
                "upper_bound_us": 1000000
              },
              {
                "count": 0,
                "upper_bound_us": 5000000
              },
              {
                "count": 0,
                "upper_bound_us": 30000000
              },
              {
                "count": 0,
                "upper_bound_us": 18446744073709551615
              }
            ],
            "count": 0,
            "max_us": 0,
            "min_us": 0,
            "p50_us": 0,
            "p90_us": 0,
            "p99_us": 0,
            "sum_us": 0
          },
          "request_read_latency": {
            "avg_us": 0,
            "buckets": [
              {
                "count": 0,
                "upper_bound_us": 100
              },
              {
                "count": 0,
                "upper_bound_us": 250
              },
              {
                "count": 0,
                "upper_bound_us": 500
              },
              {
                "count": 0,
                "upper_bound_us": 1000
              },
              {
                "count": 0,
                "upper_bound_us": 2000
              },
              {
                "count": 0,
                "upper_bound_us": 5000
              },
              {
                "count": 0,
                "upper_bound_us": 10000
              },
              {
                "count": 0,
                "upper_bound_us": 20000
              },
              {
                "count": 0,
                "upper_bound_us": 50000
              },
              {
                "count": 0,
                "upper_bound_us": 100000
              },
              {
                "count": 0,
                "upper_bound_us": 250000
              },
              {
                "count": 0,
                "upper_bound_us": 500000
              },
              {
                "count": 0,
                "upper_bound_us": 1000000
              },
              {
                "count": 0,
                "upper_bound_us": 5000000
              },
              {
                "count": 0,
                "upper_bound_us": 30000000
              },
              {
                "count": 0,
                "upper_bound_us": 18446744073709551615
              }
            ],
            "count": 0,
            "max_us": 0,
            "min_us": 0,
            "p50_us": 0,
            "p90_us": 0,
            "p99_us": 0,
            "sum_us": 0
          },
          "requests": 0,
          "response_write_latency": {
            "avg_us": 0,
            "buckets": [
              {
                "count": 0,
                "upper_bound_us": 100
              },
              {
                "count": 0,
                "upper_bound_us": 250
              },
              {
                "count": 0,
                "upper_bound_us": 500
              },
              {
                "count": 0,
                "upper_bound_us": 1000
              },
              {
                "count": 0,
                "upper_bound_us": 2000
              },
              {
                "count": 0,
                "upper_bound_us": 5000
              },
              {
                "count": 0,
                "upper_bound_us": 10000
              },
              {
                "count": 0,
                "upper_bound_us": 20000
              },
              {
                "count": 0,
                "upper_bound_us": 50000
              },
              {
                "count": 0,
                "upper_bound_us": 100000
              },
              {
                "count": 0,
                "upper_bound_us": 250000
              },
              {
                "count": 0,
                "upper_bound_us": 500000
              },
              {
                "count": 0,
                "upper_bound_us": 1000000
              },
              {
                "count": 0,
                "upper_bound_us": 5000000
              },
              {
                "count": 0,
                "upper_bound_us": 30000000
              },
              {
                "count": 0,
                "upper_bound_us": 18446744073709551615
              }
            ],
            "count": 0,
            "max_us": 0,
            "min_us": 0,
            "p50_us": 0,
            "p90_us": 0,
            "p99_us": 0,
            "sum_us": 0
          },
          "serialize_latency": {
            "avg_us": 0,
            "buckets": [
              {
                "count": 0,
                "upper_bound_us": 100
              },
              {
                "count": 0,
                "upper_bound_us": 250
              },
              {
                "count": 0,
                "upper_bound_us": 500
              },
              {
                "count": 0,
                "upper_bound_us": 1000
              },
              {
                "count": 0,
                "upper_bound_us": 2000
              },
              {
                "count": 0,
                "upper_bound_us": 5000
              },
              {
                "count": 0,
                "upper_bound_us": 10000
              },
              {
                "count": 0,
                "upper_bound_us": 20000
              },
              {
                "count": 0,
                "upper_bound_us": 50000
              },
              {
                "count": 0,
                "upper_bound_us": 100000
              },
              {
                "count": 0,
                "upper_bound_us": 250000
              },
              {
                "count": 0,
                "upper_bound_us": 500000
              },
              {
                "count": 0,
                "upper_bound_us": 1000000
              },
              {
                "count": 0,
                "upper_bound_us": 5000000
              },
              {
                "count": 0,
                "upper_bound_us": 30000000
              },
              {
                "count": 0,
                "upper_bound_us": 18446744073709551615
              }
            ],
            "count": 0,
            "max_us": 0,
            "min_us": 0,
            "p50_us": 0,
            "p90_us": 0,
            "p99_us": 0,
            "sum_us": 0
          },
          "status_2xx": 0,
          "status_4xx": 0,
          "status_5xx": 0
        },
        "io": {
          "create_blocking_latency": {
            "avg_us": 0,
            "buckets": [
              {
                "count": 0,
                "upper_bound_us": 100
              },
              {
                "count": 0,
                "upper_bound_us": 250
              },
              {
                "count": 0,
                "upper_bound_us": 500
              },
              {
                "count": 0,
                "upper_bound_us": 1000
              },
              {
                "count": 0,
                "upper_bound_us": 2000
              },
              {
                "count": 0,
                "upper_bound_us": 5000
              },
              {
                "count": 0,
                "upper_bound_us": 10000
              },
              {
                "count": 0,
                "upper_bound_us": 20000
              },
              {
                "count": 0,
                "upper_bound_us": 50000
              },
              {
                "count": 0,
                "upper_bound_us": 100000
              },
              {
                "count": 0,
                "upper_bound_us": 250000
              },
              {
                "count": 0,
                "upper_bound_us": 500000
              },
              {
                "count": 0,
                "upper_bound_us": 1000000
              },
              {
                "count": 0,
                "upper_bound_us": 5000000
              },
              {
                "count": 0,
                "upper_bound_us": 30000000
              },
              {
                "count": 0,
                "upper_bound_us": 18446744073709551615
              }
            ],
            "count": 0,
            "max_us": 0,
            "min_us": 0,
            "p50_us": 0,
            "p90_us": 0,
            "p99_us": 0,
            "sum_us": 0
          },
          "read_blocking_latency": {
            "avg_us": 0,
            "buckets": [
              {
                "count": 0,
                "upper_bound_us": 100
              },
              {
                "count": 0,
                "upper_bound_us": 250
              },
              {
                "count": 0,
                "upper_bound_us": 500
              },
              {
                "count": 0,
                "upper_bound_us": 1000
              },
              {
                "count": 0,
                "upper_bound_us": 2000
              },
              {
                "count": 0,
                "upper_bound_us": 5000
              },
              {
                "count": 0,
                "upper_bound_us": 10000
              },
              {
                "count": 0,
                "upper_bound_us": 20000
              },
              {
                "count": 0,
                "upper_bound_us": 50000
              },
              {
                "count": 0,
                "upper_bound_us": 100000
              },
              {
                "count": 0,
                "upper_bound_us": 250000
              },
              {
                "count": 0,
                "upper_bound_us": 500000
              },
              {
                "count": 0,
                "upper_bound_us": 1000000
              },
              {
                "count": 0,
                "upper_bound_us": 5000000
              },
              {
                "count": 0,
                "upper_bound_us": 30000000
              },
              {
                "count": 0,
                "upper_bound_us": 18446744073709551615
              }
            ],
            "count": 0,
            "max_us": 0,
            "min_us": 0,
            "p50_us": 0,
            "p90_us": 0,
            "p99_us": 0,
            "sum_us": 0
          },
          "read_bytes": 0,
          "read_syscalls": 0,
          "remove_blocking_latency": {
            "avg_us": 0,
            "buckets": [
              {
                "count": 0,
                "upper_bound_us": 100
              },
              {
                "count": 0,
                "upper_bound_us": 250
              },
              {
                "count": 0,
                "upper_bound_us": 500
              },
              {
                "count": 0,
                "upper_bound_us": 1000
              },
              {
                "count": 0,
                "upper_bound_us": 2000
              },
              {
                "count": 0,
                "upper_bound_us": 5000
              },
              {
                "count": 0,
                "upper_bound_us": 10000
              },
              {
                "count": 0,
                "upper_bound_us": 20000
              },
              {
                "count": 0,
                "upper_bound_us": 50000
              },
              {
                "count": 0,
                "upper_bound_us": 100000
              },
              {
                "count": 0,
                "upper_bound_us": 250000
              },
              {
                "count": 0,
                "upper_bound_us": 500000
              },
              {
                "count": 0,
                "upper_bound_us": 1000000
              },
              {
                "count": 0,
                "upper_bound_us": 5000000
              },
              {
                "count": 0,
                "upper_bound_us": 30000000
              },
              {
                "count": 0,
                "upper_bound_us": 18446744073709551615
              }
            ],
            "count": 0,
            "max_us": 0,
            "min_us": 0,
            "p50_us": 0,
            "p90_us": 0,
            "p99_us": 0,
            "sum_us": 0
          },
          "semaphore_wait_latency": {
            "avg_us": 0,
            "buckets": [
              {
                "count": 0,
                "upper_bound_us": 100
              },
              {
                "count": 0,
                "upper_bound_us": 250
              },
              {
                "count": 0,
                "upper_bound_us": 500
              },
              {
                "count": 0,
                "upper_bound_us": 1000
              },
              {
                "count": 0,
                "upper_bound_us": 2000
              },
              {
                "count": 0,
                "upper_bound_us": 5000
              },
              {
                "count": 0,
                "upper_bound_us": 10000
              },
              {
                "count": 0,
                "upper_bound_us": 20000
              },
              {
                "count": 0,
                "upper_bound_us": 50000
              },
              {
                "count": 0,
                "upper_bound_us": 100000
              },
              {
                "count": 0,
                "upper_bound_us": 250000
              },
              {
                "count": 0,
                "upper_bound_us": 500000
              },
              {
                "count": 0,
                "upper_bound_us": 1000000
              },
              {
                "count": 0,
                "upper_bound_us": 5000000
              },
              {
                "count": 0,
                "upper_bound_us": 30000000
              },
              {
                "count": 0,
                "upper_bound_us": 18446744073709551615
              }
            ],
            "count": 0,
            "max_us": 0,
            "min_us": 0,
            "p50_us": 0,
            "p90_us": 0,
            "p99_us": 0,
            "sum_us": 0
          },
          "sync_blocking_latency": {
            "avg_us": 0,
            "buckets": [
              {
                "count": 0,
                "upper_bound_us": 100
              },
              {
                "count": 0,
                "upper_bound_us": 250
              },
              {
                "count": 0,
                "upper_bound_us": 500
              },
              {
                "count": 0,
                "upper_bound_us": 1000
              },
              {
                "count": 0,
                "upper_bound_us": 2000
              },
              {
                "count": 0,
                "upper_bound_us": 5000
              },
              {
                "count": 0,
                "upper_bound_us": 10000
              },
              {
                "count": 0,
                "upper_bound_us": 20000
              },
              {
                "count": 0,
                "upper_bound_us": 50000
              },
              {
                "count": 0,
                "upper_bound_us": 100000
              },
              {
                "count": 0,
                "upper_bound_us": 250000
              },
              {
                "count": 0,
                "upper_bound_us": 500000
              },
              {
                "count": 0,
                "upper_bound_us": 1000000
              },
              {
                "count": 0,
                "upper_bound_us": 5000000
              },
              {
                "count": 0,
                "upper_bound_us": 30000000
              },
              {
                "count": 0,
                "upper_bound_us": 18446744073709551615
              }
            ],
            "count": 0,
            "max_us": 0,
            "min_us": 0,
            "p50_us": 0,
            "p90_us": 0,
            "p99_us": 0,
            "sum_us": 0
          },
          "write_blocking_latency": {
            "avg_us": 0,
            "buckets": [
              {
                "count": 0,
                "upper_bound_us": 100
              },
              {
                "count": 0,
                "upper_bound_us": 250
              },
              {
                "count": 0,
                "upper_bound_us": 500
              },
              {
                "count": 0,
                "upper_bound_us": 1000
              },
              {
                "count": 0,
                "upper_bound_us": 2000
              },
              {
                "count": 0,
                "upper_bound_us": 5000
              },
              {
                "count": 0,
                "upper_bound_us": 10000
              },
              {
                "count": 0,
                "upper_bound_us": 20000
              },
              {
                "count": 0,
                "upper_bound_us": 50000
              },
              {
                "count": 0,
                "upper_bound_us": 100000
              },
              {
                "count": 0,
                "upper_bound_us": 250000
              },
              {
                "count": 0,
                "upper_bound_us": 500000
              },
              {
                "count": 0,
                "upper_bound_us": 1000000
              },
              {
                "count": 0,
                "upper_bound_us": 5000000
              },
              {
                "count": 0,
                "upper_bound_us": 30000000
              },
              {
                "count": 0,
                "upper_bound_us": 18446744073709551615
              }
            ],
            "count": 0,
            "max_us": 0,
            "min_us": 0,
            "p50_us": 0,
            "p90_us": 0,
            "p99_us": 0,
            "sum_us": 0
          },
          "write_bytes": 0,
          "write_syscalls": 0
        },
        "snb": {
          "cache": {
            "adjacency_bytes": 0,
            "adjacency_cache_hits": 0,
            "adjacency_cache_misses": 0,
            "adjacency_cache_write_bytes": 0,
            "adjacency_cache_write_syscalls": 0,
            "adjacency_edges": 0,
            "adjacency_group_latency": {
              "avg_us": 0,
              "buckets": [
                {
                  "count": 0,
                  "upper_bound_us": 100
                },
                {
                  "count": 0,
                  "upper_bound_us": 250
                },
                {
                  "count": 0,
                  "upper_bound_us": 500
                },
                {
                  "count": 0,
                  "upper_bound_us": 1000
                },
                {
                  "count": 0,
                  "upper_bound_us": 2000
                },
                {
                  "count": 0,
                  "upper_bound_us": 5000
                },
                {
                  "count": 0,
                  "upper_bound_us": 10000
                },
                {
                  "count": 0,
                  "upper_bound_us": 20000
                },
                {
                  "count": 0,
                  "upper_bound_us": 50000
                },
                {
                  "count": 0,
                  "upper_bound_us": 100000
                },
                {
                  "count": 0,
                  "upper_bound_us": 250000
                },
                {
                  "count": 0,
                  "upper_bound_us": 500000
                },
                {
                  "count": 0,
                  "upper_bound_us": 1000000
                },
                {
                  "count": 0,
                  "upper_bound_us": 5000000
                },
                {
                  "count": 0,
                  "upper_bound_us": 30000000
                },
                {
                  "count": 0,
                  "upper_bound_us": 18446744073709551615
                }
              ],
              "count": 0,
              "max_us": 0,
              "min_us": 0,
              "p50_us": 0,
              "p90_us": 0,
              "p99_us": 0,
              "sum_us": 0
            },
            "adjacency_groups": 0,
            "adjacency_load_latency": {
              "avg_us": 0,
              "buckets": [
                {
                  "count": 0,
                  "upper_bound_us": 100
                },
                {
                  "count": 0,
                  "upper_bound_us": 250
                },
                {
                  "count": 0,
                  "upper_bound_us": 500
                },
                {
                  "count": 0,
                  "upper_bound_us": 1000
                },
                {
                  "count": 0,
                  "upper_bound_us": 2000
                },
                {
                  "count": 0,
                  "upper_bound_us": 5000
                },
                {
                  "count": 0,
                  "upper_bound_us": 10000
                },
                {
                  "count": 0,
                  "upper_bound_us": 20000
                },
                {
                  "count": 0,
                  "upper_bound_us": 50000
                },
                {
                  "count": 0,
                  "upper_bound_us": 100000
                },
                {
                  "count": 0,
                  "upper_bound_us": 250000
                },
                {
                  "count": 0,
                  "upper_bound_us": 500000
                },
                {
                  "count": 0,
                  "upper_bound_us": 1000000
                },
                {
                  "count": 0,
                  "upper_bound_us": 5000000
                },
                {
                  "count": 0,
                  "upper_bound_us": 30000000
                },
                {
                  "count": 0,
                  "upper_bound_us": 18446744073709551615
                }
              ],
              "count": 0,
              "max_us": 0,
              "min_us": 0,
              "p50_us": 0,
              "p90_us": 0,
              "p99_us": 0,
              "sum_us": 0
            },
            "adjacency_scan_latency": {
              "avg_us": 0,
              "buckets": [
                {
                  "count": 0,
                  "upper_bound_us": 100
                },
                {
                  "count": 0,
                  "upper_bound_us": 250
                },
                {
                  "count": 0,
                  "upper_bound_us": 500
                },
                {
                  "count": 0,
                  "upper_bound_us": 1000
                },
                {
                  "count": 0,
                  "upper_bound_us": 2000
                },
                {
                  "count": 0,
                  "upper_bound_us": 5000
                },
                {
                  "count": 0,
                  "upper_bound_us": 10000
                },
                {
                  "count": 0,
                  "upper_bound_us": 20000
                },
                {
                  "count": 0,
                  "upper_bound_us": 50000
                },
                {
                  "count": 0,
                  "upper_bound_us": 100000
                },
                {
                  "count": 0,
                  "upper_bound_us": 250000
                },
                {
                  "count": 0,
                  "upper_bound_us": 500000
                },
                {
                  "count": 0,
                  "upper_bound_us": 1000000
                },
                {
                  "count": 0,
                  "upper_bound_us": 5000000
                },
                {
                  "count": 0,
                  "upper_bound_us": 30000000
                },
                {
                  "count": 0,
                  "upper_bound_us": 18446744073709551615
                }
              ],
              "count": 0,
              "max_us": 0,
              "min_us": 0,
              "p50_us": 0,
              "p90_us": 0,
              "p99_us": 0,
              "sum_us": 0
            },
            "adjacency_write_latency": {
              "avg_us": 0,
              "buckets": [
                {
                  "count": 0,
                  "upper_bound_us": 100
                },
                {
                  "count": 0,
                  "upper_bound_us": 250
                },
                {
                  "count": 0,
                  "upper_bound_us": 500
                },
                {
                  "count": 0,
                  "upper_bound_us": 1000
                },
                {
                  "count": 0,
                  "upper_bound_us": 2000
                },
                {
                  "count": 0,
                  "upper_bound_us": 5000
                },
                {
                  "count": 0,
                  "upper_bound_us": 10000
                },
                {
                  "count": 0,
                  "upper_bound_us": 20000
                },
                {
                  "count": 0,
                  "upper_bound_us": 50000
                },
                {
                  "count": 0,
                  "upper_bound_us": 100000
                },
                {
                  "count": 0,
                  "upper_bound_us": 250000
                },
                {
                  "count": 0,
                  "upper_bound_us": 500000
                },
                {
                  "count": 0,
                  "upper_bound_us": 1000000
                },
                {
                  "count": 0,
                  "upper_bound_us": 5000000
                },
                {
                  "count": 0,
                  "upper_bound_us": 30000000
                },
                {
                  "count": 0,
                  "upper_bound_us": 18446744073709551615
                }
              ],
              "count": 0,
              "max_us": 0,
              "min_us": 0,
              "p50_us": 0,
              "p90_us": 0,
              "p99_us": 0,
              "sum_us": 0
            },
            "edge_props": 0,
            "edge_props_load_latency": {
              "avg_us": 0,
              "buckets": [
                {
                  "count": 0,
                  "upper_bound_us": 100
                },
                {
                  "count": 0,
                  "upper_bound_us": 250
                },
                {
                  "count": 0,
                  "upper_bound_us": 500
                },
                {
                  "count": 0,
                  "upper_bound_us": 1000
                },
                {
                  "count": 0,
                  "upper_bound_us": 2000
                },
                {
                  "count": 0,
                  "upper_bound_us": 5000
                },
                {
                  "count": 0,
                  "upper_bound_us": 10000
                },
                {
                  "count": 0,
                  "upper_bound_us": 20000
                },
                {
                  "count": 0,
                  "upper_bound_us": 50000
                },
                {
                  "count": 0,
                  "upper_bound_us": 100000
                },
                {
                  "count": 0,
                  "upper_bound_us": 250000
                },
                {
                  "count": 0,
                  "upper_bound_us": 500000
                },
                {
                  "count": 0,
                  "upper_bound_us": 1000000
                },
                {
                  "count": 0,
                  "upper_bound_us": 5000000
                },
                {
                  "count": 0,
                  "upper_bound_us": 30000000
                },
                {
                  "count": 0,
                  "upper_bound_us": 18446744073709551615
                }
              ],
              "count": 0,
              "max_us": 0,
              "min_us": 0,
              "p50_us": 0,
              "p90_us": 0,
              "p99_us": 0,
              "sum_us": 0
            },
            "vertices": 0,
            "vertices_load_latency": {
              "avg_us": 0,
              "buckets": [
                {
                  "count": 0,
                  "upper_bound_us": 100
                },
                {
                  "count": 0,
                  "upper_bound_us": 250
                },
                {
                  "count": 0,
                  "upper_bound_us": 500
                },
                {
                  "count": 0,
                  "upper_bound_us": 1000
                },
                {
                  "count": 0,
                  "upper_bound_us": 2000
                },
                {
                  "count": 0,
                  "upper_bound_us": 5000
                },
                {
                  "count": 0,
                  "upper_bound_us": 10000
                },
                {
                  "count": 0,
                  "upper_bound_us": 20000
                },
                {
                  "count": 0,
                  "upper_bound_us": 50000
                },
                {
                  "count": 0,
                  "upper_bound_us": 100000
                },
                {
                  "count": 0,
                  "upper_bound_us": 250000
                },
                {
                  "count": 0,
                  "upper_bound_us": 500000
                },
                {
                  "count": 0,
                  "upper_bound_us": 1000000
                },
                {
                  "count": 0,
                  "upper_bound_us": 5000000
                },
                {
                  "count": 0,
                  "upper_bound_us": 30000000
                },
                {
                  "count": 0,
                  "upper_bound_us": 18446744073709551615
                }
              ],
              "count": 0,
              "max_us": 0,
              "min_us": 0,
              "p50_us": 0,
              "p90_us": 0,
              "p99_us": 0,
              "sum_us": 0
            }
          },
          "helpers": {
            "adjacency_lookups": 0,
            "edge_prop_lookups": 0,
            "neighbor_clone_items": 0,
            "vertex_lookups": 0
          },
          "locks": {
            "read_hold_latency": {
              "avg_us": 0,
              "buckets": [
                {
                  "count": 0,
                  "upper_bound_us": 100
                },
                {
                  "count": 0,
                  "upper_bound_us": 250
                },
                {
                  "count": 0,
                  "upper_bound_us": 500
                },
                {
                  "count": 0,
                  "upper_bound_us": 1000
                },
                {
                  "count": 0,
                  "upper_bound_us": 2000
                },
                {
                  "count": 0,
                  "upper_bound_us": 5000
                },
                {
                  "count": 0,
                  "upper_bound_us": 10000
                },
                {
                  "count": 0,
                  "upper_bound_us": 20000
                },
                {
                  "count": 0,
                  "upper_bound_us": 50000
                },
                {
                  "count": 0,
                  "upper_bound_us": 100000
                },
                {
                  "count": 0,
                  "upper_bound_us": 250000
                },
                {
                  "count": 0,
                  "upper_bound_us": 500000
                },
                {
                  "count": 0,
                  "upper_bound_us": 1000000
                },
                {
                  "count": 0,
                  "upper_bound_us": 5000000
                },
                {
                  "count": 0,
                  "upper_bound_us": 30000000
                },
                {
                  "count": 0,
                  "upper_bound_us": 18446744073709551615
                }
              ],
              "count": 0,
              "max_us": 0,
              "min_us": 0,
              "p50_us": 0,
              "p90_us": 0,
              "p99_us": 0,
              "sum_us": 0
            },
            "read_wait_latency": {
              "avg_us": 0,
              "buckets": [
                {
                  "count": 0,
                  "upper_bound_us": 100
                },
                {
                  "count": 0,
                  "upper_bound_us": 250
                },
                {
                  "count": 0,
                  "upper_bound_us": 500
                },
                {
                  "count": 0,
                  "upper_bound_us": 1000
                },
                {
                  "count": 0,
                  "upper_bound_us": 2000
                },
                {
                  "count": 0,
                  "upper_bound_us": 5000
                },
                {
                  "count": 0,
                  "upper_bound_us": 10000
                },
                {
                  "count": 0,
                  "upper_bound_us": 20000
                },
                {
                  "count": 0,
                  "upper_bound_us": 50000
                },
                {
                  "count": 0,
                  "upper_bound_us": 100000
                },
                {
                  "count": 0,
                  "upper_bound_us": 250000
                },
                {
                  "count": 0,
                  "upper_bound_us": 500000
                },
                {
                  "count": 0,
                  "upper_bound_us": 1000000
                },
                {
                  "count": 0,
                  "upper_bound_us": 5000000
                },
                {
                  "count": 0,
                  "upper_bound_us": 30000000
                },
                {
                  "count": 0,
                  "upper_bound_us": 18446744073709551615
                }
              ],
              "count": 0,
              "max_us": 0,
              "min_us": 0,
              "p50_us": 0,
              "p90_us": 0,
              "p99_us": 0,
              "sum_us": 0
            },
            "write_hold_latency": {
              "avg_us": 0,
              "buckets": [
                {
                  "count": 0,
                  "upper_bound_us": 100
                },
                {
                  "count": 0,
                  "upper_bound_us": 250
                },
                {
                  "count": 0,
                  "upper_bound_us": 500
                },
                {
                  "count": 0,
                  "upper_bound_us": 1000
                },
                {
                  "count": 0,
                  "upper_bound_us": 2000
                },
                {
                  "count": 0,
                  "upper_bound_us": 5000
                },
                {
                  "count": 0,
                  "upper_bound_us": 10000
                },
                {
                  "count": 0,
                  "upper_bound_us": 20000
                },
                {
                  "count": 0,
                  "upper_bound_us": 50000
                },
                {
                  "count": 0,
                  "upper_bound_us": 100000
                },
                {
                  "count": 0,
                  "upper_bound_us": 250000
                },
                {
                  "count": 0,
                  "upper_bound_us": 500000
                },
                {
                  "count": 0,
                  "upper_bound_us": 1000000
                },
                {
                  "count": 0,
                  "upper_bound_us": 5000000
                },
                {
                  "count": 0,
                  "upper_bound_us": 30000000
                },
                {
                  "count": 0,
                  "upper_bound_us": 18446744073709551615
                }
              ],
              "count": 0,
              "max_us": 0,
              "min_us": 0,
              "p50_us": 0,
              "p90_us": 0,
              "p99_us": 0,
              "sum_us": 0
            },
            "write_wait_latency": {
              "avg_us": 0,
              "buckets": [
                {
                  "count": 0,
                  "upper_bound_us": 100
                },
                {
                  "count": 0,
                  "upper_bound_us": 250
                },
                {
                  "count": 0,
                  "upper_bound_us": 500
                },
                {
                  "count": 0,
                  "upper_bound_us": 1000
                },
                {
                  "count": 0,
                  "upper_bound_us": 2000
                },
                {
                  "count": 0,
                  "upper_bound_us": 5000
                },
                {
                  "count": 0,
                  "upper_bound_us": 10000
                },
                {
                  "count": 0,
                  "upper_bound_us": 20000
                },
                {
                  "count": 0,
                  "upper_bound_us": 50000
                },
                {
                  "count": 0,
                  "upper_bound_us": 100000
                },
                {
                  "count": 0,
                  "upper_bound_us": 250000
                },
                {
                  "count": 0,
                  "upper_bound_us": 500000
                },
                {
                  "count": 0,
                  "upper_bound_us": 1000000
                },
                {
                  "count": 0,
                  "upper_bound_us": 5000000
                },
                {
                  "count": 0,
                  "upper_bound_us": 30000000
                },
                {
                  "count": 0,
                  "upper_bound_us": 18446744073709551615
                }
              ],
              "count": 0,
              "max_us": 0,
              "min_us": 0,
              "p50_us": 0,
              "p90_us": 0,
              "p99_us": 0,
              "sum_us": 0
            }
          }
        },
        "storage": {
          "compaction_count": 0,
          "compaction_input_bytes": 0,
          "compaction_latency": {
            "avg_us": 0,
            "buckets": [
              {
                "count": 0,
                "upper_bound_us": 100
              },
              {
                "count": 0,
                "upper_bound_us": 250
              },
              {
                "count": 0,
                "upper_bound_us": 500
              },
              {
                "count": 0,
                "upper_bound_us": 1000
              },
              {
                "count": 0,
                "upper_bound_us": 2000
              },
              {
                "count": 0,
                "upper_bound_us": 5000
              },
              {
                "count": 0,
                "upper_bound_us": 10000
              },
              {
                "count": 0,
                "upper_bound_us": 20000
              },
              {
                "count": 0,
                "upper_bound_us": 50000
              },
              {
                "count": 0,
                "upper_bound_us": 100000
              },
              {
                "count": 0,
                "upper_bound_us": 250000
              },
              {
                "count": 0,
                "upper_bound_us": 500000
              },
              {
                "count": 0,
                "upper_bound_us": 1000000
              },
              {
                "count": 0,
                "upper_bound_us": 5000000
              },
              {
                "count": 0,
                "upper_bound_us": 30000000
              },
              {
                "count": 0,
                "upper_bound_us": 18446744073709551615
              }
            ],
            "count": 0,
            "max_us": 0,
            "min_us": 0,
            "p50_us": 0,
            "p90_us": 0,
            "p99_us": 0,
            "sum_us": 0
          },
          "compaction_output_bytes": 0,
          "delete_latency": {
            "avg_us": 0,
            "buckets": [
              {
                "count": 0,
                "upper_bound_us": 100
              },
              {
                "count": 0,
                "upper_bound_us": 250
              },
              {
                "count": 0,
                "upper_bound_us": 500
              },
              {
                "count": 0,
                "upper_bound_us": 1000
              },
              {
                "count": 0,
                "upper_bound_us": 2000
              },
              {
                "count": 0,
                "upper_bound_us": 5000
              },
              {
                "count": 0,
                "upper_bound_us": 10000
              },
              {
                "count": 0,
                "upper_bound_us": 20000
              },
              {
                "count": 0,
                "upper_bound_us": 50000
              },
              {
                "count": 0,
                "upper_bound_us": 100000
              },
              {
                "count": 0,
                "upper_bound_us": 250000
              },
              {
                "count": 0,
                "upper_bound_us": 500000
              },
              {
                "count": 0,
                "upper_bound_us": 1000000
              },
              {
                "count": 0,
                "upper_bound_us": 5000000
              },
              {
                "count": 0,
                "upper_bound_us": 30000000
              },
              {
                "count": 0,
                "upper_bound_us": 18446744073709551615
              }
            ],
            "count": 0,
            "max_us": 0,
            "min_us": 0,
            "p50_us": 0,
            "p90_us": 0,
            "p99_us": 0,
            "sum_us": 0
          },
          "delete_ops": 0,
          "flush_count": 0,
          "flush_latency": {
            "avg_us": 0,
            "buckets": [
              {
                "count": 0,
                "upper_bound_us": 100
              },
              {
                "count": 0,
                "upper_bound_us": 250
              },
              {
                "count": 0,
                "upper_bound_us": 500
              },
              {
                "count": 0,
                "upper_bound_us": 1000
              },
              {
                "count": 0,
                "upper_bound_us": 2000
              },
              {
                "count": 0,
                "upper_bound_us": 5000
              },
              {
                "count": 0,
                "upper_bound_us": 10000
              },
              {
                "count": 0,
                "upper_bound_us": 20000
              },
              {
                "count": 0,
                "upper_bound_us": 50000
              },
              {
                "count": 0,
                "upper_bound_us": 100000
              },
              {
                "count": 0,
                "upper_bound_us": 250000
              },
              {
                "count": 0,
                "upper_bound_us": 500000
              },
              {
                "count": 0,
                "upper_bound_us": 1000000
              },
              {
                "count": 0,
                "upper_bound_us": 5000000
              },
              {
                "count": 0,
                "upper_bound_us": 30000000
              },
              {
                "count": 0,
                "upper_bound_us": 18446744073709551615
              }
            ],
            "count": 0,
            "max_us": 0,
            "min_us": 0,
            "p50_us": 0,
            "p90_us": 0,
            "p99_us": 0,
            "sum_us": 0
          },
          "get_neighbors_latency": {
            "avg_us": 0,
            "buckets": [
              {
                "count": 200,
                "upper_bound_us": 100
              },
              {
                "count": 0,
                "upper_bound_us": 250
              },
              {
                "count": 0,
                "upper_bound_us": 500
              },
              {
                "count": 0,
                "upper_bound_us": 1000
              },
              {
                "count": 0,
                "upper_bound_us": 2000
              },
              {
                "count": 0,
                "upper_bound_us": 5000
              },
              {
                "count": 0,
                "upper_bound_us": 10000
              },
              {
                "count": 0,
                "upper_bound_us": 20000
              },
              {
                "count": 0,
                "upper_bound_us": 50000
              },
              {
                "count": 0,
                "upper_bound_us": 100000
              },
              {
                "count": 0,
                "upper_bound_us": 250000
              },
              {
                "count": 0,
                "upper_bound_us": 500000
              },
              {
                "count": 0,
                "upper_bound_us": 1000000
              },
              {
                "count": 0,
                "upper_bound_us": 5000000
              },
              {
                "count": 0,
                "upper_bound_us": 30000000
              },
              {
                "count": 0,
                "upper_bound_us": 18446744073709551615
              }
            ],
            "count": 200,
            "max_us": 7,
            "min_us": 0,
            "p50_us": 100,
            "p90_us": 100,
            "p99_us": 100,
            "sum_us": 8
          },
          "get_neighbors_ops": 200,
          "insert_latency": {
            "avg_us": 0,
            "buckets": [
              {
                "count": 0,
                "upper_bound_us": 100
              },
              {
                "count": 0,
                "upper_bound_us": 250
              },
              {
                "count": 0,
                "upper_bound_us": 500
              },
              {
                "count": 0,
                "upper_bound_us": 1000
              },
              {
                "count": 0,
                "upper_bound_us": 2000
              },
              {
                "count": 0,
                "upper_bound_us": 5000
              },
              {
                "count": 0,
                "upper_bound_us": 10000
              },
              {
                "count": 0,
                "upper_bound_us": 20000
              },
              {
                "count": 0,
                "upper_bound_us": 50000
              },
              {
                "count": 0,
                "upper_bound_us": 100000
              },
              {
                "count": 0,
                "upper_bound_us": 250000
              },
              {
                "count": 0,
                "upper_bound_us": 500000
              },
              {
                "count": 0,
                "upper_bound_us": 1000000
              },
              {
                "count": 0,
                "upper_bound_us": 5000000
              },
              {
                "count": 0,
                "upper_bound_us": 30000000
              },
              {
                "count": 0,
                "upper_bound_us": 18446744073709551615
              }
            ],
            "count": 0,
            "max_us": 0,
            "min_us": 0,
            "p50_us": 0,
            "p90_us": 0,
            "p99_us": 0,
            "sum_us": 0
          },
          "insert_ops": 0,
          "rebuild_index_latency": {
            "avg_us": 0,
            "buckets": [
              {
                "count": 0,
                "upper_bound_us": 100
              },
              {
                "count": 0,
                "upper_bound_us": 250
              },
              {
                "count": 0,
                "upper_bound_us": 500
              },
              {
                "count": 0,
                "upper_bound_us": 1000
              },
              {
                "count": 0,
                "upper_bound_us": 2000
              },
              {
                "count": 0,
                "upper_bound_us": 5000
              },
              {
                "count": 0,
                "upper_bound_us": 10000
              },
              {
                "count": 0,
                "upper_bound_us": 20000
              },
              {
                "count": 0,
                "upper_bound_us": 50000
              },
              {
                "count": 0,
                "upper_bound_us": 100000
              },
              {
                "count": 0,
                "upper_bound_us": 250000
              },
              {
                "count": 0,
                "upper_bound_us": 500000
              },
              {
                "count": 0,
                "upper_bound_us": 1000000
              },
              {
                "count": 0,
                "upper_bound_us": 5000000
              },
              {
                "count": 0,
                "upper_bound_us": 30000000
              },
              {
                "count": 0,
                "upper_bound_us": 18446744073709551615
              }
            ],
            "count": 0,
            "max_us": 0,
            "min_us": 0,
            "p50_us": 0,
            "p90_us": 0,
            "p99_us": 0,
            "sum_us": 0
          },
          "scan_edges_latency": {
            "avg_us": 0,
            "buckets": [
              {
                "count": 0,
                "upper_bound_us": 100
              },
              {
                "count": 0,
                "upper_bound_us": 250
              },
              {
                "count": 0,
                "upper_bound_us": 500
              },
              {
                "count": 0,
                "upper_bound_us": 1000
              },
              {
                "count": 0,
                "upper_bound_us": 2000
              },
              {
                "count": 0,
                "upper_bound_us": 5000
              },
              {
                "count": 0,
                "upper_bound_us": 10000
              },
              {
                "count": 0,
                "upper_bound_us": 20000
              },
              {
                "count": 0,
                "upper_bound_us": 50000
              },
              {
                "count": 0,
                "upper_bound_us": 100000
              },
              {
                "count": 0,
                "upper_bound_us": 250000
              },
              {
                "count": 0,
                "upper_bound_us": 500000
              },
              {
                "count": 0,
                "upper_bound_us": 1000000
              },
              {
                "count": 0,
                "upper_bound_us": 5000000
              },
              {
                "count": 0,
                "upper_bound_us": 30000000
              },
              {
                "count": 0,
                "upper_bound_us": 18446744073709551615
              }
            ],
            "count": 0,
            "max_us": 0,
            "min_us": 0,
            "p50_us": 0,
            "p90_us": 0,
            "p99_us": 0,
            "sum_us": 0
          },
          "scan_ops": 0
        }
      },
      "neighbor_summary": {
        "bloom_filtered_segments": 0,
        "body_bytes": 0,
        "body_reads": 0,
        "candidate_l0_segments": 0,
        "csr_get_neighbors_avg_us": 0,
        "csr_get_neighbors_p50_us": 0,
        "csr_get_neighbors_p90_us": 0,
        "csr_get_neighbors_p99_us": 0,
        "filter_passed_segments": 0,
        "get_neighbors_avg_us": 0,
        "get_neighbors_ops": 200,
        "get_neighbors_p50_us": 100,
        "get_neighbors_p90_us": 100,
        "get_neighbors_p99_us": 100,
        "header_reads": 0,
        "matched_l0_segments": 0,
        "offset_reads": 0,
        "range_filtered_segments": 0,
        "read_bytes": 0,
        "read_syscalls": 0
      },
      "post_auto_compaction_metrics": null,
      "sample_degrees": [
        {
          "degree": 17,
          "src": 72057594037928030
        },
        {
          "degree": 22,
          "src": 72057594037966221
        },
        {
          "degree": 95,
          "src": 72057594038006115
        },
        {
          "degree": 237,
          "src": 72057594038045651
        },
        {
          "degree": 29,
          "src": 72057594038085965
        },
        {
          "degree": 30,
          "src": 72057594038126494
        },
        {
          "degree": 7,
          "src": 72057594038165952
        },
        {
          "degree": 119,
          "src": 72057594038207112
        },
        {
          "degree": 55,
          "src": 72057594038245403
        },
        {
          "degree": 18,
          "src": 72057594038285114
        },
        {
          "degree": 147,
          "src": 72057594038324764
        },
        {
          "degree": 7,
          "src": 72057594038363866
        },
        {
          "degree": 41,
          "src": 72057594038402725
        },
        {
          "degree": 27,
          "src": 72059793061199567
        },
        {
          "degree": 20,
          "src": 72059793061238554
        },
        {
          "degree": 51,
          "src": 72059793061278035
        },
        {
          "degree": 5,
          "src": 72059793061318041
        },
        {
          "degree": 42,
          "src": 72059793061358604
        },
        {
          "degree": 2,
          "src": 72059793061399765
        },
        {
          "degree": 59,
          "src": 72059793061441700
        },
        {
          "degree": 307,
          "src": 72059793061481688
        },
        {
          "degree": 133,
          "src": 72059793061521532
        },
        {
          "degree": 10,
          "src": 72059793061562680
        },
        {
          "degree": 17,
          "src": 72059793061604720
        },
        {
          "degree": 2,
          "src": 72059793061644315
        },
        {
          "degree": 35,
          "src": 72061992084440504
        },
        {
          "degree": 3,
          "src": 72061992084481180
        },
        {
          "degree": 126,
          "src": 72061992084521920
        },
        {
          "degree": 141,
          "src": 72061992084560585
        },
        {
          "degree": 188,
          "src": 72061992084602046
        },
        {
          "degree": 28,
          "src": 72061992084641705
        },
        {
          "degree": 24,
          "src": 72061992084682067
        },
        {
          "degree": 10,
          "src": 72061992084723754
        },
        {
          "degree": 13,
          "src": 72061992084764877
        },
        {
          "degree": 14,
          "src": 72061992084803715
        },
        {
          "degree": 83,
          "src": 72061992084843392
        },
        {
          "degree": 16,
          "src": 72061992084884561
        },
        {
          "degree": 292,
          "src": 72061992084925089
        },
        {
          "degree": 156,
          "src": 72064191107722050
        },
        {
          "degree": 278,
          "src": 72064191107761341
        },
        {
          "degree": 169,
          "src": 72064191107801821
        },
        {
          "degree": 74,
          "src": 72064191107841261
        },
        {
          "degree": 174,
          "src": 72064191107880189
        },
        {
          "degree": 15,
          "src": 72064191107919446
        },
        {
          "degree": 60,
          "src": 72064191107958834
        },
        {
          "degree": 10,
          "src": 72064191107998911
        },
        {
          "degree": 373,
          "src": 72064191108038595
        },
        {
          "degree": 51,
          "src": 72064191108078194
        },
        {
          "degree": 118,
          "src": 72064191108118921
        },
        {
          "degree": 36,
          "src": 72064191108159757
        },
        {
          "degree": 3,
          "src": 72066390130956437
        },
        {
          "degree": 69,
          "src": 72066390130997762
        },
        {
          "degree": 185,
          "src": 72066390131038256
        },
        {
          "degree": 104,
          "src": 72066390131077775
        },
        {
          "degree": 83,
          "src": 72066390131117377
        },
        {
          "degree": 94,
          "src": 72066390131157642
        },
        {
          "degree": 23,
          "src": 72066390131196776
        },
        {
          "degree": 79,
          "src": 72066390131236548
        },
        {
          "degree": 8,
          "src": 72066390131276322
        },
        {
          "degree": 79,
          "src": 72066390131315970
        },
        {
          "degree": 153,
          "src": 72066390131357316
        },
        {
          "degree": 78,
          "src": 72066390131396885
        },
        {
          "degree": 297,
          "src": 72066390131436801
        },
        {
          "degree": 167,
          "src": 72068589154233303
        },
        {
          "degree": 5,
          "src": 72068589154274908
        },
        {
          "degree": 140,
          "src": 72068589154314220
        },
        {
          "degree": 53,
          "src": 72068589154354300
        },
        {
          "degree": 6,
          "src": 72068589154392894
        },
        {
          "degree": 103,
          "src": 72068589154433308
        },
        {
          "degree": 9,
          "src": 72068589154474663
        },
        {
          "degree": 79,
          "src": 72068589154514654
        },
        {
          "degree": 39,
          "src": 72068589154553970
        },
        {
          "degree": 44,
          "src": 72068589154594632
        },
        {
          "degree": 5,
          "src": 72068589154636588
        },
        {
          "degree": 332,
          "src": 72068589154676379
        },
        {
          "degree": 15,
          "src": 72070788177471383
        },
        {
          "degree": 452,
          "src": 72070788177511551
        },
        {
          "degree": 48,
          "src": 72070788177551905
        },
        {
          "degree": 7,
          "src": 72070788177592081
        },
        {
          "degree": 38,
          "src": 72070788177633588
        },
        {
          "degree": 359,
          "src": 72070788177673892
        },
        {
          "degree": 32,
          "src": 72070788177714550
        },
        {
          "degree": 40,
          "src": 72070788177754118
        },
        {
          "degree": 18,
          "src": 72070788177795169
        },
        {
          "degree": 42,
          "src": 72070788177835433
        },
        {
          "degree": 16,
          "src": 72070788177877247
        },
        {
          "degree": 62,
          "src": 72070788177918335
        },
        {
          "degree": 351,
          "src": 72070788177958378
        },
        {
          "degree": 95,
          "src": 72072987200756295
        },
        {
          "degree": 384,
          "src": 72072987200797287
        },
        {
          "degree": 145,
          "src": 72072987200838198
        },
        {
          "degree": 10,
          "src": 72072987200878334
        },
        {
          "degree": 87,
          "src": 72072987200919128
        },
        {
          "degree": 294,
          "src": 72072987200958493
        },
        {
          "degree": 17,
          "src": 72072987200998435
        },
        {
          "degree": 289,
          "src": 72072987201037245
        },
        {
          "degree": 39,
          "src": 72072987201077444
        },
        {
          "degree": 5,
          "src": 72072987201117269
        },
        {
          "degree": 6,
          "src": 72072987201156098
        },
        {
          "degree": 210,
          "src": 72072987201196157
        },
        {
          "degree": 12,
          "src": 72075186223991561
        },
        {
          "degree": 62,
          "src": 72075186224031112
        },
        {
          "degree": 16,
          "src": 72075186224071309
        },
        {
          "degree": 157,
          "src": 72075186224110881
        },
        {
          "degree": 68,
          "src": 72075186224150837
        },
        {
          "degree": 200,
          "src": 72075186224190387
        },
        {
          "degree": 220,
          "src": 72075186224230846
        },
        {
          "degree": 137,
          "src": 72075186224272106
        },
        {
          "degree": 84,
          "src": 72075186224312075
        },
        {
          "degree": 45,
          "src": 72075186224353147
        },
        {
          "degree": 75,
          "src": 72075186224392763
        },
        {
          "degree": 145,
          "src": 72075186224432627
        },
        {
          "degree": 160,
          "src": 72077385247230249
        },
        {
          "degree": 38,
          "src": 72077385247271420
        },
        {
          "degree": 61,
          "src": 72077385247310567
        },
        {
          "degree": 241,
          "src": 72077385247351170
        },
        {
          "degree": 4,
          "src": 72077385247391571
        },
        {
          "degree": 12,
          "src": 72077385247431790
        },
        {
          "degree": 74,
          "src": 72077385247472074
        },
        {
          "degree": 112,
          "src": 72077385247512689
        },
        {
          "degree": 61,
          "src": 72077385247553175
        },
        {
          "degree": 5,
          "src": 72077385247593410
        },
        {
          "degree": 13,
          "src": 72077385247632200
        },
        {
          "degree": 407,
          "src": 72077385247672790
        },
        {
          "degree": 183,
          "src": 72077385247713211
        },
        {
          "degree": 188,
          "src": 72079584270508766
        },
        {
          "degree": 78,
          "src": 72079584270547880
        },
        {
          "degree": 321,
          "src": 72079584270588837
        },
        {
          "degree": 391,
          "src": 72079584270627036
        },
        {
          "degree": 35,
          "src": 72079584270667546
        },
        {
          "degree": 246,
          "src": 72079584270707407
        },
        {
          "degree": 11,
          "src": 72079584270747672
        },
        {
          "degree": 49,
          "src": 72079584270787784
        },
        {
          "degree": 39,
          "src": 72079584270828928
        },
        {
          "degree": 439,
          "src": 72079584270869801
        },
        {
          "degree": 108,
          "src": 72079584270910132
        },
        {
          "degree": 1781,
          "src": 72079584270950270
        },
        {
          "degree": 452,
          "src": 72081783293746659
        },
        {
          "degree": 28,
          "src": 72081783293787218
        },
        {
          "degree": 86,
          "src": 72081783293828373
        },
        {
          "degree": 21,
          "src": 72081783293868103
        },
        {
          "degree": 12,
          "src": 72081783293910140
        },
        {
          "degree": 92,
          "src": 72081783293950345
        },
        {
          "degree": 73,
          "src": 72081783293990430
        },
        {
          "degree": 63,
          "src": 72081783294031938
        },
        {
          "degree": 75,
          "src": 72081783294072564
        },
        {
          "degree": 71,
          "src": 72081783294112661
        },
        {
          "degree": 45,
          "src": 72081783294152504
        },
        {
          "degree": 20,
          "src": 72081783294191202
        },
        {
          "degree": 441,
          "src": 72081783294230610
        },
        {
          "degree": 46,
          "src": 72083982317027881
        },
        {
          "degree": 13,
          "src": 72083982317067881
        },
        {
          "degree": 141,
          "src": 72083982317106584
        },
        {
          "degree": 14,
          "src": 72083982317147740
        },
        {
          "degree": 12,
          "src": 72083982317186798
        },
        {
          "degree": 103,
          "src": 72083982317228200
        },
        {
          "degree": 102,
          "src": 72083982317267693
        },
        {
          "degree": 9,
          "src": 72083982317308405
        },
        {
          "degree": 18,
          "src": 72083982317350039
        },
        {
          "degree": 34,
          "src": 72083982317389944
        },
        {
          "degree": 89,
          "src": 72083982317428496
        },
        {
          "degree": 9,
          "src": 72083982317468791
        },
        {
          "degree": 1,
          "src": 72086181340265347
        },
        {
          "degree": 14,
          "src": 72086181340305706
        },
        {
          "degree": 164,
          "src": 72086181340345535
        },
        {
          "degree": 180,
          "src": 72086181340384115
        },
        {
          "degree": 35,
          "src": 72086181340424240
        },
        {
          "degree": 74,
          "src": 72086181340463964
        },
        {
          "degree": 69,
          "src": 72086181340503280
        },
        {
          "degree": 19,
          "src": 72086181340543458
        },
        {
          "degree": 25,
          "src": 72086181340583822
        },
        {
          "degree": 81,
          "src": 72086181340622309
        },
        {
          "degree": 43,
          "src": 72086181340660740
        },
        {
          "degree": 42,
          "src": 72086181340702273
        },
        {
          "degree": 12,
          "src": 72086181340742834
        },
        {
          "degree": 9,
          "src": 72088380363539671
        },
        {
          "degree": 44,
          "src": 72088380363579046
        },
        {
          "degree": 59,
          "src": 72088380363619313
        },
        {
          "degree": 23,
          "src": 72088380363659070
        },
        {
          "degree": 132,
          "src": 72088380363698602
        },
        {
          "degree": 45,
          "src": 72088380363737739
        },
        {
          "degree": 54,
          "src": 72088380363777235
        },
        {
          "degree": 64,
          "src": 72088380363815133
        },
        {
          "degree": 46,
          "src": 72088380363856288
        },
        {
          "degree": 3,
          "src": 72088380363895749
        },
        {
          "degree": 16,
          "src": 72088380363936440
        },
        {
          "degree": 20,
          "src": 72088380363974502
        },
        {
          "degree": 68,
          "src": 72090579386770525
        },
        {
          "degree": 27,
          "src": 72090579386809887
        },
        {
          "degree": 6,
          "src": 72090579386850281
        },
        {
          "degree": 100,
          "src": 72090579386890223
        },
        {
          "degree": 139,
          "src": 72090579386930378
        },
        {
          "degree": 5,
          "src": 72090579386969252
        },
        {
          "degree": 18,
          "src": 72090579387009491
        },
        {
          "degree": 215,
          "src": 72090579387047898
        },
        {
          "degree": 52,
          "src": 72090579387087330
        },
        {
          "degree": 9,
          "src": 72090579387126745
        },
        {
          "degree": 59,
          "src": 72090579387166819
        },
        {
          "degree": 15,
          "src": 72090579387207034
        },
        {
          "degree": 14,
          "src": 72090579387248801
        }
      ],
      "sampled_srcs": [
        72057594037928030,
        72057594037966221,
        72057594038006115,
        72057594038045651,
        72057594038085965,
        72057594038126494,
        72057594038165952,
        72057594038207112,
        72057594038245403,
        72057594038285114,
        72057594038324764,
        72057594038363866,
        72057594038402725,
        72059793061199567,
        72059793061238554,
        72059793061278035,
        72059793061318041,
        72059793061358604,
        72059793061399765,
        72059793061441700,
        72059793061481688,
        72059793061521532,
        72059793061562680,
        72059793061604720,
        72059793061644315,
        72061992084440504,
        72061992084481180,
        72061992084521920,
        72061992084560585,
        72061992084602046,
        72061992084641705,
        72061992084682067,
        72061992084723754,
        72061992084764877,
        72061992084803715,
        72061992084843392,
        72061992084884561,
        72061992084925089,
        72064191107722050,
        72064191107761341,
        72064191107801821,
        72064191107841261,
        72064191107880189,
        72064191107919446,
        72064191107958834,
        72064191107998911,
        72064191108038595,
        72064191108078194,
        72064191108118921,
        72064191108159757,
        72066390130956437,
        72066390130997762,
        72066390131038256,
        72066390131077775,
        72066390131117377,
        72066390131157642,
        72066390131196776,
        72066390131236548,
        72066390131276322,
        72066390131315970,
        72066390131357316,
        72066390131396885,
        72066390131436801,
        72068589154233303,
        72068589154274908,
        72068589154314220,
        72068589154354300,
        72068589154392894,
        72068589154433308,
        72068589154474663,
        72068589154514654,
        72068589154553970,
        72068589154594632,
        72068589154636588,
        72068589154676379,
        72070788177471383,
        72070788177511551,
        72070788177551905,
        72070788177592081,
        72070788177633588,
        72070788177673892,
        72070788177714550,
        72070788177754118,
        72070788177795169,
        72070788177835433,
        72070788177877247,
        72070788177918335,
        72070788177958378,
        72072987200756295,
        72072987200797287,
        72072987200838198,
        72072987200878334,
        72072987200919128,
        72072987200958493,
        72072987200998435,
        72072987201037245,
        72072987201077444,
        72072987201117269,
        72072987201156098,
        72072987201196157,
        72075186223991561,
        72075186224031112,
        72075186224071309,
        72075186224110881,
        72075186224150837,
        72075186224190387,
        72075186224230846,
        72075186224272106,
        72075186224312075,
        72075186224353147,
        72075186224392763,
        72075186224432627,
        72077385247230249,
        72077385247271420,
        72077385247310567,
        72077385247351170,
        72077385247391571,
        72077385247431790,
        72077385247472074,
        72077385247512689,
        72077385247553175,
        72077385247593410,
        72077385247632200,
        72077385247672790,
        72077385247713211,
        72079584270508766,
        72079584270547880,
        72079584270588837,
        72079584270627036,
        72079584270667546,
        72079584270707407,
        72079584270747672,
        72079584270787784,
        72079584270828928,
        72079584270869801,
        72079584270910132,
        72079584270950270,
        72081783293746659,
        72081783293787218,
        72081783293828373,
        72081783293868103,
        72081783293910140,
        72081783293950345,
        72081783293990430,
        72081783294031938,
        72081783294072564,
        72081783294112661,
        72081783294152504,
        72081783294191202,
        72081783294230610,
        72083982317027881,
        72083982317067881,
        72083982317106584,
        72083982317147740,
        72083982317186798,
        72083982317228200,
        72083982317267693,
        72083982317308405,
        72083982317350039,
        72083982317389944,
        72083982317428496,
        72083982317468791,
        72086181340265347,
        72086181340305706,
        72086181340345535,
        72086181340384115,
        72086181340424240,
        72086181340463964,
        72086181340503280,
        72086181340543458,
        72086181340583822,
        72086181340622309,
        72086181340660740,
        72086181340702273,
        72086181340742834,
        72088380363539671,
        72088380363579046,
        72088380363619313,
        72088380363659070,
        72088380363698602,
        72088380363737739,
        72088380363777235,
        72088380363815133,
        72088380363856288,
        72088380363895749,
        72088380363936440,
        72088380363974502,
        72090579386770525,
        72090579386809887,
        72090579386850281,
        72090579386890223,
        72090579386930378,
        72090579386969252,
        72090579387009491,
        72090579387047898,
        72090579387087330,
        72090579387126745,
        72090579387166819,
        72090579387207034,
        72090579387248801
      ],
      "sampled_vertices": 200,
      "semantic_degree_hint": true
    },
    {
      "auto_compaction": null,
      "candidate_edges_for_sampling": 278083075,
      "candidate_sources_for_sampling": 278083075,
      "edge_type": 2,
      "get_neighbors_elapsed_ms": 0,
      "levels_after_run": [
        3444,
        0,
        0,
        0,
        0
      ],
      "neighbor_edges": 0,
      "neighbor_metrics": {
        "csr": {
          "bloom_false_positive_probes": 0,
          "bloom_filtered_segments": 0,
          "body_bytes": 0,
          "body_reads": 0,
          "candidate_l0_segments": 0,
          "filter_passed_segments": 0,
          "full_scan_reads": 0,
          "get_neighbors_latency": {
            "avg_us": 0,
            "buckets": [
              {
                "count": 0,
                "upper_bound_us": 100
              },
              {
                "count": 0,
                "upper_bound_us": 250
              },
              {
                "count": 0,
                "upper_bound_us": 500
              },
              {
                "count": 0,
                "upper_bound_us": 1000
              },
              {
                "count": 0,
                "upper_bound_us": 2000
              },
              {
                "count": 0,
                "upper_bound_us": 5000
              },
              {
                "count": 0,
                "upper_bound_us": 10000
              },
              {
                "count": 0,
                "upper_bound_us": 20000
              },
              {
                "count": 0,
                "upper_bound_us": 50000
              },
              {
                "count": 0,
                "upper_bound_us": 100000
              },
              {
                "count": 0,
                "upper_bound_us": 250000
              },
              {
                "count": 0,
                "upper_bound_us": 500000
              },
              {
                "count": 0,
                "upper_bound_us": 1000000
              },
              {
                "count": 0,
                "upper_bound_us": 5000000
              },
              {
                "count": 0,
                "upper_bound_us": 30000000
              },
              {
                "count": 0,
                "upper_bound_us": 18446744073709551615
              }
            ],
            "count": 0,
            "max_us": 0,
            "min_us": 0,
            "p50_us": 0,
            "p90_us": 0,
            "p99_us": 0,
            "sum_us": 0
          },
          "header_bytes": 0,
          "header_reads": 0,
          "l0_partitions": [],
          "matched_l0_segments": 0,
          "offset_bytes": 0,
          "offset_cache_hits": 0,
          "offset_cache_misses": 0,
          "offset_reads": 0,
          "range_filtered_segments": 0,
          "read_all_edges_latency": {
            "avg_us": 0,
            "buckets": [
              {
                "count": 0,
                "upper_bound_us": 100
              },
              {
                "count": 0,
                "upper_bound_us": 250
              },
              {
                "count": 0,
                "upper_bound_us": 500
              },
              {
                "count": 0,
                "upper_bound_us": 1000
              },
              {
                "count": 0,
                "upper_bound_us": 2000
              },
              {
                "count": 0,
                "upper_bound_us": 5000
              },
              {
                "count": 0,
                "upper_bound_us": 10000
              },
              {
                "count": 0,
                "upper_bound_us": 20000
              },
              {
                "count": 0,
                "upper_bound_us": 50000
              },
              {
                "count": 0,
                "upper_bound_us": 100000
              },
              {
                "count": 0,
                "upper_bound_us": 250000
              },
              {
                "count": 0,
                "upper_bound_us": 500000
              },
              {
                "count": 0,
                "upper_bound_us": 1000000
              },
              {
                "count": 0,
                "upper_bound_us": 5000000
              },
              {
                "count": 0,
                "upper_bound_us": 30000000
              },
              {
                "count": 0,
                "upper_bound_us": 18446744073709551615
              }
            ],
            "count": 0,
            "max_us": 0,
            "min_us": 0,
            "p50_us": 0,
            "p90_us": 0,
            "p99_us": 0,
            "sum_us": 0
          },
          "read_offsets_latency": {
            "avg_us": 0,
            "buckets": [
              {
                "count": 0,
                "upper_bound_us": 100
              },
              {
                "count": 0,
                "upper_bound_us": 250
              },
              {
                "count": 0,
                "upper_bound_us": 500
              },
              {
                "count": 0,
                "upper_bound_us": 1000
              },
              {
                "count": 0,
                "upper_bound_us": 2000
              },
              {
                "count": 0,
                "upper_bound_us": 5000
              },
              {
                "count": 0,
                "upper_bound_us": 10000
              },
              {
                "count": 0,
                "upper_bound_us": 20000
              },
              {
                "count": 0,
                "upper_bound_us": 50000
              },
              {
                "count": 0,
                "upper_bound_us": 100000
              },
              {
                "count": 0,
                "upper_bound_us": 250000
              },
              {
                "count": 0,
                "upper_bound_us": 500000
              },
              {
                "count": 0,
                "upper_bound_us": 1000000
              },
              {
                "count": 0,
                "upper_bound_us": 5000000
              },
              {
                "count": 0,
                "upper_bound_us": 30000000
              },
              {
                "count": 0,
                "upper_bound_us": 18446744073709551615
              }
            ],
            "count": 0,
            "max_us": 0,
            "min_us": 0,
            "p50_us": 0,
            "p90_us": 0,
            "p99_us": 0,
            "sum_us": 0
          }
        },
        "http": {
          "endpoints": {},
          "handler_latency": {
            "avg_us": 0,
            "buckets": [
              {
                "count": 0,
                "upper_bound_us": 100
              },
              {
                "count": 0,
                "upper_bound_us": 250
              },
              {
                "count": 0,
                "upper_bound_us": 500
              },
              {
                "count": 0,
                "upper_bound_us": 1000
              },
              {
                "count": 0,
                "upper_bound_us": 2000
              },
              {
                "count": 0,
                "upper_bound_us": 5000
              },
              {
                "count": 0,
                "upper_bound_us": 10000
              },
              {
                "count": 0,
                "upper_bound_us": 20000
              },
              {
                "count": 0,
                "upper_bound_us": 50000
              },
              {
                "count": 0,
                "upper_bound_us": 100000
              },
              {
                "count": 0,
                "upper_bound_us": 250000
              },
              {
                "count": 0,
                "upper_bound_us": 500000
              },
              {
                "count": 0,
                "upper_bound_us": 1000000
              },
              {
                "count": 0,
                "upper_bound_us": 5000000
              },
              {
                "count": 0,
                "upper_bound_us": 30000000
              },
              {
                "count": 0,
                "upper_bound_us": 18446744073709551615
              }
            ],
            "count": 0,
            "max_us": 0,
            "min_us": 0,
            "p50_us": 0,
            "p90_us": 0,
            "p99_us": 0,
            "sum_us": 0
          },
          "json_parse_latency": {
            "avg_us": 0,
            "buckets": [
              {
                "count": 0,
                "upper_bound_us": 100
              },
              {
                "count": 0,
                "upper_bound_us": 250
              },
              {
                "count": 0,
                "upper_bound_us": 500
              },
              {
                "count": 0,
                "upper_bound_us": 1000
              },
              {
                "count": 0,
                "upper_bound_us": 2000
              },
              {
                "count": 0,
                "upper_bound_us": 5000
              },
              {
                "count": 0,
                "upper_bound_us": 10000
              },
              {
                "count": 0,
                "upper_bound_us": 20000
              },
              {
                "count": 0,
                "upper_bound_us": 50000
              },
              {
                "count": 0,
                "upper_bound_us": 100000
              },
              {
                "count": 0,
                "upper_bound_us": 250000
              },
              {
                "count": 0,
                "upper_bound_us": 500000
              },
              {
                "count": 0,
                "upper_bound_us": 1000000
              },
              {
                "count": 0,
                "upper_bound_us": 5000000
              },
              {
                "count": 0,
                "upper_bound_us": 30000000
              },
              {
                "count": 0,
                "upper_bound_us": 18446744073709551615
              }
            ],
            "count": 0,
            "max_us": 0,
            "min_us": 0,
            "p50_us": 0,
            "p90_us": 0,
            "p99_us": 0,
            "sum_us": 0
          },
          "request_read_latency": {
            "avg_us": 0,
            "buckets": [
              {
                "count": 0,
                "upper_bound_us": 100
              },
              {
                "count": 0,
                "upper_bound_us": 250
              },
              {
                "count": 0,
                "upper_bound_us": 500
              },
              {
                "count": 0,
                "upper_bound_us": 1000
              },
              {
                "count": 0,
                "upper_bound_us": 2000
              },
              {
                "count": 0,
                "upper_bound_us": 5000
              },
              {
                "count": 0,
                "upper_bound_us": 10000
              },
              {
                "count": 0,
                "upper_bound_us": 20000
              },
              {
                "count": 0,
                "upper_bound_us": 50000
              },
              {
                "count": 0,
                "upper_bound_us": 100000
              },
              {
                "count": 0,
                "upper_bound_us": 250000
              },
              {
                "count": 0,
                "upper_bound_us": 500000
              },
              {
                "count": 0,
                "upper_bound_us": 1000000
              },
              {
                "count": 0,
                "upper_bound_us": 5000000
              },
              {
                "count": 0,
                "upper_bound_us": 30000000
              },
              {
                "count": 0,
                "upper_bound_us": 18446744073709551615
              }
            ],
            "count": 0,
            "max_us": 0,
            "min_us": 0,
            "p50_us": 0,
            "p90_us": 0,
            "p99_us": 0,
            "sum_us": 0
          },
          "requests": 0,
          "response_write_latency": {
            "avg_us": 0,
            "buckets": [
              {
                "count": 0,
                "upper_bound_us": 100
              },
              {
                "count": 0,
                "upper_bound_us": 250
              },
              {
                "count": 0,
                "upper_bound_us": 500
              },
              {
                "count": 0,
                "upper_bound_us": 1000
              },
              {
                "count": 0,
                "upper_bound_us": 2000
              },
              {
                "count": 0,
                "upper_bound_us": 5000
              },
              {
                "count": 0,
                "upper_bound_us": 10000
              },
              {
                "count": 0,
                "upper_bound_us": 20000
              },
              {
                "count": 0,
                "upper_bound_us": 50000
              },
              {
                "count": 0,
                "upper_bound_us": 100000
              },
              {
                "count": 0,
                "upper_bound_us": 250000
              },
              {
                "count": 0,
                "upper_bound_us": 500000
              },
              {
                "count": 0,
                "upper_bound_us": 1000000
              },
              {
                "count": 0,
                "upper_bound_us": 5000000
              },
              {
                "count": 0,
                "upper_bound_us": 30000000
              },
              {
                "count": 0,
                "upper_bound_us": 18446744073709551615
              }
            ],
            "count": 0,
            "max_us": 0,
            "min_us": 0,
            "p50_us": 0,
            "p90_us": 0,
            "p99_us": 0,
            "sum_us": 0
          },
          "serialize_latency": {
            "avg_us": 0,
            "buckets": [
              {
                "count": 0,
                "upper_bound_us": 100
              },
              {
                "count": 0,
                "upper_bound_us": 250
              },
              {
                "count": 0,
                "upper_bound_us": 500
              },
              {
                "count": 0,
                "upper_bound_us": 1000
              },
              {
                "count": 0,
                "upper_bound_us": 2000
              },
              {
                "count": 0,
                "upper_bound_us": 5000
              },
              {
                "count": 0,
                "upper_bound_us": 10000
              },
              {
                "count": 0,
                "upper_bound_us": 20000
              },
              {
                "count": 0,
                "upper_bound_us": 50000
              },
              {
                "count": 0,
                "upper_bound_us": 100000
              },
              {
                "count": 0,
                "upper_bound_us": 250000
              },
              {
                "count": 0,
                "upper_bound_us": 500000
              },
              {
                "count": 0,
                "upper_bound_us": 1000000
              },
              {
                "count": 0,
                "upper_bound_us": 5000000
              },
              {
                "count": 0,
                "upper_bound_us": 30000000
              },
              {
                "count": 0,
                "upper_bound_us": 18446744073709551615
              }
            ],
            "count": 0,
            "max_us": 0,
            "min_us": 0,
            "p50_us": 0,
            "p90_us": 0,
            "p99_us": 0,
            "sum_us": 0
          },
          "status_2xx": 0,
          "status_4xx": 0,
          "status_5xx": 0
        },
        "io": {
          "create_blocking_latency": {
            "avg_us": 0,
            "buckets": [
              {
                "count": 0,
                "upper_bound_us": 100
              },
              {
                "count": 0,
                "upper_bound_us": 250
              },
              {
                "count": 0,
                "upper_bound_us": 500
              },
              {
                "count": 0,
                "upper_bound_us": 1000
              },
              {
                "count": 0,
                "upper_bound_us": 2000
              },
              {
                "count": 0,
                "upper_bound_us": 5000
              },
              {
                "count": 0,
                "upper_bound_us": 10000
              },
              {
                "count": 0,
                "upper_bound_us": 20000
              },
              {
                "count": 0,
                "upper_bound_us": 50000
              },
              {
                "count": 0,
                "upper_bound_us": 100000
              },
              {
                "count": 0,
                "upper_bound_us": 250000
              },
              {
                "count": 0,
                "upper_bound_us": 500000
              },
              {
                "count": 0,
                "upper_bound_us": 1000000
              },
              {
                "count": 0,
                "upper_bound_us": 5000000
              },
              {
                "count": 0,
                "upper_bound_us": 30000000
              },
              {
                "count": 0,
                "upper_bound_us": 18446744073709551615
              }
            ],
            "count": 0,
            "max_us": 0,
            "min_us": 0,
            "p50_us": 0,
            "p90_us": 0,
            "p99_us": 0,
            "sum_us": 0
          },
          "read_blocking_latency": {
            "avg_us": 0,
            "buckets": [
              {
                "count": 0,
                "upper_bound_us": 100
              },
              {
                "count": 0,
                "upper_bound_us": 250
              },
              {
                "count": 0,
                "upper_bound_us": 500
              },
              {
                "count": 0,
                "upper_bound_us": 1000
              },
              {
                "count": 0,
                "upper_bound_us": 2000
              },
              {
                "count": 0,
                "upper_bound_us": 5000
              },
              {
                "count": 0,
                "upper_bound_us": 10000
              },
              {
                "count": 0,
                "upper_bound_us": 20000
              },
              {
                "count": 0,
                "upper_bound_us": 50000
              },
              {
                "count": 0,
                "upper_bound_us": 100000
              },
              {
                "count": 0,
                "upper_bound_us": 250000
              },
              {
                "count": 0,
                "upper_bound_us": 500000
              },
              {
                "count": 0,
                "upper_bound_us": 1000000
              },
              {
                "count": 0,
                "upper_bound_us": 5000000
              },
              {
                "count": 0,
                "upper_bound_us": 30000000
              },
              {
                "count": 0,
                "upper_bound_us": 18446744073709551615
              }
            ],
            "count": 0,
            "max_us": 0,
            "min_us": 0,
            "p50_us": 0,
            "p90_us": 0,
            "p99_us": 0,
            "sum_us": 0
          },
          "read_bytes": 0,
          "read_syscalls": 0,
          "remove_blocking_latency": {
            "avg_us": 0,
            "buckets": [
              {
                "count": 0,
                "upper_bound_us": 100
              },
              {
                "count": 0,
                "upper_bound_us": 250
              },
              {
                "count": 0,
                "upper_bound_us": 500
              },
              {
                "count": 0,
                "upper_bound_us": 1000
              },
              {
                "count": 0,
                "upper_bound_us": 2000
              },
              {
                "count": 0,
                "upper_bound_us": 5000
              },
              {
                "count": 0,
                "upper_bound_us": 10000
              },
              {
                "count": 0,
                "upper_bound_us": 20000
              },
              {
                "count": 0,
                "upper_bound_us": 50000
              },
              {
                "count": 0,
                "upper_bound_us": 100000
              },
              {
                "count": 0,
                "upper_bound_us": 250000
              },
              {
                "count": 0,
                "upper_bound_us": 500000
              },
              {
                "count": 0,
                "upper_bound_us": 1000000
              },
              {
                "count": 0,
                "upper_bound_us": 5000000
              },
              {
                "count": 0,
                "upper_bound_us": 30000000
              },
              {
                "count": 0,
                "upper_bound_us": 18446744073709551615
              }
            ],
            "count": 0,
            "max_us": 0,
            "min_us": 0,
            "p50_us": 0,
            "p90_us": 0,
            "p99_us": 0,
            "sum_us": 0
          },
          "semaphore_wait_latency": {
            "avg_us": 0,
            "buckets": [
              {
                "count": 0,
                "upper_bound_us": 100
              },
              {
                "count": 0,
                "upper_bound_us": 250
              },
              {
                "count": 0,
                "upper_bound_us": 500
              },
              {
                "count": 0,
                "upper_bound_us": 1000
              },
              {
                "count": 0,
                "upper_bound_us": 2000
              },
              {
                "count": 0,
                "upper_bound_us": 5000
              },
              {
                "count": 0,
                "upper_bound_us": 10000
              },
              {
                "count": 0,
                "upper_bound_us": 20000
              },
              {
                "count": 0,
                "upper_bound_us": 50000
              },
              {
                "count": 0,
                "upper_bound_us": 100000
              },
              {
                "count": 0,
                "upper_bound_us": 250000
              },
              {
                "count": 0,
                "upper_bound_us": 500000
              },
              {
                "count": 0,
                "upper_bound_us": 1000000
              },
              {
                "count": 0,
                "upper_bound_us": 5000000
              },
              {
                "count": 0,
                "upper_bound_us": 30000000
              },
              {
                "count": 0,
                "upper_bound_us": 18446744073709551615
              }
            ],
            "count": 0,
            "max_us": 0,
            "min_us": 0,
            "p50_us": 0,
            "p90_us": 0,
            "p99_us": 0,
            "sum_us": 0
          },
          "sync_blocking_latency": {
            "avg_us": 0,
            "buckets": [
              {
                "count": 0,
                "upper_bound_us": 100
              },
              {
                "count": 0,
                "upper_bound_us": 250
              },
              {
                "count": 0,
                "upper_bound_us": 500
              },
              {
                "count": 0,
                "upper_bound_us": 1000
              },
              {
                "count": 0,
                "upper_bound_us": 2000
              },
              {
                "count": 0,
                "upper_bound_us": 5000
              },
              {
                "count": 0,
                "upper_bound_us": 10000
              },
              {
                "count": 0,
                "upper_bound_us": 20000
              },
              {
                "count": 0,
                "upper_bound_us": 50000
              },
              {
                "count": 0,
                "upper_bound_us": 100000
              },
              {
                "count": 0,
                "upper_bound_us": 250000
              },
              {
                "count": 0,
                "upper_bound_us": 500000
              },
              {
                "count": 0,
                "upper_bound_us": 1000000
              },
              {
                "count": 0,
                "upper_bound_us": 5000000
              },
              {
                "count": 0,
                "upper_bound_us": 30000000
              },
              {
                "count": 0,
                "upper_bound_us": 18446744073709551615
              }
            ],
            "count": 0,
            "max_us": 0,
            "min_us": 0,
            "p50_us": 0,
            "p90_us": 0,
            "p99_us": 0,
            "sum_us": 0
          },
          "write_blocking_latency": {
            "avg_us": 0,
            "buckets": [
              {
                "count": 0,
                "upper_bound_us": 100
              },
              {
                "count": 0,
                "upper_bound_us": 250
              },
              {
                "count": 0,
                "upper_bound_us": 500
              },
              {
                "count": 0,
                "upper_bound_us": 1000
              },
              {
                "count": 0,
                "upper_bound_us": 2000
              },
              {
                "count": 0,
                "upper_bound_us": 5000
              },
              {
                "count": 0,
                "upper_bound_us": 10000
              },
              {
                "count": 0,
                "upper_bound_us": 20000
              },
              {
                "count": 0,
                "upper_bound_us": 50000
              },
              {
                "count": 0,
                "upper_bound_us": 100000
              },
              {
                "count": 0,
                "upper_bound_us": 250000
              },
              {
                "count": 0,
                "upper_bound_us": 500000
              },
              {
                "count": 0,
                "upper_bound_us": 1000000
              },
              {
                "count": 0,
                "upper_bound_us": 5000000
              },
              {
                "count": 0,
                "upper_bound_us": 30000000
              },
              {
                "count": 0,
                "upper_bound_us": 18446744073709551615
              }
            ],
            "count": 0,
            "max_us": 0,
            "min_us": 0,
            "p50_us": 0,
            "p90_us": 0,
            "p99_us": 0,
            "sum_us": 0
          },
          "write_bytes": 0,
          "write_syscalls": 0
        },
        "snb": {
          "cache": {
            "adjacency_bytes": 0,
            "adjacency_cache_hits": 0,
            "adjacency_cache_misses": 0,
            "adjacency_cache_write_bytes": 0,
            "adjacency_cache_write_syscalls": 0,
            "adjacency_edges": 0,
            "adjacency_group_latency": {
              "avg_us": 0,
              "buckets": [
                {
                  "count": 0,
                  "upper_bound_us": 100
                },
                {
                  "count": 0,
                  "upper_bound_us": 250
                },
                {
                  "count": 0,
                  "upper_bound_us": 500
                },
                {
                  "count": 0,
                  "upper_bound_us": 1000
                },
                {
                  "count": 0,
                  "upper_bound_us": 2000
                },
                {
                  "count": 0,
                  "upper_bound_us": 5000
                },
                {
                  "count": 0,
                  "upper_bound_us": 10000
                },
                {
                  "count": 0,
                  "upper_bound_us": 20000
                },
                {
                  "count": 0,
                  "upper_bound_us": 50000
                },
                {
                  "count": 0,
                  "upper_bound_us": 100000
                },
                {
                  "count": 0,
                  "upper_bound_us": 250000
                },
                {
                  "count": 0,
                  "upper_bound_us": 500000
                },
                {
                  "count": 0,
                  "upper_bound_us": 1000000
                },
                {
                  "count": 0,
                  "upper_bound_us": 5000000
                },
                {
                  "count": 0,
                  "upper_bound_us": 30000000
                },
                {
                  "count": 0,
                  "upper_bound_us": 18446744073709551615
                }
              ],
              "count": 0,
              "max_us": 0,
              "min_us": 0,
              "p50_us": 0,
              "p90_us": 0,
              "p99_us": 0,
              "sum_us": 0
            },
            "adjacency_groups": 0,
            "adjacency_load_latency": {
              "avg_us": 0,
              "buckets": [
                {
                  "count": 0,
                  "upper_bound_us": 100
                },
                {
                  "count": 0,
                  "upper_bound_us": 250
                },
                {
                  "count": 0,
                  "upper_bound_us": 500
                },
                {
                  "count": 0,
                  "upper_bound_us": 1000
                },
                {
                  "count": 0,
                  "upper_bound_us": 2000
                },
                {
                  "count": 0,
                  "upper_bound_us": 5000
                },
                {
                  "count": 0,
                  "upper_bound_us": 10000
                },
                {
                  "count": 0,
                  "upper_bound_us": 20000
                },
                {
                  "count": 0,
                  "upper_bound_us": 50000
                },
                {
                  "count": 0,
                  "upper_bound_us": 100000
                },
                {
                  "count": 0,
                  "upper_bound_us": 250000
                },
                {
                  "count": 0,
                  "upper_bound_us": 500000
                },
                {
                  "count": 0,
                  "upper_bound_us": 1000000
                },
                {
                  "count": 0,
                  "upper_bound_us": 5000000
                },
                {
                  "count": 0,
                  "upper_bound_us": 30000000
                },
                {
                  "count": 0,
                  "upper_bound_us": 18446744073709551615
                }
              ],
              "count": 0,
              "max_us": 0,
              "min_us": 0,
              "p50_us": 0,
              "p90_us": 0,
              "p99_us": 0,
              "sum_us": 0
            },
            "adjacency_scan_latency": {
              "avg_us": 0,
              "buckets": [
                {
                  "count": 0,
                  "upper_bound_us": 100
                },
                {
                  "count": 0,
                  "upper_bound_us": 250
                },
                {
                  "count": 0,
                  "upper_bound_us": 500
                },
                {
                  "count": 0,
                  "upper_bound_us": 1000
                },
                {
                  "count": 0,
                  "upper_bound_us": 2000
                },
                {
                  "count": 0,
                  "upper_bound_us": 5000
                },
                {
                  "count": 0,
                  "upper_bound_us": 10000
                },
                {
                  "count": 0,
                  "upper_bound_us": 20000
                },
                {
                  "count": 0,
                  "upper_bound_us": 50000
                },
                {
                  "count": 0,
                  "upper_bound_us": 100000
                },
                {
                  "count": 0,
                  "upper_bound_us": 250000
                },
                {
                  "count": 0,
                  "upper_bound_us": 500000
                },
                {
                  "count": 0,
                  "upper_bound_us": 1000000
                },
                {
                  "count": 0,
                  "upper_bound_us": 5000000
                },
                {
                  "count": 0,
                  "upper_bound_us": 30000000
                },
                {
                  "count": 0,
                  "upper_bound_us": 18446744073709551615
                }
              ],
              "count": 0,
              "max_us": 0,
              "min_us": 0,
              "p50_us": 0,
              "p90_us": 0,
              "p99_us": 0,
              "sum_us": 0
            },
            "adjacency_write_latency": {
              "avg_us": 0,
              "buckets": [
                {
                  "count": 0,
                  "upper_bound_us": 100
                },
                {
                  "count": 0,
                  "upper_bound_us": 250
                },
                {
                  "count": 0,
                  "upper_bound_us": 500
                },
                {
                  "count": 0,
                  "upper_bound_us": 1000
                },
                {
                  "count": 0,
                  "upper_bound_us": 2000
                },
                {
                  "count": 0,
                  "upper_bound_us": 5000
                },
                {
                  "count": 0,
                  "upper_bound_us": 10000
                },
                {
                  "count": 0,
                  "upper_bound_us": 20000
                },
                {
                  "count": 0,
                  "upper_bound_us": 50000
                },
                {
                  "count": 0,
                  "upper_bound_us": 100000
                },
                {
                  "count": 0,
                  "upper_bound_us": 250000
                },
                {
                  "count": 0,
                  "upper_bound_us": 500000
                },
                {
                  "count": 0,
                  "upper_bound_us": 1000000
                },
                {
                  "count": 0,
                  "upper_bound_us": 5000000
                },
                {
                  "count": 0,
                  "upper_bound_us": 30000000
                },
                {
                  "count": 0,
                  "upper_bound_us": 18446744073709551615
                }
              ],
              "count": 0,
              "max_us": 0,
              "min_us": 0,
              "p50_us": 0,
              "p90_us": 0,
              "p99_us": 0,
              "sum_us": 0
            },
            "edge_props": 0,
            "edge_props_load_latency": {
              "avg_us": 0,
              "buckets": [
                {
                  "count": 0,
                  "upper_bound_us": 100
                },
                {
                  "count": 0,
                  "upper_bound_us": 250
                },
                {
                  "count": 0,
                  "upper_bound_us": 500
                },
                {
                  "count": 0,
                  "upper_bound_us": 1000
                },
                {
                  "count": 0,
                  "upper_bound_us": 2000
                },
                {
                  "count": 0,
                  "upper_bound_us": 5000
                },
                {
                  "count": 0,
                  "upper_bound_us": 10000
                },
                {
                  "count": 0,
                  "upper_bound_us": 20000
                },
                {
                  "count": 0,
                  "upper_bound_us": 50000
                },
                {
                  "count": 0,
                  "upper_bound_us": 100000
                },
                {
                  "count": 0,
                  "upper_bound_us": 250000
                },
                {
                  "count": 0,
                  "upper_bound_us": 500000
                },
                {
                  "count": 0,
                  "upper_bound_us": 1000000
                },
                {
                  "count": 0,
                  "upper_bound_us": 5000000
                },
                {
                  "count": 0,
                  "upper_bound_us": 30000000
                },
                {
                  "count": 0,
                  "upper_bound_us": 18446744073709551615
                }
              ],
              "count": 0,
              "max_us": 0,
              "min_us": 0,
              "p50_us": 0,
              "p90_us": 0,
              "p99_us": 0,
              "sum_us": 0
            },
            "vertices": 0,
            "vertices_load_latency": {
              "avg_us": 0,
              "buckets": [
                {
                  "count": 0,
                  "upper_bound_us": 100
                },
                {
                  "count": 0,
                  "upper_bound_us": 250
                },
                {
                  "count": 0,
                  "upper_bound_us": 500
                },
                {
                  "count": 0,
                  "upper_bound_us": 1000
                },
                {
                  "count": 0,
                  "upper_bound_us": 2000
                },
                {
                  "count": 0,
                  "upper_bound_us": 5000
                },
                {
                  "count": 0,
                  "upper_bound_us": 10000
                },
                {
                  "count": 0,
                  "upper_bound_us": 20000
                },
                {
                  "count": 0,
                  "upper_bound_us": 50000
                },
                {
                  "count": 0,
                  "upper_bound_us": 100000
                },
                {
                  "count": 0,
                  "upper_bound_us": 250000
                },
                {
                  "count": 0,
                  "upper_bound_us": 500000
                },
                {
                  "count": 0,
                  "upper_bound_us": 1000000
                },
                {
                  "count": 0,
                  "upper_bound_us": 5000000
                },
                {
                  "count": 0,
                  "upper_bound_us": 30000000
                },
                {
                  "count": 0,
                  "upper_bound_us": 18446744073709551615
                }
              ],
              "count": 0,
              "max_us": 0,
              "min_us": 0,
              "p50_us": 0,
              "p90_us": 0,
              "p99_us": 0,
              "sum_us": 0
            }
          },
          "helpers": {
            "adjacency_lookups": 0,
            "edge_prop_lookups": 0,
            "neighbor_clone_items": 0,
            "vertex_lookups": 0
          },
          "locks": {
            "read_hold_latency": {
              "avg_us": 0,
              "buckets": [
                {
                  "count": 0,
                  "upper_bound_us": 100
                },
                {
                  "count": 0,
                  "upper_bound_us": 250
                },
                {
                  "count": 0,
                  "upper_bound_us": 500
                },
                {
                  "count": 0,
                  "upper_bound_us": 1000
                },
                {
                  "count": 0,
                  "upper_bound_us": 2000
                },
                {
                  "count": 0,
                  "upper_bound_us": 5000
                },
                {
                  "count": 0,
                  "upper_bound_us": 10000
                },
                {
                  "count": 0,
                  "upper_bound_us": 20000
                },
                {
                  "count": 0,
                  "upper_bound_us": 50000
                },
                {
                  "count": 0,
                  "upper_bound_us": 100000
                },
                {
                  "count": 0,
                  "upper_bound_us": 250000
                },
                {
                  "count": 0,
                  "upper_bound_us": 500000
                },
                {
                  "count": 0,
                  "upper_bound_us": 1000000
                },
                {
                  "count": 0,
                  "upper_bound_us": 5000000
                },
                {
                  "count": 0,
                  "upper_bound_us": 30000000
                },
                {
                  "count": 0,
                  "upper_bound_us": 18446744073709551615
                }
              ],
              "count": 0,
              "max_us": 0,
              "min_us": 0,
              "p50_us": 0,
              "p90_us": 0,
              "p99_us": 0,
              "sum_us": 0
            },
            "read_wait_latency": {
              "avg_us": 0,
              "buckets": [
                {
                  "count": 0,
                  "upper_bound_us": 100
                },
                {
                  "count": 0,
                  "upper_bound_us": 250
                },
                {
                  "count": 0,
                  "upper_bound_us": 500
                },
                {
                  "count": 0,
                  "upper_bound_us": 1000
                },
                {
                  "count": 0,
                  "upper_bound_us": 2000
                },
                {
                  "count": 0,
                  "upper_bound_us": 5000
                },
                {
                  "count": 0,
                  "upper_bound_us": 10000
                },
                {
                  "count": 0,
                  "upper_bound_us": 20000
                },
                {
                  "count": 0,
                  "upper_bound_us": 50000
                },
                {
                  "count": 0,
                  "upper_bound_us": 100000
                },
                {
                  "count": 0,
                  "upper_bound_us": 250000
                },
                {
                  "count": 0,
                  "upper_bound_us": 500000
                },
                {
                  "count": 0,
                  "upper_bound_us": 1000000
                },
                {
                  "count": 0,
                  "upper_bound_us": 5000000
                },
                {
                  "count": 0,
                  "upper_bound_us": 30000000
                },
                {
                  "count": 0,
                  "upper_bound_us": 18446744073709551615
                }
              ],
              "count": 0,
              "max_us": 0,
              "min_us": 0,
              "p50_us": 0,
              "p90_us": 0,
              "p99_us": 0,
              "sum_us": 0
            },
            "write_hold_latency": {
              "avg_us": 0,
              "buckets": [
                {
                  "count": 0,
                  "upper_bound_us": 100
                },
                {
                  "count": 0,
                  "upper_bound_us": 250
                },
                {
                  "count": 0,
                  "upper_bound_us": 500
                },
                {
                  "count": 0,
                  "upper_bound_us": 1000
                },
                {
                  "count": 0,
                  "upper_bound_us": 2000
                },
                {
                  "count": 0,
                  "upper_bound_us": 5000
                },
                {
                  "count": 0,
                  "upper_bound_us": 10000
                },
                {
                  "count": 0,
                  "upper_bound_us": 20000
                },
                {
                  "count": 0,
                  "upper_bound_us": 50000
                },
                {
                  "count": 0,
                  "upper_bound_us": 100000
                },
                {
                  "count": 0,
                  "upper_bound_us": 250000
                },
                {
                  "count": 0,
                  "upper_bound_us": 500000
                },
                {
                  "count": 0,
                  "upper_bound_us": 1000000
                },
                {
                  "count": 0,
                  "upper_bound_us": 5000000
                },
                {
                  "count": 0,
                  "upper_bound_us": 30000000
                },
                {
                  "count": 0,
                  "upper_bound_us": 18446744073709551615
                }
              ],
              "count": 0,
              "max_us": 0,
              "min_us": 0,
              "p50_us": 0,
              "p90_us": 0,
              "p99_us": 0,
              "sum_us": 0
            },
            "write_wait_latency": {
              "avg_us": 0,
              "buckets": [
                {
                  "count": 0,
                  "upper_bound_us": 100
                },
                {
                  "count": 0,
                  "upper_bound_us": 250
                },
                {
                  "count": 0,
                  "upper_bound_us": 500
                },
                {
                  "count": 0,
                  "upper_bound_us": 1000
                },
                {
                  "count": 0,
                  "upper_bound_us": 2000
                },
                {
                  "count": 0,
                  "upper_bound_us": 5000
                },
                {
                  "count": 0,
                  "upper_bound_us": 10000
                },
                {
                  "count": 0,
                  "upper_bound_us": 20000
                },
                {
                  "count": 0,
                  "upper_bound_us": 50000
                },
                {
                  "count": 0,
                  "upper_bound_us": 100000
                },
                {
                  "count": 0,
                  "upper_bound_us": 250000
                },
                {
                  "count": 0,
                  "upper_bound_us": 500000
                },
                {
                  "count": 0,
                  "upper_bound_us": 1000000
                },
                {
                  "count": 0,
                  "upper_bound_us": 5000000
                },
                {
                  "count": 0,
                  "upper_bound_us": 30000000
                },
                {
                  "count": 0,
                  "upper_bound_us": 18446744073709551615
                }
              ],
              "count": 0,
              "max_us": 0,
              "min_us": 0,
              "p50_us": 0,
              "p90_us": 0,
              "p99_us": 0,
              "sum_us": 0
            }
          }
        },
        "storage": {
          "compaction_count": 0,
          "compaction_input_bytes": 0,
          "compaction_latency": {
            "avg_us": 0,
            "buckets": [
              {
                "count": 0,
                "upper_bound_us": 100
              },
              {
                "count": 0,
                "upper_bound_us": 250
              },
              {
                "count": 0,
                "upper_bound_us": 500
              },
              {
                "count": 0,
                "upper_bound_us": 1000
              },
              {
                "count": 0,
                "upper_bound_us": 2000
              },
              {
                "count": 0,
                "upper_bound_us": 5000
              },
              {
                "count": 0,
                "upper_bound_us": 10000
              },
              {
                "count": 0,
                "upper_bound_us": 20000
              },
              {
                "count": 0,
                "upper_bound_us": 50000
              },
              {
                "count": 0,
                "upper_bound_us": 100000
              },
              {
                "count": 0,
                "upper_bound_us": 250000
              },
              {
                "count": 0,
                "upper_bound_us": 500000
              },
              {
                "count": 0,
                "upper_bound_us": 1000000
              },
              {
                "count": 0,
                "upper_bound_us": 5000000
              },
              {
                "count": 0,
                "upper_bound_us": 30000000
              },
              {
                "count": 0,
                "upper_bound_us": 18446744073709551615
              }
            ],
            "count": 0,
            "max_us": 0,
            "min_us": 0,
            "p50_us": 0,
            "p90_us": 0,
            "p99_us": 0,
            "sum_us": 0
          },
          "compaction_output_bytes": 0,
          "delete_latency": {
            "avg_us": 0,
            "buckets": [
              {
                "count": 0,
                "upper_bound_us": 100
              },
              {
                "count": 0,
                "upper_bound_us": 250
              },
              {
                "count": 0,
                "upper_bound_us": 500
              },
              {
                "count": 0,
                "upper_bound_us": 1000
              },
              {
                "count": 0,
                "upper_bound_us": 2000
              },
              {
                "count": 0,
                "upper_bound_us": 5000
              },
              {
                "count": 0,
                "upper_bound_us": 10000
              },
              {
                "count": 0,
                "upper_bound_us": 20000
              },
              {
                "count": 0,
                "upper_bound_us": 50000
              },
              {
                "count": 0,
                "upper_bound_us": 100000
              },
              {
                "count": 0,
                "upper_bound_us": 250000
              },
              {
                "count": 0,
                "upper_bound_us": 500000
              },
              {
                "count": 0,
                "upper_bound_us": 1000000
              },
              {
                "count": 0,
                "upper_bound_us": 5000000
              },
              {
                "count": 0,
                "upper_bound_us": 30000000
              },
              {
                "count": 0,
                "upper_bound_us": 18446744073709551615
              }
            ],
            "count": 0,
            "max_us": 0,
            "min_us": 0,
            "p50_us": 0,
            "p90_us": 0,
            "p99_us": 0,
            "sum_us": 0
          },
          "delete_ops": 0,
          "flush_count": 0,
          "flush_latency": {
            "avg_us": 0,
            "buckets": [
              {
                "count": 0,
                "upper_bound_us": 100
              },
              {
                "count": 0,
                "upper_bound_us": 250
              },
              {
                "count": 0,
                "upper_bound_us": 500
              },
              {
                "count": 0,
                "upper_bound_us": 1000
              },
              {
                "count": 0,
                "upper_bound_us": 2000
              },
              {
                "count": 0,
                "upper_bound_us": 5000
              },
              {
                "count": 0,
                "upper_bound_us": 10000
              },
              {
                "count": 0,
                "upper_bound_us": 20000
              },
              {
                "count": 0,
                "upper_bound_us": 50000
              },
              {
                "count": 0,
                "upper_bound_us": 100000
              },
              {
                "count": 0,
                "upper_bound_us": 250000
              },
              {
                "count": 0,
                "upper_bound_us": 500000
              },
              {
                "count": 0,
                "upper_bound_us": 1000000
              },
              {
                "count": 0,
                "upper_bound_us": 5000000
              },
              {
                "count": 0,
                "upper_bound_us": 30000000
              },
              {
                "count": 0,
                "upper_bound_us": 18446744073709551615
              }
            ],
            "count": 0,
            "max_us": 0,
            "min_us": 0,
            "p50_us": 0,
            "p90_us": 0,
            "p99_us": 0,
            "sum_us": 0
          },
          "get_neighbors_latency": {
            "avg_us": 0,
            "buckets": [
              {
                "count": 200,
                "upper_bound_us": 100
              },
              {
                "count": 0,
                "upper_bound_us": 250
              },
              {
                "count": 0,
                "upper_bound_us": 500
              },
              {
                "count": 0,
                "upper_bound_us": 1000
              },
              {
                "count": 0,
                "upper_bound_us": 2000
              },
              {
                "count": 0,
                "upper_bound_us": 5000
              },
              {
                "count": 0,
                "upper_bound_us": 10000
              },
              {
                "count": 0,
                "upper_bound_us": 20000
              },
              {
                "count": 0,
                "upper_bound_us": 50000
              },
              {
                "count": 0,
                "upper_bound_us": 100000
              },
              {
                "count": 0,
                "upper_bound_us": 250000
              },
              {
                "count": 0,
                "upper_bound_us": 500000
              },
              {
                "count": 0,
                "upper_bound_us": 1000000
              },
              {
                "count": 0,
                "upper_bound_us": 5000000
              },
              {
                "count": 0,
                "upper_bound_us": 30000000
              },
              {
                "count": 0,
                "upper_bound_us": 18446744073709551615
              }
            ],
            "count": 200,
            "max_us": 1,
            "min_us": 0,
            "p50_us": 100,
            "p90_us": 100,
            "p99_us": 100,
            "sum_us": 1
          },
          "get_neighbors_ops": 200,
          "insert_latency": {
            "avg_us": 0,
            "buckets": [
              {
                "count": 0,
                "upper_bound_us": 100
              },
              {
                "count": 0,
                "upper_bound_us": 250
              },
              {
                "count": 0,
                "upper_bound_us": 500
              },
              {
                "count": 0,
                "upper_bound_us": 1000
              },
              {
                "count": 0,
                "upper_bound_us": 2000
              },
              {
                "count": 0,
                "upper_bound_us": 5000
              },
              {
                "count": 0,
                "upper_bound_us": 10000
              },
              {
                "count": 0,
                "upper_bound_us": 20000
              },
              {
                "count": 0,
                "upper_bound_us": 50000
              },
              {
                "count": 0,
                "upper_bound_us": 100000
              },
              {
                "count": 0,
                "upper_bound_us": 250000
              },
              {
                "count": 0,
                "upper_bound_us": 500000
              },
              {
                "count": 0,
                "upper_bound_us": 1000000
              },
              {
                "count": 0,
                "upper_bound_us": 5000000
              },
              {
                "count": 0,
                "upper_bound_us": 30000000
              },
              {
                "count": 0,
                "upper_bound_us": 18446744073709551615
              }
            ],
            "count": 0,
            "max_us": 0,
            "min_us": 0,
            "p50_us": 0,
            "p90_us": 0,
            "p99_us": 0,
            "sum_us": 0
          },
          "insert_ops": 0,
          "rebuild_index_latency": {
            "avg_us": 0,
            "buckets": [
              {
                "count": 0,
                "upper_bound_us": 100
              },
              {
                "count": 0,
                "upper_bound_us": 250
              },
              {
                "count": 0,
                "upper_bound_us": 500
              },
              {
                "count": 0,
                "upper_bound_us": 1000
              },
              {
                "count": 0,
                "upper_bound_us": 2000
              },
              {
                "count": 0,
                "upper_bound_us": 5000
              },
              {
                "count": 0,
                "upper_bound_us": 10000
              },
              {
                "count": 0,
                "upper_bound_us": 20000
              },
              {
                "count": 0,
                "upper_bound_us": 50000
              },
              {
                "count": 0,
                "upper_bound_us": 100000
              },
              {
                "count": 0,
                "upper_bound_us": 250000
              },
              {
                "count": 0,
                "upper_bound_us": 500000
              },
              {
                "count": 0,
                "upper_bound_us": 1000000
              },
              {
                "count": 0,
                "upper_bound_us": 5000000
              },
              {
                "count": 0,
                "upper_bound_us": 30000000
              },
              {
                "count": 0,
                "upper_bound_us": 18446744073709551615
              }
            ],
            "count": 0,
            "max_us": 0,
            "min_us": 0,
            "p50_us": 0,
            "p90_us": 0,
            "p99_us": 0,
            "sum_us": 0
          },
          "scan_edges_latency": {
            "avg_us": 0,
            "buckets": [
              {
                "count": 0,
                "upper_bound_us": 100
              },
              {
                "count": 0,
                "upper_bound_us": 250
              },
              {
                "count": 0,
                "upper_bound_us": 500
              },
              {
                "count": 0,
                "upper_bound_us": 1000
              },
              {
                "count": 0,
                "upper_bound_us": 2000
              },
              {
                "count": 0,
                "upper_bound_us": 5000
              },
              {
                "count": 0,
                "upper_bound_us": 10000
              },
              {
                "count": 0,
                "upper_bound_us": 20000
              },
              {
                "count": 0,
                "upper_bound_us": 50000
              },
              {
                "count": 0,
                "upper_bound_us": 100000
              },
              {
                "count": 0,
                "upper_bound_us": 250000
              },
              {
                "count": 0,
                "upper_bound_us": 500000
              },
              {
                "count": 0,
                "upper_bound_us": 1000000
              },
              {
                "count": 0,
                "upper_bound_us": 5000000
              },
              {
                "count": 0,
                "upper_bound_us": 30000000
              },
              {
                "count": 0,
                "upper_bound_us": 18446744073709551615
              }
            ],
            "count": 0,
            "max_us": 0,
            "min_us": 0,
            "p50_us": 0,
            "p90_us": 0,
            "p99_us": 0,
            "sum_us": 0
          },
          "scan_ops": 0
        }
      },
      "neighbor_summary": {
        "bloom_filtered_segments": 0,
        "body_bytes": 0,
        "body_reads": 0,
        "candidate_l0_segments": 0,
        "csr_get_neighbors_avg_us": 0,
        "csr_get_neighbors_p50_us": 0,
        "csr_get_neighbors_p90_us": 0,
        "csr_get_neighbors_p99_us": 0,
        "filter_passed_segments": 0,
        "get_neighbors_avg_us": 0,
        "get_neighbors_ops": 200,
        "get_neighbors_p50_us": 100,
        "get_neighbors_p90_us": 100,
        "get_neighbors_p99_us": 100,
        "header_reads": 0,
        "matched_l0_segments": 0,
        "offset_reads": 0,
        "range_filtered_segments": 0,
        "read_bytes": 0,
        "read_syscalls": 0
      },
      "post_auto_compaction_metrics": null,
      "sample_degrees": [
        {
          "degree": 1,
          "src": 144115188075860068
        },
        {
          "degree": 1,
          "src": 144119586124714074
        },
        {
          "degree": 1,
          "src": 144119586336936110
        },
        {
          "degree": 1,
          "src": 144123984174891303
        },
        {
          "degree": 1,
          "src": 144123984199064902
        },
        {
          "degree": 1,
          "src": 144123984371080961
        },
        {
          "degree": 1,
          "src": 144123984395609144
        },
        {
          "degree": 1,
          "src": 144123984551383674
        },
        {
          "degree": 1,
          "src": 144128382224695565
        },
        {
          "degree": 1,
          "src": 144128382244883786
        },
        {
          "degree": 1,
          "src": 144128382388234486
        },
        {
          "degree": 1,
          "src": 144128382428702587
        },
        {
          "degree": 1,
          "src": 144128382451205678
        },
        {
          "degree": 1,
          "src": 144128382515306558
        },
        {
          "degree": 1,
          "src": 144132780264119335
        },
        {
          "degree": 1,
          "src": 144132780284337513
        },
        {
          "degree": 1,
          "src": 144132780305693877
        },
        {
          "degree": 1,
          "src": 144132780360586839
        },
        {
          "degree": 1,
          "src": 144132780469622431
        },
        {
          "degree": 1,
          "src": 144132780493506710
        },
        {
          "degree": 1,
          "src": 144132780514898562
        },
        {
          "degree": 1,
          "src": 144132780560879767
        },
        {
          "degree": 1,
          "src": 144132780715478061
        },
        {
          "degree": 1,
          "src": 144137178335423089
        },
        {
          "degree": 1,
          "src": 144137178376605124
        },
        {
          "degree": 1,
          "src": 144137178408194792
        },
        {
          "degree": 1,
          "src": 144137178525035717
        },
        {
          "degree": 1,
          "src": 144137178553207952
        },
        {
          "degree": 1,
          "src": 144137178593528187
        },
        {
          "degree": 1,
          "src": 144137178692116633
        },
        {
          "degree": 1,
          "src": 144141576369264373
        },
        {
          "degree": 1,
          "src": 144141576393599804
        },
        {
          "degree": 1,
          "src": 144141576427655462
        },
        {
          "degree": 1,
          "src": 144141576447729127
        },
        {
          "degree": 1,
          "src": 144141576537071430
        },
        {
          "degree": 1,
          "src": 144141576580078695
        },
        {
          "degree": 1,
          "src": 144141576603235550
        },
        {
          "degree": 1,
          "src": 144141576637383732
        },
        {
          "degree": 1,
          "src": 144141576657030452
        },
        {
          "degree": 1,
          "src": 144141576791342296
        },
        {
          "degree": 1,
          "src": 144145974422298647
        },
        {
          "degree": 1,
          "src": 144145974449293887
        },
        {
          "degree": 1,
          "src": 144145974485759774
        },
        {
          "degree": 1,
          "src": 144145974509651021
        },
        {
          "degree": 1,
          "src": 144145974608369357
        },
        {
          "degree": 1,
          "src": 144145974641330394
        },
        {
          "degree": 1,
          "src": 144145974680070380
        },
        {
          "degree": 1,
          "src": 144145974703326532
        },
        {
          "degree": 1,
          "src": 144145974764497098
        },
        {
          "degree": 1,
          "src": 144150372459138559
        },
        {
          "degree": 1,
          "src": 144150372493156271
        },
        {
          "degree": 1,
          "src": 144150372532716956
        },
        {
          "degree": 1,
          "src": 144150372558096582
        },
        {
          "degree": 1,
          "src": 144150372629788937
        },
        {
          "degree": 1,
          "src": 144150372684927914
        },
        {
          "degree": 1,
          "src": 144150372727258821
        },
        {
          "degree": 1,
          "src": 144150372753565541
        },
        {
          "degree": 1,
          "src": 144150372799691550
        },
        {
          "degree": 1,
          "src": 144154770500376577
        },
        {
          "degree": 1,
          "src": 144154770566976265
        },
        {
          "degree": 1,
          "src": 144154770612161878
        },
        {
          "degree": 1,
          "src": 144154770714364689
        },
        {
          "degree": 1,
          "src": 144154770780661849
        },
        {
          "degree": 1,
          "src": 144154770841130995
        },
        {
          "degree": 1,
          "src": 144159168544983718
        },
        {
          "degree": 1,
          "src": 144159168562569488
        },
        {
          "degree": 1,
          "src": 144159168578807193
        },
        {
          "degree": 1,
          "src": 144159168591503480
        },
        {
          "degree": 1,
          "src": 144159168617634046
        },
        {
          "degree": 1,
          "src": 144159168629628959
        },
        {
          "degree": 1,
          "src": 144159168640253477
        },
        {
          "degree": 1,
          "src": 144159168649596620
        },
        {
          "degree": 1,
          "src": 144159168658940568
        },
        {
          "degree": 1,
          "src": 144159168686093070
        },
        {
          "degree": 1,
          "src": 144159168697356137
        },
        {
          "degree": 1,
          "src": 144159168710887174
        },
        {
          "degree": 1,
          "src": 144159168746954574
        },
        {
          "degree": 1,
          "src": 144159168766592882
        },
        {
          "degree": 1,
          "src": 144159168783351223
        },
        {
          "degree": 1,
          "src": 144159168811479541
        },
        {
          "degree": 1,
          "src": 144159168823899330
        },
        {
          "degree": 1,
          "src": 144159168835927615
        },
        {
          "degree": 1,
          "src": 144159168847502571
        },
        {
          "degree": 1,
          "src": 144159168856368627
        },
        {
          "degree": 1,
          "src": 144159168880173964
        },
        {
          "degree": 1,
          "src": 144159168890223548
        },
        {
          "degree": 1,
          "src": 144159168899940658
        },
        {
          "degree": 1,
          "src": 144159168909940207
        },
        {
          "degree": 1,
          "src": 144159168979488242
        },
        {
          "degree": 1,
          "src": 144163566609371785
        },
        {
          "degree": 1,
          "src": 144163566655235346
        },
        {
          "degree": 1,
          "src": 144163566681322386
        },
        {
          "degree": 1,
          "src": 144163566702053003
        },
        {
          "degree": 1,
          "src": 144163566736719772
        },
        {
          "degree": 1,
          "src": 144163566758460226
        },
        {
          "degree": 1,
          "src": 144163566815092525
        },
        {
          "degree": 1,
          "src": 144163566861913326
        },
        {
          "degree": 1,
          "src": 144163566890248824
        },
        {
          "degree": 1,
          "src": 144163566924609547
        },
        {
          "degree": 1,
          "src": 144163566943667543
        },
        {
          "degree": 1,
          "src": 144163566965025457
        },
        {
          "degree": 1,
          "src": 144167964647867793
        },
        {
          "degree": 1,
          "src": 144167964683573231
        },
        {
          "degree": 1,
          "src": 144167964726818729
        },
        {
          "degree": 1,
          "src": 144167964749050784
        },
        {
          "degree": 1,
          "src": 144167964782630453
        },
        {
          "degree": 1,
          "src": 144167964801817463
        },
        {
          "degree": 1,
          "src": 144167964854149525
        },
        {
          "degree": 1,
          "src": 144167964905226682
        },
        {
          "degree": 1,
          "src": 144167964935187137
        },
        {
          "degree": 1,
          "src": 144167964971285113
        },
        {
          "degree": 1,
          "src": 144167964990156956
        },
        {
          "degree": 1,
          "src": 144167965011242322
        },
        {
          "degree": 1,
          "src": 144172362686034830
        },
        {
          "degree": 1,
          "src": 144172362719304599
        },
        {
          "degree": 1,
          "src": 144172362759527536
        },
        {
          "degree": 1,
          "src": 144172362783509180
        },
        {
          "degree": 1,
          "src": 144172362799310936
        },
        {
          "degree": 1,
          "src": 144172362828718904
        },
        {
          "degree": 1,
          "src": 144172362843486014
        },
        {
          "degree": 1,
          "src": 144172362862084454
        },
        {
          "degree": 1,
          "src": 144172362909726104
        },
        {
          "degree": 1,
          "src": 144172362953380914
        },
        {
          "degree": 1,
          "src": 144172362978183506
        },
        {
          "degree": 1,
          "src": 144172362998779303
        },
        {
          "degree": 1,
          "src": 144172363028612829
        },
        {
          "degree": 1,
          "src": 144172363044089607
        },
        {
          "degree": 1,
          "src": 144172363060417389
        },
        {
          "degree": 1,
          "src": 144172363123263689
        },
        {
          "degree": 1,
          "src": 144176760755330582
        },
        {
          "degree": 1,
          "src": 144176760797690744
        },
        {
          "degree": 1,
          "src": 144176760821463617
        },
        {
          "degree": 1,
          "src": 144176760840811067
        },
        {
          "degree": 1,
          "src": 144176760868659098
        },
        {
          "degree": 1,
          "src": 144176760882044465
        },
        {
          "degree": 1,
          "src": 144176760895218335
        },
        {
          "degree": 1,
          "src": 144176760929816679
        },
        {
          "degree": 1,
          "src": 144176760959136548
        },
        {
          "degree": 1,
          "src": 144176761001231850
        },
        {
          "degree": 1,
          "src": 144176761025594421
        },
        {
          "degree": 1,
          "src": 144176761045990903
        },
        {
          "degree": 1,
          "src": 144176761075473902
        },
        {
          "degree": 1,
          "src": 144176761089852543
        },
        {
          "degree": 1,
          "src": 144176761104833332
        },
        {
          "degree": 1,
          "src": 144176761145502165
        },
        {
          "degree": 1,
          "src": 144181158788189313
        },
        {
          "degree": 1,
          "src": 144181158841681011
        },
        {
          "degree": 1,
          "src": 144181158874383714
        },
        {
          "degree": 1,
          "src": 144181158910876606
        },
        {
          "degree": 1,
          "src": 144181158929173356
        },
        {
          "degree": 1,
          "src": 144181158947076082
        },
        {
          "degree": 1,
          "src": 144181158989724824
        },
        {
          "degree": 1,
          "src": 144181159026052223
        },
        {
          "degree": 1,
          "src": 144181159074712052
        },
        {
          "degree": 1,
          "src": 144181159114172668
        },
        {
          "degree": 1,
          "src": 144181159134988855
        },
        {
          "degree": 1,
          "src": 144181159153649641
        },
        {
          "degree": 1,
          "src": 144181159205699222
        },
        {
          "degree": 1,
          "src": 144185557136954221
        },
        {
          "degree": 1,
          "src": 216181578207607581
        },
        {
          "degree": 1,
          "src": 216185976254780413
        },
        {
          "degree": 1,
          "src": 216185976499803301
        },
        {
          "degree": 1,
          "src": 216190374438181190
        },
        {
          "degree": 1,
          "src": 216190374745620491
        },
        {
          "degree": 1,
          "src": 216194772557069183
        },
        {
          "degree": 1,
          "src": 216199170404106823
        },
        {
          "degree": 1,
          "src": 216199170595848465
        },
        {
          "degree": 1,
          "src": 216199170752625759
        },
        {
          "degree": 1,
          "src": 216203568532924451
        },
        {
          "degree": 1,
          "src": 216203568724729832
        },
        {
          "degree": 1,
          "src": 216207966528768596
        },
        {
          "degree": 1,
          "src": 216207966701727981
        },
        {
          "degree": 1,
          "src": 216207966838356769
        },
        {
          "degree": 1,
          "src": 216212364633243325
        },
        {
          "degree": 1,
          "src": 216212364819001841
        },
        {
          "degree": 1,
          "src": 216216762601074989
        },
        {
          "degree": 1,
          "src": 216216762682200378
        },
        {
          "degree": 1,
          "src": 216216762783375527
        },
        {
          "degree": 1,
          "src": 216216762875961570
        },
        {
          "degree": 1,
          "src": 216216762945961268
        },
        {
          "degree": 1,
          "src": 216221160711090398
        },
        {
          "degree": 1,
          "src": 216221160807460180
        },
        {
          "degree": 1,
          "src": 216221160940442436
        },
        {
          "degree": 1,
          "src": 216225558690866509
        },
        {
          "degree": 1,
          "src": 216225558808527768
        },
        {
          "degree": 1,
          "src": 216225558917022369
        },
        {
          "degree": 1,
          "src": 216225559027344538
        },
        {
          "degree": 1,
          "src": 216229956765142161
        },
        {
          "degree": 1,
          "src": 216229956864798791
        },
        {
          "degree": 1,
          "src": 216229956960500346
        },
        {
          "degree": 1,
          "src": 216229957066417577
        },
        {
          "degree": 1,
          "src": 216234354779157367
        },
        {
          "degree": 1,
          "src": 216234354882335191
        },
        {
          "degree": 1,
          "src": 216234354969179456
        },
        {
          "degree": 1,
          "src": 216234355078629493
        },
        {
          "degree": 1,
          "src": 216234355150835433
        },
        {
          "degree": 1,
          "src": 216238752900848656
        },
        {
          "degree": 1,
          "src": 216238752977079495
        },
        {
          "degree": 1,
          "src": 216238753095112225
        },
        {
          "degree": 1,
          "src": 216238753181175945
        }
      ],
      "sampled_srcs": [
        144115188075860068,
        144119586124714074,
        144119586336936110,
        144123984174891303,
        144123984199064902,
        144123984371080961,
        144123984395609144,
        144123984551383674,
        144128382224695565,
        144128382244883786,
        144128382388234486,
        144128382428702587,
        144128382451205678,
        144128382515306558,
        144132780264119335,
        144132780284337513,
        144132780305693877,
        144132780360586839,
        144132780469622431,
        144132780493506710,
        144132780514898562,
        144132780560879767,
        144132780715478061,
        144137178335423089,
        144137178376605124,
        144137178408194792,
        144137178525035717,
        144137178553207952,
        144137178593528187,
        144137178692116633,
        144141576369264373,
        144141576393599804,
        144141576427655462,
        144141576447729127,
        144141576537071430,
        144141576580078695,
        144141576603235550,
        144141576637383732,
        144141576657030452,
        144141576791342296,
        144145974422298647,
        144145974449293887,
        144145974485759774,
        144145974509651021,
        144145974608369357,
        144145974641330394,
        144145974680070380,
        144145974703326532,
        144145974764497098,
        144150372459138559,
        144150372493156271,
        144150372532716956,
        144150372558096582,
        144150372629788937,
        144150372684927914,
        144150372727258821,
        144150372753565541,
        144150372799691550,
        144154770500376577,
        144154770566976265,
        144154770612161878,
        144154770714364689,
        144154770780661849,
        144154770841130995,
        144159168544983718,
        144159168562569488,
        144159168578807193,
        144159168591503480,
        144159168617634046,
        144159168629628959,
        144159168640253477,
        144159168649596620,
        144159168658940568,
        144159168686093070,
        144159168697356137,
        144159168710887174,
        144159168746954574,
        144159168766592882,
        144159168783351223,
        144159168811479541,
        144159168823899330,
        144159168835927615,
        144159168847502571,
        144159168856368627,
        144159168880173964,
        144159168890223548,
        144159168899940658,
        144159168909940207,
        144159168979488242,
        144163566609371785,
        144163566655235346,
        144163566681322386,
        144163566702053003,
        144163566736719772,
        144163566758460226,
        144163566815092525,
        144163566861913326,
        144163566890248824,
        144163566924609547,
        144163566943667543,
        144163566965025457,
        144167964647867793,
        144167964683573231,
        144167964726818729,
        144167964749050784,
        144167964782630453,
        144167964801817463,
        144167964854149525,
        144167964905226682,
        144167964935187137,
        144167964971285113,
        144167964990156956,
        144167965011242322,
        144172362686034830,
        144172362719304599,
        144172362759527536,
        144172362783509180,
        144172362799310936,
        144172362828718904,
        144172362843486014,
        144172362862084454,
        144172362909726104,
        144172362953380914,
        144172362978183506,
        144172362998779303,
        144172363028612829,
        144172363044089607,
        144172363060417389,
        144172363123263689,
        144176760755330582,
        144176760797690744,
        144176760821463617,
        144176760840811067,
        144176760868659098,
        144176760882044465,
        144176760895218335,
        144176760929816679,
        144176760959136548,
        144176761001231850,
        144176761025594421,
        144176761045990903,
        144176761075473902,
        144176761089852543,
        144176761104833332,
        144176761145502165,
        144181158788189313,
        144181158841681011,
        144181158874383714,
        144181158910876606,
        144181158929173356,
        144181158947076082,
        144181158989724824,
        144181159026052223,
        144181159074712052,
        144181159114172668,
        144181159134988855,
        144181159153649641,
        144181159205699222,
        144185557136954221,
        216181578207607581,
        216185976254780413,
        216185976499803301,
        216190374438181190,
        216190374745620491,
        216194772557069183,
        216199170404106823,
        216199170595848465,
        216199170752625759,
        216203568532924451,
        216203568724729832,
        216207966528768596,
        216207966701727981,
        216207966838356769,
        216212364633243325,
        216212364819001841,
        216216762601074989,
        216216762682200378,
        216216762783375527,
        216216762875961570,
        216216762945961268,
        216221160711090398,
        216221160807460180,
        216221160940442436,
        216225558690866509,
        216225558808527768,
        216225558917022369,
        216225559027344538,
        216229956765142161,
        216229956864798791,
        216229956960500346,
        216229957066417577,
        216234354779157367,
        216234354882335191,
        216234354969179456,
        216234355078629493,
        216234355150835433,
        216238752900848656,
        216238752977079495,
        216238753095112225,
        216238753181175945
      ],
      "sampled_vertices": 200,
      "semantic_degree_hint": true
    },
    {
      "auto_compaction": null,
      "candidate_edges_for_sampling": 383613704,
      "candidate_sources_for_sampling": 99540442,
      "edge_type": 3,
      "get_neighbors_elapsed_ms": 0,
      "levels_after_run": [
        3444,
        0,
        0,
        0,
        0
      ],
      "neighbor_edges": 0,
      "neighbor_metrics": {
        "csr": {
          "bloom_false_positive_probes": 0,
          "bloom_filtered_segments": 0,
          "body_bytes": 0,
          "body_reads": 0,
          "candidate_l0_segments": 0,
          "filter_passed_segments": 0,
          "full_scan_reads": 0,
          "get_neighbors_latency": {
            "avg_us": 0,
            "buckets": [
              {
                "count": 0,
                "upper_bound_us": 100
              },
              {
                "count": 0,
                "upper_bound_us": 250
              },
              {
                "count": 0,
                "upper_bound_us": 500
              },
              {
                "count": 0,
                "upper_bound_us": 1000
              },
              {
                "count": 0,
                "upper_bound_us": 2000
              },
              {
                "count": 0,
                "upper_bound_us": 5000
              },
              {
                "count": 0,
                "upper_bound_us": 10000
              },
              {
                "count": 0,
                "upper_bound_us": 20000
              },
              {
                "count": 0,
                "upper_bound_us": 50000
              },
              {
                "count": 0,
                "upper_bound_us": 100000
              },
              {
                "count": 0,
                "upper_bound_us": 250000
              },
              {
                "count": 0,
                "upper_bound_us": 500000
              },
              {
                "count": 0,
                "upper_bound_us": 1000000
              },
              {
                "count": 0,
                "upper_bound_us": 5000000
              },
              {
                "count": 0,
                "upper_bound_us": 30000000
              },
              {
                "count": 0,
                "upper_bound_us": 18446744073709551615
              }
            ],
            "count": 0,
            "max_us": 0,
            "min_us": 0,
            "p50_us": 0,
            "p90_us": 0,
            "p99_us": 0,
            "sum_us": 0
          },
          "header_bytes": 0,
          "header_reads": 0,
          "l0_partitions": [],
          "matched_l0_segments": 0,
          "offset_bytes": 0,
          "offset_cache_hits": 0,
          "offset_cache_misses": 0,
          "offset_reads": 0,
          "range_filtered_segments": 0,
          "read_all_edges_latency": {
            "avg_us": 0,
            "buckets": [
              {
                "count": 0,
                "upper_bound_us": 100
              },
              {
                "count": 0,
                "upper_bound_us": 250
              },
              {
                "count": 0,
                "upper_bound_us": 500
              },
              {
                "count": 0,
                "upper_bound_us": 1000
              },
              {
                "count": 0,
                "upper_bound_us": 2000
              },
              {
                "count": 0,
                "upper_bound_us": 5000
              },
              {
                "count": 0,
                "upper_bound_us": 10000
              },
              {
                "count": 0,
                "upper_bound_us": 20000
              },
              {
                "count": 0,
                "upper_bound_us": 50000
              },
              {
                "count": 0,
                "upper_bound_us": 100000
              },
              {
                "count": 0,
                "upper_bound_us": 250000
              },
              {
                "count": 0,
                "upper_bound_us": 500000
              },
              {
                "count": 0,
                "upper_bound_us": 1000000
              },
              {
                "count": 0,
                "upper_bound_us": 5000000
              },
              {
                "count": 0,
                "upper_bound_us": 30000000
              },
              {
                "count": 0,
                "upper_bound_us": 18446744073709551615
              }
            ],
            "count": 0,
            "max_us": 0,
            "min_us": 0,
            "p50_us": 0,
            "p90_us": 0,
            "p99_us": 0,
            "sum_us": 0
          },
          "read_offsets_latency": {
            "avg_us": 0,
            "buckets": [
              {
                "count": 0,
                "upper_bound_us": 100
              },
              {
                "count": 0,
                "upper_bound_us": 250
              },
              {
                "count": 0,
                "upper_bound_us": 500
              },
              {
                "count": 0,
                "upper_bound_us": 1000
              },
              {
                "count": 0,
                "upper_bound_us": 2000
              },
              {
                "count": 0,
                "upper_bound_us": 5000
              },
              {
                "count": 0,
                "upper_bound_us": 10000
              },
              {
                "count": 0,
                "upper_bound_us": 20000
              },
              {
                "count": 0,
                "upper_bound_us": 50000
              },
              {
                "count": 0,
                "upper_bound_us": 100000
              },
              {
                "count": 0,
                "upper_bound_us": 250000
              },
              {
                "count": 0,
                "upper_bound_us": 500000
              },
              {
                "count": 0,
                "upper_bound_us": 1000000
              },
              {
                "count": 0,
                "upper_bound_us": 5000000
              },
              {
                "count": 0,
                "upper_bound_us": 30000000
              },
              {
                "count": 0,
                "upper_bound_us": 18446744073709551615
              }
            ],
            "count": 0,
            "max_us": 0,
            "min_us": 0,
            "p50_us": 0,
            "p90_us": 0,
            "p99_us": 0,
            "sum_us": 0
          }
        },
        "http": {
          "endpoints": {},
          "handler_latency": {
            "avg_us": 0,
            "buckets": [
              {
                "count": 0,
                "upper_bound_us": 100
              },
              {
                "count": 0,
                "upper_bound_us": 250
              },
              {
                "count": 0,
                "upper_bound_us": 500
              },
              {
                "count": 0,
                "upper_bound_us": 1000
              },
              {
                "count": 0,
                "upper_bound_us": 2000
              },
              {
                "count": 0,
                "upper_bound_us": 5000
              },
              {
                "count": 0,
                "upper_bound_us": 10000
              },
              {
                "count": 0,
                "upper_bound_us": 20000
              },
              {
                "count": 0,
                "upper_bound_us": 50000
              },
              {
                "count": 0,
                "upper_bound_us": 100000
              },
              {
                "count": 0,
                "upper_bound_us": 250000
              },
              {
                "count": 0,
                "upper_bound_us": 500000
              },
              {
                "count": 0,
                "upper_bound_us": 1000000
              },
              {
                "count": 0,
                "upper_bound_us": 5000000
              },
              {
                "count": 0,
                "upper_bound_us": 30000000
              },
              {
                "count": 0,
                "upper_bound_us": 18446744073709551615
              }
            ],
            "count": 0,
            "max_us": 0,
            "min_us": 0,
            "p50_us": 0,
            "p90_us": 0,
            "p99_us": 0,
            "sum_us": 0
          },
          "json_parse_latency": {
            "avg_us": 0,
            "buckets": [
              {
                "count": 0,
                "upper_bound_us": 100
              },
              {
                "count": 0,
                "upper_bound_us": 250
              },
              {
                "count": 0,
                "upper_bound_us": 500
              },
              {
                "count": 0,
                "upper_bound_us": 1000
              },
              {
                "count": 0,
                "upper_bound_us": 2000
              },
              {
                "count": 0,
                "upper_bound_us": 5000
              },
              {
                "count": 0,
                "upper_bound_us": 10000
              },
              {
                "count": 0,
                "upper_bound_us": 20000
              },
              {
                "count": 0,
                "upper_bound_us": 50000
              },
              {
                "count": 0,
                "upper_bound_us": 100000
              },
              {
                "count": 0,
                "upper_bound_us": 250000
              },
              {
                "count": 0,
                "upper_bound_us": 500000
              },
              {
                "count": 0,
                "upper_bound_us": 1000000
              },
              {
                "count": 0,
                "upper_bound_us": 5000000
              },
              {
                "count": 0,
                "upper_bound_us": 30000000
              },
              {
                "count": 0,
                "upper_bound_us": 18446744073709551615
              }
            ],
            "count": 0,
            "max_us": 0,
            "min_us": 0,
            "p50_us": 0,
            "p90_us": 0,
            "p99_us": 0,
            "sum_us": 0
          },
          "request_read_latency": {
            "avg_us": 0,
            "buckets": [
              {
                "count": 0,
                "upper_bound_us": 100
              },
              {
                "count": 0,
                "upper_bound_us": 250
              },
              {
                "count": 0,
                "upper_bound_us": 500
              },
              {
                "count": 0,
                "upper_bound_us": 1000
              },
              {
                "count": 0,
                "upper_bound_us": 2000
              },
              {
                "count": 0,
                "upper_bound_us": 5000
              },
              {
                "count": 0,
                "upper_bound_us": 10000
              },
              {
                "count": 0,
                "upper_bound_us": 20000
              },
              {
                "count": 0,
                "upper_bound_us": 50000
              },
              {
                "count": 0,
                "upper_bound_us": 100000
              },
              {
                "count": 0,
                "upper_bound_us": 250000
              },
              {
                "count": 0,
                "upper_bound_us": 500000
              },
              {
                "count": 0,
                "upper_bound_us": 1000000
              },
              {
                "count": 0,
                "upper_bound_us": 5000000
              },
              {
                "count": 0,
                "upper_bound_us": 30000000
              },
              {
                "count": 0,
                "upper_bound_us": 18446744073709551615
              }
            ],
            "count": 0,
            "max_us": 0,
            "min_us": 0,
            "p50_us": 0,
            "p90_us": 0,
            "p99_us": 0,
            "sum_us": 0
          },
          "requests": 0,
          "response_write_latency": {
            "avg_us": 0,
            "buckets": [
              {
                "count": 0,
                "upper_bound_us": 100
              },
              {
                "count": 0,
                "upper_bound_us": 250
              },
              {
                "count": 0,
                "upper_bound_us": 500
              },
              {
                "count": 0,
                "upper_bound_us": 1000
              },
              {
                "count": 0,
                "upper_bound_us": 2000
              },
              {
                "count": 0,
                "upper_bound_us": 5000
              },
              {
                "count": 0,
                "upper_bound_us": 10000
              },
              {
                "count": 0,
                "upper_bound_us": 20000
              },
              {
                "count": 0,
                "upper_bound_us": 50000
              },
              {
                "count": 0,
                "upper_bound_us": 100000
              },
              {
                "count": 0,
                "upper_bound_us": 250000
              },
              {
                "count": 0,
                "upper_bound_us": 500000
              },
              {
                "count": 0,
                "upper_bound_us": 1000000
              },
              {
                "count": 0,
                "upper_bound_us": 5000000
              },
              {
                "count": 0,
                "upper_bound_us": 30000000
              },
              {
                "count": 0,
                "upper_bound_us": 18446744073709551615
              }
            ],
            "count": 0,
            "max_us": 0,
            "min_us": 0,
            "p50_us": 0,
            "p90_us": 0,
            "p99_us": 0,
            "sum_us": 0
          },
          "serialize_latency": {
            "avg_us": 0,
            "buckets": [
              {
                "count": 0,
                "upper_bound_us": 100
              },
              {
                "count": 0,
                "upper_bound_us": 250
              },
              {
                "count": 0,
                "upper_bound_us": 500
              },
              {
                "count": 0,
                "upper_bound_us": 1000
              },
              {
                "count": 0,
                "upper_bound_us": 2000
              },
              {
                "count": 0,
                "upper_bound_us": 5000
              },
              {
                "count": 0,
                "upper_bound_us": 10000
              },
              {
                "count": 0,
                "upper_bound_us": 20000
              },
              {
                "count": 0,
                "upper_bound_us": 50000
              },
              {
                "count": 0,
                "upper_bound_us": 100000
              },
              {
                "count": 0,
                "upper_bound_us": 250000
              },
              {
                "count": 0,
                "upper_bound_us": 500000
              },
              {
                "count": 0,
                "upper_bound_us": 1000000
              },
              {
                "count": 0,
                "upper_bound_us": 5000000
              },
              {
                "count": 0,
                "upper_bound_us": 30000000
              },
              {
                "count": 0,
                "upper_bound_us": 18446744073709551615
              }
            ],
            "count": 0,
            "max_us": 0,
            "min_us": 0,
            "p50_us": 0,
            "p90_us": 0,
            "p99_us": 0,
            "sum_us": 0
          },
          "status_2xx": 0,
          "status_4xx": 0,
          "status_5xx": 0
        },
        "io": {
          "create_blocking_latency": {
            "avg_us": 0,
            "buckets": [
              {
                "count": 0,
                "upper_bound_us": 100
              },
              {
                "count": 0,
                "upper_bound_us": 250
              },
              {
                "count": 0,
                "upper_bound_us": 500
              },
              {
                "count": 0,
                "upper_bound_us": 1000
              },
              {
                "count": 0,
                "upper_bound_us": 2000
              },
              {
                "count": 0,
                "upper_bound_us": 5000
              },
              {
                "count": 0,
                "upper_bound_us": 10000
              },
              {
                "count": 0,
                "upper_bound_us": 20000
              },
              {
                "count": 0,
                "upper_bound_us": 50000
              },
              {
                "count": 0,
                "upper_bound_us": 100000
              },
              {
                "count": 0,
                "upper_bound_us": 250000
              },
              {
                "count": 0,
                "upper_bound_us": 500000
              },
              {
                "count": 0,
                "upper_bound_us": 1000000
              },
              {
                "count": 0,
                "upper_bound_us": 5000000
              },
              {
                "count": 0,
                "upper_bound_us": 30000000
              },
              {
                "count": 0,
                "upper_bound_us": 18446744073709551615
              }
            ],
            "count": 0,
            "max_us": 0,
            "min_us": 0,
            "p50_us": 0,
            "p90_us": 0,
            "p99_us": 0,
            "sum_us": 0
          },
          "read_blocking_latency": {
            "avg_us": 0,
            "buckets": [
              {
                "count": 0,
                "upper_bound_us": 100
              },
              {
                "count": 0,
                "upper_bound_us": 250
              },
              {
                "count": 0,
                "upper_bound_us": 500
              },
              {
                "count": 0,
                "upper_bound_us": 1000
              },
              {
                "count": 0,
                "upper_bound_us": 2000
              },
              {
                "count": 0,
                "upper_bound_us": 5000
              },
              {
                "count": 0,
                "upper_bound_us": 10000
              },
              {
                "count": 0,
                "upper_bound_us": 20000
              },
              {
                "count": 0,
                "upper_bound_us": 50000
              },
              {
                "count": 0,
                "upper_bound_us": 100000
              },
              {
                "count": 0,
                "upper_bound_us": 250000
              },
              {
                "count": 0,
                "upper_bound_us": 500000
              },
              {
                "count": 0,
                "upper_bound_us": 1000000
              },
              {
                "count": 0,
                "upper_bound_us": 5000000
              },
              {
                "count": 0,
                "upper_bound_us": 30000000
              },
              {
                "count": 0,
                "upper_bound_us": 18446744073709551615
              }
            ],
            "count": 0,
            "max_us": 0,
            "min_us": 0,
            "p50_us": 0,
            "p90_us": 0,
            "p99_us": 0,
            "sum_us": 0
          },
          "read_bytes": 0,
          "read_syscalls": 0,
          "remove_blocking_latency": {
            "avg_us": 0,
            "buckets": [
              {
                "count": 0,
                "upper_bound_us": 100
              },
              {
                "count": 0,
                "upper_bound_us": 250
              },
              {
                "count": 0,
                "upper_bound_us": 500
              },
              {
                "count": 0,
                "upper_bound_us": 1000
              },
              {
                "count": 0,
                "upper_bound_us": 2000
              },
              {
                "count": 0,
                "upper_bound_us": 5000
              },
              {
                "count": 0,
                "upper_bound_us": 10000
              },
              {
                "count": 0,
                "upper_bound_us": 20000
              },
              {
                "count": 0,
                "upper_bound_us": 50000
              },
              {
                "count": 0,
                "upper_bound_us": 100000
              },
              {
                "count": 0,
                "upper_bound_us": 250000
              },
              {
                "count": 0,
                "upper_bound_us": 500000
              },
              {
                "count": 0,
                "upper_bound_us": 1000000
              },
              {
                "count": 0,
                "upper_bound_us": 5000000
              },
              {
                "count": 0,
                "upper_bound_us": 30000000
              },
              {
                "count": 0,
                "upper_bound_us": 18446744073709551615
              }
            ],
            "count": 0,
            "max_us": 0,
            "min_us": 0,
            "p50_us": 0,
            "p90_us": 0,
            "p99_us": 0,
            "sum_us": 0
          },
          "semaphore_wait_latency": {
            "avg_us": 0,
            "buckets": [
              {
                "count": 0,
                "upper_bound_us": 100
              },
              {
                "count": 0,
                "upper_bound_us": 250
              },
              {
                "count": 0,
                "upper_bound_us": 500
              },
              {
                "count": 0,
                "upper_bound_us": 1000
              },
              {
                "count": 0,
                "upper_bound_us": 2000
              },
              {
                "count": 0,
                "upper_bound_us": 5000
              },
              {
                "count": 0,
                "upper_bound_us": 10000
              },
              {
                "count": 0,
                "upper_bound_us": 20000
              },
              {
                "count": 0,
                "upper_bound_us": 50000
              },
              {
                "count": 0,
                "upper_bound_us": 100000
              },
              {
                "count": 0,
                "upper_bound_us": 250000
              },
              {
                "count": 0,
                "upper_bound_us": 500000
              },
              {
                "count": 0,
                "upper_bound_us": 1000000
              },
              {
                "count": 0,
                "upper_bound_us": 5000000
              },
              {
                "count": 0,
                "upper_bound_us": 30000000
              },
              {
                "count": 0,
                "upper_bound_us": 18446744073709551615
              }
            ],
            "count": 0,
            "max_us": 0,
            "min_us": 0,
            "p50_us": 0,
            "p90_us": 0,
            "p99_us": 0,
            "sum_us": 0
          },
          "sync_blocking_latency": {
            "avg_us": 0,
            "buckets": [
              {
                "count": 0,
                "upper_bound_us": 100
              },
              {
                "count": 0,
                "upper_bound_us": 250
              },
              {
                "count": 0,
                "upper_bound_us": 500
              },
              {
                "count": 0,
                "upper_bound_us": 1000
              },
              {
                "count": 0,
                "upper_bound_us": 2000
              },
              {
                "count": 0,
                "upper_bound_us": 5000
              },
              {
                "count": 0,
                "upper_bound_us": 10000
              },
              {
                "count": 0,
                "upper_bound_us": 20000
              },
              {
                "count": 0,
                "upper_bound_us": 50000
              },
              {
                "count": 0,
                "upper_bound_us": 100000
              },
              {
                "count": 0,
                "upper_bound_us": 250000
              },
              {
                "count": 0,
                "upper_bound_us": 500000
              },
              {
                "count": 0,
                "upper_bound_us": 1000000
              },
              {
                "count": 0,
                "upper_bound_us": 5000000
              },
              {
                "count": 0,
                "upper_bound_us": 30000000
              },
              {
                "count": 0,
                "upper_bound_us": 18446744073709551615
              }
            ],
            "count": 0,
            "max_us": 0,
            "min_us": 0,
            "p50_us": 0,
            "p90_us": 0,
            "p99_us": 0,
            "sum_us": 0
          },
          "write_blocking_latency": {
            "avg_us": 0,
            "buckets": [
              {
                "count": 0,
                "upper_bound_us": 100
              },
              {
                "count": 0,
                "upper_bound_us": 250
              },
              {
                "count": 0,
                "upper_bound_us": 500
              },
              {
                "count": 0,
                "upper_bound_us": 1000
              },
              {
                "count": 0,
                "upper_bound_us": 2000
              },
              {
                "count": 0,
                "upper_bound_us": 5000
              },
              {
                "count": 0,
                "upper_bound_us": 10000
              },
              {
                "count": 0,
                "upper_bound_us": 20000
              },
              {
                "count": 0,
                "upper_bound_us": 50000
              },
              {
                "count": 0,
                "upper_bound_us": 100000
              },
              {
                "count": 0,
                "upper_bound_us": 250000
              },
              {
                "count": 0,
                "upper_bound_us": 500000
              },
              {
                "count": 0,
                "upper_bound_us": 1000000
              },
              {
                "count": 0,
                "upper_bound_us": 5000000
              },
              {
                "count": 0,
                "upper_bound_us": 30000000
              },
              {
                "count": 0,
                "upper_bound_us": 18446744073709551615
              }
            ],
            "count": 0,
            "max_us": 0,
            "min_us": 0,
            "p50_us": 0,
            "p90_us": 0,
            "p99_us": 0,
            "sum_us": 0
          },
          "write_bytes": 0,
          "write_syscalls": 0
        },
        "snb": {
          "cache": {
            "adjacency_bytes": 0,
            "adjacency_cache_hits": 0,
            "adjacency_cache_misses": 0,
            "adjacency_cache_write_bytes": 0,
            "adjacency_cache_write_syscalls": 0,
            "adjacency_edges": 0,
            "adjacency_group_latency": {
              "avg_us": 0,
              "buckets": [
                {
                  "count": 0,
                  "upper_bound_us": 100
                },
                {
                  "count": 0,
                  "upper_bound_us": 250
                },
                {
                  "count": 0,
                  "upper_bound_us": 500
                },
                {
                  "count": 0,
                  "upper_bound_us": 1000
                },
                {
                  "count": 0,
                  "upper_bound_us": 2000
                },
                {
                  "count": 0,
                  "upper_bound_us": 5000
                },
                {
                  "count": 0,
                  "upper_bound_us": 10000
                },
                {
                  "count": 0,
                  "upper_bound_us": 20000
                },
                {
                  "count": 0,
                  "upper_bound_us": 50000
                },
                {
                  "count": 0,
                  "upper_bound_us": 100000
                },
                {
                  "count": 0,
                  "upper_bound_us": 250000
                },
                {
                  "count": 0,
                  "upper_bound_us": 500000
                },
                {
                  "count": 0,
                  "upper_bound_us": 1000000
                },
                {
                  "count": 0,
                  "upper_bound_us": 5000000
                },
                {
                  "count": 0,
                  "upper_bound_us": 30000000
                },
                {
                  "count": 0,
                  "upper_bound_us": 18446744073709551615
                }
              ],
              "count": 0,
              "max_us": 0,
              "min_us": 0,
              "p50_us": 0,
              "p90_us": 0,
              "p99_us": 0,
              "sum_us": 0
            },
            "adjacency_groups": 0,
            "adjacency_load_latency": {
              "avg_us": 0,
              "buckets": [
                {
                  "count": 0,
                  "upper_bound_us": 100
                },
                {
                  "count": 0,
                  "upper_bound_us": 250
                },
                {
                  "count": 0,
                  "upper_bound_us": 500
                },
                {
                  "count": 0,
                  "upper_bound_us": 1000
                },
                {
                  "count": 0,
                  "upper_bound_us": 2000
                },
                {
                  "count": 0,
                  "upper_bound_us": 5000
                },
                {
                  "count": 0,
                  "upper_bound_us": 10000
                },
                {
                  "count": 0,
                  "upper_bound_us": 20000
                },
                {
                  "count": 0,
                  "upper_bound_us": 50000
                },
                {
                  "count": 0,
                  "upper_bound_us": 100000
                },
                {
                  "count": 0,
                  "upper_bound_us": 250000
                },
                {
                  "count": 0,
                  "upper_bound_us": 500000
                },
                {
                  "count": 0,
                  "upper_bound_us": 1000000
                },
                {
                  "count": 0,
                  "upper_bound_us": 5000000
                },
                {
                  "count": 0,
                  "upper_bound_us": 30000000
                },
                {
                  "count": 0,
                  "upper_bound_us": 18446744073709551615
                }
              ],
              "count": 0,
              "max_us": 0,
              "min_us": 0,
              "p50_us": 0,
              "p90_us": 0,
              "p99_us": 0,
              "sum_us": 0
            },
            "adjacency_scan_latency": {
              "avg_us": 0,
              "buckets": [
                {
                  "count": 0,
                  "upper_bound_us": 100
                },
                {
                  "count": 0,
                  "upper_bound_us": 250
                },
                {
                  "count": 0,
                  "upper_bound_us": 500
                },
                {
                  "count": 0,
                  "upper_bound_us": 1000
                },
                {
                  "count": 0,
                  "upper_bound_us": 2000
                },
                {
                  "count": 0,
                  "upper_bound_us": 5000
                },
                {
                  "count": 0,
                  "upper_bound_us": 10000
                },
                {
                  "count": 0,
                  "upper_bound_us": 20000
                },
                {
                  "count": 0,
                  "upper_bound_us": 50000
                },
                {
                  "count": 0,
                  "upper_bound_us": 100000
                },
                {
                  "count": 0,
                  "upper_bound_us": 250000
                },
                {
                  "count": 0,
                  "upper_bound_us": 500000
                },
                {
                  "count": 0,
                  "upper_bound_us": 1000000
                },
                {
                  "count": 0,
                  "upper_bound_us": 5000000
                },
                {
                  "count": 0,
                  "upper_bound_us": 30000000
                },
                {
                  "count": 0,
                  "upper_bound_us": 18446744073709551615
                }
              ],
              "count": 0,
              "max_us": 0,
              "min_us": 0,
              "p50_us": 0,
              "p90_us": 0,
              "p99_us": 0,
              "sum_us": 0
            },
            "adjacency_write_latency": {
              "avg_us": 0,
              "buckets": [
                {
                  "count": 0,
                  "upper_bound_us": 100
                },
                {
                  "count": 0,
                  "upper_bound_us": 250
                },
                {
                  "count": 0,
                  "upper_bound_us": 500
                },
                {
                  "count": 0,
                  "upper_bound_us": 1000
                },
                {
                  "count": 0,
                  "upper_bound_us": 2000
                },
                {
                  "count": 0,
                  "upper_bound_us": 5000
                },
                {
                  "count": 0,
                  "upper_bound_us": 10000
                },
                {
                  "count": 0,
                  "upper_bound_us": 20000
                },
                {
                  "count": 0,
                  "upper_bound_us": 50000
                },
                {
                  "count": 0,
                  "upper_bound_us": 100000
                },
                {
                  "count": 0,
                  "upper_bound_us": 250000
                },
                {
                  "count": 0,
                  "upper_bound_us": 500000
                },
                {
                  "count": 0,
                  "upper_bound_us": 1000000
                },
                {
                  "count": 0,
                  "upper_bound_us": 5000000
                },
                {
                  "count": 0,
                  "upper_bound_us": 30000000
                },
                {
                  "count": 0,
                  "upper_bound_us": 18446744073709551615
                }
              ],
              "count": 0,
              "max_us": 0,
              "min_us": 0,
              "p50_us": 0,
              "p90_us": 0,
              "p99_us": 0,
              "sum_us": 0
            },
            "edge_props": 0,
            "edge_props_load_latency": {
              "avg_us": 0,
              "buckets": [
                {
                  "count": 0,
                  "upper_bound_us": 100
                },
                {
                  "count": 0,
                  "upper_bound_us": 250
                },
                {
                  "count": 0,
                  "upper_bound_us": 500
                },
                {
                  "count": 0,
                  "upper_bound_us": 1000
                },
                {
                  "count": 0,
                  "upper_bound_us": 2000
                },
                {
                  "count": 0,
                  "upper_bound_us": 5000
                },
                {
                  "count": 0,
                  "upper_bound_us": 10000
                },
                {
                  "count": 0,
                  "upper_bound_us": 20000
                },
                {
                  "count": 0,
                  "upper_bound_us": 50000
                },
                {
                  "count": 0,
                  "upper_bound_us": 100000
                },
                {
                  "count": 0,
                  "upper_bound_us": 250000
                },
                {
                  "count": 0,
                  "upper_bound_us": 500000
                },
                {
                  "count": 0,
                  "upper_bound_us": 1000000
                },
                {
                  "count": 0,
                  "upper_bound_us": 5000000
                },
                {
                  "count": 0,
                  "upper_bound_us": 30000000
                },
                {
                  "count": 0,
                  "upper_bound_us": 18446744073709551615
                }
              ],
              "count": 0,
              "max_us": 0,
              "min_us": 0,
              "p50_us": 0,
              "p90_us": 0,
              "p99_us": 0,
              "sum_us": 0
            },
            "vertices": 0,
            "vertices_load_latency": {
              "avg_us": 0,
              "buckets": [
                {
                  "count": 0,
                  "upper_bound_us": 100
                },
                {
                  "count": 0,
                  "upper_bound_us": 250
                },
                {
                  "count": 0,
                  "upper_bound_us": 500
                },
                {
                  "count": 0,
                  "upper_bound_us": 1000
                },
                {
                  "count": 0,
                  "upper_bound_us": 2000
                },
                {
                  "count": 0,
                  "upper_bound_us": 5000
                },
                {
                  "count": 0,
                  "upper_bound_us": 10000
                },
                {
                  "count": 0,
                  "upper_bound_us": 20000
                },
                {
                  "count": 0,
                  "upper_bound_us": 50000
                },
                {
                  "count": 0,
                  "upper_bound_us": 100000
                },
                {
                  "count": 0,
                  "upper_bound_us": 250000
                },
                {
                  "count": 0,
                  "upper_bound_us": 500000
                },
                {
                  "count": 0,
                  "upper_bound_us": 1000000
                },
                {
                  "count": 0,
                  "upper_bound_us": 5000000
                },
                {
                  "count": 0,
                  "upper_bound_us": 30000000
                },
                {
                  "count": 0,
                  "upper_bound_us": 18446744073709551615
                }
              ],
              "count": 0,
              "max_us": 0,
              "min_us": 0,
              "p50_us": 0,
              "p90_us": 0,
              "p99_us": 0,
              "sum_us": 0
            }
          },
          "helpers": {
            "adjacency_lookups": 0,
            "edge_prop_lookups": 0,
            "neighbor_clone_items": 0,
            "vertex_lookups": 0
          },
          "locks": {
            "read_hold_latency": {
              "avg_us": 0,
              "buckets": [
                {
                  "count": 0,
                  "upper_bound_us": 100
                },
                {
                  "count": 0,
                  "upper_bound_us": 250
                },
                {
                  "count": 0,
                  "upper_bound_us": 500
                },
                {
                  "count": 0,
                  "upper_bound_us": 1000
                },
                {
                  "count": 0,
                  "upper_bound_us": 2000
                },
                {
                  "count": 0,
                  "upper_bound_us": 5000
                },
                {
                  "count": 0,
                  "upper_bound_us": 10000
                },
                {
                  "count": 0,
                  "upper_bound_us": 20000
                },
                {
                  "count": 0,
                  "upper_bound_us": 50000
                },
                {
                  "count": 0,
                  "upper_bound_us": 100000
                },
                {
                  "count": 0,
                  "upper_bound_us": 250000
                },
                {
                  "count": 0,
                  "upper_bound_us": 500000
                },
                {
                  "count": 0,
                  "upper_bound_us": 1000000
                },
                {
                  "count": 0,
                  "upper_bound_us": 5000000
                },
                {
                  "count": 0,
                  "upper_bound_us": 30000000
                },
                {
                  "count": 0,
                  "upper_bound_us": 18446744073709551615
                }
              ],
              "count": 0,
              "max_us": 0,
              "min_us": 0,
              "p50_us": 0,
              "p90_us": 0,
              "p99_us": 0,
              "sum_us": 0
            },
            "read_wait_latency": {
              "avg_us": 0,
              "buckets": [
                {
                  "count": 0,
                  "upper_bound_us": 100
                },
                {
                  "count": 0,
                  "upper_bound_us": 250
                },
                {
                  "count": 0,
                  "upper_bound_us": 500
                },
                {
                  "count": 0,
                  "upper_bound_us": 1000
                },
                {
                  "count": 0,
                  "upper_bound_us": 2000
                },
                {
                  "count": 0,
                  "upper_bound_us": 5000
                },
                {
                  "count": 0,
                  "upper_bound_us": 10000
                },
                {
                  "count": 0,
                  "upper_bound_us": 20000
                },
                {
                  "count": 0,
                  "upper_bound_us": 50000
                },
                {
                  "count": 0,
                  "upper_bound_us": 100000
                },
                {
                  "count": 0,
                  "upper_bound_us": 250000
                },
                {
                  "count": 0,
                  "upper_bound_us": 500000
                },
                {
                  "count": 0,
                  "upper_bound_us": 1000000
                },
                {
                  "count": 0,
                  "upper_bound_us": 5000000
                },
                {
                  "count": 0,
                  "upper_bound_us": 30000000
                },
                {
                  "count": 0,
                  "upper_bound_us": 18446744073709551615
                }
              ],
              "count": 0,
              "max_us": 0,
              "min_us": 0,
              "p50_us": 0,
              "p90_us": 0,
              "p99_us": 0,
              "sum_us": 0
            },
            "write_hold_latency": {
              "avg_us": 0,
              "buckets": [
                {
                  "count": 0,
                  "upper_bound_us": 100
                },
                {
                  "count": 0,
                  "upper_bound_us": 250
                },
                {
                  "count": 0,
                  "upper_bound_us": 500
                },
                {
                  "count": 0,
                  "upper_bound_us": 1000
                },
                {
                  "count": 0,
                  "upper_bound_us": 2000
                },
                {
                  "count": 0,
                  "upper_bound_us": 5000
                },
                {
                  "count": 0,
                  "upper_bound_us": 10000
                },
                {
                  "count": 0,
                  "upper_bound_us": 20000
                },
                {
                  "count": 0,
                  "upper_bound_us": 50000
                },
                {
                  "count": 0,
                  "upper_bound_us": 100000
                },
                {
                  "count": 0,
                  "upper_bound_us": 250000
                },
                {
                  "count": 0,
                  "upper_bound_us": 500000
                },
                {
                  "count": 0,
                  "upper_bound_us": 1000000
                },
                {
                  "count": 0,
                  "upper_bound_us": 5000000
                },
                {
                  "count": 0,
                  "upper_bound_us": 30000000
                },
                {
                  "count": 0,
                  "upper_bound_us": 18446744073709551615
                }
              ],
              "count": 0,
              "max_us": 0,
              "min_us": 0,
              "p50_us": 0,
              "p90_us": 0,
              "p99_us": 0,
              "sum_us": 0
            },
            "write_wait_latency": {
              "avg_us": 0,
              "buckets": [
                {
                  "count": 0,
                  "upper_bound_us": 100
                },
                {
                  "count": 0,
                  "upper_bound_us": 250
                },
                {
                  "count": 0,
                  "upper_bound_us": 500
                },
                {
                  "count": 0,
                  "upper_bound_us": 1000
                },
                {
                  "count": 0,
                  "upper_bound_us": 2000
                },
                {
                  "count": 0,
                  "upper_bound_us": 5000
                },
                {
                  "count": 0,
                  "upper_bound_us": 10000
                },
                {
                  "count": 0,
                  "upper_bound_us": 20000
                },
                {
                  "count": 0,
                  "upper_bound_us": 50000
                },
                {
                  "count": 0,
                  "upper_bound_us": 100000
                },
                {
                  "count": 0,
                  "upper_bound_us": 250000
                },
                {
                  "count": 0,
                  "upper_bound_us": 500000
                },
                {
                  "count": 0,
                  "upper_bound_us": 1000000
                },
                {
                  "count": 0,
                  "upper_bound_us": 5000000
                },
                {
                  "count": 0,
                  "upper_bound_us": 30000000
                },
                {
                  "count": 0,
                  "upper_bound_us": 18446744073709551615
                }
              ],
              "count": 0,
              "max_us": 0,
              "min_us": 0,
              "p50_us": 0,
              "p90_us": 0,
              "p99_us": 0,
              "sum_us": 0
            }
          }
        },
        "storage": {
          "compaction_count": 0,
          "compaction_input_bytes": 0,
          "compaction_latency": {
            "avg_us": 0,
            "buckets": [
              {
                "count": 0,
                "upper_bound_us": 100
              },
              {
                "count": 0,
                "upper_bound_us": 250
              },
              {
                "count": 0,
                "upper_bound_us": 500
              },
              {
                "count": 0,
                "upper_bound_us": 1000
              },
              {
                "count": 0,
                "upper_bound_us": 2000
              },
              {
                "count": 0,
                "upper_bound_us": 5000
              },
              {
                "count": 0,
                "upper_bound_us": 10000
              },
              {
                "count": 0,
                "upper_bound_us": 20000
              },
              {
                "count": 0,
                "upper_bound_us": 50000
              },
              {
                "count": 0,
                "upper_bound_us": 100000
              },
              {
                "count": 0,
                "upper_bound_us": 250000
              },
              {
                "count": 0,
                "upper_bound_us": 500000
              },
              {
                "count": 0,
                "upper_bound_us": 1000000
              },
              {
                "count": 0,
                "upper_bound_us": 5000000
              },
              {
                "count": 0,
                "upper_bound_us": 30000000
              },
              {
                "count": 0,
                "upper_bound_us": 18446744073709551615
              }
            ],
            "count": 0,
            "max_us": 0,
            "min_us": 0,
            "p50_us": 0,
            "p90_us": 0,
            "p99_us": 0,
            "sum_us": 0
          },
          "compaction_output_bytes": 0,
          "delete_latency": {
            "avg_us": 0,
            "buckets": [
              {
                "count": 0,
                "upper_bound_us": 100
              },
              {
                "count": 0,
                "upper_bound_us": 250
              },
              {
                "count": 0,
                "upper_bound_us": 500
              },
              {
                "count": 0,
                "upper_bound_us": 1000
              },
              {
                "count": 0,
                "upper_bound_us": 2000
              },
              {
                "count": 0,
                "upper_bound_us": 5000
              },
              {
                "count": 0,
                "upper_bound_us": 10000
              },
              {
                "count": 0,
                "upper_bound_us": 20000
              },
              {
                "count": 0,
                "upper_bound_us": 50000
              },
              {
                "count": 0,
                "upper_bound_us": 100000
              },
              {
                "count": 0,
                "upper_bound_us": 250000
              },
              {
                "count": 0,
                "upper_bound_us": 500000
              },
              {
                "count": 0,
                "upper_bound_us": 1000000
              },
              {
                "count": 0,
                "upper_bound_us": 5000000
              },
              {
                "count": 0,
                "upper_bound_us": 30000000
              },
              {
                "count": 0,
                "upper_bound_us": 18446744073709551615
              }
            ],
            "count": 0,
            "max_us": 0,
            "min_us": 0,
            "p50_us": 0,
            "p90_us": 0,
            "p99_us": 0,
            "sum_us": 0
          },
          "delete_ops": 0,
          "flush_count": 0,
          "flush_latency": {
            "avg_us": 0,
            "buckets": [
              {
                "count": 0,
                "upper_bound_us": 100
              },
              {
                "count": 0,
                "upper_bound_us": 250
              },
              {
                "count": 0,
                "upper_bound_us": 500
              },
              {
                "count": 0,
                "upper_bound_us": 1000
              },
              {
                "count": 0,
                "upper_bound_us": 2000
              },
              {
                "count": 0,
                "upper_bound_us": 5000
              },
              {
                "count": 0,
                "upper_bound_us": 10000
              },
              {
                "count": 0,
                "upper_bound_us": 20000
              },
              {
                "count": 0,
                "upper_bound_us": 50000
              },
              {
                "count": 0,
                "upper_bound_us": 100000
              },
              {
                "count": 0,
                "upper_bound_us": 250000
              },
              {
                "count": 0,
                "upper_bound_us": 500000
              },
              {
                "count": 0,
                "upper_bound_us": 1000000
              },
              {
                "count": 0,
                "upper_bound_us": 5000000
              },
              {
                "count": 0,
                "upper_bound_us": 30000000
              },
              {
                "count": 0,
                "upper_bound_us": 18446744073709551615
              }
            ],
            "count": 0,
            "max_us": 0,
            "min_us": 0,
            "p50_us": 0,
            "p90_us": 0,
            "p99_us": 0,
            "sum_us": 0
          },
          "get_neighbors_latency": {
            "avg_us": 0,
            "buckets": [
              {
                "count": 200,
                "upper_bound_us": 100
              },
              {
                "count": 0,
                "upper_bound_us": 250
              },
              {
                "count": 0,
                "upper_bound_us": 500
              },
              {
                "count": 0,
                "upper_bound_us": 1000
              },
              {
                "count": 0,
                "upper_bound_us": 2000
              },
              {
                "count": 0,
                "upper_bound_us": 5000
              },
              {
                "count": 0,
                "upper_bound_us": 10000
              },
              {
                "count": 0,
                "upper_bound_us": 20000
              },
              {
                "count": 0,
                "upper_bound_us": 50000
              },
              {
                "count": 0,
                "upper_bound_us": 100000
              },
              {
                "count": 0,
                "upper_bound_us": 250000
              },
              {
                "count": 0,
                "upper_bound_us": 500000
              },
              {
                "count": 0,
                "upper_bound_us": 1000000
              },
              {
                "count": 0,
                "upper_bound_us": 5000000
              },
              {
                "count": 0,
                "upper_bound_us": 30000000
              },
              {
                "count": 0,
                "upper_bound_us": 18446744073709551615
              }
            ],
            "count": 200,
            "max_us": 1,
            "min_us": 0,
            "p50_us": 100,
            "p90_us": 100,
            "p99_us": 100,
            "sum_us": 1
          },
          "get_neighbors_ops": 200,
          "insert_latency": {
            "avg_us": 0,
            "buckets": [
              {
                "count": 0,
                "upper_bound_us": 100
              },
              {
                "count": 0,
                "upper_bound_us": 250
              },
              {
                "count": 0,
                "upper_bound_us": 500
              },
              {
                "count": 0,
                "upper_bound_us": 1000
              },
              {
                "count": 0,
                "upper_bound_us": 2000
              },
              {
                "count": 0,
                "upper_bound_us": 5000
              },
              {
                "count": 0,
                "upper_bound_us": 10000
              },
              {
                "count": 0,
                "upper_bound_us": 20000
              },
              {
                "count": 0,
                "upper_bound_us": 50000
              },
              {
                "count": 0,
                "upper_bound_us": 100000
              },
              {
                "count": 0,
                "upper_bound_us": 250000
              },
              {
                "count": 0,
                "upper_bound_us": 500000
              },
              {
                "count": 0,
                "upper_bound_us": 1000000
              },
              {
                "count": 0,
                "upper_bound_us": 5000000
              },
              {
                "count": 0,
                "upper_bound_us": 30000000
              },
              {
                "count": 0,
                "upper_bound_us": 18446744073709551615
              }
            ],
            "count": 0,
            "max_us": 0,
            "min_us": 0,
            "p50_us": 0,
            "p90_us": 0,
            "p99_us": 0,
            "sum_us": 0
          },
          "insert_ops": 0,
          "rebuild_index_latency": {
            "avg_us": 0,
            "buckets": [
              {
                "count": 0,
                "upper_bound_us": 100
              },
              {
                "count": 0,
                "upper_bound_us": 250
              },
              {
                "count": 0,
                "upper_bound_us": 500
              },
              {
                "count": 0,
                "upper_bound_us": 1000
              },
              {
                "count": 0,
                "upper_bound_us": 2000
              },
              {
                "count": 0,
                "upper_bound_us": 5000
              },
              {
                "count": 0,
                "upper_bound_us": 10000
              },
              {
                "count": 0,
                "upper_bound_us": 20000
              },
              {
                "count": 0,
                "upper_bound_us": 50000
              },
              {
                "count": 0,
                "upper_bound_us": 100000
              },
              {
                "count": 0,
                "upper_bound_us": 250000
              },
              {
                "count": 0,
                "upper_bound_us": 500000
              },
              {
                "count": 0,
                "upper_bound_us": 1000000
              },
              {
                "count": 0,
                "upper_bound_us": 5000000
              },
              {
                "count": 0,
                "upper_bound_us": 30000000
              },
              {
                "count": 0,
                "upper_bound_us": 18446744073709551615
              }
            ],
            "count": 0,
            "max_us": 0,
            "min_us": 0,
            "p50_us": 0,
            "p90_us": 0,
            "p99_us": 0,
            "sum_us": 0
          },
          "scan_edges_latency": {
            "avg_us": 0,
            "buckets": [
              {
                "count": 0,
                "upper_bound_us": 100
              },
              {
                "count": 0,
                "upper_bound_us": 250
              },
              {
                "count": 0,
                "upper_bound_us": 500
              },
              {
                "count": 0,
                "upper_bound_us": 1000
              },
              {
                "count": 0,
                "upper_bound_us": 2000
              },
              {
                "count": 0,
                "upper_bound_us": 5000
              },
              {
                "count": 0,
                "upper_bound_us": 10000
              },
              {
                "count": 0,
                "upper_bound_us": 20000
              },
              {
                "count": 0,
                "upper_bound_us": 50000
              },
              {
                "count": 0,
                "upper_bound_us": 100000
              },
              {
                "count": 0,
                "upper_bound_us": 250000
              },
              {
                "count": 0,
                "upper_bound_us": 500000
              },
              {
                "count": 0,
                "upper_bound_us": 1000000
              },
              {
                "count": 0,
                "upper_bound_us": 5000000
              },
              {
                "count": 0,
                "upper_bound_us": 30000000
              },
              {
                "count": 0,
                "upper_bound_us": 18446744073709551615
              }
            ],
            "count": 0,
            "max_us": 0,
            "min_us": 0,
            "p50_us": 0,
            "p90_us": 0,
            "p99_us": 0,
            "sum_us": 0
          },
          "scan_ops": 0
        }
      },
      "neighbor_summary": {
        "bloom_filtered_segments": 0,
        "body_bytes": 0,
        "body_reads": 0,
        "candidate_l0_segments": 0,
        "csr_get_neighbors_avg_us": 0,
        "csr_get_neighbors_p50_us": 0,
        "csr_get_neighbors_p90_us": 0,
        "csr_get_neighbors_p99_us": 0,
        "filter_passed_segments": 0,
        "get_neighbors_avg_us": 0,
        "get_neighbors_ops": 200,
        "get_neighbors_p50_us": 100,
        "get_neighbors_p90_us": 100,
        "get_neighbors_p99_us": 100,
        "header_reads": 0,
        "matched_l0_segments": 0,
        "offset_reads": 0,
        "range_filtered_segments": 0,
        "read_bytes": 0,
        "read_syscalls": 0
      },
      "post_auto_compaction_metrics": null,
      "sample_degrees": [
        {
          "degree": 3,
          "src": 144115188075860068
        },
        {
          "degree": 7,
          "src": 144119586130407735
        },
        {
          "degree": 6,
          "src": 144119586345045004
        },
        {
          "degree": 2,
          "src": 144123984179863194
        },
        {
          "degree": 9,
          "src": 144123984208740874
        },
        {
          "degree": 6,
          "src": 144123984379943206
        },
        {
          "degree": 3,
          "src": 144123984406322797
        },
        {
          "degree": 2,
          "src": 144123984618846100
        },
        {
          "degree": 2,
          "src": 144128382236160821
        },
        {
          "degree": 6,
          "src": 144128382290010888
        },
        {
          "degree": 7,
          "src": 144128382422284422
        },
        {
          "degree": 6,
          "src": 144128382446815542
        },
        {
          "degree": 2,
          "src": 144128382506968731
        },
        {
          "degree": 3,
          "src": 144132780263120036
        },
        {
          "degree": 10,
          "src": 144132780284940498
        },
        {
          "degree": 10,
          "src": 144132780308622230
        },
        {
          "degree": 4,
          "src": 144132780433520235
        },
        {
          "degree": 6,
          "src": 144132780476275764
        },
        {
          "degree": 5,
          "src": 144132780500673080
        },
        {
          "degree": 6,
          "src": 144132780541929424
        },
        {
          "degree": 8,
          "src": 144132780647694838
        },
        {
          "degree": 4,
          "src": 144137178322912468
        },
        {
          "degree": 5,
          "src": 144137178351796940
        },
        {
          "degree": 5,
          "src": 144137178397625911
        },
        {
          "degree": 5,
          "src": 144137178516497703
        },
        {
          "degree": 1,
          "src": 144137178549656168
        },
        {
          "degree": 6,
          "src": 144137178591229002
        },
        {
          "degree": 7,
          "src": 144137178691776395
        },
        {
          "degree": 7,
          "src": 144141576370553334
        },
        {
          "degree": 4,
          "src": 144141576395821663
        },
        {
          "degree": 2,
          "src": 144141576431971711
        },
        {
          "degree": 11,
          "src": 144141576453974374
        },
        {
          "degree": 2,
          "src": 144141576561744576
        },
        {
          "degree": 2,
          "src": 144141576591438602
        },
        {
          "degree": 1,
          "src": 144141576627575877
        },
        {
          "degree": 4,
          "src": 144141576648334366
        },
        {
          "degree": 4,
          "src": 144141576730040745
        },
        {
          "degree": 5,
          "src": 144145974414155340
        },
        {
          "degree": 4,
          "src": 144145974444540104
        },
        {
          "degree": 1,
          "src": 144145974483199038
        },
        {
          "degree": 3,
          "src": 144145974507501029
        },
        {
          "degree": 2,
          "src": 144145974609242654
        },
        {
          "degree": 9,
          "src": 144145974643788820
        },
        {
          "degree": 6,
          "src": 144145974684325806
        },
        {
          "degree": 6,
          "src": 144145974709121431
        },
        {
          "degree": 6,
          "src": 144145974785775043
        },
        {
          "degree": 5,
          "src": 144150372473331464
        },
        {
          "degree": 6,
          "src": 144150372518974855
        },
        {
          "degree": 2,
          "src": 144150372545879115
        },
        {
          "degree": 2,
          "src": 144150372603256064
        },
        {
          "degree": 10,
          "src": 144150372673424749
        },
        {
          "degree": 4,
          "src": 144150372720985172
        },
        {
          "degree": 1,
          "src": 144150372749703462
        },
        {
          "degree": 4,
          "src": 144150372797002572
        },
        {
          "degree": 2,
          "src": 144154770499427138
        },
        {
          "degree": 2,
          "src": 144154770569554037
        },
        {
          "degree": 6,
          "src": 144154770637130415
        },
        {
          "degree": 1,
          "src": 144154770726928834
        },
        {
          "degree": 3,
          "src": 144154770793713991
        },
        {
          "degree": 5,
          "src": 144154770860637124
        },
        {
          "degree": 7,
          "src": 144159168552548372
        },
        {
          "degree": 2,
          "src": 144159168570559226
        },
        {
          "degree": 7,
          "src": 144159168586359497
        },
        {
          "degree": 10,
          "src": 144159168613637968
        },
        {
          "degree": 4,
          "src": 144159168626438067
        },
        {
          "degree": 4,
          "src": 144159168637911561
        },
        {
          "degree": 5,
          "src": 144159168648445573
        },
        {
          "degree": 3,
          "src": 144159168658221940
        },
        {
          "degree": 6,
          "src": 144159168686191060
        },
        {
          "degree": 4,
          "src": 144159168698526453
        },
        {
          "degree": 2,
          "src": 144159168714880686
        },
        {
          "degree": 1,
          "src": 144159168751349263
        },
        {
          "degree": 4,
          "src": 144159168771964687
        },
        {
          "degree": 2,
          "src": 144159168789152404
        },
        {
          "degree": 9,
          "src": 144159168816937949
        },
        {
          "degree": 2,
          "src": 144159168830751066
        },
        {
          "degree": 9,
          "src": 144159168843537143
        },
        {
          "degree": 3,
          "src": 144159168853454248
        },
        {
          "degree": 5,
          "src": 144159168878128166
        },
        {
          "degree": 2,
          "src": 144159168888461767
        },
        {
          "degree": 6,
          "src": 144159168898827466
        },
        {
          "degree": 7,
          "src": 144159168909767832
        },
        {
          "degree": 4,
          "src": 144159168980857072
        },
        {
          "degree": 2,
          "src": 144163566613834426
        },
        {
          "degree": 9,
          "src": 144163566660186348
        },
        {
          "degree": 6,
          "src": 144163566688026907
        },
        {
          "degree": 10,
          "src": 144163566723349737
        },
        {
          "degree": 5,
          "src": 144163566745215685
        },
        {
          "degree": 2,
          "src": 144163566794009350
        },
        {
          "degree": 4,
          "src": 144163566834767506
        },
        {
          "degree": 1,
          "src": 144163566879787432
        },
        {
          "degree": 5,
          "src": 144163566904284767
        },
        {
          "degree": 2,
          "src": 144163566939452467
        },
        {
          "degree": 5,
          "src": 144163566959993180
        },
        {
          "degree": 2,
          "src": 144167964645050283
        },
        {
          "degree": 4,
          "src": 144167964683545859
        },
        {
          "degree": 1,
          "src": 144167964728599906
        },
        {
          "degree": 3,
          "src": 144167964751407227
        },
        {
          "degree": 2,
          "src": 144167964786533847
        },
        {
          "degree": 3,
          "src": 144167964809777971
        },
        {
          "degree": 2,
          "src": 144167964869609482
        },
        {
          "degree": 2,
          "src": 144167964918750764
        },
        {
          "degree": 1,
          "src": 144167964946658956
        },
        {
          "degree": 5,
          "src": 144167964982404251
        },
        {
          "degree": 3,
          "src": 144167965003086721
        },
        {
          "degree": 1,
          "src": 144167965079950677
        },
        {
          "degree": 1,
          "src": 144172362713229351
        },
        {
          "degree": 6,
          "src": 144172362756327212
        },
        {
          "degree": 2,
          "src": 144172362782440939
        },
        {
          "degree": 3,
          "src": 144172362799594495
        },
        {
          "degree": 2,
          "src": 144172362830326081
        },
        {
          "degree": 4,
          "src": 144172362845894827
        },
        {
          "degree": 8,
          "src": 144172362885357398
        },
        {
          "degree": 1,
          "src": 144172362919942826
        },
        {
          "degree": 2,
          "src": 144172362963370408
        },
        {
          "degree": 1,
          "src": 144172362989432811
        },
        {
          "degree": 4,
          "src": 144172363022082248
        },
        {
          "degree": 3,
          "src": 144172363038436952
        },
        {
          "degree": 3,
          "src": 144172363054844551
        },
        {
          "degree": 5,
          "src": 144172363108342583
        },
        {
          "degree": 3,
          "src": 144176760750125373
        },
        {
          "degree": 6,
          "src": 144176760795516338
        },
        {
          "degree": 3,
          "src": 144176760821178529
        },
        {
          "degree": 4,
          "src": 144176760841622177
        },
        {
          "degree": 4,
          "src": 144176760870471338
        },
        {
          "degree": 11,
          "src": 144176760884781451
        },
        {
          "degree": 7,
          "src": 144176760899112370
        },
        {
          "degree": 1,
          "src": 144176760940673647
        },
        {
          "degree": 2,
          "src": 144176760971664735
        },
        {
          "degree": 5,
          "src": 144176761014075551
        },
        {
          "degree": 1,
          "src": 144176761038328963
        },
        {
          "degree": 3,
          "src": 144176761070493372
        },
        {
          "degree": 4,
          "src": 144176761086163024
        },
        {
          "degree": 5,
          "src": 144176761101641278
        },
        {
          "degree": 3,
          "src": 144176761142496908
        },
        {
          "degree": 1,
          "src": 144181158785642945
        },
        {
          "degree": 2,
          "src": 144181158842378525
        },
        {
          "degree": 2,
          "src": 144181158876974424
        },
        {
          "degree": 2,
          "src": 144181158913851017
        },
        {
          "degree": 7,
          "src": 144181158933471648
        },
        {
          "degree": 3,
          "src": 144181158954087276
        },
        {
          "degree": 2,
          "src": 144181159003441431
        },
        {
          "degree": 5,
          "src": 144181159056111827
        },
        {
          "degree": 1,
          "src": 144181159089716627
        },
        {
          "degree": 2,
          "src": 144181159127355410
        },
        {
          "degree": 1,
          "src": 144181159147887204
        },
        {
          "degree": 5,
          "src": 144181159193041595
        },
        {
          "degree": 6,
          "src": 144185557051398319
        },
        {
          "degree": 2,
          "src": 216177180368208449
        },
        {
          "degree": 1,
          "src": 216181578418330828
        },
        {
          "degree": 3,
          "src": 216185976281119611
        },
        {
          "degree": 5,
          "src": 216185976505019704
        },
        {
          "degree": 7,
          "src": 216190374344502718
        },
        {
          "degree": 6,
          "src": 216190374543639655
        },
        {
          "degree": 4,
          "src": 216194772377761285
        },
        {
          "degree": 8,
          "src": 216194772584041907
        },
        {
          "degree": 3,
          "src": 216199170413760862
        },
        {
          "degree": 6,
          "src": 216199170569721642
        },
        {
          "degree": 2,
          "src": 216199170682956287
        },
        {
          "degree": 3,
          "src": 216203568486848614
        },
        {
          "degree": 4,
          "src": 216203568665663197
        },
        {
          "degree": 8,
          "src": 216203568808503697
        },
        {
          "degree": 5,
          "src": 216207966587853031
        },
        {
          "degree": 3,
          "src": 216207966773332367
        },
        {
          "degree": 3,
          "src": 216212364584642018
        },
        {
          "degree": 5,
          "src": 216212364838799384
        },
        {
          "degree": 6,
          "src": 216216762617042322
        },
        {
          "degree": 2,
          "src": 216216762673788458
        },
        {
          "degree": 3,
          "src": 216216762726147715
        },
        {
          "degree": 1,
          "src": 216216762800208253
        },
        {
          "degree": 2,
          "src": 216216762866069316
        },
        {
          "degree": 1,
          "src": 216216762917314314
        },
        {
          "degree": 3,
          "src": 216216762958134262
        },
        {
          "degree": 6,
          "src": 216221160720378646
        },
        {
          "degree": 1,
          "src": 216221160837868376
        },
        {
          "degree": 5,
          "src": 216221160965862957
        },
        {
          "degree": 6,
          "src": 216225558714314171
        },
        {
          "degree": 1,
          "src": 216225558826903340
        },
        {
          "degree": 2,
          "src": 216225558971164002
        },
        {
          "degree": 1,
          "src": 216225559098721890
        },
        {
          "degree": 2,
          "src": 216229956818811924
        },
        {
          "degree": 3,
          "src": 216229956884643570
        },
        {
          "degree": 4,
          "src": 216229957005702350
        },
        {
          "degree": 7,
          "src": 216229957080721970
        },
        {
          "degree": 8,
          "src": 216234354806043100
        },
        {
          "degree": 1,
          "src": 216234354909878647
        },
        {
          "degree": 1,
          "src": 216234354998382853
        },
        {
          "degree": 2,
          "src": 216234355112034963
        },
        {
          "degree": 3,
          "src": 216238752813771148
        },
        {
          "degree": 1,
          "src": 216238752953945119
        },
        {
          "degree": 6,
          "src": 216238753058123739
        },
        {
          "degree": 4,
          "src": 216238753181154967
        },
        {
          "degree": 1,
          "src": 288234774240205453
        },
        {
          "degree": 6,
          "src": 288252366413702572
        },
        {
          "degree": 1,
          "src": 288261162522471687
        },
        {
          "degree": 1,
          "src": 288269958605967618
        },
        {
          "degree": 1,
          "src": 288278754674912291
        },
        {
          "degree": 1,
          "src": 288283152740347363
        },
        {
          "degree": 1,
          "src": 288287550800439926
        },
        {
          "degree": 1,
          "src": 288296346849420724
        }
      ],
      "sampled_srcs": [
        144115188075860068,
        144119586130407735,
        144119586345045004,
        144123984179863194,
        144123984208740874,
        144123984379943206,
        144123984406322797,
        144123984618846100,
        144128382236160821,
        144128382290010888,
        144128382422284422,
        144128382446815542,
        144128382506968731,
        144132780263120036,
        144132780284940498,
        144132780308622230,
        144132780433520235,
        144132780476275764,
        144132780500673080,
        144132780541929424,
        144132780647694838,
        144137178322912468,
        144137178351796940,
        144137178397625911,
        144137178516497703,
        144137178549656168,
        144137178591229002,
        144137178691776395,
        144141576370553334,
        144141576395821663,
        144141576431971711,
        144141576453974374,
        144141576561744576,
        144141576591438602,
        144141576627575877,
        144141576648334366,
        144141576730040745,
        144145974414155340,
        144145974444540104,
        144145974483199038,
        144145974507501029,
        144145974609242654,
        144145974643788820,
        144145974684325806,
        144145974709121431,
        144145974785775043,
        144150372473331464,
        144150372518974855,
        144150372545879115,
        144150372603256064,
        144150372673424749,
        144150372720985172,
        144150372749703462,
        144150372797002572,
        144154770499427138,
        144154770569554037,
        144154770637130415,
        144154770726928834,
        144154770793713991,
        144154770860637124,
        144159168552548372,
        144159168570559226,
        144159168586359497,
        144159168613637968,
        144159168626438067,
        144159168637911561,
        144159168648445573,
        144159168658221940,
        144159168686191060,
        144159168698526453,
        144159168714880686,
        144159168751349263,
        144159168771964687,
        144159168789152404,
        144159168816937949,
        144159168830751066,
        144159168843537143,
        144159168853454248,
        144159168878128166,
        144159168888461767,
        144159168898827466,
        144159168909767832,
        144159168980857072,
        144163566613834426,
        144163566660186348,
        144163566688026907,
        144163566723349737,
        144163566745215685,
        144163566794009350,
        144163566834767506,
        144163566879787432,
        144163566904284767,
        144163566939452467,
        144163566959993180,
        144167964645050283,
        144167964683545859,
        144167964728599906,
        144167964751407227,
        144167964786533847,
        144167964809777971,
        144167964869609482,
        144167964918750764,
        144167964946658956,
        144167964982404251,
        144167965003086721,
        144167965079950677,
        144172362713229351,
        144172362756327212,
        144172362782440939,
        144172362799594495,
        144172362830326081,
        144172362845894827,
        144172362885357398,
        144172362919942826,
        144172362963370408,
        144172362989432811,
        144172363022082248,
        144172363038436952,
        144172363054844551,
        144172363108342583,
        144176760750125373,
        144176760795516338,
        144176760821178529,
        144176760841622177,
        144176760870471338,
        144176760884781451,
        144176760899112370,
        144176760940673647,
        144176760971664735,
        144176761014075551,
        144176761038328963,
        144176761070493372,
        144176761086163024,
        144176761101641278,
        144176761142496908,
        144181158785642945,
        144181158842378525,
        144181158876974424,
        144181158913851017,
        144181158933471648,
        144181158954087276,
        144181159003441431,
        144181159056111827,
        144181159089716627,
        144181159127355410,
        144181159147887204,
        144181159193041595,
        144185557051398319,
        216177180368208449,
        216181578418330828,
        216185976281119611,
        216185976505019704,
        216190374344502718,
        216190374543639655,
        216194772377761285,
        216194772584041907,
        216199170413760862,
        216199170569721642,
        216199170682956287,
        216203568486848614,
        216203568665663197,
        216203568808503697,
        216207966587853031,
        216207966773332367,
        216212364584642018,
        216212364838799384,
        216216762617042322,
        216216762673788458,
        216216762726147715,
        216216762800208253,
        216216762866069316,
        216216762917314314,
        216216762958134262,
        216221160720378646,
        216221160837868376,
        216221160965862957,
        216225558714314171,
        216225558826903340,
        216225558971164002,
        216225559098721890,
        216229956818811924,
        216229956884643570,
        216229957005702350,
        216229957080721970,
        216234354806043100,
        216234354909878647,
        216234354998382853,
        216234355112034963,
        216238752813771148,
        216238752953945119,
        216238753058123739,
        216238753181154967,
        288234774240205453,
        288252366413702572,
        288261162522471687,
        288269958605967618,
        288278754674912291,
        288283152740347363,
        288287550800439926,
        288296346849420724
      ],
      "sampled_vertices": 200,
      "semantic_degree_hint": true
    },
    {
      "auto_compaction": null,
      "candidate_edges_for_sampling": 241957834,
      "candidate_sources_for_sampling": 437928,
      "edge_type": 7,
      "get_neighbors_elapsed_ms": 0,
      "levels_after_run": [
        3444,
        0,
        0,
        0,
        0
      ],
      "neighbor_edges": 0,
      "neighbor_metrics": {
        "csr": {
          "bloom_false_positive_probes": 0,
          "bloom_filtered_segments": 0,
          "body_bytes": 0,
          "body_reads": 0,
          "candidate_l0_segments": 0,
          "filter_passed_segments": 0,
          "full_scan_reads": 0,
          "get_neighbors_latency": {
            "avg_us": 0,
            "buckets": [
              {
                "count": 0,
                "upper_bound_us": 100
              },
              {
                "count": 0,
                "upper_bound_us": 250
              },
              {
                "count": 0,
                "upper_bound_us": 500
              },
              {
                "count": 0,
                "upper_bound_us": 1000
              },
              {
                "count": 0,
                "upper_bound_us": 2000
              },
              {
                "count": 0,
                "upper_bound_us": 5000
              },
              {
                "count": 0,
                "upper_bound_us": 10000
              },
              {
                "count": 0,
                "upper_bound_us": 20000
              },
              {
                "count": 0,
                "upper_bound_us": 50000
              },
              {
                "count": 0,
                "upper_bound_us": 100000
              },
              {
                "count": 0,
                "upper_bound_us": 250000
              },
              {
                "count": 0,
                "upper_bound_us": 500000
              },
              {
                "count": 0,
                "upper_bound_us": 1000000
              },
              {
                "count": 0,
                "upper_bound_us": 5000000
              },
              {
                "count": 0,
                "upper_bound_us": 30000000
              },
              {
                "count": 0,
                "upper_bound_us": 18446744073709551615
              }
            ],
            "count": 0,
            "max_us": 0,
            "min_us": 0,
            "p50_us": 0,
            "p90_us": 0,
            "p99_us": 0,
            "sum_us": 0
          },
          "header_bytes": 0,
          "header_reads": 0,
          "l0_partitions": [],
          "matched_l0_segments": 0,
          "offset_bytes": 0,
          "offset_cache_hits": 0,
          "offset_cache_misses": 0,
          "offset_reads": 0,
          "range_filtered_segments": 0,
          "read_all_edges_latency": {
            "avg_us": 0,
            "buckets": [
              {
                "count": 0,
                "upper_bound_us": 100
              },
              {
                "count": 0,
                "upper_bound_us": 250
              },
              {
                "count": 0,
                "upper_bound_us": 500
              },
              {
                "count": 0,
                "upper_bound_us": 1000
              },
              {
                "count": 0,
                "upper_bound_us": 2000
              },
              {
                "count": 0,
                "upper_bound_us": 5000
              },
              {
                "count": 0,
                "upper_bound_us": 10000
              },
              {
                "count": 0,
                "upper_bound_us": 20000
              },
              {
                "count": 0,
                "upper_bound_us": 50000
              },
              {
                "count": 0,
                "upper_bound_us": 100000
              },
              {
                "count": 0,
                "upper_bound_us": 250000
              },
              {
                "count": 0,
                "upper_bound_us": 500000
              },
              {
                "count": 0,
                "upper_bound_us": 1000000
              },
              {
                "count": 0,
                "upper_bound_us": 5000000
              },
              {
                "count": 0,
                "upper_bound_us": 30000000
              },
              {
                "count": 0,
                "upper_bound_us": 18446744073709551615
              }
            ],
            "count": 0,
            "max_us": 0,
            "min_us": 0,
            "p50_us": 0,
            "p90_us": 0,
            "p99_us": 0,
            "sum_us": 0
          },
          "read_offsets_latency": {
            "avg_us": 0,
            "buckets": [
              {
                "count": 0,
                "upper_bound_us": 100
              },
              {
                "count": 0,
                "upper_bound_us": 250
              },
              {
                "count": 0,
                "upper_bound_us": 500
              },
              {
                "count": 0,
                "upper_bound_us": 1000
              },
              {
                "count": 0,
                "upper_bound_us": 2000
              },
              {
                "count": 0,
                "upper_bound_us": 5000
              },
              {
                "count": 0,
                "upper_bound_us": 10000
              },
              {
                "count": 0,
                "upper_bound_us": 20000
              },
              {
                "count": 0,
                "upper_bound_us": 50000
              },
              {
                "count": 0,
                "upper_bound_us": 100000
              },
              {
                "count": 0,
                "upper_bound_us": 250000
              },
              {
                "count": 0,
                "upper_bound_us": 500000
              },
              {
                "count": 0,
                "upper_bound_us": 1000000
              },
              {
                "count": 0,
                "upper_bound_us": 5000000
              },
              {
                "count": 0,
                "upper_bound_us": 30000000
              },
              {
                "count": 0,
                "upper_bound_us": 18446744073709551615
              }
            ],
            "count": 0,
            "max_us": 0,
            "min_us": 0,
            "p50_us": 0,
            "p90_us": 0,
            "p99_us": 0,
            "sum_us": 0
          }
        },
        "http": {
          "endpoints": {},
          "handler_latency": {
            "avg_us": 0,
            "buckets": [
              {
                "count": 0,
                "upper_bound_us": 100
              },
              {
                "count": 0,
                "upper_bound_us": 250
              },
              {
                "count": 0,
                "upper_bound_us": 500
              },
              {
                "count": 0,
                "upper_bound_us": 1000
              },
              {
                "count": 0,
                "upper_bound_us": 2000
              },
              {
                "count": 0,
                "upper_bound_us": 5000
              },
              {
                "count": 0,
                "upper_bound_us": 10000
              },
              {
                "count": 0,
                "upper_bound_us": 20000
              },
              {
                "count": 0,
                "upper_bound_us": 50000
              },
              {
                "count": 0,
                "upper_bound_us": 100000
              },
              {
                "count": 0,
                "upper_bound_us": 250000
              },
              {
                "count": 0,
                "upper_bound_us": 500000
              },
              {
                "count": 0,
                "upper_bound_us": 1000000
              },
              {
                "count": 0,
                "upper_bound_us": 5000000
              },
              {
                "count": 0,
                "upper_bound_us": 30000000
              },
              {
                "count": 0,
                "upper_bound_us": 18446744073709551615
              }
            ],
            "count": 0,
            "max_us": 0,
            "min_us": 0,
            "p50_us": 0,
            "p90_us": 0,
            "p99_us": 0,
            "sum_us": 0
          },
          "json_parse_latency": {
            "avg_us": 0,
            "buckets": [
              {
                "count": 0,
                "upper_bound_us": 100
              },
              {
                "count": 0,
                "upper_bound_us": 250
              },
              {
                "count": 0,
                "upper_bound_us": 500
              },
              {
                "count": 0,
                "upper_bound_us": 1000
              },
              {
                "count": 0,
                "upper_bound_us": 2000
              },
              {
                "count": 0,
                "upper_bound_us": 5000
              },
              {
                "count": 0,
                "upper_bound_us": 10000
              },
              {
                "count": 0,
                "upper_bound_us": 20000
              },
              {
                "count": 0,
                "upper_bound_us": 50000
              },
              {
                "count": 0,
                "upper_bound_us": 100000
              },
              {
                "count": 0,
                "upper_bound_us": 250000
              },
              {
                "count": 0,
                "upper_bound_us": 500000
              },
              {
                "count": 0,
                "upper_bound_us": 1000000
              },
              {
                "count": 0,
                "upper_bound_us": 5000000
              },
              {
                "count": 0,
                "upper_bound_us": 30000000
              },
              {
                "count": 0,
                "upper_bound_us": 18446744073709551615
              }
            ],
            "count": 0,
            "max_us": 0,
            "min_us": 0,
            "p50_us": 0,
            "p90_us": 0,
            "p99_us": 0,
            "sum_us": 0
          },
          "request_read_latency": {
            "avg_us": 0,
            "buckets": [
              {
                "count": 0,
                "upper_bound_us": 100
              },
              {
                "count": 0,
                "upper_bound_us": 250
              },
              {
                "count": 0,
                "upper_bound_us": 500
              },
              {
                "count": 0,
                "upper_bound_us": 1000
              },
              {
                "count": 0,
                "upper_bound_us": 2000
              },
              {
                "count": 0,
                "upper_bound_us": 5000
              },
              {
                "count": 0,
                "upper_bound_us": 10000
              },
              {
                "count": 0,
                "upper_bound_us": 20000
              },
              {
                "count": 0,
                "upper_bound_us": 50000
              },
              {
                "count": 0,
                "upper_bound_us": 100000
              },
              {
                "count": 0,
                "upper_bound_us": 250000
              },
              {
                "count": 0,
                "upper_bound_us": 500000
              },
              {
                "count": 0,
                "upper_bound_us": 1000000
              },
              {
                "count": 0,
                "upper_bound_us": 5000000
              },
              {
                "count": 0,
                "upper_bound_us": 30000000
              },
              {
                "count": 0,
                "upper_bound_us": 18446744073709551615
              }
            ],
            "count": 0,
            "max_us": 0,
            "min_us": 0,
            "p50_us": 0,
            "p90_us": 0,
            "p99_us": 0,
            "sum_us": 0
          },
          "requests": 0,
          "response_write_latency": {
            "avg_us": 0,
            "buckets": [
              {
                "count": 0,
                "upper_bound_us": 100
              },
              {
                "count": 0,
                "upper_bound_us": 250
              },
              {
                "count": 0,
                "upper_bound_us": 500
              },
              {
                "count": 0,
                "upper_bound_us": 1000
              },
              {
                "count": 0,
                "upper_bound_us": 2000
              },
              {
                "count": 0,
                "upper_bound_us": 5000
              },
              {
                "count": 0,
                "upper_bound_us": 10000
              },
              {
                "count": 0,
                "upper_bound_us": 20000
              },
              {
                "count": 0,
                "upper_bound_us": 50000
              },
              {
                "count": 0,
                "upper_bound_us": 100000
              },
              {
                "count": 0,
                "upper_bound_us": 250000
              },
              {
                "count": 0,
                "upper_bound_us": 500000
              },
              {
                "count": 0,
                "upper_bound_us": 1000000
              },
              {
                "count": 0,
                "upper_bound_us": 5000000
              },
              {
                "count": 0,
                "upper_bound_us": 30000000
              },
              {
                "count": 0,
                "upper_bound_us": 18446744073709551615
              }
            ],
            "count": 0,
            "max_us": 0,
            "min_us": 0,
            "p50_us": 0,
            "p90_us": 0,
            "p99_us": 0,
            "sum_us": 0
          },
          "serialize_latency": {
            "avg_us": 0,
            "buckets": [
              {
                "count": 0,
                "upper_bound_us": 100
              },
              {
                "count": 0,
                "upper_bound_us": 250
              },
              {
                "count": 0,
                "upper_bound_us": 500
              },
              {
                "count": 0,
                "upper_bound_us": 1000
              },
              {
                "count": 0,
                "upper_bound_us": 2000
              },
              {
                "count": 0,
                "upper_bound_us": 5000
              },
              {
                "count": 0,
                "upper_bound_us": 10000
              },
              {
                "count": 0,
                "upper_bound_us": 20000
              },
              {
                "count": 0,
                "upper_bound_us": 50000
              },
              {
                "count": 0,
                "upper_bound_us": 100000
              },
              {
                "count": 0,
                "upper_bound_us": 250000
              },
              {
                "count": 0,
                "upper_bound_us": 500000
              },
              {
                "count": 0,
                "upper_bound_us": 1000000
              },
              {
                "count": 0,
                "upper_bound_us": 5000000
              },
              {
                "count": 0,
                "upper_bound_us": 30000000
              },
              {
                "count": 0,
                "upper_bound_us": 18446744073709551615
              }
            ],
            "count": 0,
            "max_us": 0,
            "min_us": 0,
            "p50_us": 0,
            "p90_us": 0,
            "p99_us": 0,
            "sum_us": 0
          },
          "status_2xx": 0,
          "status_4xx": 0,
          "status_5xx": 0
        },
        "io": {
          "create_blocking_latency": {
            "avg_us": 0,
            "buckets": [
              {
                "count": 0,
                "upper_bound_us": 100
              },
              {
                "count": 0,
                "upper_bound_us": 250
              },
              {
                "count": 0,
                "upper_bound_us": 500
              },
              {
                "count": 0,
                "upper_bound_us": 1000
              },
              {
                "count": 0,
                "upper_bound_us": 2000
              },
              {
                "count": 0,
                "upper_bound_us": 5000
              },
              {
                "count": 0,
                "upper_bound_us": 10000
              },
              {
                "count": 0,
                "upper_bound_us": 20000
              },
              {
                "count": 0,
                "upper_bound_us": 50000
              },
              {
                "count": 0,
                "upper_bound_us": 100000
              },
              {
                "count": 0,
                "upper_bound_us": 250000
              },
              {
                "count": 0,
                "upper_bound_us": 500000
              },
              {
                "count": 0,
                "upper_bound_us": 1000000
              },
              {
                "count": 0,
                "upper_bound_us": 5000000
              },
              {
                "count": 0,
                "upper_bound_us": 30000000
              },
              {
                "count": 0,
                "upper_bound_us": 18446744073709551615
              }
            ],
            "count": 0,
            "max_us": 0,
            "min_us": 0,
            "p50_us": 0,
            "p90_us": 0,
            "p99_us": 0,
            "sum_us": 0
          },
          "read_blocking_latency": {
            "avg_us": 0,
            "buckets": [
              {
                "count": 0,
                "upper_bound_us": 100
              },
              {
                "count": 0,
                "upper_bound_us": 250
              },
              {
                "count": 0,
                "upper_bound_us": 500
              },
              {
                "count": 0,
                "upper_bound_us": 1000
              },
              {
                "count": 0,
                "upper_bound_us": 2000
              },
              {
                "count": 0,
                "upper_bound_us": 5000
              },
              {
                "count": 0,
                "upper_bound_us": 10000
              },
              {
                "count": 0,
                "upper_bound_us": 20000
              },
              {
                "count": 0,
                "upper_bound_us": 50000
              },
              {
                "count": 0,
                "upper_bound_us": 100000
              },
              {
                "count": 0,
                "upper_bound_us": 250000
              },
              {
                "count": 0,
                "upper_bound_us": 500000
              },
              {
                "count": 0,
                "upper_bound_us": 1000000
              },
              {
                "count": 0,
                "upper_bound_us": 5000000
              },
              {
                "count": 0,
                "upper_bound_us": 30000000
              },
              {
                "count": 0,
                "upper_bound_us": 18446744073709551615
              }
            ],
            "count": 0,
            "max_us": 0,
            "min_us": 0,
            "p50_us": 0,
            "p90_us": 0,
            "p99_us": 0,
            "sum_us": 0
          },
          "read_bytes": 0,
          "read_syscalls": 0,
          "remove_blocking_latency": {
            "avg_us": 0,
            "buckets": [
              {
                "count": 0,
                "upper_bound_us": 100
              },
              {
                "count": 0,
                "upper_bound_us": 250
              },
              {
                "count": 0,
                "upper_bound_us": 500
              },
              {
                "count": 0,
                "upper_bound_us": 1000
              },
              {
                "count": 0,
                "upper_bound_us": 2000
              },
              {
                "count": 0,
                "upper_bound_us": 5000
              },
              {
                "count": 0,
                "upper_bound_us": 10000
              },
              {
                "count": 0,
                "upper_bound_us": 20000
              },
              {
                "count": 0,
                "upper_bound_us": 50000
              },
              {
                "count": 0,
                "upper_bound_us": 100000
              },
              {
                "count": 0,
                "upper_bound_us": 250000
              },
              {
                "count": 0,
                "upper_bound_us": 500000
              },
              {
                "count": 0,
                "upper_bound_us": 1000000
              },
              {
                "count": 0,
                "upper_bound_us": 5000000
              },
              {
                "count": 0,
                "upper_bound_us": 30000000
              },
              {
                "count": 0,
                "upper_bound_us": 18446744073709551615
              }
            ],
            "count": 0,
            "max_us": 0,
            "min_us": 0,
            "p50_us": 0,
            "p90_us": 0,
            "p99_us": 0,
            "sum_us": 0
          },
          "semaphore_wait_latency": {
            "avg_us": 0,
            "buckets": [
              {
                "count": 0,
                "upper_bound_us": 100
              },
              {
                "count": 0,
                "upper_bound_us": 250
              },
              {
                "count": 0,
                "upper_bound_us": 500
              },
              {
                "count": 0,
                "upper_bound_us": 1000
              },
              {
                "count": 0,
                "upper_bound_us": 2000
              },
              {
                "count": 0,
                "upper_bound_us": 5000
              },
              {
                "count": 0,
                "upper_bound_us": 10000
              },
              {
                "count": 0,
                "upper_bound_us": 20000
              },
              {
                "count": 0,
                "upper_bound_us": 50000
              },
              {
                "count": 0,
                "upper_bound_us": 100000
              },
              {
                "count": 0,
                "upper_bound_us": 250000
              },
              {
                "count": 0,
                "upper_bound_us": 500000
              },
              {
                "count": 0,
                "upper_bound_us": 1000000
              },
              {
                "count": 0,
                "upper_bound_us": 5000000
              },
              {
                "count": 0,
                "upper_bound_us": 30000000
              },
              {
                "count": 0,
                "upper_bound_us": 18446744073709551615
              }
            ],
            "count": 0,
            "max_us": 0,
            "min_us": 0,
            "p50_us": 0,
            "p90_us": 0,
            "p99_us": 0,
            "sum_us": 0
          },
          "sync_blocking_latency": {
            "avg_us": 0,
            "buckets": [
              {
                "count": 0,
                "upper_bound_us": 100
              },
              {
                "count": 0,
                "upper_bound_us": 250
              },
              {
                "count": 0,
                "upper_bound_us": 500
              },
              {
                "count": 0,
                "upper_bound_us": 1000
              },
              {
                "count": 0,
                "upper_bound_us": 2000
              },
              {
                "count": 0,
                "upper_bound_us": 5000
              },
              {
                "count": 0,
                "upper_bound_us": 10000
              },
              {
                "count": 0,
                "upper_bound_us": 20000
              },
              {
                "count": 0,
                "upper_bound_us": 50000
              },
              {
                "count": 0,
                "upper_bound_us": 100000
              },
              {
                "count": 0,
                "upper_bound_us": 250000
              },
              {
                "count": 0,
                "upper_bound_us": 500000
              },
              {
                "count": 0,
                "upper_bound_us": 1000000
              },
              {
                "count": 0,
                "upper_bound_us": 5000000
              },
              {
                "count": 0,
                "upper_bound_us": 30000000
              },
              {
                "count": 0,
                "upper_bound_us": 18446744073709551615
              }
            ],
            "count": 0,
            "max_us": 0,
            "min_us": 0,
            "p50_us": 0,
            "p90_us": 0,
            "p99_us": 0,
            "sum_us": 0
          },
          "write_blocking_latency": {
            "avg_us": 0,
            "buckets": [
              {
                "count": 0,
                "upper_bound_us": 100
              },
              {
                "count": 0,
                "upper_bound_us": 250
              },
              {
                "count": 0,
                "upper_bound_us": 500
              },
              {
                "count": 0,
                "upper_bound_us": 1000
              },
              {
                "count": 0,
                "upper_bound_us": 2000
              },
              {
                "count": 0,
                "upper_bound_us": 5000
              },
              {
                "count": 0,
                "upper_bound_us": 10000
              },
              {
                "count": 0,
                "upper_bound_us": 20000
              },
              {
                "count": 0,
                "upper_bound_us": 50000
              },
              {
                "count": 0,
                "upper_bound_us": 100000
              },
              {
                "count": 0,
                "upper_bound_us": 250000
              },
              {
                "count": 0,
                "upper_bound_us": 500000
              },
              {
                "count": 0,
                "upper_bound_us": 1000000
              },
              {
                "count": 0,
                "upper_bound_us": 5000000
              },
              {
                "count": 0,
                "upper_bound_us": 30000000
              },
              {
                "count": 0,
                "upper_bound_us": 18446744073709551615
              }
            ],
            "count": 0,
            "max_us": 0,
            "min_us": 0,
            "p50_us": 0,
            "p90_us": 0,
            "p99_us": 0,
            "sum_us": 0
          },
          "write_bytes": 0,
          "write_syscalls": 0
        },
        "snb": {
          "cache": {
            "adjacency_bytes": 0,
            "adjacency_cache_hits": 0,
            "adjacency_cache_misses": 0,
            "adjacency_cache_write_bytes": 0,
            "adjacency_cache_write_syscalls": 0,
            "adjacency_edges": 0,
            "adjacency_group_latency": {
              "avg_us": 0,
              "buckets": [
                {
                  "count": 0,
                  "upper_bound_us": 100
                },
                {
                  "count": 0,
                  "upper_bound_us": 250
                },
                {
                  "count": 0,
                  "upper_bound_us": 500
                },
                {
                  "count": 0,
                  "upper_bound_us": 1000
                },
                {
                  "count": 0,
                  "upper_bound_us": 2000
                },
                {
                  "count": 0,
                  "upper_bound_us": 5000
                },
                {
                  "count": 0,
                  "upper_bound_us": 10000
                },
                {
                  "count": 0,
                  "upper_bound_us": 20000
                },
                {
                  "count": 0,
                  "upper_bound_us": 50000
                },
                {
                  "count": 0,
                  "upper_bound_us": 100000
                },
                {
                  "count": 0,
                  "upper_bound_us": 250000
                },
                {
                  "count": 0,
                  "upper_bound_us": 500000
                },
                {
                  "count": 0,
                  "upper_bound_us": 1000000
                },
                {
                  "count": 0,
                  "upper_bound_us": 5000000
                },
                {
                  "count": 0,
                  "upper_bound_us": 30000000
                },
                {
                  "count": 0,
                  "upper_bound_us": 18446744073709551615
                }
              ],
              "count": 0,
              "max_us": 0,
              "min_us": 0,
              "p50_us": 0,
              "p90_us": 0,
              "p99_us": 0,
              "sum_us": 0
            },
            "adjacency_groups": 0,
            "adjacency_load_latency": {
              "avg_us": 0,
              "buckets": [
                {
                  "count": 0,
                  "upper_bound_us": 100
                },
                {
                  "count": 0,
                  "upper_bound_us": 250
                },
                {
                  "count": 0,
                  "upper_bound_us": 500
                },
                {
                  "count": 0,
                  "upper_bound_us": 1000
                },
                {
                  "count": 0,
                  "upper_bound_us": 2000
                },
                {
                  "count": 0,
                  "upper_bound_us": 5000
                },
                {
                  "count": 0,
                  "upper_bound_us": 10000
                },
                {
                  "count": 0,
                  "upper_bound_us": 20000
                },
                {
                  "count": 0,
                  "upper_bound_us": 50000
                },
                {
                  "count": 0,
                  "upper_bound_us": 100000
                },
                {
                  "count": 0,
                  "upper_bound_us": 250000
                },
                {
                  "count": 0,
                  "upper_bound_us": 500000
                },
                {
                  "count": 0,
                  "upper_bound_us": 1000000
                },
                {
                  "count": 0,
                  "upper_bound_us": 5000000
                },
                {
                  "count": 0,
                  "upper_bound_us": 30000000
                },
                {
                  "count": 0,
                  "upper_bound_us": 18446744073709551615
                }
              ],
              "count": 0,
              "max_us": 0,
              "min_us": 0,
              "p50_us": 0,
              "p90_us": 0,
              "p99_us": 0,
              "sum_us": 0
            },
            "adjacency_scan_latency": {
              "avg_us": 0,
              "buckets": [
                {
                  "count": 0,
                  "upper_bound_us": 100
                },
                {
                  "count": 0,
                  "upper_bound_us": 250
                },
                {
                  "count": 0,
                  "upper_bound_us": 500
                },
                {
                  "count": 0,
                  "upper_bound_us": 1000
                },
                {
                  "count": 0,
                  "upper_bound_us": 2000
                },
                {
                  "count": 0,
                  "upper_bound_us": 5000
                },
                {
                  "count": 0,
                  "upper_bound_us": 10000
                },
                {
                  "count": 0,
                  "upper_bound_us": 20000
                },
                {
                  "count": 0,
                  "upper_bound_us": 50000
                },
                {
                  "count": 0,
                  "upper_bound_us": 100000
                },
                {
                  "count": 0,
                  "upper_bound_us": 250000
                },
                {
                  "count": 0,
                  "upper_bound_us": 500000
                },
                {
                  "count": 0,
                  "upper_bound_us": 1000000
                },
                {
                  "count": 0,
                  "upper_bound_us": 5000000
                },
                {
                  "count": 0,
                  "upper_bound_us": 30000000
                },
                {
                  "count": 0,
                  "upper_bound_us": 18446744073709551615
                }
              ],
              "count": 0,
              "max_us": 0,
              "min_us": 0,
              "p50_us": 0,
              "p90_us": 0,
              "p99_us": 0,
              "sum_us": 0
            },
            "adjacency_write_latency": {
              "avg_us": 0,
              "buckets": [
                {
                  "count": 0,
                  "upper_bound_us": 100
                },
                {
                  "count": 0,
                  "upper_bound_us": 250
                },
                {
                  "count": 0,
                  "upper_bound_us": 500
                },
                {
                  "count": 0,
                  "upper_bound_us": 1000
                },
                {
                  "count": 0,
                  "upper_bound_us": 2000
                },
                {
                  "count": 0,
                  "upper_bound_us": 5000
                },
                {
                  "count": 0,
                  "upper_bound_us": 10000
                },
                {
                  "count": 0,
                  "upper_bound_us": 20000
                },
                {
                  "count": 0,
                  "upper_bound_us": 50000
                },
                {
                  "count": 0,
                  "upper_bound_us": 100000
                },
                {
                  "count": 0,
                  "upper_bound_us": 250000
                },
                {
                  "count": 0,
                  "upper_bound_us": 500000
                },
                {
                  "count": 0,
                  "upper_bound_us": 1000000
                },
                {
                  "count": 0,
                  "upper_bound_us": 5000000
                },
                {
                  "count": 0,
                  "upper_bound_us": 30000000
                },
                {
                  "count": 0,
                  "upper_bound_us": 18446744073709551615
                }
              ],
              "count": 0,
              "max_us": 0,
              "min_us": 0,
              "p50_us": 0,
              "p90_us": 0,
              "p99_us": 0,
              "sum_us": 0
            },
            "edge_props": 0,
            "edge_props_load_latency": {
              "avg_us": 0,
              "buckets": [
                {
                  "count": 0,
                  "upper_bound_us": 100
                },
                {
                  "count": 0,
                  "upper_bound_us": 250
                },
                {
                  "count": 0,
                  "upper_bound_us": 500
                },
                {
                  "count": 0,
                  "upper_bound_us": 1000
                },
                {
                  "count": 0,
                  "upper_bound_us": 2000
                },
                {
                  "count": 0,
                  "upper_bound_us": 5000
                },
                {
                  "count": 0,
                  "upper_bound_us": 10000
                },
                {
                  "count": 0,
                  "upper_bound_us": 20000
                },
                {
                  "count": 0,
                  "upper_bound_us": 50000
                },
                {
                  "count": 0,
                  "upper_bound_us": 100000
                },
                {
                  "count": 0,
                  "upper_bound_us": 250000
                },
                {
                  "count": 0,
                  "upper_bound_us": 500000
                },
                {
                  "count": 0,
                  "upper_bound_us": 1000000
                },
                {
                  "count": 0,
                  "upper_bound_us": 5000000
                },
                {
                  "count": 0,
                  "upper_bound_us": 30000000
                },
                {
                  "count": 0,
                  "upper_bound_us": 18446744073709551615
                }
              ],
              "count": 0,
              "max_us": 0,
              "min_us": 0,
              "p50_us": 0,
              "p90_us": 0,
              "p99_us": 0,
              "sum_us": 0
            },
            "vertices": 0,
            "vertices_load_latency": {
              "avg_us": 0,
              "buckets": [
                {
                  "count": 0,
                  "upper_bound_us": 100
                },
                {
                  "count": 0,
                  "upper_bound_us": 250
                },
                {
                  "count": 0,
                  "upper_bound_us": 500
                },
                {
                  "count": 0,
                  "upper_bound_us": 1000
                },
                {
                  "count": 0,
                  "upper_bound_us": 2000
                },
                {
                  "count": 0,
                  "upper_bound_us": 5000
                },
                {
                  "count": 0,
                  "upper_bound_us": 10000
                },
                {
                  "count": 0,
                  "upper_bound_us": 20000
                },
                {
                  "count": 0,
                  "upper_bound_us": 50000
                },
                {
                  "count": 0,
                  "upper_bound_us": 100000
                },
                {
                  "count": 0,
                  "upper_bound_us": 250000
                },
                {
                  "count": 0,
                  "upper_bound_us": 500000
                },
                {
                  "count": 0,
                  "upper_bound_us": 1000000
                },
                {
                  "count": 0,
                  "upper_bound_us": 5000000
                },
                {
                  "count": 0,
                  "upper_bound_us": 30000000
                },
                {
                  "count": 0,
                  "upper_bound_us": 18446744073709551615
                }
              ],
              "count": 0,
              "max_us": 0,
              "min_us": 0,
              "p50_us": 0,
              "p90_us": 0,
              "p99_us": 0,
              "sum_us": 0
            }
          },
          "helpers": {
            "adjacency_lookups": 0,
            "edge_prop_lookups": 0,
            "neighbor_clone_items": 0,
            "vertex_lookups": 0
          },
          "locks": {
            "read_hold_latency": {
              "avg_us": 0,
              "buckets": [
                {
                  "count": 0,
                  "upper_bound_us": 100
                },
                {
                  "count": 0,
                  "upper_bound_us": 250
                },
                {
                  "count": 0,
                  "upper_bound_us": 500
                },
                {
                  "count": 0,
                  "upper_bound_us": 1000
                },
                {
                  "count": 0,
                  "upper_bound_us": 2000
                },
                {
                  "count": 0,
                  "upper_bound_us": 5000
                },
                {
                  "count": 0,
                  "upper_bound_us": 10000
                },
                {
                  "count": 0,
                  "upper_bound_us": 20000
                },
                {
                  "count": 0,
                  "upper_bound_us": 50000
                },
                {
                  "count": 0,
                  "upper_bound_us": 100000
                },
                {
                  "count": 0,
                  "upper_bound_us": 250000
                },
                {
                  "count": 0,
                  "upper_bound_us": 500000
                },
                {
                  "count": 0,
                  "upper_bound_us": 1000000
                },
                {
                  "count": 0,
                  "upper_bound_us": 5000000
                },
                {
                  "count": 0,
                  "upper_bound_us": 30000000
                },
                {
                  "count": 0,
                  "upper_bound_us": 18446744073709551615
                }
              ],
              "count": 0,
              "max_us": 0,
              "min_us": 0,
              "p50_us": 0,
              "p90_us": 0,
              "p99_us": 0,
              "sum_us": 0
            },
            "read_wait_latency": {
              "avg_us": 0,
              "buckets": [
                {
                  "count": 0,
                  "upper_bound_us": 100
                },
                {
                  "count": 0,
                  "upper_bound_us": 250
                },
                {
                  "count": 0,
                  "upper_bound_us": 500
                },
                {
                  "count": 0,
                  "upper_bound_us": 1000
                },
                {
                  "count": 0,
                  "upper_bound_us": 2000
                },
                {
                  "count": 0,
                  "upper_bound_us": 5000
                },
                {
                  "count": 0,
                  "upper_bound_us": 10000
                },
                {
                  "count": 0,
                  "upper_bound_us": 20000
                },
                {
                  "count": 0,
                  "upper_bound_us": 50000
                },
                {
                  "count": 0,
                  "upper_bound_us": 100000
                },
                {
                  "count": 0,
                  "upper_bound_us": 250000
                },
                {
                  "count": 0,
                  "upper_bound_us": 500000
                },
                {
                  "count": 0,
                  "upper_bound_us": 1000000
                },
                {
                  "count": 0,
                  "upper_bound_us": 5000000
                },
                {
                  "count": 0,
                  "upper_bound_us": 30000000
                },
                {
                  "count": 0,
                  "upper_bound_us": 18446744073709551615
                }
              ],
              "count": 0,
              "max_us": 0,
              "min_us": 0,
              "p50_us": 0,
              "p90_us": 0,
              "p99_us": 0,
              "sum_us": 0
            },
            "write_hold_latency": {
              "avg_us": 0,
              "buckets": [
                {
                  "count": 0,
                  "upper_bound_us": 100
                },
                {
                  "count": 0,
                  "upper_bound_us": 250
                },
                {
                  "count": 0,
                  "upper_bound_us": 500
                },
                {
                  "count": 0,
                  "upper_bound_us": 1000
                },
                {
                  "count": 0,
                  "upper_bound_us": 2000
                },
                {
                  "count": 0,
                  "upper_bound_us": 5000
                },
                {
                  "count": 0,
                  "upper_bound_us": 10000
                },
                {
                  "count": 0,
                  "upper_bound_us": 20000
                },
                {
                  "count": 0,
                  "upper_bound_us": 50000
                },
                {
                  "count": 0,
                  "upper_bound_us": 100000
                },
                {
                  "count": 0,
                  "upper_bound_us": 250000
                },
                {
                  "count": 0,
                  "upper_bound_us": 500000
                },
                {
                  "count": 0,
                  "upper_bound_us": 1000000
                },
                {
                  "count": 0,
                  "upper_bound_us": 5000000
                },
                {
                  "count": 0,
                  "upper_bound_us": 30000000
                },
                {
                  "count": 0,
                  "upper_bound_us": 18446744073709551615
                }
              ],
              "count": 0,
              "max_us": 0,
              "min_us": 0,
              "p50_us": 0,
              "p90_us": 0,
              "p99_us": 0,
              "sum_us": 0
            },
            "write_wait_latency": {
              "avg_us": 0,
              "buckets": [
                {
                  "count": 0,
                  "upper_bound_us": 100
                },
                {
                  "count": 0,
                  "upper_bound_us": 250
                },
                {
                  "count": 0,
                  "upper_bound_us": 500
                },
                {
                  "count": 0,
                  "upper_bound_us": 1000
                },
                {
                  "count": 0,
                  "upper_bound_us": 2000
                },
                {
                  "count": 0,
                  "upper_bound_us": 5000
                },
                {
                  "count": 0,
                  "upper_bound_us": 10000
                },
                {
                  "count": 0,
                  "upper_bound_us": 20000
                },
                {
                  "count": 0,
                  "upper_bound_us": 50000
                },
                {
                  "count": 0,
                  "upper_bound_us": 100000
                },
                {
                  "count": 0,
                  "upper_bound_us": 250000
                },
                {
                  "count": 0,
                  "upper_bound_us": 500000
                },
                {
                  "count": 0,
                  "upper_bound_us": 1000000
                },
                {
                  "count": 0,
                  "upper_bound_us": 5000000
                },
                {
                  "count": 0,
                  "upper_bound_us": 30000000
                },
                {
                  "count": 0,
                  "upper_bound_us": 18446744073709551615
                }
              ],
              "count": 0,
              "max_us": 0,
              "min_us": 0,
              "p50_us": 0,
              "p90_us": 0,
              "p99_us": 0,
              "sum_us": 0
            }
          }
        },
        "storage": {
          "compaction_count": 0,
          "compaction_input_bytes": 0,
          "compaction_latency": {
            "avg_us": 0,
            "buckets": [
              {
                "count": 0,
                "upper_bound_us": 100
              },
              {
                "count": 0,
                "upper_bound_us": 250
              },
              {
                "count": 0,
                "upper_bound_us": 500
              },
              {
                "count": 0,
                "upper_bound_us": 1000
              },
              {
                "count": 0,
                "upper_bound_us": 2000
              },
              {
                "count": 0,
                "upper_bound_us": 5000
              },
              {
                "count": 0,
                "upper_bound_us": 10000
              },
              {
                "count": 0,
                "upper_bound_us": 20000
              },
              {
                "count": 0,
                "upper_bound_us": 50000
              },
              {
                "count": 0,
                "upper_bound_us": 100000
              },
              {
                "count": 0,
                "upper_bound_us": 250000
              },
              {
                "count": 0,
                "upper_bound_us": 500000
              },
              {
                "count": 0,
                "upper_bound_us": 1000000
              },
              {
                "count": 0,
                "upper_bound_us": 5000000
              },
              {
                "count": 0,
                "upper_bound_us": 30000000
              },
              {
                "count": 0,
                "upper_bound_us": 18446744073709551615
              }
            ],
            "count": 0,
            "max_us": 0,
            "min_us": 0,
            "p50_us": 0,
            "p90_us": 0,
            "p99_us": 0,
            "sum_us": 0
          },
          "compaction_output_bytes": 0,
          "delete_latency": {
            "avg_us": 0,
            "buckets": [
              {
                "count": 0,
                "upper_bound_us": 100
              },
              {
                "count": 0,
                "upper_bound_us": 250
              },
              {
                "count": 0,
                "upper_bound_us": 500
              },
              {
                "count": 0,
                "upper_bound_us": 1000
              },
              {
                "count": 0,
                "upper_bound_us": 2000
              },
              {
                "count": 0,
                "upper_bound_us": 5000
              },
              {
                "count": 0,
                "upper_bound_us": 10000
              },
              {
                "count": 0,
                "upper_bound_us": 20000
              },
              {
                "count": 0,
                "upper_bound_us": 50000
              },
              {
                "count": 0,
                "upper_bound_us": 100000
              },
              {
                "count": 0,
                "upper_bound_us": 250000
              },
              {
                "count": 0,
                "upper_bound_us": 500000
              },
              {
                "count": 0,
                "upper_bound_us": 1000000
              },
              {
                "count": 0,
                "upper_bound_us": 5000000
              },
              {
                "count": 0,
                "upper_bound_us": 30000000
              },
              {
                "count": 0,
                "upper_bound_us": 18446744073709551615
              }
            ],
            "count": 0,
            "max_us": 0,
            "min_us": 0,
            "p50_us": 0,
            "p90_us": 0,
            "p99_us": 0,
            "sum_us": 0
          },
          "delete_ops": 0,
          "flush_count": 0,
          "flush_latency": {
            "avg_us": 0,
            "buckets": [
              {
                "count": 0,
                "upper_bound_us": 100
              },
              {
                "count": 0,
                "upper_bound_us": 250
              },
              {
                "count": 0,
                "upper_bound_us": 500
              },
              {
                "count": 0,
                "upper_bound_us": 1000
              },
              {
                "count": 0,
                "upper_bound_us": 2000
              },
              {
                "count": 0,
                "upper_bound_us": 5000
              },
              {
                "count": 0,
                "upper_bound_us": 10000
              },
              {
                "count": 0,
                "upper_bound_us": 20000
              },
              {
                "count": 0,
                "upper_bound_us": 50000
              },
              {
                "count": 0,
                "upper_bound_us": 100000
              },
              {
                "count": 0,
                "upper_bound_us": 250000
              },
              {
                "count": 0,
                "upper_bound_us": 500000
              },
              {
                "count": 0,
                "upper_bound_us": 1000000
              },
              {
                "count": 0,
                "upper_bound_us": 5000000
              },
              {
                "count": 0,
                "upper_bound_us": 30000000
              },
              {
                "count": 0,
                "upper_bound_us": 18446744073709551615
              }
            ],
            "count": 0,
            "max_us": 0,
            "min_us": 0,
            "p50_us": 0,
            "p90_us": 0,
            "p99_us": 0,
            "sum_us": 0
          },
          "get_neighbors_latency": {
            "avg_us": 0,
            "buckets": [
              {
                "count": 200,
                "upper_bound_us": 100
              },
              {
                "count": 0,
                "upper_bound_us": 250
              },
              {
                "count": 0,
                "upper_bound_us": 500
              },
              {
                "count": 0,
                "upper_bound_us": 1000
              },
              {
                "count": 0,
                "upper_bound_us": 2000
              },
              {
                "count": 0,
                "upper_bound_us": 5000
              },
              {
                "count": 0,
                "upper_bound_us": 10000
              },
              {
                "count": 0,
                "upper_bound_us": 20000
              },
              {
                "count": 0,
                "upper_bound_us": 50000
              },
              {
                "count": 0,
                "upper_bound_us": 100000
              },
              {
                "count": 0,
                "upper_bound_us": 250000
              },
              {
                "count": 0,
                "upper_bound_us": 500000
              },
              {
                "count": 0,
                "upper_bound_us": 1000000
              },
              {
                "count": 0,
                "upper_bound_us": 5000000
              },
              {
                "count": 0,
                "upper_bound_us": 30000000
              },
              {
                "count": 0,
                "upper_bound_us": 18446744073709551615
              }
            ],
            "count": 200,
            "max_us": 0,
            "min_us": 0,
            "p50_us": 100,
            "p90_us": 100,
            "p99_us": 100,
            "sum_us": 0
          },
          "get_neighbors_ops": 200,
          "insert_latency": {
            "avg_us": 0,
            "buckets": [
              {
                "count": 0,
                "upper_bound_us": 100
              },
              {
                "count": 0,
                "upper_bound_us": 250
              },
              {
                "count": 0,
                "upper_bound_us": 500
              },
              {
                "count": 0,
                "upper_bound_us": 1000
              },
              {
                "count": 0,
                "upper_bound_us": 2000
              },
              {
                "count": 0,
                "upper_bound_us": 5000
              },
              {
                "count": 0,
                "upper_bound_us": 10000
              },
              {
                "count": 0,
                "upper_bound_us": 20000
              },
              {
                "count": 0,
                "upper_bound_us": 50000
              },
              {
                "count": 0,
                "upper_bound_us": 100000
              },
              {
                "count": 0,
                "upper_bound_us": 250000
              },
              {
                "count": 0,
                "upper_bound_us": 500000
              },
              {
                "count": 0,
                "upper_bound_us": 1000000
              },
              {
                "count": 0,
                "upper_bound_us": 5000000
              },
              {
                "count": 0,
                "upper_bound_us": 30000000
              },
              {
                "count": 0,
                "upper_bound_us": 18446744073709551615
              }
            ],
            "count": 0,
            "max_us": 0,
            "min_us": 0,
            "p50_us": 0,
            "p90_us": 0,
            "p99_us": 0,
            "sum_us": 0
          },
          "insert_ops": 0,
          "rebuild_index_latency": {
            "avg_us": 0,
            "buckets": [
              {
                "count": 0,
                "upper_bound_us": 100
              },
              {
                "count": 0,
                "upper_bound_us": 250
              },
              {
                "count": 0,
                "upper_bound_us": 500
              },
              {
                "count": 0,
                "upper_bound_us": 1000
              },
              {
                "count": 0,
                "upper_bound_us": 2000
              },
              {
                "count": 0,
                "upper_bound_us": 5000
              },
              {
                "count": 0,
                "upper_bound_us": 10000
              },
              {
                "count": 0,
                "upper_bound_us": 20000
              },
              {
                "count": 0,
                "upper_bound_us": 50000
              },
              {
                "count": 0,
                "upper_bound_us": 100000
              },
              {
                "count": 0,
                "upper_bound_us": 250000
              },
              {
                "count": 0,
                "upper_bound_us": 500000
              },
              {
                "count": 0,
                "upper_bound_us": 1000000
              },
              {
                "count": 0,
                "upper_bound_us": 5000000
              },
              {
                "count": 0,
                "upper_bound_us": 30000000
              },
              {
                "count": 0,
                "upper_bound_us": 18446744073709551615
              }
            ],
            "count": 0,
            "max_us": 0,
            "min_us": 0,
            "p50_us": 0,
            "p90_us": 0,
            "p99_us": 0,
            "sum_us": 0
          },
          "scan_edges_latency": {
            "avg_us": 0,
            "buckets": [
              {
                "count": 0,
                "upper_bound_us": 100
              },
              {
                "count": 0,
                "upper_bound_us": 250
              },
              {
                "count": 0,
                "upper_bound_us": 500
              },
              {
                "count": 0,
                "upper_bound_us": 1000
              },
              {
                "count": 0,
                "upper_bound_us": 2000
              },
              {
                "count": 0,
                "upper_bound_us": 5000
              },
              {
                "count": 0,
                "upper_bound_us": 10000
              },
              {
                "count": 0,
                "upper_bound_us": 20000
              },
              {
                "count": 0,
                "upper_bound_us": 50000
              },
              {
                "count": 0,
                "upper_bound_us": 100000
              },
              {
                "count": 0,
                "upper_bound_us": 250000
              },
              {
                "count": 0,
                "upper_bound_us": 500000
              },
              {
                "count": 0,
                "upper_bound_us": 1000000
              },
              {
                "count": 0,
                "upper_bound_us": 5000000
              },
              {
                "count": 0,
                "upper_bound_us": 30000000
              },
              {
                "count": 0,
                "upper_bound_us": 18446744073709551615
              }
            ],
            "count": 0,
            "max_us": 0,
            "min_us": 0,
            "p50_us": 0,
            "p90_us": 0,
            "p99_us": 0,
            "sum_us": 0
          },
          "scan_ops": 0
        }
      },
      "neighbor_summary": {
        "bloom_filtered_segments": 0,
        "body_bytes": 0,
        "body_reads": 0,
        "candidate_l0_segments": 0,
        "csr_get_neighbors_avg_us": 0,
        "csr_get_neighbors_p50_us": 0,
        "csr_get_neighbors_p90_us": 0,
        "csr_get_neighbors_p99_us": 0,
        "filter_passed_segments": 0,
        "get_neighbors_avg_us": 0,
        "get_neighbors_ops": 200,
        "get_neighbors_p50_us": 100,
        "get_neighbors_p90_us": 100,
        "get_neighbors_p99_us": 100,
        "header_reads": 0,
        "matched_l0_segments": 0,
        "offset_reads": 0,
        "range_filtered_segments": 0,
        "read_bytes": 0,
        "read_syscalls": 0
      },
      "post_auto_compaction_metrics": null,
      "sample_degrees": [
        {
          "degree": 6,
          "src": 72057594037928001
        },
        {
          "degree": 453,
          "src": 72057594037966608
        },
        {
          "degree": 2998,
          "src": 72057594038006917
        },
        {
          "degree": 19,
          "src": 72057594038046528
        },
        {
          "degree": 142,
          "src": 72057594038087009
        },
        {
          "degree": 719,
          "src": 72057594038127322
        },
        {
          "degree": 222,
          "src": 72057594038167420
        },
        {
          "degree": 3,
          "src": 72057594038208062
        },
        {
          "degree": 63,
          "src": 72057594038246669
        },
        {
          "degree": 536,
          "src": 72057594038286148
        },
        {
          "degree": 75,
          "src": 72057594038325739
        },
        {
          "degree": 2811,
          "src": 72057594038364736
        },
        {
          "degree": 891,
          "src": 72057594038403442
        },
        {
          "degree": 94,
          "src": 72059793061200192
        },
        {
          "degree": 204,
          "src": 72059793061239247
        },
        {
          "degree": 2352,
          "src": 72059793061278809
        },
        {
          "degree": 81,
          "src": 72059793061318647
        },
        {
          "degree": 5,
          "src": 72059793061358969
        },
        {
          "degree": 1427,
          "src": 72059793061400002
        },
        {
          "degree": 603,
          "src": 72059793061441772
        },
        {
          "degree": 1006,
          "src": 72059793061481769
        },
        {
          "degree": 1317,
          "src": 72059793061521404
        },
        {
          "degree": 94,
          "src": 72059793061562363
        },
        {
          "degree": 63,
          "src": 72059793061604472
        },
        {
          "degree": 398,
          "src": 72059793061643876
        },
        {
          "degree": 19,
          "src": 72061992084440142
        },
        {
          "degree": 204,
          "src": 72061992084480839
        },
        {
          "degree": 71,
          "src": 72061992084521674
        },
        {
          "degree": 8,
          "src": 72061992084560459
        },
        {
          "degree": 232,
          "src": 72061992084601707
        },
        {
          "degree": 147,
          "src": 72061992084641513
        },
        {
          "degree": 806,
          "src": 72061992084681963
        },
        {
          "degree": 352,
          "src": 72061992084723628
        },
        {
          "degree": 1482,
          "src": 72061992084764587
        },
        {
          "degree": 1141,
          "src": 72061992084803215
        },
        {
          "degree": 657,
          "src": 72061992084842772
        },
        {
          "degree": 260,
          "src": 72061992084884077
        },
        {
          "degree": 290,
          "src": 72061992084924694
        },
        {
          "degree": 30,
          "src": 72064191107721473
        },
        {
          "degree": 398,
          "src": 72064191107760730
        },
        {
          "degree": 438,
          "src": 72064191107801048
        },
        {
          "degree": 572,
          "src": 72064191107840696
        },
        {
          "degree": 125,
          "src": 72064191107879190
        },
        {
          "degree": 1922,
          "src": 72064191107918736
        },
        {
          "degree": 371,
          "src": 72064191107957987
        },
        {
          "degree": 224,
          "src": 72064191107997724
        },
        {
          "degree": 714,
          "src": 72064191108037321
        },
        {
          "degree": 105,
          "src": 72064191108076662
        },
        {
          "degree": 743,
          "src": 72064191108117236
        },
        {
          "degree": 493,
          "src": 72064191108157803
        },
        {
          "degree": 1258,
          "src": 72066390130954893
        },
        {
          "degree": 1137,
          "src": 72066390130995460
        },
        {
          "degree": 6519,
          "src": 72066390131036413
        },
        {
          "degree": 702,
          "src": 72066390131076051
        },
        {
          "degree": 741,
          "src": 72066390131115516
        },
        {
          "degree": 665,
          "src": 72066390131155506
        },
        {
          "degree": 217,
          "src": 72066390131194717
        },
        {
          "degree": 39,
          "src": 72066390131234075
        },
        {
          "degree": 489,
          "src": 72066390131273931
        },
        {
          "degree": 683,
          "src": 72066390131313782
        },
        {
          "degree": 494,
          "src": 72066390131355022
        },
        {
          "degree": 212,
          "src": 72066390131394510
        },
        {
          "degree": 295,
          "src": 72066390131434271
        },
        {
          "degree": 220,
          "src": 72068589154230459
        },
        {
          "degree": 1297,
          "src": 72068589154271905
        },
        {
          "degree": 94,
          "src": 72068589154311460
        },
        {
          "degree": 96,
          "src": 72068589154351267
        },
        {
          "degree": 533,
          "src": 72068589154390200
        },
        {
          "degree": 629,
          "src": 72068589154429945
        },
        {
          "degree": 258,
          "src": 72068589154471603
        },
        {
          "degree": 725,
          "src": 72068589154511532
        },
        {
          "degree": 148,
          "src": 72068589154550180
        },
        {
          "degree": 655,
          "src": 72068589154590794
        },
        {
          "degree": 573,
          "src": 72068589154632478
        },
        {
          "degree": 191,
          "src": 72068589154672511
        },
        {
          "degree": 692,
          "src": 72070788177467737
        },
        {
          "degree": 142,
          "src": 72070788177507781
        },
        {
          "degree": 89,
          "src": 72070788177547719
        },
        {
          "degree": 2224,
          "src": 72070788177587721
        },
        {
          "degree": 190,
          "src": 72070788177628486
        },
        {
          "degree": 1838,
          "src": 72070788177668807
        },
        {
          "degree": 288,
          "src": 72070788177709160
        },
        {
          "degree": 168,
          "src": 72070788177748517
        },
        {
          "degree": 10,
          "src": 72070788177789838
        },
        {
          "degree": 818,
          "src": 72070788177829720
        },
        {
          "degree": 1638,
          "src": 72070788177871196
        },
        {
          "degree": 18,
          "src": 72070788177911894
        },
        {
          "degree": 1178,
          "src": 72070788177952078
        },
        {
          "degree": 316,
          "src": 72072987200749415
        },
        {
          "degree": 125,
          "src": 72072987200790763
        },
        {
          "degree": 807,
          "src": 72072987200831586
        },
        {
          "degree": 851,
          "src": 72072987200871080
        },
        {
          "degree": 43,
          "src": 72072987200911724
        },
        {
          "degree": 5530,
          "src": 72072987200951705
        },
        {
          "degree": 702,
          "src": 72072987200991523
        },
        {
          "degree": 12,
          "src": 72072987201030501
        },
        {
          "degree": 512,
          "src": 72072987201069656
        },
        {
          "degree": 500,
          "src": 72072987201109289
        },
        {
          "degree": 246,
          "src": 72072987201148178
        },
        {
          "degree": 652,
          "src": 72072987201188431
        },
        {
          "degree": 455,
          "src": 72075186223984455
        },
        {
          "degree": 352,
          "src": 72075186224022965
        },
        {
          "degree": 21,
          "src": 72075186224062302
        },
        {
          "degree": 53,
          "src": 72075186224102207
        },
        {
          "degree": 1027,
          "src": 72075186224142399
        },
        {
          "degree": 1749,
          "src": 72075186224182102
        },
        {
          "degree": 766,
          "src": 72075186224222233
        },
        {
          "degree": 286,
          "src": 72075186224262488
        },
        {
          "degree": 430,
          "src": 72075186224302929
        },
        {
          "degree": 461,
          "src": 72075186224343637
        },
        {
          "degree": 1259,
          "src": 72075186224383878
        },
        {
          "degree": 127,
          "src": 72075186224423128
        },
        {
          "degree": 979,
          "src": 72075186224463898
        },
        {
          "degree": 715,
          "src": 72077385247261258
        },
        {
          "degree": 888,
          "src": 72077385247300432
        },
        {
          "degree": 76,
          "src": 72077385247340431
        },
        {
          "degree": 4,
          "src": 72077385247381218
        },
        {
          "degree": 210,
          "src": 72077385247421008
        },
        {
          "degree": 422,
          "src": 72077385247461416
        },
        {
          "degree": 145,
          "src": 72077385247501562
        },
        {
          "degree": 74,
          "src": 72077385247543359
        },
        {
          "degree": 227,
          "src": 72077385247583309
        },
        {
          "degree": 267,
          "src": 72077385247621868
        },
        {
          "degree": 1214,
          "src": 72077385247661881
        },
        {
          "degree": 893,
          "src": 72077385247701770
        },
        {
          "degree": 680,
          "src": 72079584270498731
        },
        {
          "degree": 239,
          "src": 72079584270537695
        },
        {
          "degree": 611,
          "src": 72079584270577801
        },
        {
          "degree": 1048,
          "src": 72079584270616474
        },
        {
          "degree": 985,
          "src": 72079584270656518
        },
        {
          "degree": 98,
          "src": 72079584270695796
        },
        {
          "degree": 49,
          "src": 72079584270736351
        },
        {
          "degree": 1084,
          "src": 72079584270776301
        },
        {
          "degree": 61,
          "src": 72079584270816784
        },
        {
          "degree": 475,
          "src": 72079584270858017
        },
        {
          "degree": 778,
          "src": 72079584270898461
        },
        {
          "degree": 786,
          "src": 72079584270939507
        },
        {
          "degree": 537,
          "src": 72079584270977972
        },
        {
          "degree": 584,
          "src": 72081783293775717
        },
        {
          "degree": 809,
          "src": 72081783293816000
        },
        {
          "degree": 673,
          "src": 72081783293855804
        },
        {
          "degree": 715,
          "src": 72081783293897720
        },
        {
          "degree": 223,
          "src": 72081783293938308
        },
        {
          "degree": 723,
          "src": 72081783293978786
        },
        {
          "degree": 484,
          "src": 72081783294019765
        },
        {
          "degree": 324,
          "src": 72081783294060603
        },
        {
          "degree": 1042,
          "src": 72081783294099694
        },
        {
          "degree": 94,
          "src": 72081783294139861
        },
        {
          "degree": 191,
          "src": 72081783294179327
        },
        {
          "degree": 605,
          "src": 72081783294217930
        },
        {
          "degree": 141,
          "src": 72083982317014946
        },
        {
          "degree": 1861,
          "src": 72083982317055596
        },
        {
          "degree": 410,
          "src": 72083982317094774
        },
        {
          "degree": 841,
          "src": 72083982317134598
        },
        {
          "degree": 114,
          "src": 72083982317173290
        },
        {
          "degree": 402,
          "src": 72083982317214203
        },
        {
          "degree": 702,
          "src": 72083982317254775
        },
        {
          "degree": 226,
          "src": 72083982317295725
        },
        {
          "degree": 131,
          "src": 72083982317335751
        },
        {
          "degree": 95,
          "src": 72083982317376431
        },
        {
          "degree": 180,
          "src": 72083982317415222
        },
        {
          "degree": 479,
          "src": 72083982317455606
        },
        {
          "degree": 219,
          "src": 72086181340253137
        },
        {
          "degree": 219,
          "src": 72086181340292426
        },
        {
          "degree": 199,
          "src": 72086181340332168
        },
        {
          "degree": 645,
          "src": 72086181340371631
        },
        {
          "degree": 488,
          "src": 72086181340411504
        },
        {
          "degree": 943,
          "src": 72086181340452208
        },
        {
          "degree": 374,
          "src": 72086181340490051
        },
        {
          "degree": 94,
          "src": 72086181340531135
        },
        {
          "degree": 368,
          "src": 72086181340571987
        },
        {
          "degree": 721,
          "src": 72086181340610555
        },
        {
          "degree": 174,
          "src": 72086181340649152
        },
        {
          "degree": 260,
          "src": 72086181340689745
        },
        {
          "degree": 150,
          "src": 72086181340730629
        },
        {
          "degree": 66,
          "src": 72088380363527800
        },
        {
          "degree": 225,
          "src": 72088380363567432
        },
        {
          "degree": 32,
          "src": 72088380363606908
        },
        {
          "degree": 421,
          "src": 72088380363647393
        },
        {
          "degree": 590,
          "src": 72088380363687872
        },
        {
          "degree": 246,
          "src": 72088380363726796
        },
        {
          "degree": 218,
          "src": 72088380363766207
        },
        {
          "degree": 1501,
          "src": 72088380363805001
        },
        {
          "degree": 246,
          "src": 72088380363845522
        },
        {
          "degree": 71,
          "src": 72088380363885117
        },
        {
          "degree": 117,
          "src": 72088380363925654
        },
        {
          "degree": 222,
          "src": 72088380363965255
        },
        {
          "degree": 270,
          "src": 72088380364003736
        },
        {
          "degree": 88,
          "src": 72090579386800154
        },
        {
          "degree": 591,
          "src": 72090579386840876
        },
        {
          "degree": 46,
          "src": 72090579386881303
        },
        {
          "degree": 28,
          "src": 72090579386921842
        },
        {
          "degree": 331,
          "src": 72090579386961985
        },
        {
          "degree": 37,
          "src": 72090579387002286
        },
        {
          "degree": 50,
          "src": 72090579387041138
        },
        {
          "degree": 314,
          "src": 72090579387080552
        },
        {
          "degree": 234,
          "src": 72090579387120258
        },
        {
          "degree": 469,
          "src": 72090579387160823
        },
        {
          "degree": 67,
          "src": 72090579387201668
        },
        {
          "degree": 18,
          "src": 72090579387243837
        }
      ],
      "sampled_srcs": [
        72057594037928001,
        72057594037966608,
        72057594038006917,
        72057594038046528,
        72057594038087009,
        72057594038127322,
        72057594038167420,
        72057594038208062,
        72057594038246669,
        72057594038286148,
        72057594038325739,
        72057594038364736,
        72057594038403442,
        72059793061200192,
        72059793061239247,
        72059793061278809,
        72059793061318647,
        72059793061358969,
        72059793061400002,
        72059793061441772,
        72059793061481769,
        72059793061521404,
        72059793061562363,
        72059793061604472,
        72059793061643876,
        72061992084440142,
        72061992084480839,
        72061992084521674,
        72061992084560459,
        72061992084601707,
        72061992084641513,
        72061992084681963,
        72061992084723628,
        72061992084764587,
        72061992084803215,
        72061992084842772,
        72061992084884077,
        72061992084924694,
        72064191107721473,
        72064191107760730,
        72064191107801048,
        72064191107840696,
        72064191107879190,
        72064191107918736,
        72064191107957987,
        72064191107997724,
        72064191108037321,
        72064191108076662,
        72064191108117236,
        72064191108157803,
        72066390130954893,
        72066390130995460,
        72066390131036413,
        72066390131076051,
        72066390131115516,
        72066390131155506,
        72066390131194717,
        72066390131234075,
        72066390131273931,
        72066390131313782,
        72066390131355022,
        72066390131394510,
        72066390131434271,
        72068589154230459,
        72068589154271905,
        72068589154311460,
        72068589154351267,
        72068589154390200,
        72068589154429945,
        72068589154471603,
        72068589154511532,
        72068589154550180,
        72068589154590794,
        72068589154632478,
        72068589154672511,
        72070788177467737,
        72070788177507781,
        72070788177547719,
        72070788177587721,
        72070788177628486,
        72070788177668807,
        72070788177709160,
        72070788177748517,
        72070788177789838,
        72070788177829720,
        72070788177871196,
        72070788177911894,
        72070788177952078,
        72072987200749415,
        72072987200790763,
        72072987200831586,
        72072987200871080,
        72072987200911724,
        72072987200951705,
        72072987200991523,
        72072987201030501,
        72072987201069656,
        72072987201109289,
        72072987201148178,
        72072987201188431,
        72075186223984455,
        72075186224022965,
        72075186224062302,
        72075186224102207,
        72075186224142399,
        72075186224182102,
        72075186224222233,
        72075186224262488,
        72075186224302929,
        72075186224343637,
        72075186224383878,
        72075186224423128,
        72075186224463898,
        72077385247261258,
        72077385247300432,
        72077385247340431,
        72077385247381218,
        72077385247421008,
        72077385247461416,
        72077385247501562,
        72077385247543359,
        72077385247583309,
        72077385247621868,
        72077385247661881,
        72077385247701770,
        72079584270498731,
        72079584270537695,
        72079584270577801,
        72079584270616474,
        72079584270656518,
        72079584270695796,
        72079584270736351,
        72079584270776301,
        72079584270816784,
        72079584270858017,
        72079584270898461,
        72079584270939507,
        72079584270977972,
        72081783293775717,
        72081783293816000,
        72081783293855804,
        72081783293897720,
        72081783293938308,
        72081783293978786,
        72081783294019765,
        72081783294060603,
        72081783294099694,
        72081783294139861,
        72081783294179327,
        72081783294217930,
        72083982317014946,
        72083982317055596,
        72083982317094774,
        72083982317134598,
        72083982317173290,
        72083982317214203,
        72083982317254775,
        72083982317295725,
        72083982317335751,
        72083982317376431,
        72083982317415222,
        72083982317455606,
        72086181340253137,
        72086181340292426,
        72086181340332168,
        72086181340371631,
        72086181340411504,
        72086181340452208,
        72086181340490051,
        72086181340531135,
        72086181340571987,
        72086181340610555,
        72086181340649152,
        72086181340689745,
        72086181340730629,
        72088380363527800,
        72088380363567432,
        72088380363606908,
        72088380363647393,
        72088380363687872,
        72088380363726796,
        72088380363766207,
        72088380363805001,
        72088380363845522,
        72088380363885117,
        72088380363925654,
        72088380363965255,
        72088380364003736,
        72090579386800154,
        72090579386840876,
        72090579386881303,
        72090579386921842,
        72090579386961985,
        72090579387002286,
        72090579387041138,
        72090579387080552,
        72090579387120258,
        72090579387160823,
        72090579387201668,
        72090579387243837
      ],
      "sampled_vertices": 200,
      "semantic_degree_hint": true
    },
    {
      "auto_compaction": null,
      "candidate_edges_for_sampling": 99515108,
      "candidate_sources_for_sampling": 433765,
      "edge_type": 8,
      "get_neighbors_elapsed_ms": 0,
      "levels_after_run": [
        3444,
        0,
        0,
        0,
        0
      ],
      "neighbor_edges": 0,
      "neighbor_metrics": {
        "csr": {
          "bloom_false_positive_probes": 0,
          "bloom_filtered_segments": 0,
          "body_bytes": 0,
          "body_reads": 0,
          "candidate_l0_segments": 0,
          "filter_passed_segments": 0,
          "full_scan_reads": 0,
          "get_neighbors_latency": {
            "avg_us": 0,
            "buckets": [
              {
                "count": 0,
                "upper_bound_us": 100
              },
              {
                "count": 0,
                "upper_bound_us": 250
              },
              {
                "count": 0,
                "upper_bound_us": 500
              },
              {
                "count": 0,
                "upper_bound_us": 1000
              },
              {
                "count": 0,
                "upper_bound_us": 2000
              },
              {
                "count": 0,
                "upper_bound_us": 5000
              },
              {
                "count": 0,
                "upper_bound_us": 10000
              },
              {
                "count": 0,
                "upper_bound_us": 20000
              },
              {
                "count": 0,
                "upper_bound_us": 50000
              },
              {
                "count": 0,
                "upper_bound_us": 100000
              },
              {
                "count": 0,
                "upper_bound_us": 250000
              },
              {
                "count": 0,
                "upper_bound_us": 500000
              },
              {
                "count": 0,
                "upper_bound_us": 1000000
              },
              {
                "count": 0,
                "upper_bound_us": 5000000
              },
              {
                "count": 0,
                "upper_bound_us": 30000000
              },
              {
                "count": 0,
                "upper_bound_us": 18446744073709551615
              }
            ],
            "count": 0,
            "max_us": 0,
            "min_us": 0,
            "p50_us": 0,
            "p90_us": 0,
            "p99_us": 0,
            "sum_us": 0
          },
          "header_bytes": 0,
          "header_reads": 0,
          "l0_partitions": [],
          "matched_l0_segments": 0,
          "offset_bytes": 0,
          "offset_cache_hits": 0,
          "offset_cache_misses": 0,
          "offset_reads": 0,
          "range_filtered_segments": 0,
          "read_all_edges_latency": {
            "avg_us": 0,
            "buckets": [
              {
                "count": 0,
                "upper_bound_us": 100
              },
              {
                "count": 0,
                "upper_bound_us": 250
              },
              {
                "count": 0,
                "upper_bound_us": 500
              },
              {
                "count": 0,
                "upper_bound_us": 1000
              },
              {
                "count": 0,
                "upper_bound_us": 2000
              },
              {
                "count": 0,
                "upper_bound_us": 5000
              },
              {
                "count": 0,
                "upper_bound_us": 10000
              },
              {
                "count": 0,
                "upper_bound_us": 20000
              },
              {
                "count": 0,
                "upper_bound_us": 50000
              },
              {
                "count": 0,
                "upper_bound_us": 100000
              },
              {
                "count": 0,
                "upper_bound_us": 250000
              },
              {
                "count": 0,
                "upper_bound_us": 500000
              },
              {
                "count": 0,
                "upper_bound_us": 1000000
              },
              {
                "count": 0,
                "upper_bound_us": 5000000
              },
              {
                "count": 0,
                "upper_bound_us": 30000000
              },
              {
                "count": 0,
                "upper_bound_us": 18446744073709551615
              }
            ],
            "count": 0,
            "max_us": 0,
            "min_us": 0,
            "p50_us": 0,
            "p90_us": 0,
            "p99_us": 0,
            "sum_us": 0
          },
          "read_offsets_latency": {
            "avg_us": 0,
            "buckets": [
              {
                "count": 0,
                "upper_bound_us": 100
              },
              {
                "count": 0,
                "upper_bound_us": 250
              },
              {
                "count": 0,
                "upper_bound_us": 500
              },
              {
                "count": 0,
                "upper_bound_us": 1000
              },
              {
                "count": 0,
                "upper_bound_us": 2000
              },
              {
                "count": 0,
                "upper_bound_us": 5000
              },
              {
                "count": 0,
                "upper_bound_us": 10000
              },
              {
                "count": 0,
                "upper_bound_us": 20000
              },
              {
                "count": 0,
                "upper_bound_us": 50000
              },
              {
                "count": 0,
                "upper_bound_us": 100000
              },
              {
                "count": 0,
                "upper_bound_us": 250000
              },
              {
                "count": 0,
                "upper_bound_us": 500000
              },
              {
                "count": 0,
                "upper_bound_us": 1000000
              },
              {
                "count": 0,
                "upper_bound_us": 5000000
              },
              {
                "count": 0,
                "upper_bound_us": 30000000
              },
              {
                "count": 0,
                "upper_bound_us": 18446744073709551615
              }
            ],
            "count": 0,
            "max_us": 0,
            "min_us": 0,
            "p50_us": 0,
            "p90_us": 0,
            "p99_us": 0,
            "sum_us": 0
          }
        },
        "http": {
          "endpoints": {},
          "handler_latency": {
            "avg_us": 0,
            "buckets": [
              {
                "count": 0,
                "upper_bound_us": 100
              },
              {
                "count": 0,
                "upper_bound_us": 250
              },
              {
                "count": 0,
                "upper_bound_us": 500
              },
              {
                "count": 0,
                "upper_bound_us": 1000
              },
              {
                "count": 0,
                "upper_bound_us": 2000
              },
              {
                "count": 0,
                "upper_bound_us": 5000
              },
              {
                "count": 0,
                "upper_bound_us": 10000
              },
              {
                "count": 0,
                "upper_bound_us": 20000
              },
              {
                "count": 0,
                "upper_bound_us": 50000
              },
              {
                "count": 0,
                "upper_bound_us": 100000
              },
              {
                "count": 0,
                "upper_bound_us": 250000
              },
              {
                "count": 0,
                "upper_bound_us": 500000
              },
              {
                "count": 0,
                "upper_bound_us": 1000000
              },
              {
                "count": 0,
                "upper_bound_us": 5000000
              },
              {
                "count": 0,
                "upper_bound_us": 30000000
              },
              {
                "count": 0,
                "upper_bound_us": 18446744073709551615
              }
            ],
            "count": 0,
            "max_us": 0,
            "min_us": 0,
            "p50_us": 0,
            "p90_us": 0,
            "p99_us": 0,
            "sum_us": 0
          },
          "json_parse_latency": {
            "avg_us": 0,
            "buckets": [
              {
                "count": 0,
                "upper_bound_us": 100
              },
              {
                "count": 0,
                "upper_bound_us": 250
              },
              {
                "count": 0,
                "upper_bound_us": 500
              },
              {
                "count": 0,
                "upper_bound_us": 1000
              },
              {
                "count": 0,
                "upper_bound_us": 2000
              },
              {
                "count": 0,
                "upper_bound_us": 5000
              },
              {
                "count": 0,
                "upper_bound_us": 10000
              },
              {
                "count": 0,
                "upper_bound_us": 20000
              },
              {
                "count": 0,
                "upper_bound_us": 50000
              },
              {
                "count": 0,
                "upper_bound_us": 100000
              },
              {
                "count": 0,
                "upper_bound_us": 250000
              },
              {
                "count": 0,
                "upper_bound_us": 500000
              },
              {
                "count": 0,
                "upper_bound_us": 1000000
              },
              {
                "count": 0,
                "upper_bound_us": 5000000
              },
              {
                "count": 0,
                "upper_bound_us": 30000000
              },
              {
                "count": 0,
                "upper_bound_us": 18446744073709551615
              }
            ],
            "count": 0,
            "max_us": 0,
            "min_us": 0,
            "p50_us": 0,
            "p90_us": 0,
            "p99_us": 0,
            "sum_us": 0
          },
          "request_read_latency": {
            "avg_us": 0,
            "buckets": [
              {
                "count": 0,
                "upper_bound_us": 100
              },
              {
                "count": 0,
                "upper_bound_us": 250
              },
              {
                "count": 0,
                "upper_bound_us": 500
              },
              {
                "count": 0,
                "upper_bound_us": 1000
              },
              {
                "count": 0,
                "upper_bound_us": 2000
              },
              {
                "count": 0,
                "upper_bound_us": 5000
              },
              {
                "count": 0,
                "upper_bound_us": 10000
              },
              {
                "count": 0,
                "upper_bound_us": 20000
              },
              {
                "count": 0,
                "upper_bound_us": 50000
              },
              {
                "count": 0,
                "upper_bound_us": 100000
              },
              {
                "count": 0,
                "upper_bound_us": 250000
              },
              {
                "count": 0,
                "upper_bound_us": 500000
              },
              {
                "count": 0,
                "upper_bound_us": 1000000
              },
              {
                "count": 0,
                "upper_bound_us": 5000000
              },
              {
                "count": 0,
                "upper_bound_us": 30000000
              },
              {
                "count": 0,
                "upper_bound_us": 18446744073709551615
              }
            ],
            "count": 0,
            "max_us": 0,
            "min_us": 0,
            "p50_us": 0,
            "p90_us": 0,
            "p99_us": 0,
            "sum_us": 0
          },
          "requests": 0,
          "response_write_latency": {
            "avg_us": 0,
            "buckets": [
              {
                "count": 0,
                "upper_bound_us": 100
              },
              {
                "count": 0,
                "upper_bound_us": 250
              },
              {
                "count": 0,
                "upper_bound_us": 500
              },
              {
                "count": 0,
                "upper_bound_us": 1000
              },
              {
                "count": 0,
                "upper_bound_us": 2000
              },
              {
                "count": 0,
                "upper_bound_us": 5000
              },
              {
                "count": 0,
                "upper_bound_us": 10000
              },
              {
                "count": 0,
                "upper_bound_us": 20000
              },
              {
                "count": 0,
                "upper_bound_us": 50000
              },
              {
                "count": 0,
                "upper_bound_us": 100000
              },
              {
                "count": 0,
                "upper_bound_us": 250000
              },
              {
                "count": 0,
                "upper_bound_us": 500000
              },
              {
                "count": 0,
                "upper_bound_us": 1000000
              },
              {
                "count": 0,
                "upper_bound_us": 5000000
              },
              {
                "count": 0,
                "upper_bound_us": 30000000
              },
              {
                "count": 0,
                "upper_bound_us": 18446744073709551615
              }
            ],
            "count": 0,
            "max_us": 0,
            "min_us": 0,
            "p50_us": 0,
            "p90_us": 0,
            "p99_us": 0,
            "sum_us": 0
          },
          "serialize_latency": {
            "avg_us": 0,
            "buckets": [
              {
                "count": 0,
                "upper_bound_us": 100
              },
              {
                "count": 0,
                "upper_bound_us": 250
              },
              {
                "count": 0,
                "upper_bound_us": 500
              },
              {
                "count": 0,
                "upper_bound_us": 1000
              },
              {
                "count": 0,
                "upper_bound_us": 2000
              },
              {
                "count": 0,
                "upper_bound_us": 5000
              },
              {
                "count": 0,
                "upper_bound_us": 10000
              },
              {
                "count": 0,
                "upper_bound_us": 20000
              },
              {
                "count": 0,
                "upper_bound_us": 50000
              },
              {
                "count": 0,
                "upper_bound_us": 100000
              },
              {
                "count": 0,
                "upper_bound_us": 250000
              },
              {
                "count": 0,
                "upper_bound_us": 500000
              },
              {
                "count": 0,
                "upper_bound_us": 1000000
              },
              {
                "count": 0,
                "upper_bound_us": 5000000
              },
              {
                "count": 0,
                "upper_bound_us": 30000000
              },
              {
                "count": 0,
                "upper_bound_us": 18446744073709551615
              }
            ],
            "count": 0,
            "max_us": 0,
            "min_us": 0,
            "p50_us": 0,
            "p90_us": 0,
            "p99_us": 0,
            "sum_us": 0
          },
          "status_2xx": 0,
          "status_4xx": 0,
          "status_5xx": 0
        },
        "io": {
          "create_blocking_latency": {
            "avg_us": 0,
            "buckets": [
              {
                "count": 0,
                "upper_bound_us": 100
              },
              {
                "count": 0,
                "upper_bound_us": 250
              },
              {
                "count": 0,
                "upper_bound_us": 500
              },
              {
                "count": 0,
                "upper_bound_us": 1000
              },
              {
                "count": 0,
                "upper_bound_us": 2000
              },
              {
                "count": 0,
                "upper_bound_us": 5000
              },
              {
                "count": 0,
                "upper_bound_us": 10000
              },
              {
                "count": 0,
                "upper_bound_us": 20000
              },
              {
                "count": 0,
                "upper_bound_us": 50000
              },
              {
                "count": 0,
                "upper_bound_us": 100000
              },
              {
                "count": 0,
                "upper_bound_us": 250000
              },
              {
                "count": 0,
                "upper_bound_us": 500000
              },
              {
                "count": 0,
                "upper_bound_us": 1000000
              },
              {
                "count": 0,
                "upper_bound_us": 5000000
              },
              {
                "count": 0,
                "upper_bound_us": 30000000
              },
              {
                "count": 0,
                "upper_bound_us": 18446744073709551615
              }
            ],
            "count": 0,
            "max_us": 0,
            "min_us": 0,
            "p50_us": 0,
            "p90_us": 0,
            "p99_us": 0,
            "sum_us": 0
          },
          "read_blocking_latency": {
            "avg_us": 0,
            "buckets": [
              {
                "count": 0,
                "upper_bound_us": 100
              },
              {
                "count": 0,
                "upper_bound_us": 250
              },
              {
                "count": 0,
                "upper_bound_us": 500
              },
              {
                "count": 0,
                "upper_bound_us": 1000
              },
              {
                "count": 0,
                "upper_bound_us": 2000
              },
              {
                "count": 0,
                "upper_bound_us": 5000
              },
              {
                "count": 0,
                "upper_bound_us": 10000
              },
              {
                "count": 0,
                "upper_bound_us": 20000
              },
              {
                "count": 0,
                "upper_bound_us": 50000
              },
              {
                "count": 0,
                "upper_bound_us": 100000
              },
              {
                "count": 0,
                "upper_bound_us": 250000
              },
              {
                "count": 0,
                "upper_bound_us": 500000
              },
              {
                "count": 0,
                "upper_bound_us": 1000000
              },
              {
                "count": 0,
                "upper_bound_us": 5000000
              },
              {
                "count": 0,
                "upper_bound_us": 30000000
              },
              {
                "count": 0,
                "upper_bound_us": 18446744073709551615
              }
            ],
            "count": 0,
            "max_us": 0,
            "min_us": 0,
            "p50_us": 0,
            "p90_us": 0,
            "p99_us": 0,
            "sum_us": 0
          },
          "read_bytes": 0,
          "read_syscalls": 0,
          "remove_blocking_latency": {
            "avg_us": 0,
            "buckets": [
              {
                "count": 0,
                "upper_bound_us": 100
              },
              {
                "count": 0,
                "upper_bound_us": 250
              },
              {
                "count": 0,
                "upper_bound_us": 500
              },
              {
                "count": 0,
                "upper_bound_us": 1000
              },
              {
                "count": 0,
                "upper_bound_us": 2000
              },
              {
                "count": 0,
                "upper_bound_us": 5000
              },
              {
                "count": 0,
                "upper_bound_us": 10000
              },
              {
                "count": 0,
                "upper_bound_us": 20000
              },
              {
                "count": 0,
                "upper_bound_us": 50000
              },
              {
                "count": 0,
                "upper_bound_us": 100000
              },
              {
                "count": 0,
                "upper_bound_us": 250000
              },
              {
                "count": 0,
                "upper_bound_us": 500000
              },
              {
                "count": 0,
                "upper_bound_us": 1000000
              },
              {
                "count": 0,
                "upper_bound_us": 5000000
              },
              {
                "count": 0,
                "upper_bound_us": 30000000
              },
              {
                "count": 0,
                "upper_bound_us": 18446744073709551615
              }
            ],
            "count": 0,
            "max_us": 0,
            "min_us": 0,
            "p50_us": 0,
            "p90_us": 0,
            "p99_us": 0,
            "sum_us": 0
          },
          "semaphore_wait_latency": {
            "avg_us": 0,
            "buckets": [
              {
                "count": 0,
                "upper_bound_us": 100
              },
              {
                "count": 0,
                "upper_bound_us": 250
              },
              {
                "count": 0,
                "upper_bound_us": 500
              },
              {
                "count": 0,
                "upper_bound_us": 1000
              },
              {
                "count": 0,
                "upper_bound_us": 2000
              },
              {
                "count": 0,
                "upper_bound_us": 5000
              },
              {
                "count": 0,
                "upper_bound_us": 10000
              },
              {
                "count": 0,
                "upper_bound_us": 20000
              },
              {
                "count": 0,
                "upper_bound_us": 50000
              },
              {
                "count": 0,
                "upper_bound_us": 100000
              },
              {
                "count": 0,
                "upper_bound_us": 250000
              },
              {
                "count": 0,
                "upper_bound_us": 500000
              },
              {
                "count": 0,
                "upper_bound_us": 1000000
              },
              {
                "count": 0,
                "upper_bound_us": 5000000
              },
              {
                "count": 0,
                "upper_bound_us": 30000000
              },
              {
                "count": 0,
                "upper_bound_us": 18446744073709551615
              }
            ],
            "count": 0,
            "max_us": 0,
            "min_us": 0,
            "p50_us": 0,
            "p90_us": 0,
            "p99_us": 0,
            "sum_us": 0
          },
          "sync_blocking_latency": {
            "avg_us": 0,
            "buckets": [
              {
                "count": 0,
                "upper_bound_us": 100
              },
              {
                "count": 0,
                "upper_bound_us": 250
              },
              {
                "count": 0,
                "upper_bound_us": 500
              },
              {
                "count": 0,
                "upper_bound_us": 1000
              },
              {
                "count": 0,
                "upper_bound_us": 2000
              },
              {
                "count": 0,
                "upper_bound_us": 5000
              },
              {
                "count": 0,
                "upper_bound_us": 10000
              },
              {
                "count": 0,
                "upper_bound_us": 20000
              },
              {
                "count": 0,
                "upper_bound_us": 50000
              },
              {
                "count": 0,
                "upper_bound_us": 100000
              },
              {
                "count": 0,
                "upper_bound_us": 250000
              },
              {
                "count": 0,
                "upper_bound_us": 500000
              },
              {
                "count": 0,
                "upper_bound_us": 1000000
              },
              {
                "count": 0,
                "upper_bound_us": 5000000
              },
              {
                "count": 0,
                "upper_bound_us": 30000000
              },
              {
                "count": 0,
                "upper_bound_us": 18446744073709551615
              }
            ],
            "count": 0,
            "max_us": 0,
            "min_us": 0,
            "p50_us": 0,
            "p90_us": 0,
            "p99_us": 0,
            "sum_us": 0
          },
          "write_blocking_latency": {
            "avg_us": 0,
            "buckets": [
              {
                "count": 0,
                "upper_bound_us": 100
              },
              {
                "count": 0,
                "upper_bound_us": 250
              },
              {
                "count": 0,
                "upper_bound_us": 500
              },
              {
                "count": 0,
                "upper_bound_us": 1000
              },
              {
                "count": 0,
                "upper_bound_us": 2000
              },
              {
                "count": 0,
                "upper_bound_us": 5000
              },
              {
                "count": 0,
                "upper_bound_us": 10000
              },
              {
                "count": 0,
                "upper_bound_us": 20000
              },
              {
                "count": 0,
                "upper_bound_us": 50000
              },
              {
                "count": 0,
                "upper_bound_us": 100000
              },
              {
                "count": 0,
                "upper_bound_us": 250000
              },
              {
                "count": 0,
                "upper_bound_us": 500000
              },
              {
                "count": 0,
                "upper_bound_us": 1000000
              },
              {
                "count": 0,
                "upper_bound_us": 5000000
              },
              {
                "count": 0,
                "upper_bound_us": 30000000
              },
              {
                "count": 0,
                "upper_bound_us": 18446744073709551615
              }
            ],
            "count": 0,
            "max_us": 0,
            "min_us": 0,
            "p50_us": 0,
            "p90_us": 0,
            "p99_us": 0,
            "sum_us": 0
          },
          "write_bytes": 0,
          "write_syscalls": 0
        },
        "snb": {
          "cache": {
            "adjacency_bytes": 0,
            "adjacency_cache_hits": 0,
            "adjacency_cache_misses": 0,
            "adjacency_cache_write_bytes": 0,
            "adjacency_cache_write_syscalls": 0,
            "adjacency_edges": 0,
            "adjacency_group_latency": {
              "avg_us": 0,
              "buckets": [
                {
                  "count": 0,
                  "upper_bound_us": 100
                },
                {
                  "count": 0,
                  "upper_bound_us": 250
                },
                {
                  "count": 0,
                  "upper_bound_us": 500
                },
                {
                  "count": 0,
                  "upper_bound_us": 1000
                },
                {
                  "count": 0,
                  "upper_bound_us": 2000
                },
                {
                  "count": 0,
                  "upper_bound_us": 5000
                },
                {
                  "count": 0,
                  "upper_bound_us": 10000
                },
                {
                  "count": 0,
                  "upper_bound_us": 20000
                },
                {
                  "count": 0,
                  "upper_bound_us": 50000
                },
                {
                  "count": 0,
                  "upper_bound_us": 100000
                },
                {
                  "count": 0,
                  "upper_bound_us": 250000
                },
                {
                  "count": 0,
                  "upper_bound_us": 500000
                },
                {
                  "count": 0,
                  "upper_bound_us": 1000000
                },
                {
                  "count": 0,
                  "upper_bound_us": 5000000
                },
                {
                  "count": 0,
                  "upper_bound_us": 30000000
                },
                {
                  "count": 0,
                  "upper_bound_us": 18446744073709551615
                }
              ],
              "count": 0,
              "max_us": 0,
              "min_us": 0,
              "p50_us": 0,
              "p90_us": 0,
              "p99_us": 0,
              "sum_us": 0
            },
            "adjacency_groups": 0,
            "adjacency_load_latency": {
              "avg_us": 0,
              "buckets": [
                {
                  "count": 0,
                  "upper_bound_us": 100
                },
                {
                  "count": 0,
                  "upper_bound_us": 250
                },
                {
                  "count": 0,
                  "upper_bound_us": 500
                },
                {
                  "count": 0,
                  "upper_bound_us": 1000
                },
                {
                  "count": 0,
                  "upper_bound_us": 2000
                },
                {
                  "count": 0,
                  "upper_bound_us": 5000
                },
                {
                  "count": 0,
                  "upper_bound_us": 10000
                },
                {
                  "count": 0,
                  "upper_bound_us": 20000
                },
                {
                  "count": 0,
                  "upper_bound_us": 50000
                },
                {
                  "count": 0,
                  "upper_bound_us": 100000
                },
                {
                  "count": 0,
                  "upper_bound_us": 250000
                },
                {
                  "count": 0,
                  "upper_bound_us": 500000
                },
                {
                  "count": 0,
                  "upper_bound_us": 1000000
                },
                {
                  "count": 0,
                  "upper_bound_us": 5000000
                },
                {
                  "count": 0,
                  "upper_bound_us": 30000000
                },
                {
                  "count": 0,
                  "upper_bound_us": 18446744073709551615
                }
              ],
              "count": 0,
              "max_us": 0,
              "min_us": 0,
              "p50_us": 0,
              "p90_us": 0,
              "p99_us": 0,
              "sum_us": 0
            },
            "adjacency_scan_latency": {
              "avg_us": 0,
              "buckets": [
                {
                  "count": 0,
                  "upper_bound_us": 100
                },
                {
                  "count": 0,
                  "upper_bound_us": 250
                },
                {
                  "count": 0,
                  "upper_bound_us": 500
                },
                {
                  "count": 0,
                  "upper_bound_us": 1000
                },
                {
                  "count": 0,
                  "upper_bound_us": 2000
                },
                {
                  "count": 0,
                  "upper_bound_us": 5000
                },
                {
                  "count": 0,
                  "upper_bound_us": 10000
                },
                {
                  "count": 0,
                  "upper_bound_us": 20000
                },
                {
                  "count": 0,
                  "upper_bound_us": 50000
                },
                {
                  "count": 0,
                  "upper_bound_us": 100000
                },
                {
                  "count": 0,
                  "upper_bound_us": 250000
                },
                {
                  "count": 0,
                  "upper_bound_us": 500000
                },
                {
                  "count": 0,
                  "upper_bound_us": 1000000
                },
                {
                  "count": 0,
                  "upper_bound_us": 5000000
                },
                {
                  "count": 0,
                  "upper_bound_us": 30000000
                },
                {
                  "count": 0,
                  "upper_bound_us": 18446744073709551615
                }
              ],
              "count": 0,
              "max_us": 0,
              "min_us": 0,
              "p50_us": 0,
              "p90_us": 0,
              "p99_us": 0,
              "sum_us": 0
            },
            "adjacency_write_latency": {
              "avg_us": 0,
              "buckets": [
                {
                  "count": 0,
                  "upper_bound_us": 100
                },
                {
                  "count": 0,
                  "upper_bound_us": 250
                },
                {
                  "count": 0,
                  "upper_bound_us": 500
                },
                {
                  "count": 0,
                  "upper_bound_us": 1000
                },
                {
                  "count": 0,
                  "upper_bound_us": 2000
                },
                {
                  "count": 0,
                  "upper_bound_us": 5000
                },
                {
                  "count": 0,
                  "upper_bound_us": 10000
                },
                {
                  "count": 0,
                  "upper_bound_us": 20000
                },
                {
                  "count": 0,
                  "upper_bound_us": 50000
                },
                {
                  "count": 0,
                  "upper_bound_us": 100000
                },
                {
                  "count": 0,
                  "upper_bound_us": 250000
                },
                {
                  "count": 0,
                  "upper_bound_us": 500000
                },
                {
                  "count": 0,
                  "upper_bound_us": 1000000
                },
                {
                  "count": 0,
                  "upper_bound_us": 5000000
                },
                {
                  "count": 0,
                  "upper_bound_us": 30000000
                },
                {
                  "count": 0,
                  "upper_bound_us": 18446744073709551615
                }
              ],
              "count": 0,
              "max_us": 0,
              "min_us": 0,
              "p50_us": 0,
              "p90_us": 0,
              "p99_us": 0,
              "sum_us": 0
            },
            "edge_props": 0,
            "edge_props_load_latency": {
              "avg_us": 0,
              "buckets": [
                {
                  "count": 0,
                  "upper_bound_us": 100
                },
                {
                  "count": 0,
                  "upper_bound_us": 250
                },
                {
                  "count": 0,
                  "upper_bound_us": 500
                },
                {
                  "count": 0,
                  "upper_bound_us": 1000
                },
                {
                  "count": 0,
                  "upper_bound_us": 2000
                },
                {
                  "count": 0,
                  "upper_bound_us": 5000
                },
                {
                  "count": 0,
                  "upper_bound_us": 10000
                },
                {
                  "count": 0,
                  "upper_bound_us": 20000
                },
                {
                  "count": 0,
                  "upper_bound_us": 50000
                },
                {
                  "count": 0,
                  "upper_bound_us": 100000
                },
                {
                  "count": 0,
                  "upper_bound_us": 250000
                },
                {
                  "count": 0,
                  "upper_bound_us": 500000
                },
                {
                  "count": 0,
                  "upper_bound_us": 1000000
                },
                {
                  "count": 0,
                  "upper_bound_us": 5000000
                },
                {
                  "count": 0,
                  "upper_bound_us": 30000000
                },
                {
                  "count": 0,
                  "upper_bound_us": 18446744073709551615
                }
              ],
              "count": 0,
              "max_us": 0,
              "min_us": 0,
              "p50_us": 0,
              "p90_us": 0,
              "p99_us": 0,
              "sum_us": 0
            },
            "vertices": 0,
            "vertices_load_latency": {
              "avg_us": 0,
              "buckets": [
                {
                  "count": 0,
                  "upper_bound_us": 100
                },
                {
                  "count": 0,
                  "upper_bound_us": 250
                },
                {
                  "count": 0,
                  "upper_bound_us": 500
                },
                {
                  "count": 0,
                  "upper_bound_us": 1000
                },
                {
                  "count": 0,
                  "upper_bound_us": 2000
                },
                {
                  "count": 0,
                  "upper_bound_us": 5000
                },
                {
                  "count": 0,
                  "upper_bound_us": 10000
                },
                {
                  "count": 0,
                  "upper_bound_us": 20000
                },
                {
                  "count": 0,
                  "upper_bound_us": 50000
                },
                {
                  "count": 0,
                  "upper_bound_us": 100000
                },
                {
                  "count": 0,
                  "upper_bound_us": 250000
                },
                {
                  "count": 0,
                  "upper_bound_us": 500000
                },
                {
                  "count": 0,
                  "upper_bound_us": 1000000
                },
                {
                  "count": 0,
                  "upper_bound_us": 5000000
                },
                {
                  "count": 0,
                  "upper_bound_us": 30000000
                },
                {
                  "count": 0,
                  "upper_bound_us": 18446744073709551615
                }
              ],
              "count": 0,
              "max_us": 0,
              "min_us": 0,
              "p50_us": 0,
              "p90_us": 0,
              "p99_us": 0,
              "sum_us": 0
            }
          },
          "helpers": {
            "adjacency_lookups": 0,
            "edge_prop_lookups": 0,
            "neighbor_clone_items": 0,
            "vertex_lookups": 0
          },
          "locks": {
            "read_hold_latency": {
              "avg_us": 0,
              "buckets": [
                {
                  "count": 0,
                  "upper_bound_us": 100
                },
                {
                  "count": 0,
                  "upper_bound_us": 250
                },
                {
                  "count": 0,
                  "upper_bound_us": 500
                },
                {
                  "count": 0,
                  "upper_bound_us": 1000
                },
                {
                  "count": 0,
                  "upper_bound_us": 2000
                },
                {
                  "count": 0,
                  "upper_bound_us": 5000
                },
                {
                  "count": 0,
                  "upper_bound_us": 10000
                },
                {
                  "count": 0,
                  "upper_bound_us": 20000
                },
                {
                  "count": 0,
                  "upper_bound_us": 50000
                },
                {
                  "count": 0,
                  "upper_bound_us": 100000
                },
                {
                  "count": 0,
                  "upper_bound_us": 250000
                },
                {
                  "count": 0,
                  "upper_bound_us": 500000
                },
                {
                  "count": 0,
                  "upper_bound_us": 1000000
                },
                {
                  "count": 0,
                  "upper_bound_us": 5000000
                },
                {
                  "count": 0,
                  "upper_bound_us": 30000000
                },
                {
                  "count": 0,
                  "upper_bound_us": 18446744073709551615
                }
              ],
              "count": 0,
              "max_us": 0,
              "min_us": 0,
              "p50_us": 0,
              "p90_us": 0,
              "p99_us": 0,
              "sum_us": 0
            },
            "read_wait_latency": {
              "avg_us": 0,
              "buckets": [
                {
                  "count": 0,
                  "upper_bound_us": 100
                },
                {
                  "count": 0,
                  "upper_bound_us": 250
                },
                {
                  "count": 0,
                  "upper_bound_us": 500
                },
                {
                  "count": 0,
                  "upper_bound_us": 1000
                },
                {
                  "count": 0,
                  "upper_bound_us": 2000
                },
                {
                  "count": 0,
                  "upper_bound_us": 5000
                },
                {
                  "count": 0,
                  "upper_bound_us": 10000
                },
                {
                  "count": 0,
                  "upper_bound_us": 20000
                },
                {
                  "count": 0,
                  "upper_bound_us": 50000
                },
                {
                  "count": 0,
                  "upper_bound_us": 100000
                },
                {
                  "count": 0,
                  "upper_bound_us": 250000
                },
                {
                  "count": 0,
                  "upper_bound_us": 500000
                },
                {
                  "count": 0,
                  "upper_bound_us": 1000000
                },
                {
                  "count": 0,
                  "upper_bound_us": 5000000
                },
                {
                  "count": 0,
                  "upper_bound_us": 30000000
                },
                {
                  "count": 0,
                  "upper_bound_us": 18446744073709551615
                }
              ],
              "count": 0,
              "max_us": 0,
              "min_us": 0,
              "p50_us": 0,
              "p90_us": 0,
              "p99_us": 0,
              "sum_us": 0
            },
            "write_hold_latency": {
              "avg_us": 0,
              "buckets": [
                {
                  "count": 0,
                  "upper_bound_us": 100
                },
                {
                  "count": 0,
                  "upper_bound_us": 250
                },
                {
                  "count": 0,
                  "upper_bound_us": 500
                },
                {
                  "count": 0,
                  "upper_bound_us": 1000
                },
                {
                  "count": 0,
                  "upper_bound_us": 2000
                },
                {
                  "count": 0,
                  "upper_bound_us": 5000
                },
                {
                  "count": 0,
                  "upper_bound_us": 10000
                },
                {
                  "count": 0,
                  "upper_bound_us": 20000
                },
                {
                  "count": 0,
                  "upper_bound_us": 50000
                },
                {
                  "count": 0,
                  "upper_bound_us": 100000
                },
                {
                  "count": 0,
                  "upper_bound_us": 250000
                },
                {
                  "count": 0,
                  "upper_bound_us": 500000
                },
                {
                  "count": 0,
                  "upper_bound_us": 1000000
                },
                {
                  "count": 0,
                  "upper_bound_us": 5000000
                },
                {
                  "count": 0,
                  "upper_bound_us": 30000000
                },
                {
                  "count": 0,
                  "upper_bound_us": 18446744073709551615
                }
              ],
              "count": 0,
              "max_us": 0,
              "min_us": 0,
              "p50_us": 0,
              "p90_us": 0,
              "p99_us": 0,
              "sum_us": 0
            },
            "write_wait_latency": {
              "avg_us": 0,
              "buckets": [
                {
                  "count": 0,
                  "upper_bound_us": 100
                },
                {
                  "count": 0,
                  "upper_bound_us": 250
                },
                {
                  "count": 0,
                  "upper_bound_us": 500
                },
                {
                  "count": 0,
                  "upper_bound_us": 1000
                },
                {
                  "count": 0,
                  "upper_bound_us": 2000
                },
                {
                  "count": 0,
                  "upper_bound_us": 5000
                },
                {
                  "count": 0,
                  "upper_bound_us": 10000
                },
                {
                  "count": 0,
                  "upper_bound_us": 20000
                },
                {
                  "count": 0,
                  "upper_bound_us": 50000
                },
                {
                  "count": 0,
                  "upper_bound_us": 100000
                },
                {
                  "count": 0,
                  "upper_bound_us": 250000
                },
                {
                  "count": 0,
                  "upper_bound_us": 500000
                },
                {
                  "count": 0,
                  "upper_bound_us": 1000000
                },
                {
                  "count": 0,
                  "upper_bound_us": 5000000
                },
                {
                  "count": 0,
                  "upper_bound_us": 30000000
                },
                {
                  "count": 0,
                  "upper_bound_us": 18446744073709551615
                }
              ],
              "count": 0,
              "max_us": 0,
              "min_us": 0,
              "p50_us": 0,
              "p90_us": 0,
              "p99_us": 0,
              "sum_us": 0
            }
          }
        },
        "storage": {
          "compaction_count": 0,
          "compaction_input_bytes": 0,
          "compaction_latency": {
            "avg_us": 0,
            "buckets": [
              {
                "count": 0,
                "upper_bound_us": 100
              },
              {
                "count": 0,
                "upper_bound_us": 250
              },
              {
                "count": 0,
                "upper_bound_us": 500
              },
              {
                "count": 0,
                "upper_bound_us": 1000
              },
              {
                "count": 0,
                "upper_bound_us": 2000
              },
              {
                "count": 0,
                "upper_bound_us": 5000
              },
              {
                "count": 0,
                "upper_bound_us": 10000
              },
              {
                "count": 0,
                "upper_bound_us": 20000
              },
              {
                "count": 0,
                "upper_bound_us": 50000
              },
              {
                "count": 0,
                "upper_bound_us": 100000
              },
              {
                "count": 0,
                "upper_bound_us": 250000
              },
              {
                "count": 0,
                "upper_bound_us": 500000
              },
              {
                "count": 0,
                "upper_bound_us": 1000000
              },
              {
                "count": 0,
                "upper_bound_us": 5000000
              },
              {
                "count": 0,
                "upper_bound_us": 30000000
              },
              {
                "count": 0,
                "upper_bound_us": 18446744073709551615
              }
            ],
            "count": 0,
            "max_us": 0,
            "min_us": 0,
            "p50_us": 0,
            "p90_us": 0,
            "p99_us": 0,
            "sum_us": 0
          },
          "compaction_output_bytes": 0,
          "delete_latency": {
            "avg_us": 0,
            "buckets": [
              {
                "count": 0,
                "upper_bound_us": 100
              },
              {
                "count": 0,
                "upper_bound_us": 250
              },
              {
                "count": 0,
                "upper_bound_us": 500
              },
              {
                "count": 0,
                "upper_bound_us": 1000
              },
              {
                "count": 0,
                "upper_bound_us": 2000
              },
              {
                "count": 0,
                "upper_bound_us": 5000
              },
              {
                "count": 0,
                "upper_bound_us": 10000
              },
              {
                "count": 0,
                "upper_bound_us": 20000
              },
              {
                "count": 0,
                "upper_bound_us": 50000
              },
              {
                "count": 0,
                "upper_bound_us": 100000
              },
              {
                "count": 0,
                "upper_bound_us": 250000
              },
              {
                "count": 0,
                "upper_bound_us": 500000
              },
              {
                "count": 0,
                "upper_bound_us": 1000000
              },
              {
                "count": 0,
                "upper_bound_us": 5000000
              },
              {
                "count": 0,
                "upper_bound_us": 30000000
              },
              {
                "count": 0,
                "upper_bound_us": 18446744073709551615
              }
            ],
            "count": 0,
            "max_us": 0,
            "min_us": 0,
            "p50_us": 0,
            "p90_us": 0,
            "p99_us": 0,
            "sum_us": 0
          },
          "delete_ops": 0,
          "flush_count": 0,
          "flush_latency": {
            "avg_us": 0,
            "buckets": [
              {
                "count": 0,
                "upper_bound_us": 100
              },
              {
                "count": 0,
                "upper_bound_us": 250
              },
              {
                "count": 0,
                "upper_bound_us": 500
              },
              {
                "count": 0,
                "upper_bound_us": 1000
              },
              {
                "count": 0,
                "upper_bound_us": 2000
              },
              {
                "count": 0,
                "upper_bound_us": 5000
              },
              {
                "count": 0,
                "upper_bound_us": 10000
              },
              {
                "count": 0,
                "upper_bound_us": 20000
              },
              {
                "count": 0,
                "upper_bound_us": 50000
              },
              {
                "count": 0,
                "upper_bound_us": 100000
              },
              {
                "count": 0,
                "upper_bound_us": 250000
              },
              {
                "count": 0,
                "upper_bound_us": 500000
              },
              {
                "count": 0,
                "upper_bound_us": 1000000
              },
              {
                "count": 0,
                "upper_bound_us": 5000000
              },
              {
                "count": 0,
                "upper_bound_us": 30000000
              },
              {
                "count": 0,
                "upper_bound_us": 18446744073709551615
              }
            ],
            "count": 0,
            "max_us": 0,
            "min_us": 0,
            "p50_us": 0,
            "p90_us": 0,
            "p99_us": 0,
            "sum_us": 0
          },
          "get_neighbors_latency": {
            "avg_us": 0,
            "buckets": [
              {
                "count": 200,
                "upper_bound_us": 100
              },
              {
                "count": 0,
                "upper_bound_us": 250
              },
              {
                "count": 0,
                "upper_bound_us": 500
              },
              {
                "count": 0,
                "upper_bound_us": 1000
              },
              {
                "count": 0,
                "upper_bound_us": 2000
              },
              {
                "count": 0,
                "upper_bound_us": 5000
              },
              {
                "count": 0,
                "upper_bound_us": 10000
              },
              {
                "count": 0,
                "upper_bound_us": 20000
              },
              {
                "count": 0,
                "upper_bound_us": 50000
              },
              {
                "count": 0,
                "upper_bound_us": 100000
              },
              {
                "count": 0,
                "upper_bound_us": 250000
              },
              {
                "count": 0,
                "upper_bound_us": 500000
              },
              {
                "count": 0,
                "upper_bound_us": 1000000
              },
              {
                "count": 0,
                "upper_bound_us": 5000000
              },
              {
                "count": 0,
                "upper_bound_us": 30000000
              },
              {
                "count": 0,
                "upper_bound_us": 18446744073709551615
              }
            ],
            "count": 200,
            "max_us": 0,
            "min_us": 0,
            "p50_us": 100,
            "p90_us": 100,
            "p99_us": 100,
            "sum_us": 0
          },
          "get_neighbors_ops": 200,
          "insert_latency": {
            "avg_us": 0,
            "buckets": [
              {
                "count": 0,
                "upper_bound_us": 100
              },
              {
                "count": 0,
                "upper_bound_us": 250
              },
              {
                "count": 0,
                "upper_bound_us": 500
              },
              {
                "count": 0,
                "upper_bound_us": 1000
              },
              {
                "count": 0,
                "upper_bound_us": 2000
              },
              {
                "count": 0,
                "upper_bound_us": 5000
              },
              {
                "count": 0,
                "upper_bound_us": 10000
              },
              {
                "count": 0,
                "upper_bound_us": 20000
              },
              {
                "count": 0,
                "upper_bound_us": 50000
              },
              {
                "count": 0,
                "upper_bound_us": 100000
              },
              {
                "count": 0,
                "upper_bound_us": 250000
              },
              {
                "count": 0,
                "upper_bound_us": 500000
              },
              {
                "count": 0,
                "upper_bound_us": 1000000
              },
              {
                "count": 0,
                "upper_bound_us": 5000000
              },
              {
                "count": 0,
                "upper_bound_us": 30000000
              },
              {
                "count": 0,
                "upper_bound_us": 18446744073709551615
              }
            ],
            "count": 0,
            "max_us": 0,
            "min_us": 0,
            "p50_us": 0,
            "p90_us": 0,
            "p99_us": 0,
            "sum_us": 0
          },
          "insert_ops": 0,
          "rebuild_index_latency": {
            "avg_us": 0,
            "buckets": [
              {
                "count": 0,
                "upper_bound_us": 100
              },
              {
                "count": 0,
                "upper_bound_us": 250
              },
              {
                "count": 0,
                "upper_bound_us": 500
              },
              {
                "count": 0,
                "upper_bound_us": 1000
              },
              {
                "count": 0,
                "upper_bound_us": 2000
              },
              {
                "count": 0,
                "upper_bound_us": 5000
              },
              {
                "count": 0,
                "upper_bound_us": 10000
              },
              {
                "count": 0,
                "upper_bound_us": 20000
              },
              {
                "count": 0,
                "upper_bound_us": 50000
              },
              {
                "count": 0,
                "upper_bound_us": 100000
              },
              {
                "count": 0,
                "upper_bound_us": 250000
              },
              {
                "count": 0,
                "upper_bound_us": 500000
              },
              {
                "count": 0,
                "upper_bound_us": 1000000
              },
              {
                "count": 0,
                "upper_bound_us": 5000000
              },
              {
                "count": 0,
                "upper_bound_us": 30000000
              },
              {
                "count": 0,
                "upper_bound_us": 18446744073709551615
              }
            ],
            "count": 0,
            "max_us": 0,
            "min_us": 0,
            "p50_us": 0,
            "p90_us": 0,
            "p99_us": 0,
            "sum_us": 0
          },
          "scan_edges_latency": {
            "avg_us": 0,
            "buckets": [
              {
                "count": 0,
                "upper_bound_us": 100
              },
              {
                "count": 0,
                "upper_bound_us": 250
              },
              {
                "count": 0,
                "upper_bound_us": 500
              },
              {
                "count": 0,
                "upper_bound_us": 1000
              },
              {
                "count": 0,
                "upper_bound_us": 2000
              },
              {
                "count": 0,
                "upper_bound_us": 5000
              },
              {
                "count": 0,
                "upper_bound_us": 10000
              },
              {
                "count": 0,
                "upper_bound_us": 20000
              },
              {
                "count": 0,
                "upper_bound_us": 50000
              },
              {
                "count": 0,
                "upper_bound_us": 100000
              },
              {
                "count": 0,
                "upper_bound_us": 250000
              },
              {
                "count": 0,
                "upper_bound_us": 500000
              },
              {
                "count": 0,
                "upper_bound_us": 1000000
              },
              {
                "count": 0,
                "upper_bound_us": 5000000
              },
              {
                "count": 0,
                "upper_bound_us": 30000000
              },
              {
                "count": 0,
                "upper_bound_us": 18446744073709551615
              }
            ],
            "count": 0,
            "max_us": 0,
            "min_us": 0,
            "p50_us": 0,
            "p90_us": 0,
            "p99_us": 0,
            "sum_us": 0
          },
          "scan_ops": 0
        }
      },
      "neighbor_summary": {
        "bloom_filtered_segments": 0,
        "body_bytes": 0,
        "body_reads": 0,
        "candidate_l0_segments": 0,
        "csr_get_neighbors_avg_us": 0,
        "csr_get_neighbors_p50_us": 0,
        "csr_get_neighbors_p90_us": 0,
        "csr_get_neighbors_p99_us": 0,
        "filter_passed_segments": 0,
        "get_neighbors_avg_us": 0,
        "get_neighbors_ops": 200,
        "get_neighbors_p50_us": 100,
        "get_neighbors_p90_us": 100,
        "get_neighbors_p99_us": 100,
        "header_reads": 0,
        "matched_l0_segments": 0,
        "offset_reads": 0,
        "range_filtered_segments": 0,
        "read_bytes": 0,
        "read_syscalls": 0
      },
      "post_auto_compaction_metrics": null,
      "sample_degrees": [
        {
          "degree": 33,
          "src": 72057594037928030
        },
        {
          "degree": 87,
          "src": 72057594037968025
        },
        {
          "degree": 3,
          "src": 72057594038008745
        },
        {
          "degree": 379,
          "src": 72057594038049439
        },
        {
          "degree": 234,
          "src": 72057594038090122
        },
        {
          "degree": 3,
          "src": 72057594038130819
        },
        {
          "degree": 90,
          "src": 72057594038170881
        },
        {
          "degree": 18,
          "src": 72057594038211805
        },
        {
          "degree": 236,
          "src": 72057594038250066
        },
        {
          "degree": 68,
          "src": 72057594038289954
        },
        {
          "degree": 15,
          "src": 72057594038329720
        },
        {
          "degree": 62,
          "src": 72057594038368940
        },
        {
          "degree": 917,
          "src": 72057594038407563
        },
        {
          "degree": 1,
          "src": 72059793061204760
        },
        {
          "degree": 306,
          "src": 72059793061243871
        },
        {
          "degree": 1208,
          "src": 72059793061283195
        },
        {
          "degree": 206,
          "src": 72059793061323847
        },
        {
          "degree": 138,
          "src": 72059793061363968
        },
        {
          "degree": 16,
          "src": 72059793061405087
        },
        {
          "degree": 669,
          "src": 72059793061446923
        },
        {
          "degree": 12,
          "src": 72059793061487002
        },
        {
          "degree": 3130,
          "src": 72059793061526802
        },
        {
          "degree": 200,
          "src": 72059793061567892
        },
        {
          "degree": 78,
          "src": 72059793061609090
        },
        {
          "degree": 36,
          "src": 72059793061648998
        },
        {
          "degree": 77,
          "src": 72061992084445074
        },
        {
          "degree": 60,
          "src": 72061992084485543
        },
        {
          "degree": 1025,
          "src": 72061992084526119
        },
        {
          "degree": 130,
          "src": 72061992084565254
        },
        {
          "degree": 713,
          "src": 72061992084606089
        },
        {
          "degree": 396,
          "src": 72061992084646334
        },
        {
          "degree": 340,
          "src": 72061992084686079
        },
        {
          "degree": 58,
          "src": 72061992084727953
        },
        {
          "degree": 34,
          "src": 72061992084768622
        },
        {
          "degree": 1707,
          "src": 72061992084807182
        },
        {
          "degree": 318,
          "src": 72061992084847269
        },
        {
          "degree": 290,
          "src": 72061992084888021
        },
        {
          "degree": 88,
          "src": 72061992084928516
        },
        {
          "degree": 65,
          "src": 72064191107725557
        },
        {
          "degree": 223,
          "src": 72064191107764387
        },
        {
          "degree": 108,
          "src": 72064191107805425
        },
        {
          "degree": 12,
          "src": 72064191107844503
        },
        {
          "degree": 23,
          "src": 72064191107883247
        },
        {
          "degree": 251,
          "src": 72064191107922239
        },
        {
          "degree": 495,
          "src": 72064191107961621
        },
        {
          "degree": 125,
          "src": 72064191108001670
        },
        {
          "degree": 14,
          "src": 72064191108040911
        },
        {
          "degree": 4,
          "src": 72064191108080630
        },
        {
          "degree": 749,
          "src": 72064191108121257
        },
        {
          "degree": 330,
          "src": 72064191108161691
        },
        {
          "degree": 120,
          "src": 72066390130958112
        },
        {
          "degree": 275,
          "src": 72066390130999406
        },
        {
          "degree": 776,
          "src": 72066390131039679
        },
        {
          "degree": 128,
          "src": 72066390131079448
        },
        {
          "degree": 283,
          "src": 72066390131118869
        },
        {
          "degree": 393,
          "src": 72066390131158630
        },
        {
          "degree": 216,
          "src": 72066390131197879
        },
        {
          "degree": 54,
          "src": 72066390131237321
        },
        {
          "degree": 94,
          "src": 72066390131277296
        },
        {
          "degree": 79,
          "src": 72066390131316792
        },
        {
          "degree": 124,
          "src": 72066390131357996
        },
        {
          "degree": 423,
          "src": 72066390131397348
        },
        {
          "degree": 128,
          "src": 72066390131437134
        },
        {
          "degree": 74,
          "src": 72068589154233695
        },
        {
          "degree": 308,
          "src": 72068589154275016
        },
        {
          "degree": 6,
          "src": 72068589154314339
        },
        {
          "degree": 16,
          "src": 72068589154353944
        },
        {
          "degree": 184,
          "src": 72068589154392582
        },
        {
          "degree": 66,
          "src": 72068589154432694
        },
        {
          "degree": 144,
          "src": 72068589154473809
        },
        {
          "degree": 30,
          "src": 72068589154513668
        },
        {
          "degree": 460,
          "src": 72068589154552701
        },
        {
          "degree": 138,
          "src": 72068589154593130
        },
        {
          "degree": 1031,
          "src": 72068589154634964
        },
        {
          "degree": 353,
          "src": 72068589154674294
        },
        {
          "degree": 1068,
          "src": 72070788177469654
        },
        {
          "degree": 26,
          "src": 72070788177509844
        },
        {
          "degree": 278,
          "src": 72070788177550002
        },
        {
          "degree": 326,
          "src": 72070788177589738
        },
        {
          "degree": 199,
          "src": 72070788177630392
        },
        {
          "degree": 10,
          "src": 72070788177670973
        },
        {
          "degree": 202,
          "src": 72070788177711145
        },
        {
          "degree": 763,
          "src": 72070788177750430
        },
        {
          "degree": 279,
          "src": 72070788177791808
        },
        {
          "degree": 160,
          "src": 72070788177831419
        },
        {
          "degree": 242,
          "src": 72070788177872806
        },
        {
          "degree": 67,
          "src": 72070788177913462
        },
        {
          "degree": 155,
          "src": 72070788177953688
        },
        {
          "degree": 119,
          "src": 72072987200750850
        },
        {
          "degree": 339,
          "src": 72072987200792224
        },
        {
          "degree": 492,
          "src": 72072987200833110
        },
        {
          "degree": 298,
          "src": 72072987200872425
        },
        {
          "degree": 7,
          "src": 72072987200913195
        },
        {
          "degree": 53,
          "src": 72072987200952958
        },
        {
          "degree": 606,
          "src": 72072987200992591
        },
        {
          "degree": 398,
          "src": 72072987201031724
        },
        {
          "degree": 262,
          "src": 72072987201070698
        },
        {
          "degree": 168,
          "src": 72072987201110427
        },
        {
          "degree": 398,
          "src": 72072987201149094
        },
        {
          "degree": 587,
          "src": 72072987201189579
        },
        {
          "degree": 67,
          "src": 72075186223985377
        },
        {
          "degree": 650,
          "src": 72075186224023602
        },
        {
          "degree": 55,
          "src": 72075186224063070
        },
        {
          "degree": 201,
          "src": 72075186224103087
        },
        {
          "degree": 11,
          "src": 72075186224143006
        },
        {
          "degree": 360,
          "src": 72075186224182638
        },
        {
          "degree": 308,
          "src": 72075186224222577
        },
        {
          "degree": 247,
          "src": 72075186224262787
        },
        {
          "degree": 151,
          "src": 72075186224303011
        },
        {
          "degree": 232,
          "src": 72075186224343646
        },
        {
          "degree": 445,
          "src": 72075186224383991
        },
        {
          "degree": 85,
          "src": 72075186224423143
        },
        {
          "degree": 139,
          "src": 72075186224463970
        },
        {
          "degree": 1,
          "src": 72077385247261214
        },
        {
          "degree": 69,
          "src": 72077385247300401
        },
        {
          "degree": 909,
          "src": 72077385247340346
        },
        {
          "degree": 2197,
          "src": 72077385247381102
        },
        {
          "degree": 259,
          "src": 72077385247420955
        },
        {
          "degree": 4,
          "src": 72077385247461276
        },
        {
          "degree": 185,
          "src": 72077385247501248
        },
        {
          "degree": 690,
          "src": 72077385247543084
        },
        {
          "degree": 21,
          "src": 72077385247582894
        },
        {
          "degree": 702,
          "src": 72077385247621303
        },
        {
          "degree": 225,
          "src": 72077385247661328
        },
        {
          "degree": 655,
          "src": 72077385247701245
        },
        {
          "degree": 576,
          "src": 72079584270498197
        },
        {
          "degree": 80,
          "src": 72079584270536963
        },
        {
          "degree": 97,
          "src": 72079584270577101
        },
        {
          "degree": 139,
          "src": 72079584270615606
        },
        {
          "degree": 1,
          "src": 72079584270655893
        },
        {
          "degree": 416,
          "src": 72079584270694882
        },
        {
          "degree": 102,
          "src": 72079584270735305
        },
        {
          "degree": 158,
          "src": 72079584270775179
        },
        {
          "degree": 122,
          "src": 72079584270815687
        },
        {
          "degree": 141,
          "src": 72079584270856934
        },
        {
          "degree": 43,
          "src": 72079584270897319
        },
        {
          "degree": 34,
          "src": 72079584270937931
        },
        {
          "degree": 588,
          "src": 72079584270976423
        },
        {
          "degree": 150,
          "src": 72081783293773757
        },
        {
          "degree": 33,
          "src": 72081783293814242
        },
        {
          "degree": 352,
          "src": 72081783293854236
        },
        {
          "degree": 1265,
          "src": 72081783293895789
        },
        {
          "degree": 195,
          "src": 72081783293936536
        },
        {
          "degree": 123,
          "src": 72081783293976938
        },
        {
          "degree": 228,
          "src": 72081783294017948
        },
        {
          "degree": 53,
          "src": 72081783294059013
        },
        {
          "degree": 454,
          "src": 72081783294097945
        },
        {
          "degree": 53,
          "src": 72081783294137598
        },
        {
          "degree": 55,
          "src": 72081783294177135
        },
        {
          "degree": 46,
          "src": 72081783294215797
        },
        {
          "degree": 185,
          "src": 72083982317012635
        },
        {
          "degree": 24,
          "src": 72083982317052839
        },
        {
          "degree": 460,
          "src": 72083982317092490
        },
        {
          "degree": 128,
          "src": 72083982317131981
        },
        {
          "degree": 113,
          "src": 72083982317170412
        },
        {
          "degree": 103,
          "src": 72083982317211353
        },
        {
          "degree": 351,
          "src": 72083982317251779
        },
        {
          "degree": 899,
          "src": 72083982317292270
        },
        {
          "degree": 3,
          "src": 72083982317332904
        },
        {
          "degree": 476,
          "src": 72083982317373467
        },
        {
          "degree": 29,
          "src": 72083982317411813
        },
        {
          "degree": 26,
          "src": 72083982317451947
        },
        {
          "degree": 220,
          "src": 72083982317492902
        },
        {
          "degree": 31,
          "src": 72086181340288766
        },
        {
          "degree": 292,
          "src": 72086181340328978
        },
        {
          "degree": 155,
          "src": 72086181340367769
        },
        {
          "degree": 25,
          "src": 72086181340407228
        },
        {
          "degree": 46,
          "src": 72086181340447970
        },
        {
          "degree": 37,
          "src": 72086181340485707
        },
        {
          "degree": 103,
          "src": 72086181340526495
        },
        {
          "degree": 198,
          "src": 72086181340567130
        },
        {
          "degree": 19,
          "src": 72086181340605888
        },
        {
          "degree": 136,
          "src": 72086181340644792
        },
        {
          "degree": 70,
          "src": 72086181340684632
        },
        {
          "degree": 95,
          "src": 72086181340726344
        },
        {
          "degree": 146,
          "src": 72088380363522858
        },
        {
          "degree": 20,
          "src": 72088380363562800
        },
        {
          "degree": 38,
          "src": 72088380363601786
        },
        {
          "degree": 68,
          "src": 72088380363642446
        },
        {
          "degree": 101,
          "src": 72088380363682948
        },
        {
          "degree": 23,
          "src": 72088380363721545
        },
        {
          "degree": 57,
          "src": 72088380363761246
        },
        {
          "degree": 11,
          "src": 72088380363799345
        },
        {
          "degree": 51,
          "src": 72088380363839829
        },
        {
          "degree": 16,
          "src": 72088380363880192
        },
        {
          "degree": 1439,
          "src": 72088380363920269
        },
        {
          "degree": 322,
          "src": 72088380363959793
        },
        {
          "degree": 4,
          "src": 72088380363997937
        },
        {
          "degree": 39,
          "src": 72090579386794704
        },
        {
          "degree": 65,
          "src": 72090579386834710
        },
        {
          "degree": 72,
          "src": 72090579386875464
        },
        {
          "degree": 130,
          "src": 72090579386916220
        },
        {
          "degree": 2,
          "src": 72090579386955725
        },
        {
          "degree": 24,
          "src": 72090579386996222
        },
        {
          "degree": 116,
          "src": 72090579387035509
        },
        {
          "degree": 21,
          "src": 72090579387074864
        },
        {
          "degree": 39,
          "src": 72090579387115091
        },
        {
          "degree": 17,
          "src": 72090579387155855
        },
        {
          "degree": 151,
          "src": 72090579387196744
        },
        {
          "degree": 9,
          "src": 72090579387238081
        }
      ],
      "sampled_srcs": [
        72057594037928030,
        72057594037968025,
        72057594038008745,
        72057594038049439,
        72057594038090122,
        72057594038130819,
        72057594038170881,
        72057594038211805,
        72057594038250066,
        72057594038289954,
        72057594038329720,
        72057594038368940,
        72057594038407563,
        72059793061204760,
        72059793061243871,
        72059793061283195,
        72059793061323847,
        72059793061363968,
        72059793061405087,
        72059793061446923,
        72059793061487002,
        72059793061526802,
        72059793061567892,
        72059793061609090,
        72059793061648998,
        72061992084445074,
        72061992084485543,
        72061992084526119,
        72061992084565254,
        72061992084606089,
        72061992084646334,
        72061992084686079,
        72061992084727953,
        72061992084768622,
        72061992084807182,
        72061992084847269,
        72061992084888021,
        72061992084928516,
        72064191107725557,
        72064191107764387,
        72064191107805425,
        72064191107844503,
        72064191107883247,
        72064191107922239,
        72064191107961621,
        72064191108001670,
        72064191108040911,
        72064191108080630,
        72064191108121257,
        72064191108161691,
        72066390130958112,
        72066390130999406,
        72066390131039679,
        72066390131079448,
        72066390131118869,
        72066390131158630,
        72066390131197879,
        72066390131237321,
        72066390131277296,
        72066390131316792,
        72066390131357996,
        72066390131397348,
        72066390131437134,
        72068589154233695,
        72068589154275016,
        72068589154314339,
        72068589154353944,
        72068589154392582,
        72068589154432694,
        72068589154473809,
        72068589154513668,
        72068589154552701,
        72068589154593130,
        72068589154634964,
        72068589154674294,
        72070788177469654,
        72070788177509844,
        72070788177550002,
        72070788177589738,
        72070788177630392,
        72070788177670973,
        72070788177711145,
        72070788177750430,
        72070788177791808,
        72070788177831419,
        72070788177872806,
        72070788177913462,
        72070788177953688,
        72072987200750850,
        72072987200792224,
        72072987200833110,
        72072987200872425,
        72072987200913195,
        72072987200952958,
        72072987200992591,
        72072987201031724,
        72072987201070698,
        72072987201110427,
        72072987201149094,
        72072987201189579,
        72075186223985377,
        72075186224023602,
        72075186224063070,
        72075186224103087,
        72075186224143006,
        72075186224182638,
        72075186224222577,
        72075186224262787,
        72075186224303011,
        72075186224343646,
        72075186224383991,
        72075186224423143,
        72075186224463970,
        72077385247261214,
        72077385247300401,
        72077385247340346,
        72077385247381102,
        72077385247420955,
        72077385247461276,
        72077385247501248,
        72077385247543084,
        72077385247582894,
        72077385247621303,
        72077385247661328,
        72077385247701245,
        72079584270498197,
        72079584270536963,
        72079584270577101,
        72079584270615606,
        72079584270655893,
        72079584270694882,
        72079584270735305,
        72079584270775179,
        72079584270815687,
        72079584270856934,
        72079584270897319,
        72079584270937931,
        72079584270976423,
        72081783293773757,
        72081783293814242,
        72081783293854236,
        72081783293895789,
        72081783293936536,
        72081783293976938,
        72081783294017948,
        72081783294059013,
        72081783294097945,
        72081783294137598,
        72081783294177135,
        72081783294215797,
        72083982317012635,
        72083982317052839,
        72083982317092490,
        72083982317131981,
        72083982317170412,
        72083982317211353,
        72083982317251779,
        72083982317292270,
        72083982317332904,
        72083982317373467,
        72083982317411813,
        72083982317451947,
        72083982317492902,
        72086181340288766,
        72086181340328978,
        72086181340367769,
        72086181340407228,
        72086181340447970,
        72086181340485707,
        72086181340526495,
        72086181340567130,
        72086181340605888,
        72086181340644792,
        72086181340684632,
        72086181340726344,
        72088380363522858,
        72088380363562800,
        72088380363601786,
        72088380363642446,
        72088380363682948,
        72088380363721545,
        72088380363761246,
        72088380363799345,
        72088380363839829,
        72088380363880192,
        72088380363920269,
        72088380363959793,
        72088380363997937,
        72090579386794704,
        72090579386834710,
        72090579386875464,
        72090579386916220,
        72090579386955725,
        72090579386996222,
        72090579387035509,
        72090579387074864,
        72090579387115091,
        72090579387155855,
        72090579387196744,
        72090579387238081
      ],
      "sampled_vertices": 200,
      "semantic_degree_hint": true
    },
    {
      "auto_compaction": null,
      "candidate_edges_for_sampling": 111640566,
      "candidate_sources_for_sampling": 111640566,
      "edge_type": 9,
      "get_neighbors_elapsed_ms": 0,
      "levels_after_run": [
        3444,
        0,
        0,
        0,
        0
      ],
      "neighbor_edges": 0,
      "neighbor_metrics": {
        "csr": {
          "bloom_false_positive_probes": 0,
          "bloom_filtered_segments": 0,
          "body_bytes": 0,
          "body_reads": 0,
          "candidate_l0_segments": 0,
          "filter_passed_segments": 0,
          "full_scan_reads": 0,
          "get_neighbors_latency": {
            "avg_us": 0,
            "buckets": [
              {
                "count": 0,
                "upper_bound_us": 100
              },
              {
                "count": 0,
                "upper_bound_us": 250
              },
              {
                "count": 0,
                "upper_bound_us": 500
              },
              {
                "count": 0,
                "upper_bound_us": 1000
              },
              {
                "count": 0,
                "upper_bound_us": 2000
              },
              {
                "count": 0,
                "upper_bound_us": 5000
              },
              {
                "count": 0,
                "upper_bound_us": 10000
              },
              {
                "count": 0,
                "upper_bound_us": 20000
              },
              {
                "count": 0,
                "upper_bound_us": 50000
              },
              {
                "count": 0,
                "upper_bound_us": 100000
              },
              {
                "count": 0,
                "upper_bound_us": 250000
              },
              {
                "count": 0,
                "upper_bound_us": 500000
              },
              {
                "count": 0,
                "upper_bound_us": 1000000
              },
              {
                "count": 0,
                "upper_bound_us": 5000000
              },
              {
                "count": 0,
                "upper_bound_us": 30000000
              },
              {
                "count": 0,
                "upper_bound_us": 18446744073709551615
              }
            ],
            "count": 0,
            "max_us": 0,
            "min_us": 0,
            "p50_us": 0,
            "p90_us": 0,
            "p99_us": 0,
            "sum_us": 0
          },
          "header_bytes": 0,
          "header_reads": 0,
          "l0_partitions": [],
          "matched_l0_segments": 0,
          "offset_bytes": 0,
          "offset_cache_hits": 0,
          "offset_cache_misses": 0,
          "offset_reads": 0,
          "range_filtered_segments": 0,
          "read_all_edges_latency": {
            "avg_us": 0,
            "buckets": [
              {
                "count": 0,
                "upper_bound_us": 100
              },
              {
                "count": 0,
                "upper_bound_us": 250
              },
              {
                "count": 0,
                "upper_bound_us": 500
              },
              {
                "count": 0,
                "upper_bound_us": 1000
              },
              {
                "count": 0,
                "upper_bound_us": 2000
              },
              {
                "count": 0,
                "upper_bound_us": 5000
              },
              {
                "count": 0,
                "upper_bound_us": 10000
              },
              {
                "count": 0,
                "upper_bound_us": 20000
              },
              {
                "count": 0,
                "upper_bound_us": 50000
              },
              {
                "count": 0,
                "upper_bound_us": 100000
              },
              {
                "count": 0,
                "upper_bound_us": 250000
              },
              {
                "count": 0,
                "upper_bound_us": 500000
              },
              {
                "count": 0,
                "upper_bound_us": 1000000
              },
              {
                "count": 0,
                "upper_bound_us": 5000000
              },
              {
                "count": 0,
                "upper_bound_us": 30000000
              },
              {
                "count": 0,
                "upper_bound_us": 18446744073709551615
              }
            ],
            "count": 0,
            "max_us": 0,
            "min_us": 0,
            "p50_us": 0,
            "p90_us": 0,
            "p99_us": 0,
            "sum_us": 0
          },
          "read_offsets_latency": {
            "avg_us": 0,
            "buckets": [
              {
                "count": 0,
                "upper_bound_us": 100
              },
              {
                "count": 0,
                "upper_bound_us": 250
              },
              {
                "count": 0,
                "upper_bound_us": 500
              },
              {
                "count": 0,
                "upper_bound_us": 1000
              },
              {
                "count": 0,
                "upper_bound_us": 2000
              },
              {
                "count": 0,
                "upper_bound_us": 5000
              },
              {
                "count": 0,
                "upper_bound_us": 10000
              },
              {
                "count": 0,
                "upper_bound_us": 20000
              },
              {
                "count": 0,
                "upper_bound_us": 50000
              },
              {
                "count": 0,
                "upper_bound_us": 100000
              },
              {
                "count": 0,
                "upper_bound_us": 250000
              },
              {
                "count": 0,
                "upper_bound_us": 500000
              },
              {
                "count": 0,
                "upper_bound_us": 1000000
              },
              {
                "count": 0,
                "upper_bound_us": 5000000
              },
              {
                "count": 0,
                "upper_bound_us": 30000000
              },
              {
                "count": 0,
                "upper_bound_us": 18446744073709551615
              }
            ],
            "count": 0,
            "max_us": 0,
            "min_us": 0,
            "p50_us": 0,
            "p90_us": 0,
            "p99_us": 0,
            "sum_us": 0
          }
        },
        "http": {
          "endpoints": {},
          "handler_latency": {
            "avg_us": 0,
            "buckets": [
              {
                "count": 0,
                "upper_bound_us": 100
              },
              {
                "count": 0,
                "upper_bound_us": 250
              },
              {
                "count": 0,
                "upper_bound_us": 500
              },
              {
                "count": 0,
                "upper_bound_us": 1000
              },
              {
                "count": 0,
                "upper_bound_us": 2000
              },
              {
                "count": 0,
                "upper_bound_us": 5000
              },
              {
                "count": 0,
                "upper_bound_us": 10000
              },
              {
                "count": 0,
                "upper_bound_us": 20000
              },
              {
                "count": 0,
                "upper_bound_us": 50000
              },
              {
                "count": 0,
                "upper_bound_us": 100000
              },
              {
                "count": 0,
                "upper_bound_us": 250000
              },
              {
                "count": 0,
                "upper_bound_us": 500000
              },
              {
                "count": 0,
                "upper_bound_us": 1000000
              },
              {
                "count": 0,
                "upper_bound_us": 5000000
              },
              {
                "count": 0,
                "upper_bound_us": 30000000
              },
              {
                "count": 0,
                "upper_bound_us": 18446744073709551615
              }
            ],
            "count": 0,
            "max_us": 0,
            "min_us": 0,
            "p50_us": 0,
            "p90_us": 0,
            "p99_us": 0,
            "sum_us": 0
          },
          "json_parse_latency": {
            "avg_us": 0,
            "buckets": [
              {
                "count": 0,
                "upper_bound_us": 100
              },
              {
                "count": 0,
                "upper_bound_us": 250
              },
              {
                "count": 0,
                "upper_bound_us": 500
              },
              {
                "count": 0,
                "upper_bound_us": 1000
              },
              {
                "count": 0,
                "upper_bound_us": 2000
              },
              {
                "count": 0,
                "upper_bound_us": 5000
              },
              {
                "count": 0,
                "upper_bound_us": 10000
              },
              {
                "count": 0,
                "upper_bound_us": 20000
              },
              {
                "count": 0,
                "upper_bound_us": 50000
              },
              {
                "count": 0,
                "upper_bound_us": 100000
              },
              {
                "count": 0,
                "upper_bound_us": 250000
              },
              {
                "count": 0,
                "upper_bound_us": 500000
              },
              {
                "count": 0,
                "upper_bound_us": 1000000
              },
              {
                "count": 0,
                "upper_bound_us": 5000000
              },
              {
                "count": 0,
                "upper_bound_us": 30000000
              },
              {
                "count": 0,
                "upper_bound_us": 18446744073709551615
              }
            ],
            "count": 0,
            "max_us": 0,
            "min_us": 0,
            "p50_us": 0,
            "p90_us": 0,
            "p99_us": 0,
            "sum_us": 0
          },
          "request_read_latency": {
            "avg_us": 0,
            "buckets": [
              {
                "count": 0,
                "upper_bound_us": 100
              },
              {
                "count": 0,
                "upper_bound_us": 250
              },
              {
                "count": 0,
                "upper_bound_us": 500
              },
              {
                "count": 0,
                "upper_bound_us": 1000
              },
              {
                "count": 0,
                "upper_bound_us": 2000
              },
              {
                "count": 0,
                "upper_bound_us": 5000
              },
              {
                "count": 0,
                "upper_bound_us": 10000
              },
              {
                "count": 0,
                "upper_bound_us": 20000
              },
              {
                "count": 0,
                "upper_bound_us": 50000
              },
              {
                "count": 0,
                "upper_bound_us": 100000
              },
              {
                "count": 0,
                "upper_bound_us": 250000
              },
              {
                "count": 0,
                "upper_bound_us": 500000
              },
              {
                "count": 0,
                "upper_bound_us": 1000000
              },
              {
                "count": 0,
                "upper_bound_us": 5000000
              },
              {
                "count": 0,
                "upper_bound_us": 30000000
              },
              {
                "count": 0,
                "upper_bound_us": 18446744073709551615
              }
            ],
            "count": 0,
            "max_us": 0,
            "min_us": 0,
            "p50_us": 0,
            "p90_us": 0,
            "p99_us": 0,
            "sum_us": 0
          },
          "requests": 0,
          "response_write_latency": {
            "avg_us": 0,
            "buckets": [
              {
                "count": 0,
                "upper_bound_us": 100
              },
              {
                "count": 0,
                "upper_bound_us": 250
              },
              {
                "count": 0,
                "upper_bound_us": 500
              },
              {
                "count": 0,
                "upper_bound_us": 1000
              },
              {
                "count": 0,
                "upper_bound_us": 2000
              },
              {
                "count": 0,
                "upper_bound_us": 5000
              },
              {
                "count": 0,
                "upper_bound_us": 10000
              },
              {
                "count": 0,
                "upper_bound_us": 20000
              },
              {
                "count": 0,
                "upper_bound_us": 50000
              },
              {
                "count": 0,
                "upper_bound_us": 100000
              },
              {
                "count": 0,
                "upper_bound_us": 250000
              },
              {
                "count": 0,
                "upper_bound_us": 500000
              },
              {
                "count": 0,
                "upper_bound_us": 1000000
              },
              {
                "count": 0,
                "upper_bound_us": 5000000
              },
              {
                "count": 0,
                "upper_bound_us": 30000000
              },
              {
                "count": 0,
                "upper_bound_us": 18446744073709551615
              }
            ],
            "count": 0,
            "max_us": 0,
            "min_us": 0,
            "p50_us": 0,
            "p90_us": 0,
            "p99_us": 0,
            "sum_us": 0
          },
          "serialize_latency": {
            "avg_us": 0,
            "buckets": [
              {
                "count": 0,
                "upper_bound_us": 100
              },
              {
                "count": 0,
                "upper_bound_us": 250
              },
              {
                "count": 0,
                "upper_bound_us": 500
              },
              {
                "count": 0,
                "upper_bound_us": 1000
              },
              {
                "count": 0,
                "upper_bound_us": 2000
              },
              {
                "count": 0,
                "upper_bound_us": 5000
              },
              {
                "count": 0,
                "upper_bound_us": 10000
              },
              {
                "count": 0,
                "upper_bound_us": 20000
              },
              {
                "count": 0,
                "upper_bound_us": 50000
              },
              {
                "count": 0,
                "upper_bound_us": 100000
              },
              {
                "count": 0,
                "upper_bound_us": 250000
              },
              {
                "count": 0,
                "upper_bound_us": 500000
              },
              {
                "count": 0,
                "upper_bound_us": 1000000
              },
              {
                "count": 0,
                "upper_bound_us": 5000000
              },
              {
                "count": 0,
                "upper_bound_us": 30000000
              },
              {
                "count": 0,
                "upper_bound_us": 18446744073709551615
              }
            ],
            "count": 0,
            "max_us": 0,
            "min_us": 0,
            "p50_us": 0,
            "p90_us": 0,
            "p99_us": 0,
            "sum_us": 0
          },
          "status_2xx": 0,
          "status_4xx": 0,
          "status_5xx": 0
        },
        "io": {
          "create_blocking_latency": {
            "avg_us": 0,
            "buckets": [
              {
                "count": 0,
                "upper_bound_us": 100
              },
              {
                "count": 0,
                "upper_bound_us": 250
              },
              {
                "count": 0,
                "upper_bound_us": 500
              },
              {
                "count": 0,
                "upper_bound_us": 1000
              },
              {
                "count": 0,
                "upper_bound_us": 2000
              },
              {
                "count": 0,
                "upper_bound_us": 5000
              },
              {
                "count": 0,
                "upper_bound_us": 10000
              },
              {
                "count": 0,
                "upper_bound_us": 20000
              },
              {
                "count": 0,
                "upper_bound_us": 50000
              },
              {
                "count": 0,
                "upper_bound_us": 100000
              },
              {
                "count": 0,
                "upper_bound_us": 250000
              },
              {
                "count": 0,
                "upper_bound_us": 500000
              },
              {
                "count": 0,
                "upper_bound_us": 1000000
              },
              {
                "count": 0,
                "upper_bound_us": 5000000
              },
              {
                "count": 0,
                "upper_bound_us": 30000000
              },
              {
                "count": 0,
                "upper_bound_us": 18446744073709551615
              }
            ],
            "count": 0,
            "max_us": 0,
            "min_us": 0,
            "p50_us": 0,
            "p90_us": 0,
            "p99_us": 0,
            "sum_us": 0
          },
          "read_blocking_latency": {
            "avg_us": 0,
            "buckets": [
              {
                "count": 0,
                "upper_bound_us": 100
              },
              {
                "count": 0,
                "upper_bound_us": 250
              },
              {
                "count": 0,
                "upper_bound_us": 500
              },
              {
                "count": 0,
                "upper_bound_us": 1000
              },
              {
                "count": 0,
                "upper_bound_us": 2000
              },
              {
                "count": 0,
                "upper_bound_us": 5000
              },
              {
                "count": 0,
                "upper_bound_us": 10000
              },
              {
                "count": 0,
                "upper_bound_us": 20000
              },
              {
                "count": 0,
                "upper_bound_us": 50000
              },
              {
                "count": 0,
                "upper_bound_us": 100000
              },
              {
                "count": 0,
                "upper_bound_us": 250000
              },
              {
                "count": 0,
                "upper_bound_us": 500000
              },
              {
                "count": 0,
                "upper_bound_us": 1000000
              },
              {
                "count": 0,
                "upper_bound_us": 5000000
              },
              {
                "count": 0,
                "upper_bound_us": 30000000
              },
              {
                "count": 0,
                "upper_bound_us": 18446744073709551615
              }
            ],
            "count": 0,
            "max_us": 0,
            "min_us": 0,
            "p50_us": 0,
            "p90_us": 0,
            "p99_us": 0,
            "sum_us": 0
          },
          "read_bytes": 0,
          "read_syscalls": 0,
          "remove_blocking_latency": {
            "avg_us": 0,
            "buckets": [
              {
                "count": 0,
                "upper_bound_us": 100
              },
              {
                "count": 0,
                "upper_bound_us": 250
              },
              {
                "count": 0,
                "upper_bound_us": 500
              },
              {
                "count": 0,
                "upper_bound_us": 1000
              },
              {
                "count": 0,
                "upper_bound_us": 2000
              },
              {
                "count": 0,
                "upper_bound_us": 5000
              },
              {
                "count": 0,
                "upper_bound_us": 10000
              },
              {
                "count": 0,
                "upper_bound_us": 20000
              },
              {
                "count": 0,
                "upper_bound_us": 50000
              },
              {
                "count": 0,
                "upper_bound_us": 100000
              },
              {
                "count": 0,
                "upper_bound_us": 250000
              },
              {
                "count": 0,
                "upper_bound_us": 500000
              },
              {
                "count": 0,
                "upper_bound_us": 1000000
              },
              {
                "count": 0,
                "upper_bound_us": 5000000
              },
              {
                "count": 0,
                "upper_bound_us": 30000000
              },
              {
                "count": 0,
                "upper_bound_us": 18446744073709551615
              }
            ],
            "count": 0,
            "max_us": 0,
            "min_us": 0,
            "p50_us": 0,
            "p90_us": 0,
            "p99_us": 0,
            "sum_us": 0
          },
          "semaphore_wait_latency": {
            "avg_us": 0,
            "buckets": [
              {
                "count": 0,
                "upper_bound_us": 100
              },
              {
                "count": 0,
                "upper_bound_us": 250
              },
              {
                "count": 0,
                "upper_bound_us": 500
              },
              {
                "count": 0,
                "upper_bound_us": 1000
              },
              {
                "count": 0,
                "upper_bound_us": 2000
              },
              {
                "count": 0,
                "upper_bound_us": 5000
              },
              {
                "count": 0,
                "upper_bound_us": 10000
              },
              {
                "count": 0,
                "upper_bound_us": 20000
              },
              {
                "count": 0,
                "upper_bound_us": 50000
              },
              {
                "count": 0,
                "upper_bound_us": 100000
              },
              {
                "count": 0,
                "upper_bound_us": 250000
              },
              {
                "count": 0,
                "upper_bound_us": 500000
              },
              {
                "count": 0,
                "upper_bound_us": 1000000
              },
              {
                "count": 0,
                "upper_bound_us": 5000000
              },
              {
                "count": 0,
                "upper_bound_us": 30000000
              },
              {
                "count": 0,
                "upper_bound_us": 18446744073709551615
              }
            ],
            "count": 0,
            "max_us": 0,
            "min_us": 0,
            "p50_us": 0,
            "p90_us": 0,
            "p99_us": 0,
            "sum_us": 0
          },
          "sync_blocking_latency": {
            "avg_us": 0,
            "buckets": [
              {
                "count": 0,
                "upper_bound_us": 100
              },
              {
                "count": 0,
                "upper_bound_us": 250
              },
              {
                "count": 0,
                "upper_bound_us": 500
              },
              {
                "count": 0,
                "upper_bound_us": 1000
              },
              {
                "count": 0,
                "upper_bound_us": 2000
              },
              {
                "count": 0,
                "upper_bound_us": 5000
              },
              {
                "count": 0,
                "upper_bound_us": 10000
              },
              {
                "count": 0,
                "upper_bound_us": 20000
              },
              {
                "count": 0,
                "upper_bound_us": 50000
              },
              {
                "count": 0,
                "upper_bound_us": 100000
              },
              {
                "count": 0,
                "upper_bound_us": 250000
              },
              {
                "count": 0,
                "upper_bound_us": 500000
              },
              {
                "count": 0,
                "upper_bound_us": 1000000
              },
              {
                "count": 0,
                "upper_bound_us": 5000000
              },
              {
                "count": 0,
                "upper_bound_us": 30000000
              },
              {
                "count": 0,
                "upper_bound_us": 18446744073709551615
              }
            ],
            "count": 0,
            "max_us": 0,
            "min_us": 0,
            "p50_us": 0,
            "p90_us": 0,
            "p99_us": 0,
            "sum_us": 0
          },
          "write_blocking_latency": {
            "avg_us": 0,
            "buckets": [
              {
                "count": 0,
                "upper_bound_us": 100
              },
              {
                "count": 0,
                "upper_bound_us": 250
              },
              {
                "count": 0,
                "upper_bound_us": 500
              },
              {
                "count": 0,
                "upper_bound_us": 1000
              },
              {
                "count": 0,
                "upper_bound_us": 2000
              },
              {
                "count": 0,
                "upper_bound_us": 5000
              },
              {
                "count": 0,
                "upper_bound_us": 10000
              },
              {
                "count": 0,
                "upper_bound_us": 20000
              },
              {
                "count": 0,
                "upper_bound_us": 50000
              },
              {
                "count": 0,
                "upper_bound_us": 100000
              },
              {
                "count": 0,
                "upper_bound_us": 250000
              },
              {
                "count": 0,
                "upper_bound_us": 500000
              },
              {
                "count": 0,
                "upper_bound_us": 1000000
              },
              {
                "count": 0,
                "upper_bound_us": 5000000
              },
              {
                "count": 0,
                "upper_bound_us": 30000000
              },
              {
                "count": 0,
                "upper_bound_us": 18446744073709551615
              }
            ],
            "count": 0,
            "max_us": 0,
            "min_us": 0,
            "p50_us": 0,
            "p90_us": 0,
            "p99_us": 0,
            "sum_us": 0
          },
          "write_bytes": 0,
          "write_syscalls": 0
        },
        "snb": {
          "cache": {
            "adjacency_bytes": 0,
            "adjacency_cache_hits": 0,
            "adjacency_cache_misses": 0,
            "adjacency_cache_write_bytes": 0,
            "adjacency_cache_write_syscalls": 0,
            "adjacency_edges": 0,
            "adjacency_group_latency": {
              "avg_us": 0,
              "buckets": [
                {
                  "count": 0,
                  "upper_bound_us": 100
                },
                {
                  "count": 0,
                  "upper_bound_us": 250
                },
                {
                  "count": 0,
                  "upper_bound_us": 500
                },
                {
                  "count": 0,
                  "upper_bound_us": 1000
                },
                {
                  "count": 0,
                  "upper_bound_us": 2000
                },
                {
                  "count": 0,
                  "upper_bound_us": 5000
                },
                {
                  "count": 0,
                  "upper_bound_us": 10000
                },
                {
                  "count": 0,
                  "upper_bound_us": 20000
                },
                {
                  "count": 0,
                  "upper_bound_us": 50000
                },
                {
                  "count": 0,
                  "upper_bound_us": 100000
                },
                {
                  "count": 0,
                  "upper_bound_us": 250000
                },
                {
                  "count": 0,
                  "upper_bound_us": 500000
                },
                {
                  "count": 0,
                  "upper_bound_us": 1000000
                },
                {
                  "count": 0,
                  "upper_bound_us": 5000000
                },
                {
                  "count": 0,
                  "upper_bound_us": 30000000
                },
                {
                  "count": 0,
                  "upper_bound_us": 18446744073709551615
                }
              ],
              "count": 0,
              "max_us": 0,
              "min_us": 0,
              "p50_us": 0,
              "p90_us": 0,
              "p99_us": 0,
              "sum_us": 0
            },
            "adjacency_groups": 0,
            "adjacency_load_latency": {
              "avg_us": 0,
              "buckets": [
                {
                  "count": 0,
                  "upper_bound_us": 100
                },
                {
                  "count": 0,
                  "upper_bound_us": 250
                },
                {
                  "count": 0,
                  "upper_bound_us": 500
                },
                {
                  "count": 0,
                  "upper_bound_us": 1000
                },
                {
                  "count": 0,
                  "upper_bound_us": 2000
                },
                {
                  "count": 0,
                  "upper_bound_us": 5000
                },
                {
                  "count": 0,
                  "upper_bound_us": 10000
                },
                {
                  "count": 0,
                  "upper_bound_us": 20000
                },
                {
                  "count": 0,
                  "upper_bound_us": 50000
                },
                {
                  "count": 0,
                  "upper_bound_us": 100000
                },
                {
                  "count": 0,
                  "upper_bound_us": 250000
                },
                {
                  "count": 0,
                  "upper_bound_us": 500000
                },
                {
                  "count": 0,
                  "upper_bound_us": 1000000
                },
                {
                  "count": 0,
                  "upper_bound_us": 5000000
                },
                {
                  "count": 0,
                  "upper_bound_us": 30000000
                },
                {
                  "count": 0,
                  "upper_bound_us": 18446744073709551615
                }
              ],
              "count": 0,
              "max_us": 0,
              "min_us": 0,
              "p50_us": 0,
              "p90_us": 0,
              "p99_us": 0,
              "sum_us": 0
            },
            "adjacency_scan_latency": {
              "avg_us": 0,
              "buckets": [
                {
                  "count": 0,
                  "upper_bound_us": 100
                },
                {
                  "count": 0,
                  "upper_bound_us": 250
                },
                {
                  "count": 0,
                  "upper_bound_us": 500
                },
                {
                  "count": 0,
                  "upper_bound_us": 1000
                },
                {
                  "count": 0,
                  "upper_bound_us": 2000
                },
                {
                  "count": 0,
                  "upper_bound_us": 5000
                },
                {
                  "count": 0,
                  "upper_bound_us": 10000
                },
                {
                  "count": 0,
                  "upper_bound_us": 20000
                },
                {
                  "count": 0,
                  "upper_bound_us": 50000
                },
                {
                  "count": 0,
                  "upper_bound_us": 100000
                },
                {
                  "count": 0,
                  "upper_bound_us": 250000
                },
                {
                  "count": 0,
                  "upper_bound_us": 500000
                },
                {
                  "count": 0,
                  "upper_bound_us": 1000000
                },
                {
                  "count": 0,
                  "upper_bound_us": 5000000
                },
                {
                  "count": 0,
                  "upper_bound_us": 30000000
                },
                {
                  "count": 0,
                  "upper_bound_us": 18446744073709551615
                }
              ],
              "count": 0,
              "max_us": 0,
              "min_us": 0,
              "p50_us": 0,
              "p90_us": 0,
              "p99_us": 0,
              "sum_us": 0
            },
            "adjacency_write_latency": {
              "avg_us": 0,
              "buckets": [
                {
                  "count": 0,
                  "upper_bound_us": 100
                },
                {
                  "count": 0,
                  "upper_bound_us": 250
                },
                {
                  "count": 0,
                  "upper_bound_us": 500
                },
                {
                  "count": 0,
                  "upper_bound_us": 1000
                },
                {
                  "count": 0,
                  "upper_bound_us": 2000
                },
                {
                  "count": 0,
                  "upper_bound_us": 5000
                },
                {
                  "count": 0,
                  "upper_bound_us": 10000
                },
                {
                  "count": 0,
                  "upper_bound_us": 20000
                },
                {
                  "count": 0,
                  "upper_bound_us": 50000
                },
                {
                  "count": 0,
                  "upper_bound_us": 100000
                },
                {
                  "count": 0,
                  "upper_bound_us": 250000
                },
                {
                  "count": 0,
                  "upper_bound_us": 500000
                },
                {
                  "count": 0,
                  "upper_bound_us": 1000000
                },
                {
                  "count": 0,
                  "upper_bound_us": 5000000
                },
                {
                  "count": 0,
                  "upper_bound_us": 30000000
                },
                {
                  "count": 0,
                  "upper_bound_us": 18446744073709551615
                }
              ],
              "count": 0,
              "max_us": 0,
              "min_us": 0,
              "p50_us": 0,
              "p90_us": 0,
              "p99_us": 0,
              "sum_us": 0
            },
            "edge_props": 0,
            "edge_props_load_latency": {
              "avg_us": 0,
              "buckets": [
                {
                  "count": 0,
                  "upper_bound_us": 100
                },
                {
                  "count": 0,
                  "upper_bound_us": 250
                },
                {
                  "count": 0,
                  "upper_bound_us": 500
                },
                {
                  "count": 0,
                  "upper_bound_us": 1000
                },
                {
                  "count": 0,
                  "upper_bound_us": 2000
                },
                {
                  "count": 0,
                  "upper_bound_us": 5000
                },
                {
                  "count": 0,
                  "upper_bound_us": 10000
                },
                {
                  "count": 0,
                  "upper_bound_us": 20000
                },
                {
                  "count": 0,
                  "upper_bound_us": 50000
                },
                {
                  "count": 0,
                  "upper_bound_us": 100000
                },
                {
                  "count": 0,
                  "upper_bound_us": 250000
                },
                {
                  "count": 0,
                  "upper_bound_us": 500000
                },
                {
                  "count": 0,
                  "upper_bound_us": 1000000
                },
                {
                  "count": 0,
                  "upper_bound_us": 5000000
                },
                {
                  "count": 0,
                  "upper_bound_us": 30000000
                },
                {
                  "count": 0,
                  "upper_bound_us": 18446744073709551615
                }
              ],
              "count": 0,
              "max_us": 0,
              "min_us": 0,
              "p50_us": 0,
              "p90_us": 0,
              "p99_us": 0,
              "sum_us": 0
            },
            "vertices": 0,
            "vertices_load_latency": {
              "avg_us": 0,
              "buckets": [
                {
                  "count": 0,
                  "upper_bound_us": 100
                },
                {
                  "count": 0,
                  "upper_bound_us": 250
                },
                {
                  "count": 0,
                  "upper_bound_us": 500
                },
                {
                  "count": 0,
                  "upper_bound_us": 1000
                },
                {
                  "count": 0,
                  "upper_bound_us": 2000
                },
                {
                  "count": 0,
                  "upper_bound_us": 5000
                },
                {
                  "count": 0,
                  "upper_bound_us": 10000
                },
                {
                  "count": 0,
                  "upper_bound_us": 20000
                },
                {
                  "count": 0,
                  "upper_bound_us": 50000
                },
                {
                  "count": 0,
                  "upper_bound_us": 100000
                },
                {
                  "count": 0,
                  "upper_bound_us": 250000
                },
                {
                  "count": 0,
                  "upper_bound_us": 500000
                },
                {
                  "count": 0,
                  "upper_bound_us": 1000000
                },
                {
                  "count": 0,
                  "upper_bound_us": 5000000
                },
                {
                  "count": 0,
                  "upper_bound_us": 30000000
                },
                {
                  "count": 0,
                  "upper_bound_us": 18446744073709551615
                }
              ],
              "count": 0,
              "max_us": 0,
              "min_us": 0,
              "p50_us": 0,
              "p90_us": 0,
              "p99_us": 0,
              "sum_us": 0
            }
          },
          "helpers": {
            "adjacency_lookups": 0,
            "edge_prop_lookups": 0,
            "neighbor_clone_items": 0,
            "vertex_lookups": 0
          },
          "locks": {
            "read_hold_latency": {
              "avg_us": 0,
              "buckets": [
                {
                  "count": 0,
                  "upper_bound_us": 100
                },
                {
                  "count": 0,
                  "upper_bound_us": 250
                },
                {
                  "count": 0,
                  "upper_bound_us": 500
                },
                {
                  "count": 0,
                  "upper_bound_us": 1000
                },
                {
                  "count": 0,
                  "upper_bound_us": 2000
                },
                {
                  "count": 0,
                  "upper_bound_us": 5000
                },
                {
                  "count": 0,
                  "upper_bound_us": 10000
                },
                {
                  "count": 0,
                  "upper_bound_us": 20000
                },
                {
                  "count": 0,
                  "upper_bound_us": 50000
                },
                {
                  "count": 0,
                  "upper_bound_us": 100000
                },
                {
                  "count": 0,
                  "upper_bound_us": 250000
                },
                {
                  "count": 0,
                  "upper_bound_us": 500000
                },
                {
                  "count": 0,
                  "upper_bound_us": 1000000
                },
                {
                  "count": 0,
                  "upper_bound_us": 5000000
                },
                {
                  "count": 0,
                  "upper_bound_us": 30000000
                },
                {
                  "count": 0,
                  "upper_bound_us": 18446744073709551615
                }
              ],
              "count": 0,
              "max_us": 0,
              "min_us": 0,
              "p50_us": 0,
              "p90_us": 0,
              "p99_us": 0,
              "sum_us": 0
            },
            "read_wait_latency": {
              "avg_us": 0,
              "buckets": [
                {
                  "count": 0,
                  "upper_bound_us": 100
                },
                {
                  "count": 0,
                  "upper_bound_us": 250
                },
                {
                  "count": 0,
                  "upper_bound_us": 500
                },
                {
                  "count": 0,
                  "upper_bound_us": 1000
                },
                {
                  "count": 0,
                  "upper_bound_us": 2000
                },
                {
                  "count": 0,
                  "upper_bound_us": 5000
                },
                {
                  "count": 0,
                  "upper_bound_us": 10000
                },
                {
                  "count": 0,
                  "upper_bound_us": 20000
                },
                {
                  "count": 0,
                  "upper_bound_us": 50000
                },
                {
                  "count": 0,
                  "upper_bound_us": 100000
                },
                {
                  "count": 0,
                  "upper_bound_us": 250000
                },
                {
                  "count": 0,
                  "upper_bound_us": 500000
                },
                {
                  "count": 0,
                  "upper_bound_us": 1000000
                },
                {
                  "count": 0,
                  "upper_bound_us": 5000000
                },
                {
                  "count": 0,
                  "upper_bound_us": 30000000
                },
                {
                  "count": 0,
                  "upper_bound_us": 18446744073709551615
                }
              ],
              "count": 0,
              "max_us": 0,
              "min_us": 0,
              "p50_us": 0,
              "p90_us": 0,
              "p99_us": 0,
              "sum_us": 0
            },
            "write_hold_latency": {
              "avg_us": 0,
              "buckets": [
                {
                  "count": 0,
                  "upper_bound_us": 100
                },
                {
                  "count": 0,
                  "upper_bound_us": 250
                },
                {
                  "count": 0,
                  "upper_bound_us": 500
                },
                {
                  "count": 0,
                  "upper_bound_us": 1000
                },
                {
                  "count": 0,
                  "upper_bound_us": 2000
                },
                {
                  "count": 0,
                  "upper_bound_us": 5000
                },
                {
                  "count": 0,
                  "upper_bound_us": 10000
                },
                {
                  "count": 0,
                  "upper_bound_us": 20000
                },
                {
                  "count": 0,
                  "upper_bound_us": 50000
                },
                {
                  "count": 0,
                  "upper_bound_us": 100000
                },
                {
                  "count": 0,
                  "upper_bound_us": 250000
                },
                {
                  "count": 0,
                  "upper_bound_us": 500000
                },
                {
                  "count": 0,
                  "upper_bound_us": 1000000
                },
                {
                  "count": 0,
                  "upper_bound_us": 5000000
                },
                {
                  "count": 0,
                  "upper_bound_us": 30000000
                },
                {
                  "count": 0,
                  "upper_bound_us": 18446744073709551615
                }
              ],
              "count": 0,
              "max_us": 0,
              "min_us": 0,
              "p50_us": 0,
              "p90_us": 0,
              "p99_us": 0,
              "sum_us": 0
            },
            "write_wait_latency": {
              "avg_us": 0,
              "buckets": [
                {
                  "count": 0,
                  "upper_bound_us": 100
                },
                {
                  "count": 0,
                  "upper_bound_us": 250
                },
                {
                  "count": 0,
                  "upper_bound_us": 500
                },
                {
                  "count": 0,
                  "upper_bound_us": 1000
                },
                {
                  "count": 0,
                  "upper_bound_us": 2000
                },
                {
                  "count": 0,
                  "upper_bound_us": 5000
                },
                {
                  "count": 0,
                  "upper_bound_us": 10000
                },
                {
                  "count": 0,
                  "upper_bound_us": 20000
                },
                {
                  "count": 0,
                  "upper_bound_us": 50000
                },
                {
                  "count": 0,
                  "upper_bound_us": 100000
                },
                {
                  "count": 0,
                  "upper_bound_us": 250000
                },
                {
                  "count": 0,
                  "upper_bound_us": 500000
                },
                {
                  "count": 0,
                  "upper_bound_us": 1000000
                },
                {
                  "count": 0,
                  "upper_bound_us": 5000000
                },
                {
                  "count": 0,
                  "upper_bound_us": 30000000
                },
                {
                  "count": 0,
                  "upper_bound_us": 18446744073709551615
                }
              ],
              "count": 0,
              "max_us": 0,
              "min_us": 0,
              "p50_us": 0,
              "p90_us": 0,
              "p99_us": 0,
              "sum_us": 0
            }
          }
        },
        "storage": {
          "compaction_count": 0,
          "compaction_input_bytes": 0,
          "compaction_latency": {
            "avg_us": 0,
            "buckets": [
              {
                "count": 0,
                "upper_bound_us": 100
              },
              {
                "count": 0,
                "upper_bound_us": 250
              },
              {
                "count": 0,
                "upper_bound_us": 500
              },
              {
                "count": 0,
                "upper_bound_us": 1000
              },
              {
                "count": 0,
                "upper_bound_us": 2000
              },
              {
                "count": 0,
                "upper_bound_us": 5000
              },
              {
                "count": 0,
                "upper_bound_us": 10000
              },
              {
                "count": 0,
                "upper_bound_us": 20000
              },
              {
                "count": 0,
                "upper_bound_us": 50000
              },
              {
                "count": 0,
                "upper_bound_us": 100000
              },
              {
                "count": 0,
                "upper_bound_us": 250000
              },
              {
                "count": 0,
                "upper_bound_us": 500000
              },
              {
                "count": 0,
                "upper_bound_us": 1000000
              },
              {
                "count": 0,
                "upper_bound_us": 5000000
              },
              {
                "count": 0,
                "upper_bound_us": 30000000
              },
              {
                "count": 0,
                "upper_bound_us": 18446744073709551615
              }
            ],
            "count": 0,
            "max_us": 0,
            "min_us": 0,
            "p50_us": 0,
            "p90_us": 0,
            "p99_us": 0,
            "sum_us": 0
          },
          "compaction_output_bytes": 0,
          "delete_latency": {
            "avg_us": 0,
            "buckets": [
              {
                "count": 0,
                "upper_bound_us": 100
              },
              {
                "count": 0,
                "upper_bound_us": 250
              },
              {
                "count": 0,
                "upper_bound_us": 500
              },
              {
                "count": 0,
                "upper_bound_us": 1000
              },
              {
                "count": 0,
                "upper_bound_us": 2000
              },
              {
                "count": 0,
                "upper_bound_us": 5000
              },
              {
                "count": 0,
                "upper_bound_us": 10000
              },
              {
                "count": 0,
                "upper_bound_us": 20000
              },
              {
                "count": 0,
                "upper_bound_us": 50000
              },
              {
                "count": 0,
                "upper_bound_us": 100000
              },
              {
                "count": 0,
                "upper_bound_us": 250000
              },
              {
                "count": 0,
                "upper_bound_us": 500000
              },
              {
                "count": 0,
                "upper_bound_us": 1000000
              },
              {
                "count": 0,
                "upper_bound_us": 5000000
              },
              {
                "count": 0,
                "upper_bound_us": 30000000
              },
              {
                "count": 0,
                "upper_bound_us": 18446744073709551615
              }
            ],
            "count": 0,
            "max_us": 0,
            "min_us": 0,
            "p50_us": 0,
            "p90_us": 0,
            "p99_us": 0,
            "sum_us": 0
          },
          "delete_ops": 0,
          "flush_count": 0,
          "flush_latency": {
            "avg_us": 0,
            "buckets": [
              {
                "count": 0,
                "upper_bound_us": 100
              },
              {
                "count": 0,
                "upper_bound_us": 250
              },
              {
                "count": 0,
                "upper_bound_us": 500
              },
              {
                "count": 0,
                "upper_bound_us": 1000
              },
              {
                "count": 0,
                "upper_bound_us": 2000
              },
              {
                "count": 0,
                "upper_bound_us": 5000
              },
              {
                "count": 0,
                "upper_bound_us": 10000
              },
              {
                "count": 0,
                "upper_bound_us": 20000
              },
              {
                "count": 0,
                "upper_bound_us": 50000
              },
              {
                "count": 0,
                "upper_bound_us": 100000
              },
              {
                "count": 0,
                "upper_bound_us": 250000
              },
              {
                "count": 0,
                "upper_bound_us": 500000
              },
              {
                "count": 0,
                "upper_bound_us": 1000000
              },
              {
                "count": 0,
                "upper_bound_us": 5000000
              },
              {
                "count": 0,
                "upper_bound_us": 30000000
              },
              {
                "count": 0,
                "upper_bound_us": 18446744073709551615
              }
            ],
            "count": 0,
            "max_us": 0,
            "min_us": 0,
            "p50_us": 0,
            "p90_us": 0,
            "p99_us": 0,
            "sum_us": 0
          },
          "get_neighbors_latency": {
            "avg_us": 0,
            "buckets": [
              {
                "count": 200,
                "upper_bound_us": 100
              },
              {
                "count": 0,
                "upper_bound_us": 250
              },
              {
                "count": 0,
                "upper_bound_us": 500
              },
              {
                "count": 0,
                "upper_bound_us": 1000
              },
              {
                "count": 0,
                "upper_bound_us": 2000
              },
              {
                "count": 0,
                "upper_bound_us": 5000
              },
              {
                "count": 0,
                "upper_bound_us": 10000
              },
              {
                "count": 0,
                "upper_bound_us": 20000
              },
              {
                "count": 0,
                "upper_bound_us": 50000
              },
              {
                "count": 0,
                "upper_bound_us": 100000
              },
              {
                "count": 0,
                "upper_bound_us": 250000
              },
              {
                "count": 0,
                "upper_bound_us": 500000
              },
              {
                "count": 0,
                "upper_bound_us": 1000000
              },
              {
                "count": 0,
                "upper_bound_us": 5000000
              },
              {
                "count": 0,
                "upper_bound_us": 30000000
              },
              {
                "count": 0,
                "upper_bound_us": 18446744073709551615
              }
            ],
            "count": 200,
            "max_us": 0,
            "min_us": 0,
            "p50_us": 100,
            "p90_us": 100,
            "p99_us": 100,
            "sum_us": 0
          },
          "get_neighbors_ops": 200,
          "insert_latency": {
            "avg_us": 0,
            "buckets": [
              {
                "count": 0,
                "upper_bound_us": 100
              },
              {
                "count": 0,
                "upper_bound_us": 250
              },
              {
                "count": 0,
                "upper_bound_us": 500
              },
              {
                "count": 0,
                "upper_bound_us": 1000
              },
              {
                "count": 0,
                "upper_bound_us": 2000
              },
              {
                "count": 0,
                "upper_bound_us": 5000
              },
              {
                "count": 0,
                "upper_bound_us": 10000
              },
              {
                "count": 0,
                "upper_bound_us": 20000
              },
              {
                "count": 0,
                "upper_bound_us": 50000
              },
              {
                "count": 0,
                "upper_bound_us": 100000
              },
              {
                "count": 0,
                "upper_bound_us": 250000
              },
              {
                "count": 0,
                "upper_bound_us": 500000
              },
              {
                "count": 0,
                "upper_bound_us": 1000000
              },
              {
                "count": 0,
                "upper_bound_us": 5000000
              },
              {
                "count": 0,
                "upper_bound_us": 30000000
              },
              {
                "count": 0,
                "upper_bound_us": 18446744073709551615
              }
            ],
            "count": 0,
            "max_us": 0,
            "min_us": 0,
            "p50_us": 0,
            "p90_us": 0,
            "p99_us": 0,
            "sum_us": 0
          },
          "insert_ops": 0,
          "rebuild_index_latency": {
            "avg_us": 0,
            "buckets": [
              {
                "count": 0,
                "upper_bound_us": 100
              },
              {
                "count": 0,
                "upper_bound_us": 250
              },
              {
                "count": 0,
                "upper_bound_us": 500
              },
              {
                "count": 0,
                "upper_bound_us": 1000
              },
              {
                "count": 0,
                "upper_bound_us": 2000
              },
              {
                "count": 0,
                "upper_bound_us": 5000
              },
              {
                "count": 0,
                "upper_bound_us": 10000
              },
              {
                "count": 0,
                "upper_bound_us": 20000
              },
              {
                "count": 0,
                "upper_bound_us": 50000
              },
              {
                "count": 0,
                "upper_bound_us": 100000
              },
              {
                "count": 0,
                "upper_bound_us": 250000
              },
              {
                "count": 0,
                "upper_bound_us": 500000
              },
              {
                "count": 0,
                "upper_bound_us": 1000000
              },
              {
                "count": 0,
                "upper_bound_us": 5000000
              },
              {
                "count": 0,
                "upper_bound_us": 30000000
              },
              {
                "count": 0,
                "upper_bound_us": 18446744073709551615
              }
            ],
            "count": 0,
            "max_us": 0,
            "min_us": 0,
            "p50_us": 0,
            "p90_us": 0,
            "p99_us": 0,
            "sum_us": 0
          },
          "scan_edges_latency": {
            "avg_us": 0,
            "buckets": [
              {
                "count": 0,
                "upper_bound_us": 100
              },
              {
                "count": 0,
                "upper_bound_us": 250
              },
              {
                "count": 0,
                "upper_bound_us": 500
              },
              {
                "count": 0,
                "upper_bound_us": 1000
              },
              {
                "count": 0,
                "upper_bound_us": 2000
              },
              {
                "count": 0,
                "upper_bound_us": 5000
              },
              {
                "count": 0,
                "upper_bound_us": 10000
              },
              {
                "count": 0,
                "upper_bound_us": 20000
              },
              {
                "count": 0,
                "upper_bound_us": 50000
              },
              {
                "count": 0,
                "upper_bound_us": 100000
              },
              {
                "count": 0,
                "upper_bound_us": 250000
              },
              {
                "count": 0,
                "upper_bound_us": 500000
              },
              {
                "count": 0,
                "upper_bound_us": 1000000
              },
              {
                "count": 0,
                "upper_bound_us": 5000000
              },
              {
                "count": 0,
                "upper_bound_us": 30000000
              },
              {
                "count": 0,
                "upper_bound_us": 18446744073709551615
              }
            ],
            "count": 0,
            "max_us": 0,
            "min_us": 0,
            "p50_us": 0,
            "p90_us": 0,
            "p99_us": 0,
            "sum_us": 0
          },
          "scan_ops": 0
        }
      },
      "neighbor_summary": {
        "bloom_filtered_segments": 0,
        "body_bytes": 0,
        "body_reads": 0,
        "candidate_l0_segments": 0,
        "csr_get_neighbors_avg_us": 0,
        "csr_get_neighbors_p50_us": 0,
        "csr_get_neighbors_p90_us": 0,
        "csr_get_neighbors_p99_us": 0,
        "filter_passed_segments": 0,
        "get_neighbors_avg_us": 0,
        "get_neighbors_ops": 200,
        "get_neighbors_p50_us": 100,
        "get_neighbors_p90_us": 100,
        "get_neighbors_p99_us": 100,
        "header_reads": 0,
        "matched_l0_segments": 0,
        "offset_reads": 0,
        "range_filtered_segments": 0,
        "read_bytes": 0,
        "read_syscalls": 0
      },
      "post_auto_compaction_metrics": null,
      "sample_degrees": [
        {
          "degree": 1,
          "src": 144115188075860070
        },
        {
          "degree": 1,
          "src": 144115188456323475
        },
        {
          "degree": 1,
          "src": 144119586297965095
        },
        {
          "degree": 1,
          "src": 144119586366700469
        },
        {
          "degree": 1,
          "src": 144123984178933808
        },
        {
          "degree": 1,
          "src": 144123984198548762
        },
        {
          "degree": 1,
          "src": 144123984350058783
        },
        {
          "degree": 1,
          "src": 144123984384787160
        },
        {
          "degree": 1,
          "src": 144123984403510316
        },
        {
          "degree": 1,
          "src": 144123984573166159
        },
        {
          "degree": 1,
          "src": 144128382223212991
        },
        {
          "degree": 1,
          "src": 144128382238915102
        },
        {
          "degree": 1,
          "src": 144128382258838537
        },
        {
          "degree": 1,
          "src": 144128382397272002
        },
        {
          "degree": 1,
          "src": 144128382431127905
        },
        {
          "degree": 1,
          "src": 144128382448030556
        },
        {
          "degree": 1,
          "src": 144128382494443330
        },
        {
          "degree": 1,
          "src": 144128382643482472
        },
        {
          "degree": 1,
          "src": 144132780268976497
        },
        {
          "degree": 1,
          "src": 144132780285170233
        },
        {
          "degree": 1,
          "src": 144132780301138406
        },
        {
          "degree": 1,
          "src": 144132780343879509
        },
        {
          "degree": 1,
          "src": 144132780441535761
        },
        {
          "degree": 1,
          "src": 144132780474673646
        },
        {
          "degree": 1,
          "src": 144132780493445190
        },
        {
          "degree": 1,
          "src": 144132780510193618
        },
        {
          "degree": 1,
          "src": 144132780546355033
        },
        {
          "degree": 1,
          "src": 144132780643176526
        },
        {
          "degree": 1,
          "src": 144137178313018308
        },
        {
          "degree": 1,
          "src": 144137178334129618
        },
        {
          "degree": 1,
          "src": 144137178354908638
        },
        {
          "degree": 1,
          "src": 144137178392547279
        },
        {
          "degree": 1,
          "src": 144137178488327650
        },
        {
          "degree": 1,
          "src": 144137178529044682
        },
        {
          "degree": 1,
          "src": 144137178551467661
        },
        {
          "degree": 1,
          "src": 144137178585864042
        },
        {
          "degree": 1,
          "src": 144137178607634464
        },
        {
          "degree": 1,
          "src": 144137178754350257
        },
        {
          "degree": 1,
          "src": 144141576371124883
        },
        {
          "degree": 1,
          "src": 144141576391169423
        },
        {
          "degree": 1,
          "src": 144141576406209456
        },
        {
          "degree": 1,
          "src": 144141576436816113
        },
        {
          "degree": 1,
          "src": 144141576453412900
        },
        {
          "degree": 1,
          "src": 144141576538728745
        },
        {
          "degree": 1,
          "src": 144141576576135875
        },
        {
          "degree": 1,
          "src": 144141576595959121
        },
        {
          "degree": 1,
          "src": 144141576626125800
        },
        {
          "degree": 1,
          "src": 144141576641294252
        },
        {
          "degree": 1,
          "src": 144141576657277188
        },
        {
          "degree": 1,
          "src": 144141576737429031
        },
        {
          "degree": 1,
          "src": 144145974409955036
        },
        {
          "degree": 1,
          "src": 144145974433717695
        },
        {
          "degree": 1,
          "src": 144145974452789911
        },
        {
          "degree": 1,
          "src": 144145974485029771
        },
        {
          "degree": 1,
          "src": 144145974502008848
        },
        {
          "degree": 1,
          "src": 144145974576515470
        },
        {
          "degree": 1,
          "src": 144145974620935017
        },
        {
          "degree": 1,
          "src": 144145974644704291
        },
        {
          "degree": 1,
          "src": 144145974678365083
        },
        {
          "degree": 1,
          "src": 144145974696710373
        },
        {
          "degree": 1,
          "src": 144145974717457238
        },
        {
          "degree": 1,
          "src": 144145974784103918
        },
        {
          "degree": 1,
          "src": 144150372462267720
        },
        {
          "degree": 1,
          "src": 144150372489683138
        },
        {
          "degree": 1,
          "src": 144150372523823535
        },
        {
          "degree": 1,
          "src": 144150372543612795
        },
        {
          "degree": 1,
          "src": 144150372584348117
        },
        {
          "degree": 1,
          "src": 144150372631070531
        },
        {
          "degree": 1,
          "src": 144150372678309493
        },
        {
          "degree": 1,
          "src": 144150372717870864
        },
        {
          "degree": 1,
          "src": 144150372738616406
        },
        {
          "degree": 1,
          "src": 144150372757916222
        },
        {
          "degree": 1,
          "src": 144150372799450106
        },
        {
          "degree": 1,
          "src": 144150372892724378
        },
        {
          "degree": 1,
          "src": 144154770532548027
        },
        {
          "degree": 1,
          "src": 144154770583411524
        },
        {
          "degree": 1,
          "src": 144154770638485805
        },
        {
          "degree": 1,
          "src": 144154770711111684
        },
        {
          "degree": 1,
          "src": 144154770768246122
        },
        {
          "degree": 1,
          "src": 144154770804215151
        },
        {
          "degree": 1,
          "src": 144154770858974386
        },
        {
          "degree": 1,
          "src": 144159168546804912
        },
        {
          "degree": 1,
          "src": 144159168561100977
        },
        {
          "degree": 1,
          "src": 144159168574189818
        },
        {
          "degree": 1,
          "src": 144159168585089758
        },
        {
          "degree": 1,
          "src": 144159168609541218
        },
        {
          "degree": 1,
          "src": 144159168618453378
        },
        {
          "degree": 1,
          "src": 144159168627914209
        },
        {
          "degree": 1,
          "src": 144159168636287232
        },
        {
          "degree": 1,
          "src": 144159168644616104
        },
        {
          "degree": 1,
          "src": 144159168651778462
        },
        {
          "degree": 1,
          "src": 144159168659090262
        },
        {
          "degree": 1,
          "src": 144159168683902857
        },
        {
          "degree": 1,
          "src": 144159168692311104
        },
        {
          "degree": 1,
          "src": 144159168702987411
        },
        {
          "degree": 1,
          "src": 144159168715648798
        },
        {
          "degree": 1,
          "src": 144159168746656479
        },
        {
          "degree": 1,
          "src": 144159168762708407
        },
        {
          "degree": 1,
          "src": 144159168776862905
        },
        {
          "degree": 1,
          "src": 144159168788641981
        },
        {
          "degree": 1,
          "src": 144159168813273693
        },
        {
          "degree": 1,
          "src": 144159168822981174
        },
        {
          "degree": 1,
          "src": 144159168833149138
        },
        {
          "degree": 1,
          "src": 144159168842626650
        },
        {
          "degree": 1,
          "src": 144159168850216320
        },
        {
          "degree": 1,
          "src": 144159168857267885
        },
        {
          "degree": 1,
          "src": 144159168879281218
        },
        {
          "degree": 1,
          "src": 144159168887299260
        },
        {
          "degree": 1,
          "src": 144159168894573747
        },
        {
          "degree": 1,
          "src": 144159168902991310
        },
        {
          "degree": 1,
          "src": 144159168910407350
        },
        {
          "degree": 1,
          "src": 144159168956345062
        },
        {
          "degree": 1,
          "src": 144163566595829259
        },
        {
          "degree": 1,
          "src": 144163566625405116
        },
        {
          "degree": 1,
          "src": 144163566661036258
        },
        {
          "degree": 1,
          "src": 144163566681560838
        },
        {
          "degree": 1,
          "src": 144163566698578641
        },
        {
          "degree": 1,
          "src": 144163566728737534
        },
        {
          "degree": 1,
          "src": 144163566744999049
        },
        {
          "degree": 1,
          "src": 144163566766194934
        },
        {
          "degree": 1,
          "src": 144163566814447357
        },
        {
          "degree": 1,
          "src": 144163566841003282
        },
        {
          "degree": 1,
          "src": 144163566877924928
        },
        {
          "degree": 1,
          "src": 144163566897936720
        },
        {
          "degree": 1,
          "src": 144163566927441182
        },
        {
          "degree": 1,
          "src": 144163566942665992
        },
        {
          "degree": 1,
          "src": 144163566957172302
        },
        {
          "degree": 1,
          "src": 144163567032137444
        },
        {
          "degree": 1,
          "src": 144167964659974800
        },
        {
          "degree": 1,
          "src": 144167964701501028
        },
        {
          "degree": 1,
          "src": 144167964724071738
        },
        {
          "degree": 1,
          "src": 144167964743297712
        },
        {
          "degree": 1,
          "src": 144167964772856387
        },
        {
          "degree": 1,
          "src": 144167964787584563
        },
        {
          "degree": 1,
          "src": 144167964802867099
        },
        {
          "degree": 1,
          "src": 144167964847972573
        },
        {
          "degree": 1,
          "src": 144167964878970063
        },
        {
          "degree": 1,
          "src": 144167964918551690
        },
        {
          "degree": 1,
          "src": 144167964940698238
        },
        {
          "degree": 1,
          "src": 144167964971480852
        },
        {
          "degree": 1,
          "src": 144167964986512167
        },
        {
          "degree": 1,
          "src": 144167965001848519
        },
        {
          "degree": 1,
          "src": 144167965046084270
        },
        {
          "degree": 1,
          "src": 144172362692338500
        },
        {
          "degree": 1,
          "src": 144172362719175277
        },
        {
          "degree": 1,
          "src": 144172362754454108
        },
        {
          "degree": 1,
          "src": 144172362774104422
        },
        {
          "degree": 1,
          "src": 144172362790733483
        },
        {
          "degree": 1,
          "src": 144172362817392139
        },
        {
          "degree": 1,
          "src": 144172362829302062
        },
        {
          "degree": 1,
          "src": 144172362841108404
        },
        {
          "degree": 1,
          "src": 144172362853620871
        },
        {
          "degree": 1,
          "src": 144172362892900770
        },
        {
          "degree": 1,
          "src": 144172362918483096
        },
        {
          "degree": 1,
          "src": 144172362955482678
        },
        {
          "degree": 1,
          "src": 144172362975765671
        },
        {
          "degree": 1,
          "src": 144172362993967224
        },
        {
          "degree": 1,
          "src": 144172363021647152
        },
        {
          "degree": 1,
          "src": 144172363034003801
        },
        {
          "degree": 1,
          "src": 144172363046273762
        },
        {
          "degree": 1,
          "src": 144172363059330177
        },
        {
          "degree": 1,
          "src": 144172363107414403
        },
        {
          "degree": 1,
          "src": 144176760740547822
        },
        {
          "degree": 1,
          "src": 144176760765680632
        },
        {
          "degree": 1,
          "src": 144176760799676653
        },
        {
          "degree": 1,
          "src": 144176760818531838
        },
        {
          "degree": 1,
          "src": 144176760835024463
        },
        {
          "degree": 1,
          "src": 144176760861352106
        },
        {
          "degree": 1,
          "src": 144176760871415913
        },
        {
          "degree": 1,
          "src": 144176760881872817
        },
        {
          "degree": 1,
          "src": 144176760891993040
        },
        {
          "degree": 1,
          "src": 144176760903827339
        },
        {
          "degree": 1,
          "src": 144176760938879498
        },
        {
          "degree": 1,
          "src": 144176760960966549
        },
        {
          "degree": 1,
          "src": 144176760997298450
        },
        {
          "degree": 1,
          "src": 144176761017154586
        },
        {
          "degree": 1,
          "src": 144176761035130585
        },
        {
          "degree": 1,
          "src": 144176761063339443
        },
        {
          "degree": 1,
          "src": 144176761074827126
        },
        {
          "degree": 1,
          "src": 144176761086124173
        },
        {
          "degree": 1,
          "src": 144176761097654500
        },
        {
          "degree": 1,
          "src": 144176761109056503
        },
        {
          "degree": 1,
          "src": 144176761148685962
        },
        {
          "degree": 1,
          "src": 144181158780853632
        },
        {
          "degree": 1,
          "src": 144181158813886939
        },
        {
          "degree": 1,
          "src": 144181158855472136
        },
        {
          "degree": 1,
          "src": 144181158880054202
        },
        {
          "degree": 1,
          "src": 144181158910929129
        },
        {
          "degree": 1,
          "src": 144181158925838247
        },
        {
          "degree": 1,
          "src": 144181158939390497
        },
        {
          "degree": 1,
          "src": 144181158956023458
        },
        {
          "degree": 1,
          "src": 144181158995389340
        },
        {
          "degree": 1,
          "src": 144181159024652988
        },
        {
          "degree": 1,
          "src": 144181159066214364
        },
        {
          "degree": 1,
          "src": 144181159090073572
        },
        {
          "degree": 1,
          "src": 144181159121340269
        },
        {
          "degree": 1,
          "src": 144181159137294169
        },
        {
          "degree": 1,
          "src": 144181159152417035
        },
        {
          "degree": 1,
          "src": 144181159191171852
        },
        {
          "degree": 1,
          "src": 144185556933173110
        }
      ],
      "sampled_srcs": [
        144115188075860070,
        144115188456323475,
        144119586297965095,
        144119586366700469,
        144123984178933808,
        144123984198548762,
        144123984350058783,
        144123984384787160,
        144123984403510316,
        144123984573166159,
        144128382223212991,
        144128382238915102,
        144128382258838537,
        144128382397272002,
        144128382431127905,
        144128382448030556,
        144128382494443330,
        144128382643482472,
        144132780268976497,
        144132780285170233,
        144132780301138406,
        144132780343879509,
        144132780441535761,
        144132780474673646,
        144132780493445190,
        144132780510193618,
        144132780546355033,
        144132780643176526,
        144137178313018308,
        144137178334129618,
        144137178354908638,
        144137178392547279,
        144137178488327650,
        144137178529044682,
        144137178551467661,
        144137178585864042,
        144137178607634464,
        144137178754350257,
        144141576371124883,
        144141576391169423,
        144141576406209456,
        144141576436816113,
        144141576453412900,
        144141576538728745,
        144141576576135875,
        144141576595959121,
        144141576626125800,
        144141576641294252,
        144141576657277188,
        144141576737429031,
        144145974409955036,
        144145974433717695,
        144145974452789911,
        144145974485029771,
        144145974502008848,
        144145974576515470,
        144145974620935017,
        144145974644704291,
        144145974678365083,
        144145974696710373,
        144145974717457238,
        144145974784103918,
        144150372462267720,
        144150372489683138,
        144150372523823535,
        144150372543612795,
        144150372584348117,
        144150372631070531,
        144150372678309493,
        144150372717870864,
        144150372738616406,
        144150372757916222,
        144150372799450106,
        144150372892724378,
        144154770532548027,
        144154770583411524,
        144154770638485805,
        144154770711111684,
        144154770768246122,
        144154770804215151,
        144154770858974386,
        144159168546804912,
        144159168561100977,
        144159168574189818,
        144159168585089758,
        144159168609541218,
        144159168618453378,
        144159168627914209,
        144159168636287232,
        144159168644616104,
        144159168651778462,
        144159168659090262,
        144159168683902857,
        144159168692311104,
        144159168702987411,
        144159168715648798,
        144159168746656479,
        144159168762708407,
        144159168776862905,
        144159168788641981,
        144159168813273693,
        144159168822981174,
        144159168833149138,
        144159168842626650,
        144159168850216320,
        144159168857267885,
        144159168879281218,
        144159168887299260,
        144159168894573747,
        144159168902991310,
        144159168910407350,
        144159168956345062,
        144163566595829259,
        144163566625405116,
        144163566661036258,
        144163566681560838,
        144163566698578641,
        144163566728737534,
        144163566744999049,
        144163566766194934,
        144163566814447357,
        144163566841003282,
        144163566877924928,
        144163566897936720,
        144163566927441182,
        144163566942665992,
        144163566957172302,
        144163567032137444,
        144167964659974800,
        144167964701501028,
        144167964724071738,
        144167964743297712,
        144167964772856387,
        144167964787584563,
        144167964802867099,
        144167964847972573,
        144167964878970063,
        144167964918551690,
        144167964940698238,
        144167964971480852,
        144167964986512167,
        144167965001848519,
        144167965046084270,
        144172362692338500,
        144172362719175277,
        144172362754454108,
        144172362774104422,
        144172362790733483,
        144172362817392139,
        144172362829302062,
        144172362841108404,
        144172362853620871,
        144172362892900770,
        144172362918483096,
        144172362955482678,
        144172362975765671,
        144172362993967224,
        144172363021647152,
        144172363034003801,
        144172363046273762,
        144172363059330177,
        144172363107414403,
        144176760740547822,
        144176760765680632,
        144176760799676653,
        144176760818531838,
        144176760835024463,
        144176760861352106,
        144176760871415913,
        144176760881872817,
        144176760891993040,
        144176760903827339,
        144176760938879498,
        144176760960966549,
        144176760997298450,
        144176761017154586,
        144176761035130585,
        144176761063339443,
        144176761074827126,
        144176761086124173,
        144176761097654500,
        144176761109056503,
        144176761148685962,
        144181158780853632,
        144181158813886939,
        144181158855472136,
        144181158880054202,
        144181158910929129,
        144181158925838247,
        144181158939390497,
        144181158956023458,
        144181158995389340,
        144181159024652988,
        144181159066214364,
        144181159090073572,
        144181159121340269,
        144181159137294169,
        144181159152417035,
        144181159191171852,
        144185556933173110
      ],
      "sampled_vertices": 200,
      "semantic_degree_hint": true
    },
    {
      "auto_compaction": null,
      "candidate_edges_for_sampling": 108455486,
      "candidate_sources_for_sampling": 108455486,
      "edge_type": 10,
      "get_neighbors_elapsed_ms": 0,
      "levels_after_run": [
        3444,
        0,
        0,
        0,
        0
      ],
      "neighbor_edges": 0,
      "neighbor_metrics": {
        "csr": {
          "bloom_false_positive_probes": 0,
          "bloom_filtered_segments": 0,
          "body_bytes": 0,
          "body_reads": 0,
          "candidate_l0_segments": 0,
          "filter_passed_segments": 0,
          "full_scan_reads": 0,
          "get_neighbors_latency": {
            "avg_us": 0,
            "buckets": [
              {
                "count": 0,
                "upper_bound_us": 100
              },
              {
                "count": 0,
                "upper_bound_us": 250
              },
              {
                "count": 0,
                "upper_bound_us": 500
              },
              {
                "count": 0,
                "upper_bound_us": 1000
              },
              {
                "count": 0,
                "upper_bound_us": 2000
              },
              {
                "count": 0,
                "upper_bound_us": 5000
              },
              {
                "count": 0,
                "upper_bound_us": 10000
              },
              {
                "count": 0,
                "upper_bound_us": 20000
              },
              {
                "count": 0,
                "upper_bound_us": 50000
              },
              {
                "count": 0,
                "upper_bound_us": 100000
              },
              {
                "count": 0,
                "upper_bound_us": 250000
              },
              {
                "count": 0,
                "upper_bound_us": 500000
              },
              {
                "count": 0,
                "upper_bound_us": 1000000
              },
              {
                "count": 0,
                "upper_bound_us": 5000000
              },
              {
                "count": 0,
                "upper_bound_us": 30000000
              },
              {
                "count": 0,
                "upper_bound_us": 18446744073709551615
              }
            ],
            "count": 0,
            "max_us": 0,
            "min_us": 0,
            "p50_us": 0,
            "p90_us": 0,
            "p99_us": 0,
            "sum_us": 0
          },
          "header_bytes": 0,
          "header_reads": 0,
          "l0_partitions": [],
          "matched_l0_segments": 0,
          "offset_bytes": 0,
          "offset_cache_hits": 0,
          "offset_cache_misses": 0,
          "offset_reads": 0,
          "range_filtered_segments": 0,
          "read_all_edges_latency": {
            "avg_us": 0,
            "buckets": [
              {
                "count": 0,
                "upper_bound_us": 100
              },
              {
                "count": 0,
                "upper_bound_us": 250
              },
              {
                "count": 0,
                "upper_bound_us": 500
              },
              {
                "count": 0,
                "upper_bound_us": 1000
              },
              {
                "count": 0,
                "upper_bound_us": 2000
              },
              {
                "count": 0,
                "upper_bound_us": 5000
              },
              {
                "count": 0,
                "upper_bound_us": 10000
              },
              {
                "count": 0,
                "upper_bound_us": 20000
              },
              {
                "count": 0,
                "upper_bound_us": 50000
              },
              {
                "count": 0,
                "upper_bound_us": 100000
              },
              {
                "count": 0,
                "upper_bound_us": 250000
              },
              {
                "count": 0,
                "upper_bound_us": 500000
              },
              {
                "count": 0,
                "upper_bound_us": 1000000
              },
              {
                "count": 0,
                "upper_bound_us": 5000000
              },
              {
                "count": 0,
                "upper_bound_us": 30000000
              },
              {
                "count": 0,
                "upper_bound_us": 18446744073709551615
              }
            ],
            "count": 0,
            "max_us": 0,
            "min_us": 0,
            "p50_us": 0,
            "p90_us": 0,
            "p99_us": 0,
            "sum_us": 0
          },
          "read_offsets_latency": {
            "avg_us": 0,
            "buckets": [
              {
                "count": 0,
                "upper_bound_us": 100
              },
              {
                "count": 0,
                "upper_bound_us": 250
              },
              {
                "count": 0,
                "upper_bound_us": 500
              },
              {
                "count": 0,
                "upper_bound_us": 1000
              },
              {
                "count": 0,
                "upper_bound_us": 2000
              },
              {
                "count": 0,
                "upper_bound_us": 5000
              },
              {
                "count": 0,
                "upper_bound_us": 10000
              },
              {
                "count": 0,
                "upper_bound_us": 20000
              },
              {
                "count": 0,
                "upper_bound_us": 50000
              },
              {
                "count": 0,
                "upper_bound_us": 100000
              },
              {
                "count": 0,
                "upper_bound_us": 250000
              },
              {
                "count": 0,
                "upper_bound_us": 500000
              },
              {
                "count": 0,
                "upper_bound_us": 1000000
              },
              {
                "count": 0,
                "upper_bound_us": 5000000
              },
              {
                "count": 0,
                "upper_bound_us": 30000000
              },
              {
                "count": 0,
                "upper_bound_us": 18446744073709551615
              }
            ],
            "count": 0,
            "max_us": 0,
            "min_us": 0,
            "p50_us": 0,
            "p90_us": 0,
            "p99_us": 0,
            "sum_us": 0
          }
        },
        "http": {
          "endpoints": {},
          "handler_latency": {
            "avg_us": 0,
            "buckets": [
              {
                "count": 0,
                "upper_bound_us": 100
              },
              {
                "count": 0,
                "upper_bound_us": 250
              },
              {
                "count": 0,
                "upper_bound_us": 500
              },
              {
                "count": 0,
                "upper_bound_us": 1000
              },
              {
                "count": 0,
                "upper_bound_us": 2000
              },
              {
                "count": 0,
                "upper_bound_us": 5000
              },
              {
                "count": 0,
                "upper_bound_us": 10000
              },
              {
                "count": 0,
                "upper_bound_us": 20000
              },
              {
                "count": 0,
                "upper_bound_us": 50000
              },
              {
                "count": 0,
                "upper_bound_us": 100000
              },
              {
                "count": 0,
                "upper_bound_us": 250000
              },
              {
                "count": 0,
                "upper_bound_us": 500000
              },
              {
                "count": 0,
                "upper_bound_us": 1000000
              },
              {
                "count": 0,
                "upper_bound_us": 5000000
              },
              {
                "count": 0,
                "upper_bound_us": 30000000
              },
              {
                "count": 0,
                "upper_bound_us": 18446744073709551615
              }
            ],
            "count": 0,
            "max_us": 0,
            "min_us": 0,
            "p50_us": 0,
            "p90_us": 0,
            "p99_us": 0,
            "sum_us": 0
          },
          "json_parse_latency": {
            "avg_us": 0,
            "buckets": [
              {
                "count": 0,
                "upper_bound_us": 100
              },
              {
                "count": 0,
                "upper_bound_us": 250
              },
              {
                "count": 0,
                "upper_bound_us": 500
              },
              {
                "count": 0,
                "upper_bound_us": 1000
              },
              {
                "count": 0,
                "upper_bound_us": 2000
              },
              {
                "count": 0,
                "upper_bound_us": 5000
              },
              {
                "count": 0,
                "upper_bound_us": 10000
              },
              {
                "count": 0,
                "upper_bound_us": 20000
              },
              {
                "count": 0,
                "upper_bound_us": 50000
              },
              {
                "count": 0,
                "upper_bound_us": 100000
              },
              {
                "count": 0,
                "upper_bound_us": 250000
              },
              {
                "count": 0,
                "upper_bound_us": 500000
              },
              {
                "count": 0,
                "upper_bound_us": 1000000
              },
              {
                "count": 0,
                "upper_bound_us": 5000000
              },
              {
                "count": 0,
                "upper_bound_us": 30000000
              },
              {
                "count": 0,
                "upper_bound_us": 18446744073709551615
              }
            ],
            "count": 0,
            "max_us": 0,
            "min_us": 0,
            "p50_us": 0,
            "p90_us": 0,
            "p99_us": 0,
            "sum_us": 0
          },
          "request_read_latency": {
            "avg_us": 0,
            "buckets": [
              {
                "count": 0,
                "upper_bound_us": 100
              },
              {
                "count": 0,
                "upper_bound_us": 250
              },
              {
                "count": 0,
                "upper_bound_us": 500
              },
              {
                "count": 0,
                "upper_bound_us": 1000
              },
              {
                "count": 0,
                "upper_bound_us": 2000
              },
              {
                "count": 0,
                "upper_bound_us": 5000
              },
              {
                "count": 0,
                "upper_bound_us": 10000
              },
              {
                "count": 0,
                "upper_bound_us": 20000
              },
              {
                "count": 0,
                "upper_bound_us": 50000
              },
              {
                "count": 0,
                "upper_bound_us": 100000
              },
              {
                "count": 0,
                "upper_bound_us": 250000
              },
              {
                "count": 0,
                "upper_bound_us": 500000
              },
              {
                "count": 0,
                "upper_bound_us": 1000000
              },
              {
                "count": 0,
                "upper_bound_us": 5000000
              },
              {
                "count": 0,
                "upper_bound_us": 30000000
              },
              {
                "count": 0,
                "upper_bound_us": 18446744073709551615
              }
            ],
            "count": 0,
            "max_us": 0,
            "min_us": 0,
            "p50_us": 0,
            "p90_us": 0,
            "p99_us": 0,
            "sum_us": 0
          },
          "requests": 0,
          "response_write_latency": {
            "avg_us": 0,
            "buckets": [
              {
                "count": 0,
                "upper_bound_us": 100
              },
              {
                "count": 0,
                "upper_bound_us": 250
              },
              {
                "count": 0,
                "upper_bound_us": 500
              },
              {
                "count": 0,
                "upper_bound_us": 1000
              },
              {
                "count": 0,
                "upper_bound_us": 2000
              },
              {
                "count": 0,
                "upper_bound_us": 5000
              },
              {
                "count": 0,
                "upper_bound_us": 10000
              },
              {
                "count": 0,
                "upper_bound_us": 20000
              },
              {
                "count": 0,
                "upper_bound_us": 50000
              },
              {
                "count": 0,
                "upper_bound_us": 100000
              },
              {
                "count": 0,
                "upper_bound_us": 250000
              },
              {
                "count": 0,
                "upper_bound_us": 500000
              },
              {
                "count": 0,
                "upper_bound_us": 1000000
              },
              {
                "count": 0,
                "upper_bound_us": 5000000
              },
              {
                "count": 0,
                "upper_bound_us": 30000000
              },
              {
                "count": 0,
                "upper_bound_us": 18446744073709551615
              }
            ],
            "count": 0,
            "max_us": 0,
            "min_us": 0,
            "p50_us": 0,
            "p90_us": 0,
            "p99_us": 0,
            "sum_us": 0
          },
          "serialize_latency": {
            "avg_us": 0,
            "buckets": [
              {
                "count": 0,
                "upper_bound_us": 100
              },
              {
                "count": 0,
                "upper_bound_us": 250
              },
              {
                "count": 0,
                "upper_bound_us": 500
              },
              {
                "count": 0,
                "upper_bound_us": 1000
              },
              {
                "count": 0,
                "upper_bound_us": 2000
              },
              {
                "count": 0,
                "upper_bound_us": 5000
              },
              {
                "count": 0,
                "upper_bound_us": 10000
              },
              {
                "count": 0,
                "upper_bound_us": 20000
              },
              {
                "count": 0,
                "upper_bound_us": 50000
              },
              {
                "count": 0,
                "upper_bound_us": 100000
              },
              {
                "count": 0,
                "upper_bound_us": 250000
              },
              {
                "count": 0,
                "upper_bound_us": 500000
              },
              {
                "count": 0,
                "upper_bound_us": 1000000
              },
              {
                "count": 0,
                "upper_bound_us": 5000000
              },
              {
                "count": 0,
                "upper_bound_us": 30000000
              },
              {
                "count": 0,
                "upper_bound_us": 18446744073709551615
              }
            ],
            "count": 0,
            "max_us": 0,
            "min_us": 0,
            "p50_us": 0,
            "p90_us": 0,
            "p99_us": 0,
            "sum_us": 0
          },
          "status_2xx": 0,
          "status_4xx": 0,
          "status_5xx": 0
        },
        "io": {
          "create_blocking_latency": {
            "avg_us": 0,
            "buckets": [
              {
                "count": 0,
                "upper_bound_us": 100
              },
              {
                "count": 0,
                "upper_bound_us": 250
              },
              {
                "count": 0,
                "upper_bound_us": 500
              },
              {
                "count": 0,
                "upper_bound_us": 1000
              },
              {
                "count": 0,
                "upper_bound_us": 2000
              },
              {
                "count": 0,
                "upper_bound_us": 5000
              },
              {
                "count": 0,
                "upper_bound_us": 10000
              },
              {
                "count": 0,
                "upper_bound_us": 20000
              },
              {
                "count": 0,
                "upper_bound_us": 50000
              },
              {
                "count": 0,
                "upper_bound_us": 100000
              },
              {
                "count": 0,
                "upper_bound_us": 250000
              },
              {
                "count": 0,
                "upper_bound_us": 500000
              },
              {
                "count": 0,
                "upper_bound_us": 1000000
              },
              {
                "count": 0,
                "upper_bound_us": 5000000
              },
              {
                "count": 0,
                "upper_bound_us": 30000000
              },
              {
                "count": 0,
                "upper_bound_us": 18446744073709551615
              }
            ],
            "count": 0,
            "max_us": 0,
            "min_us": 0,
            "p50_us": 0,
            "p90_us": 0,
            "p99_us": 0,
            "sum_us": 0
          },
          "read_blocking_latency": {
            "avg_us": 0,
            "buckets": [
              {
                "count": 0,
                "upper_bound_us": 100
              },
              {
                "count": 0,
                "upper_bound_us": 250
              },
              {
                "count": 0,
                "upper_bound_us": 500
              },
              {
                "count": 0,
                "upper_bound_us": 1000
              },
              {
                "count": 0,
                "upper_bound_us": 2000
              },
              {
                "count": 0,
                "upper_bound_us": 5000
              },
              {
                "count": 0,
                "upper_bound_us": 10000
              },
              {
                "count": 0,
                "upper_bound_us": 20000
              },
              {
                "count": 0,
                "upper_bound_us": 50000
              },
              {
                "count": 0,
                "upper_bound_us": 100000
              },
              {
                "count": 0,
                "upper_bound_us": 250000
              },
              {
                "count": 0,
                "upper_bound_us": 500000
              },
              {
                "count": 0,
                "upper_bound_us": 1000000
              },
              {
                "count": 0,
                "upper_bound_us": 5000000
              },
              {
                "count": 0,
                "upper_bound_us": 30000000
              },
              {
                "count": 0,
                "upper_bound_us": 18446744073709551615
              }
            ],
            "count": 0,
            "max_us": 0,
            "min_us": 0,
            "p50_us": 0,
            "p90_us": 0,
            "p99_us": 0,
            "sum_us": 0
          },
          "read_bytes": 0,
          "read_syscalls": 0,
          "remove_blocking_latency": {
            "avg_us": 0,
            "buckets": [
              {
                "count": 0,
                "upper_bound_us": 100
              },
              {
                "count": 0,
                "upper_bound_us": 250
              },
              {
                "count": 0,
                "upper_bound_us": 500
              },
              {
                "count": 0,
                "upper_bound_us": 1000
              },
              {
                "count": 0,
                "upper_bound_us": 2000
              },
              {
                "count": 0,
                "upper_bound_us": 5000
              },
              {
                "count": 0,
                "upper_bound_us": 10000
              },
              {
                "count": 0,
                "upper_bound_us": 20000
              },
              {
                "count": 0,
                "upper_bound_us": 50000
              },
              {
                "count": 0,
                "upper_bound_us": 100000
              },
              {
                "count": 0,
                "upper_bound_us": 250000
              },
              {
                "count": 0,
                "upper_bound_us": 500000
              },
              {
                "count": 0,
                "upper_bound_us": 1000000
              },
              {
                "count": 0,
                "upper_bound_us": 5000000
              },
              {
                "count": 0,
                "upper_bound_us": 30000000
              },
              {
                "count": 0,
                "upper_bound_us": 18446744073709551615
              }
            ],
            "count": 0,
            "max_us": 0,
            "min_us": 0,
            "p50_us": 0,
            "p90_us": 0,
            "p99_us": 0,
            "sum_us": 0
          },
          "semaphore_wait_latency": {
            "avg_us": 0,
            "buckets": [
              {
                "count": 0,
                "upper_bound_us": 100
              },
              {
                "count": 0,
                "upper_bound_us": 250
              },
              {
                "count": 0,
                "upper_bound_us": 500
              },
              {
                "count": 0,
                "upper_bound_us": 1000
              },
              {
                "count": 0,
                "upper_bound_us": 2000
              },
              {
                "count": 0,
                "upper_bound_us": 5000
              },
              {
                "count": 0,
                "upper_bound_us": 10000
              },
              {
                "count": 0,
                "upper_bound_us": 20000
              },
              {
                "count": 0,
                "upper_bound_us": 50000
              },
              {
                "count": 0,
                "upper_bound_us": 100000
              },
              {
                "count": 0,
                "upper_bound_us": 250000
              },
              {
                "count": 0,
                "upper_bound_us": 500000
              },
              {
                "count": 0,
                "upper_bound_us": 1000000
              },
              {
                "count": 0,
                "upper_bound_us": 5000000
              },
              {
                "count": 0,
                "upper_bound_us": 30000000
              },
              {
                "count": 0,
                "upper_bound_us": 18446744073709551615
              }
            ],
            "count": 0,
            "max_us": 0,
            "min_us": 0,
            "p50_us": 0,
            "p90_us": 0,
            "p99_us": 0,
            "sum_us": 0
          },
          "sync_blocking_latency": {
            "avg_us": 0,
            "buckets": [
              {
                "count": 0,
                "upper_bound_us": 100
              },
              {
                "count": 0,
                "upper_bound_us": 250
              },
              {
                "count": 0,
                "upper_bound_us": 500
              },
              {
                "count": 0,
                "upper_bound_us": 1000
              },
              {
                "count": 0,
                "upper_bound_us": 2000
              },
              {
                "count": 0,
                "upper_bound_us": 5000
              },
              {
                "count": 0,
                "upper_bound_us": 10000
              },
              {
                "count": 0,
                "upper_bound_us": 20000
              },
              {
                "count": 0,
                "upper_bound_us": 50000
              },
              {
                "count": 0,
                "upper_bound_us": 100000
              },
              {
                "count": 0,
                "upper_bound_us": 250000
              },
              {
                "count": 0,
                "upper_bound_us": 500000
              },
              {
                "count": 0,
                "upper_bound_us": 1000000
              },
              {
                "count": 0,
                "upper_bound_us": 5000000
              },
              {
                "count": 0,
                "upper_bound_us": 30000000
              },
              {
                "count": 0,
                "upper_bound_us": 18446744073709551615
              }
            ],
            "count": 0,
            "max_us": 0,
            "min_us": 0,
            "p50_us": 0,
            "p90_us": 0,
            "p99_us": 0,
            "sum_us": 0
          },
          "write_blocking_latency": {
            "avg_us": 0,
            "buckets": [
              {
                "count": 0,
                "upper_bound_us": 100
              },
              {
                "count": 0,
                "upper_bound_us": 250
              },
              {
                "count": 0,
                "upper_bound_us": 500
              },
              {
                "count": 0,
                "upper_bound_us": 1000
              },
              {
                "count": 0,
                "upper_bound_us": 2000
              },
              {
                "count": 0,
                "upper_bound_us": 5000
              },
              {
                "count": 0,
                "upper_bound_us": 10000
              },
              {
                "count": 0,
                "upper_bound_us": 20000
              },
              {
                "count": 0,
                "upper_bound_us": 50000
              },
              {
                "count": 0,
                "upper_bound_us": 100000
              },
              {
                "count": 0,
                "upper_bound_us": 250000
              },
              {
                "count": 0,
                "upper_bound_us": 500000
              },
              {
                "count": 0,
                "upper_bound_us": 1000000
              },
              {
                "count": 0,
                "upper_bound_us": 5000000
              },
              {
                "count": 0,
                "upper_bound_us": 30000000
              },
              {
                "count": 0,
                "upper_bound_us": 18446744073709551615
              }
            ],
            "count": 0,
            "max_us": 0,
            "min_us": 0,
            "p50_us": 0,
            "p90_us": 0,
            "p99_us": 0,
            "sum_us": 0
          },
          "write_bytes": 0,
          "write_syscalls": 0
        },
        "snb": {
          "cache": {
            "adjacency_bytes": 0,
            "adjacency_cache_hits": 0,
            "adjacency_cache_misses": 0,
            "adjacency_cache_write_bytes": 0,
            "adjacency_cache_write_syscalls": 0,
            "adjacency_edges": 0,
            "adjacency_group_latency": {
              "avg_us": 0,
              "buckets": [
                {
                  "count": 0,
                  "upper_bound_us": 100
                },
                {
                  "count": 0,
                  "upper_bound_us": 250
                },
                {
                  "count": 0,
                  "upper_bound_us": 500
                },
                {
                  "count": 0,
                  "upper_bound_us": 1000
                },
                {
                  "count": 0,
                  "upper_bound_us": 2000
                },
                {
                  "count": 0,
                  "upper_bound_us": 5000
                },
                {
                  "count": 0,
                  "upper_bound_us": 10000
                },
                {
                  "count": 0,
                  "upper_bound_us": 20000
                },
                {
                  "count": 0,
                  "upper_bound_us": 50000
                },
                {
                  "count": 0,
                  "upper_bound_us": 100000
                },
                {
                  "count": 0,
                  "upper_bound_us": 250000
                },
                {
                  "count": 0,
                  "upper_bound_us": 500000
                },
                {
                  "count": 0,
                  "upper_bound_us": 1000000
                },
                {
                  "count": 0,
                  "upper_bound_us": 5000000
                },
                {
                  "count": 0,
                  "upper_bound_us": 30000000
                },
                {
                  "count": 0,
                  "upper_bound_us": 18446744073709551615
                }
              ],
              "count": 0,
              "max_us": 0,
              "min_us": 0,
              "p50_us": 0,
              "p90_us": 0,
              "p99_us": 0,
              "sum_us": 0
            },
            "adjacency_groups": 0,
            "adjacency_load_latency": {
              "avg_us": 0,
              "buckets": [
                {
                  "count": 0,
                  "upper_bound_us": 100
                },
                {
                  "count": 0,
                  "upper_bound_us": 250
                },
                {
                  "count": 0,
                  "upper_bound_us": 500
                },
                {
                  "count": 0,
                  "upper_bound_us": 1000
                },
                {
                  "count": 0,
                  "upper_bound_us": 2000
                },
                {
                  "count": 0,
                  "upper_bound_us": 5000
                },
                {
                  "count": 0,
                  "upper_bound_us": 10000
                },
                {
                  "count": 0,
                  "upper_bound_us": 20000
                },
                {
                  "count": 0,
                  "upper_bound_us": 50000
                },
                {
                  "count": 0,
                  "upper_bound_us": 100000
                },
                {
                  "count": 0,
                  "upper_bound_us": 250000
                },
                {
                  "count": 0,
                  "upper_bound_us": 500000
                },
                {
                  "count": 0,
                  "upper_bound_us": 1000000
                },
                {
                  "count": 0,
                  "upper_bound_us": 5000000
                },
                {
                  "count": 0,
                  "upper_bound_us": 30000000
                },
                {
                  "count": 0,
                  "upper_bound_us": 18446744073709551615
                }
              ],
              "count": 0,
              "max_us": 0,
              "min_us": 0,
              "p50_us": 0,
              "p90_us": 0,
              "p99_us": 0,
              "sum_us": 0
            },
            "adjacency_scan_latency": {
              "avg_us": 0,
              "buckets": [
                {
                  "count": 0,
                  "upper_bound_us": 100
                },
                {
                  "count": 0,
                  "upper_bound_us": 250
                },
                {
                  "count": 0,
                  "upper_bound_us": 500
                },
                {
                  "count": 0,
                  "upper_bound_us": 1000
                },
                {
                  "count": 0,
                  "upper_bound_us": 2000
                },
                {
                  "count": 0,
                  "upper_bound_us": 5000
                },
                {
                  "count": 0,
                  "upper_bound_us": 10000
                },
                {
                  "count": 0,
                  "upper_bound_us": 20000
                },
                {
                  "count": 0,
                  "upper_bound_us": 50000
                },
                {
                  "count": 0,
                  "upper_bound_us": 100000
                },
                {
                  "count": 0,
                  "upper_bound_us": 250000
                },
                {
                  "count": 0,
                  "upper_bound_us": 500000
                },
                {
                  "count": 0,
                  "upper_bound_us": 1000000
                },
                {
                  "count": 0,
                  "upper_bound_us": 5000000
                },
                {
                  "count": 0,
                  "upper_bound_us": 30000000
                },
                {
                  "count": 0,
                  "upper_bound_us": 18446744073709551615
                }
              ],
              "count": 0,
              "max_us": 0,
              "min_us": 0,
              "p50_us": 0,
              "p90_us": 0,
              "p99_us": 0,
              "sum_us": 0
            },
            "adjacency_write_latency": {
              "avg_us": 0,
              "buckets": [
                {
                  "count": 0,
                  "upper_bound_us": 100
                },
                {
                  "count": 0,
                  "upper_bound_us": 250
                },
                {
                  "count": 0,
                  "upper_bound_us": 500
                },
                {
                  "count": 0,
                  "upper_bound_us": 1000
                },
                {
                  "count": 0,
                  "upper_bound_us": 2000
                },
                {
                  "count": 0,
                  "upper_bound_us": 5000
                },
                {
                  "count": 0,
                  "upper_bound_us": 10000
                },
                {
                  "count": 0,
                  "upper_bound_us": 20000
                },
                {
                  "count": 0,
                  "upper_bound_us": 50000
                },
                {
                  "count": 0,
                  "upper_bound_us": 100000
                },
                {
                  "count": 0,
                  "upper_bound_us": 250000
                },
                {
                  "count": 0,
                  "upper_bound_us": 500000
                },
                {
                  "count": 0,
                  "upper_bound_us": 1000000
                },
                {
                  "count": 0,
                  "upper_bound_us": 5000000
                },
                {
                  "count": 0,
                  "upper_bound_us": 30000000
                },
                {
                  "count": 0,
                  "upper_bound_us": 18446744073709551615
                }
              ],
              "count": 0,
              "max_us": 0,
              "min_us": 0,
              "p50_us": 0,
              "p90_us": 0,
              "p99_us": 0,
              "sum_us": 0
            },
            "edge_props": 0,
            "edge_props_load_latency": {
              "avg_us": 0,
              "buckets": [
                {
                  "count": 0,
                  "upper_bound_us": 100
                },
                {
                  "count": 0,
                  "upper_bound_us": 250
                },
                {
                  "count": 0,
                  "upper_bound_us": 500
                },
                {
                  "count": 0,
                  "upper_bound_us": 1000
                },
                {
                  "count": 0,
                  "upper_bound_us": 2000
                },
                {
                  "count": 0,
                  "upper_bound_us": 5000
                },
                {
                  "count": 0,
                  "upper_bound_us": 10000
                },
                {
                  "count": 0,
                  "upper_bound_us": 20000
                },
                {
                  "count": 0,
                  "upper_bound_us": 50000
                },
                {
                  "count": 0,
                  "upper_bound_us": 100000
                },
                {
                  "count": 0,
                  "upper_bound_us": 250000
                },
                {
                  "count": 0,
                  "upper_bound_us": 500000
                },
                {
                  "count": 0,
                  "upper_bound_us": 1000000
                },
                {
                  "count": 0,
                  "upper_bound_us": 5000000
                },
                {
                  "count": 0,
                  "upper_bound_us": 30000000
                },
                {
                  "count": 0,
                  "upper_bound_us": 18446744073709551615
                }
              ],
              "count": 0,
              "max_us": 0,
              "min_us": 0,
              "p50_us": 0,
              "p90_us": 0,
              "p99_us": 0,
              "sum_us": 0
            },
            "vertices": 0,
            "vertices_load_latency": {
              "avg_us": 0,
              "buckets": [
                {
                  "count": 0,
                  "upper_bound_us": 100
                },
                {
                  "count": 0,
                  "upper_bound_us": 250
                },
                {
                  "count": 0,
                  "upper_bound_us": 500
                },
                {
                  "count": 0,
                  "upper_bound_us": 1000
                },
                {
                  "count": 0,
                  "upper_bound_us": 2000
                },
                {
                  "count": 0,
                  "upper_bound_us": 5000
                },
                {
                  "count": 0,
                  "upper_bound_us": 10000
                },
                {
                  "count": 0,
                  "upper_bound_us": 20000
                },
                {
                  "count": 0,
                  "upper_bound_us": 50000
                },
                {
                  "count": 0,
                  "upper_bound_us": 100000
                },
                {
                  "count": 0,
                  "upper_bound_us": 250000
                },
                {
                  "count": 0,
                  "upper_bound_us": 500000
                },
                {
                  "count": 0,
                  "upper_bound_us": 1000000
                },
                {
                  "count": 0,
                  "upper_bound_us": 5000000
                },
                {
                  "count": 0,
                  "upper_bound_us": 30000000
                },
                {
                  "count": 0,
                  "upper_bound_us": 18446744073709551615
                }
              ],
              "count": 0,
              "max_us": 0,
              "min_us": 0,
              "p50_us": 0,
              "p90_us": 0,
              "p99_us": 0,
              "sum_us": 0
            }
          },
          "helpers": {
            "adjacency_lookups": 0,
            "edge_prop_lookups": 0,
            "neighbor_clone_items": 0,
            "vertex_lookups": 0
          },
          "locks": {
            "read_hold_latency": {
              "avg_us": 0,
              "buckets": [
                {
                  "count": 0,
                  "upper_bound_us": 100
                },
                {
                  "count": 0,
                  "upper_bound_us": 250
                },
                {
                  "count": 0,
                  "upper_bound_us": 500
                },
                {
                  "count": 0,
                  "upper_bound_us": 1000
                },
                {
                  "count": 0,
                  "upper_bound_us": 2000
                },
                {
                  "count": 0,
                  "upper_bound_us": 5000
                },
                {
                  "count": 0,
                  "upper_bound_us": 10000
                },
                {
                  "count": 0,
                  "upper_bound_us": 20000
                },
                {
                  "count": 0,
                  "upper_bound_us": 50000
                },
                {
                  "count": 0,
                  "upper_bound_us": 100000
                },
                {
                  "count": 0,
                  "upper_bound_us": 250000
                },
                {
                  "count": 0,
                  "upper_bound_us": 500000
                },
                {
                  "count": 0,
                  "upper_bound_us": 1000000
                },
                {
                  "count": 0,
                  "upper_bound_us": 5000000
                },
                {
                  "count": 0,
                  "upper_bound_us": 30000000
                },
                {
                  "count": 0,
                  "upper_bound_us": 18446744073709551615
                }
              ],
              "count": 0,
              "max_us": 0,
              "min_us": 0,
              "p50_us": 0,
              "p90_us": 0,
              "p99_us": 0,
              "sum_us": 0
            },
            "read_wait_latency": {
              "avg_us": 0,
              "buckets": [
                {
                  "count": 0,
                  "upper_bound_us": 100
                },
                {
                  "count": 0,
                  "upper_bound_us": 250
                },
                {
                  "count": 0,
                  "upper_bound_us": 500
                },
                {
                  "count": 0,
                  "upper_bound_us": 1000
                },
                {
                  "count": 0,
                  "upper_bound_us": 2000
                },
                {
                  "count": 0,
                  "upper_bound_us": 5000
                },
                {
                  "count": 0,
                  "upper_bound_us": 10000
                },
                {
                  "count": 0,
                  "upper_bound_us": 20000
                },
                {
                  "count": 0,
                  "upper_bound_us": 50000
                },
                {
                  "count": 0,
                  "upper_bound_us": 100000
                },
                {
                  "count": 0,
                  "upper_bound_us": 250000
                },
                {
                  "count": 0,
                  "upper_bound_us": 500000
                },
                {
                  "count": 0,
                  "upper_bound_us": 1000000
                },
                {
                  "count": 0,
                  "upper_bound_us": 5000000
                },
                {
                  "count": 0,
                  "upper_bound_us": 30000000
                },
                {
                  "count": 0,
                  "upper_bound_us": 18446744073709551615
                }
              ],
              "count": 0,
              "max_us": 0,
              "min_us": 0,
              "p50_us": 0,
              "p90_us": 0,
              "p99_us": 0,
              "sum_us": 0
            },
            "write_hold_latency": {
              "avg_us": 0,
              "buckets": [
                {
                  "count": 0,
                  "upper_bound_us": 100
                },
                {
                  "count": 0,
                  "upper_bound_us": 250
                },
                {
                  "count": 0,
                  "upper_bound_us": 500
                },
                {
                  "count": 0,
                  "upper_bound_us": 1000
                },
                {
                  "count": 0,
                  "upper_bound_us": 2000
                },
                {
                  "count": 0,
                  "upper_bound_us": 5000
                },
                {
                  "count": 0,
                  "upper_bound_us": 10000
                },
                {
                  "count": 0,
                  "upper_bound_us": 20000
                },
                {
                  "count": 0,
                  "upper_bound_us": 50000
                },
                {
                  "count": 0,
                  "upper_bound_us": 100000
                },
                {
                  "count": 0,
                  "upper_bound_us": 250000
                },
                {
                  "count": 0,
                  "upper_bound_us": 500000
                },
                {
                  "count": 0,
                  "upper_bound_us": 1000000
                },
                {
                  "count": 0,
                  "upper_bound_us": 5000000
                },
                {
                  "count": 0,
                  "upper_bound_us": 30000000
                },
                {
                  "count": 0,
                  "upper_bound_us": 18446744073709551615
                }
              ],
              "count": 0,
              "max_us": 0,
              "min_us": 0,
              "p50_us": 0,
              "p90_us": 0,
              "p99_us": 0,
              "sum_us": 0
            },
            "write_wait_latency": {
              "avg_us": 0,
              "buckets": [
                {
                  "count": 0,
                  "upper_bound_us": 100
                },
                {
                  "count": 0,
                  "upper_bound_us": 250
                },
                {
                  "count": 0,
                  "upper_bound_us": 500
                },
                {
                  "count": 0,
                  "upper_bound_us": 1000
                },
                {
                  "count": 0,
                  "upper_bound_us": 2000
                },
                {
                  "count": 0,
                  "upper_bound_us": 5000
                },
                {
                  "count": 0,
                  "upper_bound_us": 10000
                },
                {
                  "count": 0,
                  "upper_bound_us": 20000
                },
                {
                  "count": 0,
                  "upper_bound_us": 50000
                },
                {
                  "count": 0,
                  "upper_bound_us": 100000
                },
                {
                  "count": 0,
                  "upper_bound_us": 250000
                },
                {
                  "count": 0,
                  "upper_bound_us": 500000
                },
                {
                  "count": 0,
                  "upper_bound_us": 1000000
                },
                {
                  "count": 0,
                  "upper_bound_us": 5000000
                },
                {
                  "count": 0,
                  "upper_bound_us": 30000000
                },
                {
                  "count": 0,
                  "upper_bound_us": 18446744073709551615
                }
              ],
              "count": 0,
              "max_us": 0,
              "min_us": 0,
              "p50_us": 0,
              "p90_us": 0,
              "p99_us": 0,
              "sum_us": 0
            }
          }
        },
        "storage": {
          "compaction_count": 0,
          "compaction_input_bytes": 0,
          "compaction_latency": {
            "avg_us": 0,
            "buckets": [
              {
                "count": 0,
                "upper_bound_us": 100
              },
              {
                "count": 0,
                "upper_bound_us": 250
              },
              {
                "count": 0,
                "upper_bound_us": 500
              },
              {
                "count": 0,
                "upper_bound_us": 1000
              },
              {
                "count": 0,
                "upper_bound_us": 2000
              },
              {
                "count": 0,
                "upper_bound_us": 5000
              },
              {
                "count": 0,
                "upper_bound_us": 10000
              },
              {
                "count": 0,
                "upper_bound_us": 20000
              },
              {
                "count": 0,
                "upper_bound_us": 50000
              },
              {
                "count": 0,
                "upper_bound_us": 100000
              },
              {
                "count": 0,
                "upper_bound_us": 250000
              },
              {
                "count": 0,
                "upper_bound_us": 500000
              },
              {
                "count": 0,
                "upper_bound_us": 1000000
              },
              {
                "count": 0,
                "upper_bound_us": 5000000
              },
              {
                "count": 0,
                "upper_bound_us": 30000000
              },
              {
                "count": 0,
                "upper_bound_us": 18446744073709551615
              }
            ],
            "count": 0,
            "max_us": 0,
            "min_us": 0,
            "p50_us": 0,
            "p90_us": 0,
            "p99_us": 0,
            "sum_us": 0
          },
          "compaction_output_bytes": 0,
          "delete_latency": {
            "avg_us": 0,
            "buckets": [
              {
                "count": 0,
                "upper_bound_us": 100
              },
              {
                "count": 0,
                "upper_bound_us": 250
              },
              {
                "count": 0,
                "upper_bound_us": 500
              },
              {
                "count": 0,
                "upper_bound_us": 1000
              },
              {
                "count": 0,
                "upper_bound_us": 2000
              },
              {
                "count": 0,
                "upper_bound_us": 5000
              },
              {
                "count": 0,
                "upper_bound_us": 10000
              },
              {
                "count": 0,
                "upper_bound_us": 20000
              },
              {
                "count": 0,
                "upper_bound_us": 50000
              },
              {
                "count": 0,
                "upper_bound_us": 100000
              },
              {
                "count": 0,
                "upper_bound_us": 250000
              },
              {
                "count": 0,
                "upper_bound_us": 500000
              },
              {
                "count": 0,
                "upper_bound_us": 1000000
              },
              {
                "count": 0,
                "upper_bound_us": 5000000
              },
              {
                "count": 0,
                "upper_bound_us": 30000000
              },
              {
                "count": 0,
                "upper_bound_us": 18446744073709551615
              }
            ],
            "count": 0,
            "max_us": 0,
            "min_us": 0,
            "p50_us": 0,
            "p90_us": 0,
            "p99_us": 0,
            "sum_us": 0
          },
          "delete_ops": 0,
          "flush_count": 0,
          "flush_latency": {
            "avg_us": 0,
            "buckets": [
              {
                "count": 0,
                "upper_bound_us": 100
              },
              {
                "count": 0,
                "upper_bound_us": 250
              },
              {
                "count": 0,
                "upper_bound_us": 500
              },
              {
                "count": 0,
                "upper_bound_us": 1000
              },
              {
                "count": 0,
                "upper_bound_us": 2000
              },
              {
                "count": 0,
                "upper_bound_us": 5000
              },
              {
                "count": 0,
                "upper_bound_us": 10000
              },
              {
                "count": 0,
                "upper_bound_us": 20000
              },
              {
                "count": 0,
                "upper_bound_us": 50000
              },
              {
                "count": 0,
                "upper_bound_us": 100000
              },
              {
                "count": 0,
                "upper_bound_us": 250000
              },
              {
                "count": 0,
                "upper_bound_us": 500000
              },
              {
                "count": 0,
                "upper_bound_us": 1000000
              },
              {
                "count": 0,
                "upper_bound_us": 5000000
              },
              {
                "count": 0,
                "upper_bound_us": 30000000
              },
              {
                "count": 0,
                "upper_bound_us": 18446744073709551615
              }
            ],
            "count": 0,
            "max_us": 0,
            "min_us": 0,
            "p50_us": 0,
            "p90_us": 0,
            "p99_us": 0,
            "sum_us": 0
          },
          "get_neighbors_latency": {
            "avg_us": 0,
            "buckets": [
              {
                "count": 200,
                "upper_bound_us": 100
              },
              {
                "count": 0,
                "upper_bound_us": 250
              },
              {
                "count": 0,
                "upper_bound_us": 500
              },
              {
                "count": 0,
                "upper_bound_us": 1000
              },
              {
                "count": 0,
                "upper_bound_us": 2000
              },
              {
                "count": 0,
                "upper_bound_us": 5000
              },
              {
                "count": 0,
                "upper_bound_us": 10000
              },
              {
                "count": 0,
                "upper_bound_us": 20000
              },
              {
                "count": 0,
                "upper_bound_us": 50000
              },
              {
                "count": 0,
                "upper_bound_us": 100000
              },
              {
                "count": 0,
                "upper_bound_us": 250000
              },
              {
                "count": 0,
                "upper_bound_us": 500000
              },
              {
                "count": 0,
                "upper_bound_us": 1000000
              },
              {
                "count": 0,
                "upper_bound_us": 5000000
              },
              {
                "count": 0,
                "upper_bound_us": 30000000
              },
              {
                "count": 0,
                "upper_bound_us": 18446744073709551615
              }
            ],
            "count": 200,
            "max_us": 12,
            "min_us": 0,
            "p50_us": 100,
            "p90_us": 100,
            "p99_us": 100,
            "sum_us": 12
          },
          "get_neighbors_ops": 200,
          "insert_latency": {
            "avg_us": 0,
            "buckets": [
              {
                "count": 0,
                "upper_bound_us": 100
              },
              {
                "count": 0,
                "upper_bound_us": 250
              },
              {
                "count": 0,
                "upper_bound_us": 500
              },
              {
                "count": 0,
                "upper_bound_us": 1000
              },
              {
                "count": 0,
                "upper_bound_us": 2000
              },
              {
                "count": 0,
                "upper_bound_us": 5000
              },
              {
                "count": 0,
                "upper_bound_us": 10000
              },
              {
                "count": 0,
                "upper_bound_us": 20000
              },
              {
                "count": 0,
                "upper_bound_us": 50000
              },
              {
                "count": 0,
                "upper_bound_us": 100000
              },
              {
                "count": 0,
                "upper_bound_us": 250000
              },
              {
                "count": 0,
                "upper_bound_us": 500000
              },
              {
                "count": 0,
                "upper_bound_us": 1000000
              },
              {
                "count": 0,
                "upper_bound_us": 5000000
              },
              {
                "count": 0,
                "upper_bound_us": 30000000
              },
              {
                "count": 0,
                "upper_bound_us": 18446744073709551615
              }
            ],
            "count": 0,
            "max_us": 0,
            "min_us": 0,
            "p50_us": 0,
            "p90_us": 0,
            "p99_us": 0,
            "sum_us": 0
          },
          "insert_ops": 0,
          "rebuild_index_latency": {
            "avg_us": 0,
            "buckets": [
              {
                "count": 0,
                "upper_bound_us": 100
              },
              {
                "count": 0,
                "upper_bound_us": 250
              },
              {
                "count": 0,
                "upper_bound_us": 500
              },
              {
                "count": 0,
                "upper_bound_us": 1000
              },
              {
                "count": 0,
                "upper_bound_us": 2000
              },
              {
                "count": 0,
                "upper_bound_us": 5000
              },
              {
                "count": 0,
                "upper_bound_us": 10000
              },
              {
                "count": 0,
                "upper_bound_us": 20000
              },
              {
                "count": 0,
                "upper_bound_us": 50000
              },
              {
                "count": 0,
                "upper_bound_us": 100000
              },
              {
                "count": 0,
                "upper_bound_us": 250000
              },
              {
                "count": 0,
                "upper_bound_us": 500000
              },
              {
                "count": 0,
                "upper_bound_us": 1000000
              },
              {
                "count": 0,
                "upper_bound_us": 5000000
              },
              {
                "count": 0,
                "upper_bound_us": 30000000
              },
              {
                "count": 0,
                "upper_bound_us": 18446744073709551615
              }
            ],
            "count": 0,
            "max_us": 0,
            "min_us": 0,
            "p50_us": 0,
            "p90_us": 0,
            "p99_us": 0,
            "sum_us": 0
          },
          "scan_edges_latency": {
            "avg_us": 0,
            "buckets": [
              {
                "count": 0,
                "upper_bound_us": 100
              },
              {
                "count": 0,
                "upper_bound_us": 250
              },
              {
                "count": 0,
                "upper_bound_us": 500
              },
              {
                "count": 0,
                "upper_bound_us": 1000
              },
              {
                "count": 0,
                "upper_bound_us": 2000
              },
              {
                "count": 0,
                "upper_bound_us": 5000
              },
              {
                "count": 0,
                "upper_bound_us": 10000
              },
              {
                "count": 0,
                "upper_bound_us": 20000
              },
              {
                "count": 0,
                "upper_bound_us": 50000
              },
              {
                "count": 0,
                "upper_bound_us": 100000
              },
              {
                "count": 0,
                "upper_bound_us": 250000
              },
              {
                "count": 0,
                "upper_bound_us": 500000
              },
              {
                "count": 0,
                "upper_bound_us": 1000000
              },
              {
                "count": 0,
                "upper_bound_us": 5000000
              },
              {
                "count": 0,
                "upper_bound_us": 30000000
              },
              {
                "count": 0,
                "upper_bound_us": 18446744073709551615
              }
            ],
            "count": 0,
            "max_us": 0,
            "min_us": 0,
            "p50_us": 0,
            "p90_us": 0,
            "p99_us": 0,
            "sum_us": 0
          },
          "scan_ops": 0
        }
      },
      "neighbor_summary": {
        "bloom_filtered_segments": 0,
        "body_bytes": 0,
        "body_reads": 0,
        "candidate_l0_segments": 0,
        "csr_get_neighbors_avg_us": 0,
        "csr_get_neighbors_p50_us": 0,
        "csr_get_neighbors_p90_us": 0,
        "csr_get_neighbors_p99_us": 0,
        "filter_passed_segments": 0,
        "get_neighbors_avg_us": 0,
        "get_neighbors_ops": 200,
        "get_neighbors_p50_us": 100,
        "get_neighbors_p90_us": 100,
        "get_neighbors_p99_us": 100,
        "header_reads": 0,
        "matched_l0_segments": 0,
        "offset_reads": 0,
        "range_filtered_segments": 0,
        "read_bytes": 0,
        "read_syscalls": 0
      },
      "post_auto_compaction_metrics": null,
      "sample_degrees": [
        {
          "degree": 1,
          "src": 144115188075860068
        },
        {
          "degree": 1,
          "src": 144115188456191070
        },
        {
          "degree": 1,
          "src": 144119586297415842
        },
        {
          "degree": 1,
          "src": 144119586362537619
        },
        {
          "degree": 1,
          "src": 144123984178744151
        },
        {
          "degree": 1,
          "src": 144123984198348276
        },
        {
          "degree": 1,
          "src": 144123984349891970
        },
        {
          "degree": 1,
          "src": 144123984384649417
        },
        {
          "degree": 1,
          "src": 144123984403452590
        },
        {
          "degree": 1,
          "src": 144123984555769412
        },
        {
          "degree": 1,
          "src": 144128382222938684
        },
        {
          "degree": 1,
          "src": 144128382238669208
        },
        {
          "degree": 1,
          "src": 144128382258729908
        },
        {
          "degree": 1,
          "src": 144128382396780107
        },
        {
          "degree": 1,
          "src": 144128382430996610
        },
        {
          "degree": 1,
          "src": 144128382447927173
        },
        {
          "degree": 1,
          "src": 144128382493700745
        },
        {
          "degree": 1,
          "src": 144128382643254056
        },
        {
          "degree": 1,
          "src": 144132780268747838
        },
        {
          "degree": 1,
          "src": 144132780284967097
        },
        {
          "degree": 1,
          "src": 144132780301033993
        },
        {
          "degree": 1,
          "src": 144132780343756507
        },
        {
          "degree": 1,
          "src": 144132780441144214
        },
        {
          "degree": 1,
          "src": 144132780474614178
        },
        {
          "degree": 1,
          "src": 144132780493359287
        },
        {
          "degree": 1,
          "src": 144132780510086909
        },
        {
          "degree": 1,
          "src": 144132780546201129
        },
        {
          "degree": 1,
          "src": 144132780643018629
        },
        {
          "degree": 1,
          "src": 144137178312965139
        },
        {
          "degree": 1,
          "src": 144137178333970251
        },
        {
          "degree": 1,
          "src": 144137178354669057
        },
        {
          "degree": 1,
          "src": 144137178392335505
        },
        {
          "degree": 1,
          "src": 144137178487494125
        },
        {
          "degree": 1,
          "src": 144137178528401861
        },
        {
          "degree": 1,
          "src": 144137178551097443
        },
        {
          "degree": 1,
          "src": 144137178585442496
        },
        {
          "degree": 1,
          "src": 144137178606875668
        },
        {
          "degree": 1,
          "src": 144137178753167577
        },
        {
          "degree": 1,
          "src": 144141576370630094
        },
        {
          "degree": 1,
          "src": 144141576390754927
        },
        {
          "degree": 1,
          "src": 144141576405914314
        },
        {
          "degree": 1,
          "src": 144141576436394540
        },
        {
          "degree": 1,
          "src": 144141576452844089
        },
        {
          "degree": 1,
          "src": 144141576537597212
        },
        {
          "degree": 1,
          "src": 144141576575239494
        },
        {
          "degree": 1,
          "src": 144141576595254822
        },
        {
          "degree": 1,
          "src": 144141576625432242
        },
        {
          "degree": 1,
          "src": 144141576640617202
        },
        {
          "degree": 1,
          "src": 144141576656575805
        },
        {
          "degree": 1,
          "src": 144141576735940182
        },
        {
          "degree": 1,
          "src": 144145974408768034
        },
        {
          "degree": 1,
          "src": 144145974432976471
        },
        {
          "degree": 1,
          "src": 144145974451907594
        },
        {
          "degree": 1,
          "src": 144145974484262081
        },
        {
          "degree": 1,
          "src": 144145974501374287
        },
        {
          "degree": 1,
          "src": 144145974575018171
        },
        {
          "degree": 1,
          "src": 144145974619931718
        },
        {
          "degree": 1,
          "src": 144145974643982955
        },
        {
          "degree": 1,
          "src": 144145974677695442
        },
        {
          "degree": 1,
          "src": 144145974696200710
        },
        {
          "degree": 1,
          "src": 144145974716553825
        },
        {
          "degree": 1,
          "src": 144145974782718394
        },
        {
          "degree": 1,
          "src": 144150372461493285
        },
        {
          "degree": 1,
          "src": 144150372489045584
        },
        {
          "degree": 1,
          "src": 144150372523339221
        },
        {
          "degree": 1,
          "src": 144150372543160969
        },
        {
          "degree": 1,
          "src": 144150372583409924
        },
        {
          "degree": 1,
          "src": 144150372630620604
        },
        {
          "degree": 1,
          "src": 144150372677409564
        },
        {
          "degree": 1,
          "src": 144150372717442346
        },
        {
          "degree": 1,
          "src": 144150372738213538
        },
        {
          "degree": 1,
          "src": 144150372757626442
        },
        {
          "degree": 1,
          "src": 144150372799222321
        },
        {
          "degree": 1,
          "src": 144150372891707957
        },
        {
          "degree": 1,
          "src": 144154770532368691
        },
        {
          "degree": 1,
          "src": 144154770583141611
        },
        {
          "degree": 1,
          "src": 144154770638182834
        },
        {
          "degree": 1,
          "src": 144154770710116704
        },
        {
          "degree": 1,
          "src": 144154770767991883
        },
        {
          "degree": 1,
          "src": 144154770803871051
        },
        {
          "degree": 1,
          "src": 144154770858668405
        },
        {
          "degree": 1,
          "src": 144159168546684749
        },
        {
          "degree": 1,
          "src": 144159168560951634
        },
        {
          "degree": 1,
          "src": 144159168574141194
        },
        {
          "degree": 1,
          "src": 144159168585077723
        },
        {
          "degree": 1,
          "src": 144159168609540736
        },
        {
          "degree": 1,
          "src": 144159168618444424
        },
        {
          "degree": 1,
          "src": 144159168627901853
        },
        {
          "degree": 1,
          "src": 144159168636289444
        },
        {
          "degree": 1,
          "src": 144159168644644866
        },
        {
          "degree": 1,
          "src": 144159168651791646
        },
        {
          "degree": 1,
          "src": 144159168659133511
        },
        {
          "degree": 1,
          "src": 144159168683952605
        },
        {
          "degree": 1,
          "src": 144159168692377552
        },
        {
          "degree": 1,
          "src": 144159168703030245
        },
        {
          "degree": 1,
          "src": 144159168715715767
        },
        {
          "degree": 1,
          "src": 144159168746654565
        },
        {
          "degree": 1,
          "src": 144159168762724802
        },
        {
          "degree": 1,
          "src": 144159168776797655
        },
        {
          "degree": 1,
          "src": 144159168788649378
        },
        {
          "degree": 1,
          "src": 144159168813326972
        },
        {
          "degree": 1,
          "src": 144159168823013234
        },
        {
          "degree": 1,
          "src": 144159168833212666
        },
        {
          "degree": 1,
          "src": 144159168842717235
        },
        {
          "degree": 1,
          "src": 144159168850261346
        },
        {
          "degree": 1,
          "src": 144159168857318529
        },
        {
          "degree": 1,
          "src": 144159168879319547
        },
        {
          "degree": 1,
          "src": 144159168887370499
        },
        {
          "degree": 1,
          "src": 144159168894634466
        },
        {
          "degree": 1,
          "src": 144159168903078334
        },
        {
          "degree": 1,
          "src": 144159168910461925
        },
        {
          "degree": 1,
          "src": 144159168962839416
        },
        {
          "degree": 1,
          "src": 144163566596348728
        },
        {
          "degree": 1,
          "src": 144163566625682523
        },
        {
          "degree": 1,
          "src": 144163566661259428
        },
        {
          "degree": 1,
          "src": 144163566681678758
        },
        {
          "degree": 1,
          "src": 144163566698619183
        },
        {
          "degree": 1,
          "src": 144163566729052870
        },
        {
          "degree": 1,
          "src": 144163566744928965
        },
        {
          "degree": 1,
          "src": 144163566765705788
        },
        {
          "degree": 1,
          "src": 144163566814065025
        },
        {
          "degree": 1,
          "src": 144163566840715284
        },
        {
          "degree": 1,
          "src": 144163566877594074
        },
        {
          "degree": 1,
          "src": 144163566897533644
        },
        {
          "degree": 1,
          "src": 144163566926924568
        },
        {
          "degree": 1,
          "src": 144163566942324446
        },
        {
          "degree": 1,
          "src": 144163566956879376
        },
        {
          "degree": 1,
          "src": 144163567029387343
        },
        {
          "degree": 1,
          "src": 144167964659381996
        },
        {
          "degree": 1,
          "src": 144167964686339514
        },
        {
          "degree": 1,
          "src": 144167964723681841
        },
        {
          "degree": 1,
          "src": 144167964743073524
        },
        {
          "degree": 1,
          "src": 144167964772790310
        },
        {
          "degree": 1,
          "src": 144167964787501672
        },
        {
          "degree": 1,
          "src": 144167964802823768
        },
        {
          "degree": 1,
          "src": 144167964847983802
        },
        {
          "degree": 1,
          "src": 144167964879048930
        },
        {
          "degree": 1,
          "src": 144167964918674765
        },
        {
          "degree": 1,
          "src": 144167964940850223
        },
        {
          "degree": 1,
          "src": 144167964971733666
        },
        {
          "degree": 1,
          "src": 144167964986709145
        },
        {
          "degree": 1,
          "src": 144167965001991110
        },
        {
          "degree": 1,
          "src": 144167965047161539
        },
        {
          "degree": 1,
          "src": 144172362692303213
        },
        {
          "degree": 1,
          "src": 144172362718182819
        },
        {
          "degree": 1,
          "src": 144172362752678589
        },
        {
          "degree": 1,
          "src": 144172362771562614
        },
        {
          "degree": 1,
          "src": 144172362788497288
        },
        {
          "degree": 1,
          "src": 144172362814835736
        },
        {
          "degree": 1,
          "src": 144172362826080302
        },
        {
          "degree": 1,
          "src": 144172362837349324
        },
        {
          "degree": 1,
          "src": 144172362848616303
        },
        {
          "degree": 1,
          "src": 144172362867137800
        },
        {
          "degree": 1,
          "src": 144172362907220986
        },
        {
          "degree": 1,
          "src": 144172362930535132
        },
        {
          "degree": 1,
          "src": 144172362965234310
        },
        {
          "degree": 1,
          "src": 144172362984530756
        },
        {
          "degree": 1,
          "src": 144172362998938820
        },
        {
          "degree": 1,
          "src": 144172363025478924
        },
        {
          "degree": 1,
          "src": 144172363037565463
        },
        {
          "degree": 1,
          "src": 144172363049585977
        },
        {
          "degree": 1,
          "src": 144172363062713634
        },
        {
          "degree": 1,
          "src": 144172363114785569
        },
        {
          "degree": 1,
          "src": 144176760744849210
        },
        {
          "degree": 1,
          "src": 144176760770062479
        },
        {
          "degree": 1,
          "src": 144176760804280695
        },
        {
          "degree": 1,
          "src": 144176760824046355
        },
        {
          "degree": 1,
          "src": 144176760839469432
        },
        {
          "degree": 1,
          "src": 144176760864981305
        },
        {
          "degree": 1,
          "src": 144176760875741725
        },
        {
          "degree": 1,
          "src": 144176760886435321
        },
        {
          "degree": 1,
          "src": 144176760897090269
        },
        {
          "degree": 1,
          "src": 144176760928623972
        },
        {
          "degree": 1,
          "src": 144176760951554512
        },
        {
          "degree": 1,
          "src": 144176760975177630
        },
        {
          "degree": 1,
          "src": 144176761010984537
        },
        {
          "degree": 1,
          "src": 144176761030567285
        },
        {
          "degree": 1,
          "src": 144176761045970774
        },
        {
          "degree": 1,
          "src": 144176761072571581
        },
        {
          "degree": 1,
          "src": 144176761084718897
        },
        {
          "degree": 1,
          "src": 144176761096754108
        },
        {
          "degree": 1,
          "src": 144176761108738428
        },
        {
          "degree": 1,
          "src": 144176761148597131
        },
        {
          "degree": 1,
          "src": 144181158781397232
        },
        {
          "degree": 1,
          "src": 144181158814196083
        },
        {
          "degree": 1,
          "src": 144181158855742952
        },
        {
          "degree": 1,
          "src": 144181158880214857
        },
        {
          "degree": 1,
          "src": 144181158911067932
        },
        {
          "degree": 1,
          "src": 144181158925936325
        },
        {
          "degree": 1,
          "src": 144181158939441593
        },
        {
          "degree": 1,
          "src": 144181158956015886
        },
        {
          "degree": 1,
          "src": 144181158995296498
        },
        {
          "degree": 1,
          "src": 144181159024555862
        },
        {
          "degree": 1,
          "src": 144181159066049967
        },
        {
          "degree": 1,
          "src": 144181159089855763
        },
        {
          "degree": 1,
          "src": 144181159121091195
        },
        {
          "degree": 1,
          "src": 144181159137032181
        },
        {
          "degree": 1,
          "src": 144181159152182925
        },
        {
          "degree": 1,
          "src": 144181159190993901
        },
        {
          "degree": 1,
          "src": 144185556926900054
        }
      ],
      "sampled_srcs": [
        144115188075860068,
        144115188456191070,
        144119586297415842,
        144119586362537619,
        144123984178744151,
        144123984198348276,
        144123984349891970,
        144123984384649417,
        144123984403452590,
        144123984555769412,
        144128382222938684,
        144128382238669208,
        144128382258729908,
        144128382396780107,
        144128382430996610,
        144128382447927173,
        144128382493700745,
        144128382643254056,
        144132780268747838,
        144132780284967097,
        144132780301033993,
        144132780343756507,
        144132780441144214,
        144132780474614178,
        144132780493359287,
        144132780510086909,
        144132780546201129,
        144132780643018629,
        144137178312965139,
        144137178333970251,
        144137178354669057,
        144137178392335505,
        144137178487494125,
        144137178528401861,
        144137178551097443,
        144137178585442496,
        144137178606875668,
        144137178753167577,
        144141576370630094,
        144141576390754927,
        144141576405914314,
        144141576436394540,
        144141576452844089,
        144141576537597212,
        144141576575239494,
        144141576595254822,
        144141576625432242,
        144141576640617202,
        144141576656575805,
        144141576735940182,
        144145974408768034,
        144145974432976471,
        144145974451907594,
        144145974484262081,
        144145974501374287,
        144145974575018171,
        144145974619931718,
        144145974643982955,
        144145974677695442,
        144145974696200710,
        144145974716553825,
        144145974782718394,
        144150372461493285,
        144150372489045584,
        144150372523339221,
        144150372543160969,
        144150372583409924,
        144150372630620604,
        144150372677409564,
        144150372717442346,
        144150372738213538,
        144150372757626442,
        144150372799222321,
        144150372891707957,
        144154770532368691,
        144154770583141611,
        144154770638182834,
        144154770710116704,
        144154770767991883,
        144154770803871051,
        144154770858668405,
        144159168546684749,
        144159168560951634,
        144159168574141194,
        144159168585077723,
        144159168609540736,
        144159168618444424,
        144159168627901853,
        144159168636289444,
        144159168644644866,
        144159168651791646,
        144159168659133511,
        144159168683952605,
        144159168692377552,
        144159168703030245,
        144159168715715767,
        144159168746654565,
        144159168762724802,
        144159168776797655,
        144159168788649378,
        144159168813326972,
        144159168823013234,
        144159168833212666,
        144159168842717235,
        144159168850261346,
        144159168857318529,
        144159168879319547,
        144159168887370499,
        144159168894634466,
        144159168903078334,
        144159168910461925,
        144159168962839416,
        144163566596348728,
        144163566625682523,
        144163566661259428,
        144163566681678758,
        144163566698619183,
        144163566729052870,
        144163566744928965,
        144163566765705788,
        144163566814065025,
        144163566840715284,
        144163566877594074,
        144163566897533644,
        144163566926924568,
        144163566942324446,
        144163566956879376,
        144163567029387343,
        144167964659381996,
        144167964686339514,
        144167964723681841,
        144167964743073524,
        144167964772790310,
        144167964787501672,
        144167964802823768,
        144167964847983802,
        144167964879048930,
        144167964918674765,
        144167964940850223,
        144167964971733666,
        144167964986709145,
        144167965001991110,
        144167965047161539,
        144172362692303213,
        144172362718182819,
        144172362752678589,
        144172362771562614,
        144172362788497288,
        144172362814835736,
        144172362826080302,
        144172362837349324,
        144172362848616303,
        144172362867137800,
        144172362907220986,
        144172362930535132,
        144172362965234310,
        144172362984530756,
        144172362998938820,
        144172363025478924,
        144172363037565463,
        144172363049585977,
        144172363062713634,
        144172363114785569,
        144176760744849210,
        144176760770062479,
        144176760804280695,
        144176760824046355,
        144176760839469432,
        144176760864981305,
        144176760875741725,
        144176760886435321,
        144176760897090269,
        144176760928623972,
        144176760951554512,
        144176760975177630,
        144176761010984537,
        144176761030567285,
        144176761045970774,
        144176761072571581,
        144176761084718897,
        144176761096754108,
        144176761108738428,
        144176761148597131,
        144181158781397232,
        144181158814196083,
        144181158855742952,
        144181158880214857,
        144181158911067932,
        144181158925936325,
        144181158939441593,
        144181158956015886,
        144181158995296498,
        144181159024555862,
        144181159066049967,
        144181159089855763,
        144181159121091195,
        144181159137032181,
        144181159152182925,
        144181159190993901,
        144185556926900054
      ],
      "sampled_vertices": 200,
      "semantic_degree_hint": true
    },
    {
      "auto_compaction": null,
      "candidate_edges_for_sampling": 57987023,
      "candidate_sources_for_sampling": 3831379,
      "edge_type": 11,
      "get_neighbors_elapsed_ms": 0,
      "levels_after_run": [
        3444,
        0,
        0,
        0,
        0
      ],
      "neighbor_edges": 0,
      "neighbor_metrics": {
        "csr": {
          "bloom_false_positive_probes": 0,
          "bloom_filtered_segments": 0,
          "body_bytes": 0,
          "body_reads": 0,
          "candidate_l0_segments": 0,
          "filter_passed_segments": 0,
          "full_scan_reads": 0,
          "get_neighbors_latency": {
            "avg_us": 0,
            "buckets": [
              {
                "count": 0,
                "upper_bound_us": 100
              },
              {
                "count": 0,
                "upper_bound_us": 250
              },
              {
                "count": 0,
                "upper_bound_us": 500
              },
              {
                "count": 0,
                "upper_bound_us": 1000
              },
              {
                "count": 0,
                "upper_bound_us": 2000
              },
              {
                "count": 0,
                "upper_bound_us": 5000
              },
              {
                "count": 0,
                "upper_bound_us": 10000
              },
              {
                "count": 0,
                "upper_bound_us": 20000
              },
              {
                "count": 0,
                "upper_bound_us": 50000
              },
              {
                "count": 0,
                "upper_bound_us": 100000
              },
              {
                "count": 0,
                "upper_bound_us": 250000
              },
              {
                "count": 0,
                "upper_bound_us": 500000
              },
              {
                "count": 0,
                "upper_bound_us": 1000000
              },
              {
                "count": 0,
                "upper_bound_us": 5000000
              },
              {
                "count": 0,
                "upper_bound_us": 30000000
              },
              {
                "count": 0,
                "upper_bound_us": 18446744073709551615
              }
            ],
            "count": 0,
            "max_us": 0,
            "min_us": 0,
            "p50_us": 0,
            "p90_us": 0,
            "p99_us": 0,
            "sum_us": 0
          },
          "header_bytes": 0,
          "header_reads": 0,
          "l0_partitions": [],
          "matched_l0_segments": 0,
          "offset_bytes": 0,
          "offset_cache_hits": 0,
          "offset_cache_misses": 0,
          "offset_reads": 0,
          "range_filtered_segments": 0,
          "read_all_edges_latency": {
            "avg_us": 0,
            "buckets": [
              {
                "count": 0,
                "upper_bound_us": 100
              },
              {
                "count": 0,
                "upper_bound_us": 250
              },
              {
                "count": 0,
                "upper_bound_us": 500
              },
              {
                "count": 0,
                "upper_bound_us": 1000
              },
              {
                "count": 0,
                "upper_bound_us": 2000
              },
              {
                "count": 0,
                "upper_bound_us": 5000
              },
              {
                "count": 0,
                "upper_bound_us": 10000
              },
              {
                "count": 0,
                "upper_bound_us": 20000
              },
              {
                "count": 0,
                "upper_bound_us": 50000
              },
              {
                "count": 0,
                "upper_bound_us": 100000
              },
              {
                "count": 0,
                "upper_bound_us": 250000
              },
              {
                "count": 0,
                "upper_bound_us": 500000
              },
              {
                "count": 0,
                "upper_bound_us": 1000000
              },
              {
                "count": 0,
                "upper_bound_us": 5000000
              },
              {
                "count": 0,
                "upper_bound_us": 30000000
              },
              {
                "count": 0,
                "upper_bound_us": 18446744073709551615
              }
            ],
            "count": 0,
            "max_us": 0,
            "min_us": 0,
            "p50_us": 0,
            "p90_us": 0,
            "p99_us": 0,
            "sum_us": 0
          },
          "read_offsets_latency": {
            "avg_us": 0,
            "buckets": [
              {
                "count": 0,
                "upper_bound_us": 100
              },
              {
                "count": 0,
                "upper_bound_us": 250
              },
              {
                "count": 0,
                "upper_bound_us": 500
              },
              {
                "count": 0,
                "upper_bound_us": 1000
              },
              {
                "count": 0,
                "upper_bound_us": 2000
              },
              {
                "count": 0,
                "upper_bound_us": 5000
              },
              {
                "count": 0,
                "upper_bound_us": 10000
              },
              {
                "count": 0,
                "upper_bound_us": 20000
              },
              {
                "count": 0,
                "upper_bound_us": 50000
              },
              {
                "count": 0,
                "upper_bound_us": 100000
              },
              {
                "count": 0,
                "upper_bound_us": 250000
              },
              {
                "count": 0,
                "upper_bound_us": 500000
              },
              {
                "count": 0,
                "upper_bound_us": 1000000
              },
              {
                "count": 0,
                "upper_bound_us": 5000000
              },
              {
                "count": 0,
                "upper_bound_us": 30000000
              },
              {
                "count": 0,
                "upper_bound_us": 18446744073709551615
              }
            ],
            "count": 0,
            "max_us": 0,
            "min_us": 0,
            "p50_us": 0,
            "p90_us": 0,
            "p99_us": 0,
            "sum_us": 0
          }
        },
        "http": {
          "endpoints": {},
          "handler_latency": {
            "avg_us": 0,
            "buckets": [
              {
                "count": 0,
                "upper_bound_us": 100
              },
              {
                "count": 0,
                "upper_bound_us": 250
              },
              {
                "count": 0,
                "upper_bound_us": 500
              },
              {
                "count": 0,
                "upper_bound_us": 1000
              },
              {
                "count": 0,
                "upper_bound_us": 2000
              },
              {
                "count": 0,
                "upper_bound_us": 5000
              },
              {
                "count": 0,
                "upper_bound_us": 10000
              },
              {
                "count": 0,
                "upper_bound_us": 20000
              },
              {
                "count": 0,
                "upper_bound_us": 50000
              },
              {
                "count": 0,
                "upper_bound_us": 100000
              },
              {
                "count": 0,
                "upper_bound_us": 250000
              },
              {
                "count": 0,
                "upper_bound_us": 500000
              },
              {
                "count": 0,
                "upper_bound_us": 1000000
              },
              {
                "count": 0,
                "upper_bound_us": 5000000
              },
              {
                "count": 0,
                "upper_bound_us": 30000000
              },
              {
                "count": 0,
                "upper_bound_us": 18446744073709551615
              }
            ],
            "count": 0,
            "max_us": 0,
            "min_us": 0,
            "p50_us": 0,
            "p90_us": 0,
            "p99_us": 0,
            "sum_us": 0
          },
          "json_parse_latency": {
            "avg_us": 0,
            "buckets": [
              {
                "count": 0,
                "upper_bound_us": 100
              },
              {
                "count": 0,
                "upper_bound_us": 250
              },
              {
                "count": 0,
                "upper_bound_us": 500
              },
              {
                "count": 0,
                "upper_bound_us": 1000
              },
              {
                "count": 0,
                "upper_bound_us": 2000
              },
              {
                "count": 0,
                "upper_bound_us": 5000
              },
              {
                "count": 0,
                "upper_bound_us": 10000
              },
              {
                "count": 0,
                "upper_bound_us": 20000
              },
              {
                "count": 0,
                "upper_bound_us": 50000
              },
              {
                "count": 0,
                "upper_bound_us": 100000
              },
              {
                "count": 0,
                "upper_bound_us": 250000
              },
              {
                "count": 0,
                "upper_bound_us": 500000
              },
              {
                "count": 0,
                "upper_bound_us": 1000000
              },
              {
                "count": 0,
                "upper_bound_us": 5000000
              },
              {
                "count": 0,
                "upper_bound_us": 30000000
              },
              {
                "count": 0,
                "upper_bound_us": 18446744073709551615
              }
            ],
            "count": 0,
            "max_us": 0,
            "min_us": 0,
            "p50_us": 0,
            "p90_us": 0,
            "p99_us": 0,
            "sum_us": 0
          },
          "request_read_latency": {
            "avg_us": 0,
            "buckets": [
              {
                "count": 0,
                "upper_bound_us": 100
              },
              {
                "count": 0,
                "upper_bound_us": 250
              },
              {
                "count": 0,
                "upper_bound_us": 500
              },
              {
                "count": 0,
                "upper_bound_us": 1000
              },
              {
                "count": 0,
                "upper_bound_us": 2000
              },
              {
                "count": 0,
                "upper_bound_us": 5000
              },
              {
                "count": 0,
                "upper_bound_us": 10000
              },
              {
                "count": 0,
                "upper_bound_us": 20000
              },
              {
                "count": 0,
                "upper_bound_us": 50000
              },
              {
                "count": 0,
                "upper_bound_us": 100000
              },
              {
                "count": 0,
                "upper_bound_us": 250000
              },
              {
                "count": 0,
                "upper_bound_us": 500000
              },
              {
                "count": 0,
                "upper_bound_us": 1000000
              },
              {
                "count": 0,
                "upper_bound_us": 5000000
              },
              {
                "count": 0,
                "upper_bound_us": 30000000
              },
              {
                "count": 0,
                "upper_bound_us": 18446744073709551615
              }
            ],
            "count": 0,
            "max_us": 0,
            "min_us": 0,
            "p50_us": 0,
            "p90_us": 0,
            "p99_us": 0,
            "sum_us": 0
          },
          "requests": 0,
          "response_write_latency": {
            "avg_us": 0,
            "buckets": [
              {
                "count": 0,
                "upper_bound_us": 100
              },
              {
                "count": 0,
                "upper_bound_us": 250
              },
              {
                "count": 0,
                "upper_bound_us": 500
              },
              {
                "count": 0,
                "upper_bound_us": 1000
              },
              {
                "count": 0,
                "upper_bound_us": 2000
              },
              {
                "count": 0,
                "upper_bound_us": 5000
              },
              {
                "count": 0,
                "upper_bound_us": 10000
              },
              {
                "count": 0,
                "upper_bound_us": 20000
              },
              {
                "count": 0,
                "upper_bound_us": 50000
              },
              {
                "count": 0,
                "upper_bound_us": 100000
              },
              {
                "count": 0,
                "upper_bound_us": 250000
              },
              {
                "count": 0,
                "upper_bound_us": 500000
              },
              {
                "count": 0,
                "upper_bound_us": 1000000
              },
              {
                "count": 0,
                "upper_bound_us": 5000000
              },
              {
                "count": 0,
                "upper_bound_us": 30000000
              },
              {
                "count": 0,
                "upper_bound_us": 18446744073709551615
              }
            ],
            "count": 0,
            "max_us": 0,
            "min_us": 0,
            "p50_us": 0,
            "p90_us": 0,
            "p99_us": 0,
            "sum_us": 0
          },
          "serialize_latency": {
            "avg_us": 0,
            "buckets": [
              {
                "count": 0,
                "upper_bound_us": 100
              },
              {
                "count": 0,
                "upper_bound_us": 250
              },
              {
                "count": 0,
                "upper_bound_us": 500
              },
              {
                "count": 0,
                "upper_bound_us": 1000
              },
              {
                "count": 0,
                "upper_bound_us": 2000
              },
              {
                "count": 0,
                "upper_bound_us": 5000
              },
              {
                "count": 0,
                "upper_bound_us": 10000
              },
              {
                "count": 0,
                "upper_bound_us": 20000
              },
              {
                "count": 0,
                "upper_bound_us": 50000
              },
              {
                "count": 0,
                "upper_bound_us": 100000
              },
              {
                "count": 0,
                "upper_bound_us": 250000
              },
              {
                "count": 0,
                "upper_bound_us": 500000
              },
              {
                "count": 0,
                "upper_bound_us": 1000000
              },
              {
                "count": 0,
                "upper_bound_us": 5000000
              },
              {
                "count": 0,
                "upper_bound_us": 30000000
              },
              {
                "count": 0,
                "upper_bound_us": 18446744073709551615
              }
            ],
            "count": 0,
            "max_us": 0,
            "min_us": 0,
            "p50_us": 0,
            "p90_us": 0,
            "p99_us": 0,
            "sum_us": 0
          },
          "status_2xx": 0,
          "status_4xx": 0,
          "status_5xx": 0
        },
        "io": {
          "create_blocking_latency": {
            "avg_us": 0,
            "buckets": [
              {
                "count": 0,
                "upper_bound_us": 100
              },
              {
                "count": 0,
                "upper_bound_us": 250
              },
              {
                "count": 0,
                "upper_bound_us": 500
              },
              {
                "count": 0,
                "upper_bound_us": 1000
              },
              {
                "count": 0,
                "upper_bound_us": 2000
              },
              {
                "count": 0,
                "upper_bound_us": 5000
              },
              {
                "count": 0,
                "upper_bound_us": 10000
              },
              {
                "count": 0,
                "upper_bound_us": 20000
              },
              {
                "count": 0,
                "upper_bound_us": 50000
              },
              {
                "count": 0,
                "upper_bound_us": 100000
              },
              {
                "count": 0,
                "upper_bound_us": 250000
              },
              {
                "count": 0,
                "upper_bound_us": 500000
              },
              {
                "count": 0,
                "upper_bound_us": 1000000
              },
              {
                "count": 0,
                "upper_bound_us": 5000000
              },
              {
                "count": 0,
                "upper_bound_us": 30000000
              },
              {
                "count": 0,
                "upper_bound_us": 18446744073709551615
              }
            ],
            "count": 0,
            "max_us": 0,
            "min_us": 0,
            "p50_us": 0,
            "p90_us": 0,
            "p99_us": 0,
            "sum_us": 0
          },
          "read_blocking_latency": {
            "avg_us": 0,
            "buckets": [
              {
                "count": 0,
                "upper_bound_us": 100
              },
              {
                "count": 0,
                "upper_bound_us": 250
              },
              {
                "count": 0,
                "upper_bound_us": 500
              },
              {
                "count": 0,
                "upper_bound_us": 1000
              },
              {
                "count": 0,
                "upper_bound_us": 2000
              },
              {
                "count": 0,
                "upper_bound_us": 5000
              },
              {
                "count": 0,
                "upper_bound_us": 10000
              },
              {
                "count": 0,
                "upper_bound_us": 20000
              },
              {
                "count": 0,
                "upper_bound_us": 50000
              },
              {
                "count": 0,
                "upper_bound_us": 100000
              },
              {
                "count": 0,
                "upper_bound_us": 250000
              },
              {
                "count": 0,
                "upper_bound_us": 500000
              },
              {
                "count": 0,
                "upper_bound_us": 1000000
              },
              {
                "count": 0,
                "upper_bound_us": 5000000
              },
              {
                "count": 0,
                "upper_bound_us": 30000000
              },
              {
                "count": 0,
                "upper_bound_us": 18446744073709551615
              }
            ],
            "count": 0,
            "max_us": 0,
            "min_us": 0,
            "p50_us": 0,
            "p90_us": 0,
            "p99_us": 0,
            "sum_us": 0
          },
          "read_bytes": 0,
          "read_syscalls": 0,
          "remove_blocking_latency": {
            "avg_us": 0,
            "buckets": [
              {
                "count": 0,
                "upper_bound_us": 100
              },
              {
                "count": 0,
                "upper_bound_us": 250
              },
              {
                "count": 0,
                "upper_bound_us": 500
              },
              {
                "count": 0,
                "upper_bound_us": 1000
              },
              {
                "count": 0,
                "upper_bound_us": 2000
              },
              {
                "count": 0,
                "upper_bound_us": 5000
              },
              {
                "count": 0,
                "upper_bound_us": 10000
              },
              {
                "count": 0,
                "upper_bound_us": 20000
              },
              {
                "count": 0,
                "upper_bound_us": 50000
              },
              {
                "count": 0,
                "upper_bound_us": 100000
              },
              {
                "count": 0,
                "upper_bound_us": 250000
              },
              {
                "count": 0,
                "upper_bound_us": 500000
              },
              {
                "count": 0,
                "upper_bound_us": 1000000
              },
              {
                "count": 0,
                "upper_bound_us": 5000000
              },
              {
                "count": 0,
                "upper_bound_us": 30000000
              },
              {
                "count": 0,
                "upper_bound_us": 18446744073709551615
              }
            ],
            "count": 0,
            "max_us": 0,
            "min_us": 0,
            "p50_us": 0,
            "p90_us": 0,
            "p99_us": 0,
            "sum_us": 0
          },
          "semaphore_wait_latency": {
            "avg_us": 0,
            "buckets": [
              {
                "count": 0,
                "upper_bound_us": 100
              },
              {
                "count": 0,
                "upper_bound_us": 250
              },
              {
                "count": 0,
                "upper_bound_us": 500
              },
              {
                "count": 0,
                "upper_bound_us": 1000
              },
              {
                "count": 0,
                "upper_bound_us": 2000
              },
              {
                "count": 0,
                "upper_bound_us": 5000
              },
              {
                "count": 0,
                "upper_bound_us": 10000
              },
              {
                "count": 0,
                "upper_bound_us": 20000
              },
              {
                "count": 0,
                "upper_bound_us": 50000
              },
              {
                "count": 0,
                "upper_bound_us": 100000
              },
              {
                "count": 0,
                "upper_bound_us": 250000
              },
              {
                "count": 0,
                "upper_bound_us": 500000
              },
              {
                "count": 0,
                "upper_bound_us": 1000000
              },
              {
                "count": 0,
                "upper_bound_us": 5000000
              },
              {
                "count": 0,
                "upper_bound_us": 30000000
              },
              {
                "count": 0,
                "upper_bound_us": 18446744073709551615
              }
            ],
            "count": 0,
            "max_us": 0,
            "min_us": 0,
            "p50_us": 0,
            "p90_us": 0,
            "p99_us": 0,
            "sum_us": 0
          },
          "sync_blocking_latency": {
            "avg_us": 0,
            "buckets": [
              {
                "count": 0,
                "upper_bound_us": 100
              },
              {
                "count": 0,
                "upper_bound_us": 250
              },
              {
                "count": 0,
                "upper_bound_us": 500
              },
              {
                "count": 0,
                "upper_bound_us": 1000
              },
              {
                "count": 0,
                "upper_bound_us": 2000
              },
              {
                "count": 0,
                "upper_bound_us": 5000
              },
              {
                "count": 0,
                "upper_bound_us": 10000
              },
              {
                "count": 0,
                "upper_bound_us": 20000
              },
              {
                "count": 0,
                "upper_bound_us": 50000
              },
              {
                "count": 0,
                "upper_bound_us": 100000
              },
              {
                "count": 0,
                "upper_bound_us": 250000
              },
              {
                "count": 0,
                "upper_bound_us": 500000
              },
              {
                "count": 0,
                "upper_bound_us": 1000000
              },
              {
                "count": 0,
                "upper_bound_us": 5000000
              },
              {
                "count": 0,
                "upper_bound_us": 30000000
              },
              {
                "count": 0,
                "upper_bound_us": 18446744073709551615
              }
            ],
            "count": 0,
            "max_us": 0,
            "min_us": 0,
            "p50_us": 0,
            "p90_us": 0,
            "p99_us": 0,
            "sum_us": 0
          },
          "write_blocking_latency": {
            "avg_us": 0,
            "buckets": [
              {
                "count": 0,
                "upper_bound_us": 100
              },
              {
                "count": 0,
                "upper_bound_us": 250
              },
              {
                "count": 0,
                "upper_bound_us": 500
              },
              {
                "count": 0,
                "upper_bound_us": 1000
              },
              {
                "count": 0,
                "upper_bound_us": 2000
              },
              {
                "count": 0,
                "upper_bound_us": 5000
              },
              {
                "count": 0,
                "upper_bound_us": 10000
              },
              {
                "count": 0,
                "upper_bound_us": 20000
              },
              {
                "count": 0,
                "upper_bound_us": 50000
              },
              {
                "count": 0,
                "upper_bound_us": 100000
              },
              {
                "count": 0,
                "upper_bound_us": 250000
              },
              {
                "count": 0,
                "upper_bound_us": 500000
              },
              {
                "count": 0,
                "upper_bound_us": 1000000
              },
              {
                "count": 0,
                "upper_bound_us": 5000000
              },
              {
                "count": 0,
                "upper_bound_us": 30000000
              },
              {
                "count": 0,
                "upper_bound_us": 18446744073709551615
              }
            ],
            "count": 0,
            "max_us": 0,
            "min_us": 0,
            "p50_us": 0,
            "p90_us": 0,
            "p99_us": 0,
            "sum_us": 0
          },
          "write_bytes": 0,
          "write_syscalls": 0
        },
        "snb": {
          "cache": {
            "adjacency_bytes": 0,
            "adjacency_cache_hits": 0,
            "adjacency_cache_misses": 0,
            "adjacency_cache_write_bytes": 0,
            "adjacency_cache_write_syscalls": 0,
            "adjacency_edges": 0,
            "adjacency_group_latency": {
              "avg_us": 0,
              "buckets": [
                {
                  "count": 0,
                  "upper_bound_us": 100
                },
                {
                  "count": 0,
                  "upper_bound_us": 250
                },
                {
                  "count": 0,
                  "upper_bound_us": 500
                },
                {
                  "count": 0,
                  "upper_bound_us": 1000
                },
                {
                  "count": 0,
                  "upper_bound_us": 2000
                },
                {
                  "count": 0,
                  "upper_bound_us": 5000
                },
                {
                  "count": 0,
                  "upper_bound_us": 10000
                },
                {
                  "count": 0,
                  "upper_bound_us": 20000
                },
                {
                  "count": 0,
                  "upper_bound_us": 50000
                },
                {
                  "count": 0,
                  "upper_bound_us": 100000
                },
                {
                  "count": 0,
                  "upper_bound_us": 250000
                },
                {
                  "count": 0,
                  "upper_bound_us": 500000
                },
                {
                  "count": 0,
                  "upper_bound_us": 1000000
                },
                {
                  "count": 0,
                  "upper_bound_us": 5000000
                },
                {
                  "count": 0,
                  "upper_bound_us": 30000000
                },
                {
                  "count": 0,
                  "upper_bound_us": 18446744073709551615
                }
              ],
              "count": 0,
              "max_us": 0,
              "min_us": 0,
              "p50_us": 0,
              "p90_us": 0,
              "p99_us": 0,
              "sum_us": 0
            },
            "adjacency_groups": 0,
            "adjacency_load_latency": {
              "avg_us": 0,
              "buckets": [
                {
                  "count": 0,
                  "upper_bound_us": 100
                },
                {
                  "count": 0,
                  "upper_bound_us": 250
                },
                {
                  "count": 0,
                  "upper_bound_us": 500
                },
                {
                  "count": 0,
                  "upper_bound_us": 1000
                },
                {
                  "count": 0,
                  "upper_bound_us": 2000
                },
                {
                  "count": 0,
                  "upper_bound_us": 5000
                },
                {
                  "count": 0,
                  "upper_bound_us": 10000
                },
                {
                  "count": 0,
                  "upper_bound_us": 20000
                },
                {
                  "count": 0,
                  "upper_bound_us": 50000
                },
                {
                  "count": 0,
                  "upper_bound_us": 100000
                },
                {
                  "count": 0,
                  "upper_bound_us": 250000
                },
                {
                  "count": 0,
                  "upper_bound_us": 500000
                },
                {
                  "count": 0,
                  "upper_bound_us": 1000000
                },
                {
                  "count": 0,
                  "upper_bound_us": 5000000
                },
                {
                  "count": 0,
                  "upper_bound_us": 30000000
                },
                {
                  "count": 0,
                  "upper_bound_us": 18446744073709551615
                }
              ],
              "count": 0,
              "max_us": 0,
              "min_us": 0,
              "p50_us": 0,
              "p90_us": 0,
              "p99_us": 0,
              "sum_us": 0
            },
            "adjacency_scan_latency": {
              "avg_us": 0,
              "buckets": [
                {
                  "count": 0,
                  "upper_bound_us": 100
                },
                {
                  "count": 0,
                  "upper_bound_us": 250
                },
                {
                  "count": 0,
                  "upper_bound_us": 500
                },
                {
                  "count": 0,
                  "upper_bound_us": 1000
                },
                {
                  "count": 0,
                  "upper_bound_us": 2000
                },
                {
                  "count": 0,
                  "upper_bound_us": 5000
                },
                {
                  "count": 0,
                  "upper_bound_us": 10000
                },
                {
                  "count": 0,
                  "upper_bound_us": 20000
                },
                {
                  "count": 0,
                  "upper_bound_us": 50000
                },
                {
                  "count": 0,
                  "upper_bound_us": 100000
                },
                {
                  "count": 0,
                  "upper_bound_us": 250000
                },
                {
                  "count": 0,
                  "upper_bound_us": 500000
                },
                {
                  "count": 0,
                  "upper_bound_us": 1000000
                },
                {
                  "count": 0,
                  "upper_bound_us": 5000000
                },
                {
                  "count": 0,
                  "upper_bound_us": 30000000
                },
                {
                  "count": 0,
                  "upper_bound_us": 18446744073709551615
                }
              ],
              "count": 0,
              "max_us": 0,
              "min_us": 0,
              "p50_us": 0,
              "p90_us": 0,
              "p99_us": 0,
              "sum_us": 0
            },
            "adjacency_write_latency": {
              "avg_us": 0,
              "buckets": [
                {
                  "count": 0,
                  "upper_bound_us": 100
                },
                {
                  "count": 0,
                  "upper_bound_us": 250
                },
                {
                  "count": 0,
                  "upper_bound_us": 500
                },
                {
                  "count": 0,
                  "upper_bound_us": 1000
                },
                {
                  "count": 0,
                  "upper_bound_us": 2000
                },
                {
                  "count": 0,
                  "upper_bound_us": 5000
                },
                {
                  "count": 0,
                  "upper_bound_us": 10000
                },
                {
                  "count": 0,
                  "upper_bound_us": 20000
                },
                {
                  "count": 0,
                  "upper_bound_us": 50000
                },
                {
                  "count": 0,
                  "upper_bound_us": 100000
                },
                {
                  "count": 0,
                  "upper_bound_us": 250000
                },
                {
                  "count": 0,
                  "upper_bound_us": 500000
                },
                {
                  "count": 0,
                  "upper_bound_us": 1000000
                },
                {
                  "count": 0,
                  "upper_bound_us": 5000000
                },
                {
                  "count": 0,
                  "upper_bound_us": 30000000
                },
                {
                  "count": 0,
                  "upper_bound_us": 18446744073709551615
                }
              ],
              "count": 0,
              "max_us": 0,
              "min_us": 0,
              "p50_us": 0,
              "p90_us": 0,
              "p99_us": 0,
              "sum_us": 0
            },
            "edge_props": 0,
            "edge_props_load_latency": {
              "avg_us": 0,
              "buckets": [
                {
                  "count": 0,
                  "upper_bound_us": 100
                },
                {
                  "count": 0,
                  "upper_bound_us": 250
                },
                {
                  "count": 0,
                  "upper_bound_us": 500
                },
                {
                  "count": 0,
                  "upper_bound_us": 1000
                },
                {
                  "count": 0,
                  "upper_bound_us": 2000
                },
                {
                  "count": 0,
                  "upper_bound_us": 5000
                },
                {
                  "count": 0,
                  "upper_bound_us": 10000
                },
                {
                  "count": 0,
                  "upper_bound_us": 20000
                },
                {
                  "count": 0,
                  "upper_bound_us": 50000
                },
                {
                  "count": 0,
                  "upper_bound_us": 100000
                },
                {
                  "count": 0,
                  "upper_bound_us": 250000
                },
                {
                  "count": 0,
                  "upper_bound_us": 500000
                },
                {
                  "count": 0,
                  "upper_bound_us": 1000000
                },
                {
                  "count": 0,
                  "upper_bound_us": 5000000
                },
                {
                  "count": 0,
                  "upper_bound_us": 30000000
                },
                {
                  "count": 0,
                  "upper_bound_us": 18446744073709551615
                }
              ],
              "count": 0,
              "max_us": 0,
              "min_us": 0,
              "p50_us": 0,
              "p90_us": 0,
              "p99_us": 0,
              "sum_us": 0
            },
            "vertices": 0,
            "vertices_load_latency": {
              "avg_us": 0,
              "buckets": [
                {
                  "count": 0,
                  "upper_bound_us": 100
                },
                {
                  "count": 0,
                  "upper_bound_us": 250
                },
                {
                  "count": 0,
                  "upper_bound_us": 500
                },
                {
                  "count": 0,
                  "upper_bound_us": 1000
                },
                {
                  "count": 0,
                  "upper_bound_us": 2000
                },
                {
                  "count": 0,
                  "upper_bound_us": 5000
                },
                {
                  "count": 0,
                  "upper_bound_us": 10000
                },
                {
                  "count": 0,
                  "upper_bound_us": 20000
                },
                {
                  "count": 0,
                  "upper_bound_us": 50000
                },
                {
                  "count": 0,
                  "upper_bound_us": 100000
                },
                {
                  "count": 0,
                  "upper_bound_us": 250000
                },
                {
                  "count": 0,
                  "upper_bound_us": 500000
                },
                {
                  "count": 0,
                  "upper_bound_us": 1000000
                },
                {
                  "count": 0,
                  "upper_bound_us": 5000000
                },
                {
                  "count": 0,
                  "upper_bound_us": 30000000
                },
                {
                  "count": 0,
                  "upper_bound_us": 18446744073709551615
                }
              ],
              "count": 0,
              "max_us": 0,
              "min_us": 0,
              "p50_us": 0,
              "p90_us": 0,
              "p99_us": 0,
              "sum_us": 0
            }
          },
          "helpers": {
            "adjacency_lookups": 0,
            "edge_prop_lookups": 0,
            "neighbor_clone_items": 0,
            "vertex_lookups": 0
          },
          "locks": {
            "read_hold_latency": {
              "avg_us": 0,
              "buckets": [
                {
                  "count": 0,
                  "upper_bound_us": 100
                },
                {
                  "count": 0,
                  "upper_bound_us": 250
                },
                {
                  "count": 0,
                  "upper_bound_us": 500
                },
                {
                  "count": 0,
                  "upper_bound_us": 1000
                },
                {
                  "count": 0,
                  "upper_bound_us": 2000
                },
                {
                  "count": 0,
                  "upper_bound_us": 5000
                },
                {
                  "count": 0,
                  "upper_bound_us": 10000
                },
                {
                  "count": 0,
                  "upper_bound_us": 20000
                },
                {
                  "count": 0,
                  "upper_bound_us": 50000
                },
                {
                  "count": 0,
                  "upper_bound_us": 100000
                },
                {
                  "count": 0,
                  "upper_bound_us": 250000
                },
                {
                  "count": 0,
                  "upper_bound_us": 500000
                },
                {
                  "count": 0,
                  "upper_bound_us": 1000000
                },
                {
                  "count": 0,
                  "upper_bound_us": 5000000
                },
                {
                  "count": 0,
                  "upper_bound_us": 30000000
                },
                {
                  "count": 0,
                  "upper_bound_us": 18446744073709551615
                }
              ],
              "count": 0,
              "max_us": 0,
              "min_us": 0,
              "p50_us": 0,
              "p90_us": 0,
              "p99_us": 0,
              "sum_us": 0
            },
            "read_wait_latency": {
              "avg_us": 0,
              "buckets": [
                {
                  "count": 0,
                  "upper_bound_us": 100
                },
                {
                  "count": 0,
                  "upper_bound_us": 250
                },
                {
                  "count": 0,
                  "upper_bound_us": 500
                },
                {
                  "count": 0,
                  "upper_bound_us": 1000
                },
                {
                  "count": 0,
                  "upper_bound_us": 2000
                },
                {
                  "count": 0,
                  "upper_bound_us": 5000
                },
                {
                  "count": 0,
                  "upper_bound_us": 10000
                },
                {
                  "count": 0,
                  "upper_bound_us": 20000
                },
                {
                  "count": 0,
                  "upper_bound_us": 50000
                },
                {
                  "count": 0,
                  "upper_bound_us": 100000
                },
                {
                  "count": 0,
                  "upper_bound_us": 250000
                },
                {
                  "count": 0,
                  "upper_bound_us": 500000
                },
                {
                  "count": 0,
                  "upper_bound_us": 1000000
                },
                {
                  "count": 0,
                  "upper_bound_us": 5000000
                },
                {
                  "count": 0,
                  "upper_bound_us": 30000000
                },
                {
                  "count": 0,
                  "upper_bound_us": 18446744073709551615
                }
              ],
              "count": 0,
              "max_us": 0,
              "min_us": 0,
              "p50_us": 0,
              "p90_us": 0,
              "p99_us": 0,
              "sum_us": 0
            },
            "write_hold_latency": {
              "avg_us": 0,
              "buckets": [
                {
                  "count": 0,
                  "upper_bound_us": 100
                },
                {
                  "count": 0,
                  "upper_bound_us": 250
                },
                {
                  "count": 0,
                  "upper_bound_us": 500
                },
                {
                  "count": 0,
                  "upper_bound_us": 1000
                },
                {
                  "count": 0,
                  "upper_bound_us": 2000
                },
                {
                  "count": 0,
                  "upper_bound_us": 5000
                },
                {
                  "count": 0,
                  "upper_bound_us": 10000
                },
                {
                  "count": 0,
                  "upper_bound_us": 20000
                },
                {
                  "count": 0,
                  "upper_bound_us": 50000
                },
                {
                  "count": 0,
                  "upper_bound_us": 100000
                },
                {
                  "count": 0,
                  "upper_bound_us": 250000
                },
                {
                  "count": 0,
                  "upper_bound_us": 500000
                },
                {
                  "count": 0,
                  "upper_bound_us": 1000000
                },
                {
                  "count": 0,
                  "upper_bound_us": 5000000
                },
                {
                  "count": 0,
                  "upper_bound_us": 30000000
                },
                {
                  "count": 0,
                  "upper_bound_us": 18446744073709551615
                }
              ],
              "count": 0,
              "max_us": 0,
              "min_us": 0,
              "p50_us": 0,
              "p90_us": 0,
              "p99_us": 0,
              "sum_us": 0
            },
            "write_wait_latency": {
              "avg_us": 0,
              "buckets": [
                {
                  "count": 0,
                  "upper_bound_us": 100
                },
                {
                  "count": 0,
                  "upper_bound_us": 250
                },
                {
                  "count": 0,
                  "upper_bound_us": 500
                },
                {
                  "count": 0,
                  "upper_bound_us": 1000
                },
                {
                  "count": 0,
                  "upper_bound_us": 2000
                },
                {
                  "count": 0,
                  "upper_bound_us": 5000
                },
                {
                  "count": 0,
                  "upper_bound_us": 10000
                },
                {
                  "count": 0,
                  "upper_bound_us": 20000
                },
                {
                  "count": 0,
                  "upper_bound_us": 50000
                },
                {
                  "count": 0,
                  "upper_bound_us": 100000
                },
                {
                  "count": 0,
                  "upper_bound_us": 250000
                },
                {
                  "count": 0,
                  "upper_bound_us": 500000
                },
                {
                  "count": 0,
                  "upper_bound_us": 1000000
                },
                {
                  "count": 0,
                  "upper_bound_us": 5000000
                },
                {
                  "count": 0,
                  "upper_bound_us": 30000000
                },
                {
                  "count": 0,
                  "upper_bound_us": 18446744073709551615
                }
              ],
              "count": 0,
              "max_us": 0,
              "min_us": 0,
              "p50_us": 0,
              "p90_us": 0,
              "p99_us": 0,
              "sum_us": 0
            }
          }
        },
        "storage": {
          "compaction_count": 0,
          "compaction_input_bytes": 0,
          "compaction_latency": {
            "avg_us": 0,
            "buckets": [
              {
                "count": 0,
                "upper_bound_us": 100
              },
              {
                "count": 0,
                "upper_bound_us": 250
              },
              {
                "count": 0,
                "upper_bound_us": 500
              },
              {
                "count": 0,
                "upper_bound_us": 1000
              },
              {
                "count": 0,
                "upper_bound_us": 2000
              },
              {
                "count": 0,
                "upper_bound_us": 5000
              },
              {
                "count": 0,
                "upper_bound_us": 10000
              },
              {
                "count": 0,
                "upper_bound_us": 20000
              },
              {
                "count": 0,
                "upper_bound_us": 50000
              },
              {
                "count": 0,
                "upper_bound_us": 100000
              },
              {
                "count": 0,
                "upper_bound_us": 250000
              },
              {
                "count": 0,
                "upper_bound_us": 500000
              },
              {
                "count": 0,
                "upper_bound_us": 1000000
              },
              {
                "count": 0,
                "upper_bound_us": 5000000
              },
              {
                "count": 0,
                "upper_bound_us": 30000000
              },
              {
                "count": 0,
                "upper_bound_us": 18446744073709551615
              }
            ],
            "count": 0,
            "max_us": 0,
            "min_us": 0,
            "p50_us": 0,
            "p90_us": 0,
            "p99_us": 0,
            "sum_us": 0
          },
          "compaction_output_bytes": 0,
          "delete_latency": {
            "avg_us": 0,
            "buckets": [
              {
                "count": 0,
                "upper_bound_us": 100
              },
              {
                "count": 0,
                "upper_bound_us": 250
              },
              {
                "count": 0,
                "upper_bound_us": 500
              },
              {
                "count": 0,
                "upper_bound_us": 1000
              },
              {
                "count": 0,
                "upper_bound_us": 2000
              },
              {
                "count": 0,
                "upper_bound_us": 5000
              },
              {
                "count": 0,
                "upper_bound_us": 10000
              },
              {
                "count": 0,
                "upper_bound_us": 20000
              },
              {
                "count": 0,
                "upper_bound_us": 50000
              },
              {
                "count": 0,
                "upper_bound_us": 100000
              },
              {
                "count": 0,
                "upper_bound_us": 250000
              },
              {
                "count": 0,
                "upper_bound_us": 500000
              },
              {
                "count": 0,
                "upper_bound_us": 1000000
              },
              {
                "count": 0,
                "upper_bound_us": 5000000
              },
              {
                "count": 0,
                "upper_bound_us": 30000000
              },
              {
                "count": 0,
                "upper_bound_us": 18446744073709551615
              }
            ],
            "count": 0,
            "max_us": 0,
            "min_us": 0,
            "p50_us": 0,
            "p90_us": 0,
            "p99_us": 0,
            "sum_us": 0
          },
          "delete_ops": 0,
          "flush_count": 0,
          "flush_latency": {
            "avg_us": 0,
            "buckets": [
              {
                "count": 0,
                "upper_bound_us": 100
              },
              {
                "count": 0,
                "upper_bound_us": 250
              },
              {
                "count": 0,
                "upper_bound_us": 500
              },
              {
                "count": 0,
                "upper_bound_us": 1000
              },
              {
                "count": 0,
                "upper_bound_us": 2000
              },
              {
                "count": 0,
                "upper_bound_us": 5000
              },
              {
                "count": 0,
                "upper_bound_us": 10000
              },
              {
                "count": 0,
                "upper_bound_us": 20000
              },
              {
                "count": 0,
                "upper_bound_us": 50000
              },
              {
                "count": 0,
                "upper_bound_us": 100000
              },
              {
                "count": 0,
                "upper_bound_us": 250000
              },
              {
                "count": 0,
                "upper_bound_us": 500000
              },
              {
                "count": 0,
                "upper_bound_us": 1000000
              },
              {
                "count": 0,
                "upper_bound_us": 5000000
              },
              {
                "count": 0,
                "upper_bound_us": 30000000
              },
              {
                "count": 0,
                "upper_bound_us": 18446744073709551615
              }
            ],
            "count": 0,
            "max_us": 0,
            "min_us": 0,
            "p50_us": 0,
            "p90_us": 0,
            "p99_us": 0,
            "sum_us": 0
          },
          "get_neighbors_latency": {
            "avg_us": 0,
            "buckets": [
              {
                "count": 200,
                "upper_bound_us": 100
              },
              {
                "count": 0,
                "upper_bound_us": 250
              },
              {
                "count": 0,
                "upper_bound_us": 500
              },
              {
                "count": 0,
                "upper_bound_us": 1000
              },
              {
                "count": 0,
                "upper_bound_us": 2000
              },
              {
                "count": 0,
                "upper_bound_us": 5000
              },
              {
                "count": 0,
                "upper_bound_us": 10000
              },
              {
                "count": 0,
                "upper_bound_us": 20000
              },
              {
                "count": 0,
                "upper_bound_us": 50000
              },
              {
                "count": 0,
                "upper_bound_us": 100000
              },
              {
                "count": 0,
                "upper_bound_us": 250000
              },
              {
                "count": 0,
                "upper_bound_us": 500000
              },
              {
                "count": 0,
                "upper_bound_us": 1000000
              },
              {
                "count": 0,
                "upper_bound_us": 5000000
              },
              {
                "count": 0,
                "upper_bound_us": 30000000
              },
              {
                "count": 0,
                "upper_bound_us": 18446744073709551615
              }
            ],
            "count": 200,
            "max_us": 0,
            "min_us": 0,
            "p50_us": 100,
            "p90_us": 100,
            "p99_us": 100,
            "sum_us": 0
          },
          "get_neighbors_ops": 200,
          "insert_latency": {
            "avg_us": 0,
            "buckets": [
              {
                "count": 0,
                "upper_bound_us": 100
              },
              {
                "count": 0,
                "upper_bound_us": 250
              },
              {
                "count": 0,
                "upper_bound_us": 500
              },
              {
                "count": 0,
                "upper_bound_us": 1000
              },
              {
                "count": 0,
                "upper_bound_us": 2000
              },
              {
                "count": 0,
                "upper_bound_us": 5000
              },
              {
                "count": 0,
                "upper_bound_us": 10000
              },
              {
                "count": 0,
                "upper_bound_us": 20000
              },
              {
                "count": 0,
                "upper_bound_us": 50000
              },
              {
                "count": 0,
                "upper_bound_us": 100000
              },
              {
                "count": 0,
                "upper_bound_us": 250000
              },
              {
                "count": 0,
                "upper_bound_us": 500000
              },
              {
                "count": 0,
                "upper_bound_us": 1000000
              },
              {
                "count": 0,
                "upper_bound_us": 5000000
              },
              {
                "count": 0,
                "upper_bound_us": 30000000
              },
              {
                "count": 0,
                "upper_bound_us": 18446744073709551615
              }
            ],
            "count": 0,
            "max_us": 0,
            "min_us": 0,
            "p50_us": 0,
            "p90_us": 0,
            "p99_us": 0,
            "sum_us": 0
          },
          "insert_ops": 0,
          "rebuild_index_latency": {
            "avg_us": 0,
            "buckets": [
              {
                "count": 0,
                "upper_bound_us": 100
              },
              {
                "count": 0,
                "upper_bound_us": 250
              },
              {
                "count": 0,
                "upper_bound_us": 500
              },
              {
                "count": 0,
                "upper_bound_us": 1000
              },
              {
                "count": 0,
                "upper_bound_us": 2000
              },
              {
                "count": 0,
                "upper_bound_us": 5000
              },
              {
                "count": 0,
                "upper_bound_us": 10000
              },
              {
                "count": 0,
                "upper_bound_us": 20000
              },
              {
                "count": 0,
                "upper_bound_us": 50000
              },
              {
                "count": 0,
                "upper_bound_us": 100000
              },
              {
                "count": 0,
                "upper_bound_us": 250000
              },
              {
                "count": 0,
                "upper_bound_us": 500000
              },
              {
                "count": 0,
                "upper_bound_us": 1000000
              },
              {
                "count": 0,
                "upper_bound_us": 5000000
              },
              {
                "count": 0,
                "upper_bound_us": 30000000
              },
              {
                "count": 0,
                "upper_bound_us": 18446744073709551615
              }
            ],
            "count": 0,
            "max_us": 0,
            "min_us": 0,
            "p50_us": 0,
            "p90_us": 0,
            "p99_us": 0,
            "sum_us": 0
          },
          "scan_edges_latency": {
            "avg_us": 0,
            "buckets": [
              {
                "count": 0,
                "upper_bound_us": 100
              },
              {
                "count": 0,
                "upper_bound_us": 250
              },
              {
                "count": 0,
                "upper_bound_us": 500
              },
              {
                "count": 0,
                "upper_bound_us": 1000
              },
              {
                "count": 0,
                "upper_bound_us": 2000
              },
              {
                "count": 0,
                "upper_bound_us": 5000
              },
              {
                "count": 0,
                "upper_bound_us": 10000
              },
              {
                "count": 0,
                "upper_bound_us": 20000
              },
              {
                "count": 0,
                "upper_bound_us": 50000
              },
              {
                "count": 0,
                "upper_bound_us": 100000
              },
              {
                "count": 0,
                "upper_bound_us": 250000
              },
              {
                "count": 0,
                "upper_bound_us": 500000
              },
              {
                "count": 0,
                "upper_bound_us": 1000000
              },
              {
                "count": 0,
                "upper_bound_us": 5000000
              },
              {
                "count": 0,
                "upper_bound_us": 30000000
              },
              {
                "count": 0,
                "upper_bound_us": 18446744073709551615
              }
            ],
            "count": 0,
            "max_us": 0,
            "min_us": 0,
            "p50_us": 0,
            "p90_us": 0,
            "p99_us": 0,
            "sum_us": 0
          },
          "scan_ops": 0
        }
      },
      "neighbor_summary": {
        "bloom_filtered_segments": 0,
        "body_bytes": 0,
        "body_reads": 0,
        "candidate_l0_segments": 0,
        "csr_get_neighbors_avg_us": 0,
        "csr_get_neighbors_p50_us": 0,
        "csr_get_neighbors_p90_us": 0,
        "csr_get_neighbors_p99_us": 0,
        "filter_passed_segments": 0,
        "get_neighbors_avg_us": 0,
        "get_neighbors_ops": 200,
        "get_neighbors_p50_us": 100,
        "get_neighbors_p90_us": 100,
        "get_neighbors_p99_us": 100,
        "header_reads": 0,
        "matched_l0_segments": 0,
        "offset_reads": 0,
        "range_filtered_segments": 0,
        "read_bytes": 0,
        "read_syscalls": 0
      },
      "post_auto_compaction_metrics": null,
      "sample_degrees": [
        {
          "degree": 18,
          "src": 288230376151711744
        },
        {
          "degree": 101,
          "src": 288230376175925653
        },
        {
          "degree": 15,
          "src": 288230376201082107
        },
        {
          "degree": 5,
          "src": 288234774211860227
        },
        {
          "degree": 3,
          "src": 288234774226590561
        },
        {
          "degree": 15,
          "src": 288234774241314112
        },
        {
          "degree": 15,
          "src": 288239172248983248
        },
        {
          "degree": 7,
          "src": 288239172260470489
        },
        {
          "degree": 13,
          "src": 288239172271002049
        },
        {
          "degree": 8,
          "src": 288239172281529171
        },
        {
          "degree": 6,
          "src": 288239172292017372
        },
        {
          "degree": 19,
          "src": 288243570296491594
        },
        {
          "degree": 1,
          "src": 288243570304879574
        },
        {
          "degree": 13,
          "src": 288243570313274300
        },
        {
          "degree": 14,
          "src": 288243570321659350
        },
        {
          "degree": 6,
          "src": 288243570329088957
        },
        {
          "degree": 6,
          "src": 288243570337474190
        },
        {
          "degree": 34,
          "src": 288247968339872867
        },
        {
          "degree": 5,
          "src": 288247968347194835
        },
        {
          "degree": 5,
          "src": 288247968353538883
        },
        {
          "degree": 11,
          "src": 288247968360836470
        },
        {
          "degree": 6,
          "src": 288247968367178054
        },
        {
          "degree": 5,
          "src": 288247968374460652
        },
        {
          "degree": 19,
          "src": 288247968380803578
        },
        {
          "degree": 16,
          "src": 288247968388091619
        },
        {
          "degree": 15,
          "src": 288252366388466781
        },
        {
          "degree": 13,
          "src": 288252366393768136
        },
        {
          "degree": 2,
          "src": 288252366400009379
        },
        {
          "degree": 20,
          "src": 288252366405303477
        },
        {
          "degree": 5,
          "src": 288252366411546311
        },
        {
          "degree": 3,
          "src": 288252366416836156
        },
        {
          "degree": 8,
          "src": 288252366423071917
        },
        {
          "degree": 1,
          "src": 288252366428365565
        },
        {
          "degree": 13,
          "src": 288252366434604492
        },
        {
          "degree": 18,
          "src": 288256764433942117
        },
        {
          "degree": 2,
          "src": 288256764439180489
        },
        {
          "degree": 69,
          "src": 288256764443441035
        },
        {
          "degree": 4,
          "src": 288256764448675052
        },
        {
          "degree": 7,
          "src": 288256764453906699
        },
        {
          "degree": 4,
          "src": 288256764459117733
        },
        {
          "degree": 16,
          "src": 288256764464346947
        },
        {
          "degree": 12,
          "src": 288256764468623604
        },
        {
          "degree": 9,
          "src": 288256764473835279
        },
        {
          "degree": 9,
          "src": 288256764479062691
        },
        {
          "degree": 11,
          "src": 288261162478361299
        },
        {
          "degree": 45,
          "src": 288261162482564586
        },
        {
          "degree": 17,
          "src": 288261162486795557
        },
        {
          "degree": 22,
          "src": 288261162491002909
        },
        {
          "degree": 4,
          "src": 288261162496182706
        },
        {
          "degree": 8,
          "src": 288261162500387061
        },
        {
          "degree": 18,
          "src": 288261162504616071
        },
        {
          "degree": 3,
          "src": 288261162508825792
        },
        {
          "degree": 17,
          "src": 288261162513997111
        },
        {
          "degree": 20,
          "src": 288261162518202772
        },
        {
          "degree": 13,
          "src": 288261162522426274
        },
        {
          "degree": 16,
          "src": 288261162526635750
        },
        {
          "degree": 8,
          "src": 288265560524931965
        },
        {
          "degree": 13,
          "src": 288265560529104838
        },
        {
          "degree": 4,
          "src": 288265560533273831
        },
        {
          "degree": 8,
          "src": 288265560537450255
        },
        {
          "degree": 1,
          "src": 288265560540661685
        },
        {
          "degree": 4,
          "src": 288265560544845546
        },
        {
          "degree": 19,
          "src": 288265560549022493
        },
        {
          "degree": 3,
          "src": 288265560553186200
        },
        {
          "degree": 2,
          "src": 288265560557360889
        },
        {
          "degree": 16,
          "src": 288265560560572803
        },
        {
          "degree": 1,
          "src": 288265560564744684
        },
        {
          "degree": 8,
          "src": 288265560568907966
        },
        {
          "degree": 18,
          "src": 288265560573086406
        },
        {
          "degree": 15,
          "src": 288269958570395152
        },
        {
          "degree": 5,
          "src": 288269958574525142
        },
        {
          "degree": 3,
          "src": 288269958577718927
        },
        {
          "degree": 19,
          "src": 288269958581857088
        },
        {
          "degree": 6,
          "src": 288269958585030250
        },
        {
          "degree": 40,
          "src": 288269958588223785
        },
        {
          "degree": 1,
          "src": 288269958592368202
        },
        {
          "degree": 4,
          "src": 288269958595561045
        },
        {
          "degree": 13,
          "src": 288269958599697044
        },
        {
          "degree": 14,
          "src": 288269958602884336
        },
        {
          "degree": 7,
          "src": 288269958607012018
        },
        {
          "degree": 9,
          "src": 288269958610195251
        },
        {
          "degree": 17,
          "src": 288269958613379113
        },
        {
          "degree": 8,
          "src": 288269958617517205
        },
        {
          "degree": 11,
          "src": 288269958620704200
        },
        {
          "degree": 2,
          "src": 288274356617963849
        },
        {
          "degree": 5,
          "src": 288274356622073537
        },
        {
          "degree": 12,
          "src": 288274356625234050
        },
        {
          "degree": 11,
          "src": 288274356628391034
        },
        {
          "degree": 37,
          "src": 288274356631544848
        },
        {
          "degree": 19,
          "src": 288274356634715296
        },
        {
          "degree": 20,
          "src": 288274356637871741
        },
        {
          "degree": 12,
          "src": 288274356641025883
        },
        {
          "degree": 14,
          "src": 288274356645138630
        },
        {
          "degree": 15,
          "src": 288274356648298483
        },
        {
          "degree": 1,
          "src": 288274356651452546
        },
        {
          "degree": 129,
          "src": 288274356654599744
        },
        {
          "degree": 11,
          "src": 288274356657766738
        },
        {
          "degree": 13,
          "src": 288274356660920731
        },
        {
          "degree": 12,
          "src": 288274356664076344
        },
        {
          "degree": 14,
          "src": 288274356667238106
        },
        {
          "degree": 6,
          "src": 288278754664475647
        },
        {
          "degree": 8,
          "src": 288278754667609104
        },
        {
          "degree": 20,
          "src": 288278754670748267
        },
        {
          "degree": 11,
          "src": 288278754673886058
        },
        {
          "degree": 2,
          "src": 288278754677022147
        },
        {
          "degree": 18,
          "src": 288278754680152105
        },
        {
          "degree": 16,
          "src": 288278754683291073
        },
        {
          "degree": 10,
          "src": 288278754686427331
        },
        {
          "degree": 7,
          "src": 288278754689560696
        },
        {
          "degree": 5,
          "src": 288278754691738753
        },
        {
          "degree": 8,
          "src": 288278754694876701
        },
        {
          "degree": 7,
          "src": 288278754698011316
        },
        {
          "degree": 3,
          "src": 288278754701137125
        },
        {
          "degree": 15,
          "src": 288278754704268643
        },
        {
          "degree": 17,
          "src": 288278754707400378
        },
        {
          "degree": 6,
          "src": 288278754710537971
        },
        {
          "degree": 2,
          "src": 288278754713671763
        },
        {
          "degree": 11,
          "src": 288283152709945781
        },
        {
          "degree": 7,
          "src": 288283152713057922
        },
        {
          "degree": 3,
          "src": 288283152716174005
        },
        {
          "degree": 3,
          "src": 288283152719288299
        },
        {
          "degree": 13,
          "src": 288283152721454035
        },
        {
          "degree": 5,
          "src": 288283152724563034
        },
        {
          "degree": 16,
          "src": 288283152727675777
        },
        {
          "degree": 12,
          "src": 288283152729848575
        },
        {
          "degree": 11,
          "src": 288283152732954838
        },
        {
          "degree": 7,
          "src": 288283152736074349
        },
        {
          "degree": 10,
          "src": 288283152738240209
        },
        {
          "degree": 14,
          "src": 288283152741345733
        },
        {
          "degree": 14,
          "src": 288283152744461391
        },
        {
          "degree": 17,
          "src": 288283152746621984
        },
        {
          "degree": 20,
          "src": 288283152749722959
        },
        {
          "degree": 5,
          "src": 288283152752844386
        },
        {
          "degree": 7,
          "src": 288283152755000364
        },
        {
          "degree": 16,
          "src": 288283152758108525
        },
        {
          "degree": 20,
          "src": 288283152760277141
        },
        {
          "degree": 19,
          "src": 288287550757484261
        },
        {
          "degree": 14,
          "src": 288287550760574203
        },
        {
          "degree": 5,
          "src": 288287550762723146
        },
        {
          "degree": 4,
          "src": 288287550765824486
        },
        {
          "degree": 7,
          "src": 288287550767974428
        },
        {
          "degree": 17,
          "src": 288287550771071526
        },
        {
          "degree": 14,
          "src": 288287550773220145
        },
        {
          "degree": 3,
          "src": 288287550776317917
        },
        {
          "degree": 2,
          "src": 288287550778466042
        },
        {
          "degree": 1,
          "src": 288287550781562134
        },
        {
          "degree": 16,
          "src": 288287550783708588
        },
        {
          "degree": 15,
          "src": 288287550786805312
        },
        {
          "degree": 19,
          "src": 288287550788955211
        },
        {
          "degree": 1,
          "src": 288287550792049588
        },
        {
          "degree": 17,
          "src": 288287550794188921
        },
        {
          "degree": 6,
          "src": 288287550797283845
        },
        {
          "degree": 20,
          "src": 288287550799432675
        },
        {
          "degree": 19,
          "src": 288287550802525451
        },
        {
          "degree": 10,
          "src": 288287550804684667
        },
        {
          "degree": 5,
          "src": 288287550807783721
        },
        {
          "degree": 1,
          "src": 288291948804015147
        },
        {
          "degree": 2,
          "src": 288291948807098936
        },
        {
          "degree": 16,
          "src": 288291948809236421
        },
        {
          "degree": 4,
          "src": 288291948812319949
        },
        {
          "degree": 11,
          "src": 288291948814449050
        },
        {
          "degree": 6,
          "src": 288291948816584260
        },
        {
          "degree": 12,
          "src": 288291948819665304
        },
        {
          "degree": 11,
          "src": 288291948821794252
        },
        {
          "degree": 17,
          "src": 288291948823929011
        },
        {
          "degree": 5,
          "src": 288291948827015562
        },
        {
          "degree": 6,
          "src": 288291948829147617
        },
        {
          "degree": 2,
          "src": 288291948831276674
        },
        {
          "degree": 9,
          "src": 288291948834360768
        },
        {
          "degree": 7,
          "src": 288291948836493279
        },
        {
          "degree": 16,
          "src": 288291948838617191
        },
        {
          "degree": 5,
          "src": 288291948841696256
        },
        {
          "degree": 1,
          "src": 288291948843831793
        },
        {
          "degree": 12,
          "src": 288291948846910754
        },
        {
          "degree": 1,
          "src": 288291948849038193
        },
        {
          "degree": 12,
          "src": 288291948851181898
        },
        {
          "degree": 14,
          "src": 288291948854267076
        },
        {
          "degree": 16,
          "src": 288296346850495844
        },
        {
          "degree": 18,
          "src": 288296346852614771
        },
        {
          "degree": 5,
          "src": 288296346855689684
        },
        {
          "degree": 2,
          "src": 288296346857811606
        },
        {
          "degree": 8,
          "src": 288296346859941741
        },
        {
          "degree": 18,
          "src": 288296346862059805
        },
        {
          "degree": 17,
          "src": 288296346865136231
        },
        {
          "degree": 1,
          "src": 288296346867255923
        },
        {
          "degree": 19,
          "src": 288296346869388028
        },
        {
          "degree": 19,
          "src": 288296346872459556
        },
        {
          "degree": 9,
          "src": 288296346874583746
        },
        {
          "degree": 3,
          "src": 288296346876706327
        },
        {
          "degree": 11,
          "src": 288296346878831706
        },
        {
          "degree": 2,
          "src": 288296346881902529
        },
        {
          "degree": 4,
          "src": 288296346884020704
        },
        {
          "degree": 12,
          "src": 288296346886140060
        },
        {
          "degree": 12,
          "src": 288296346888258789
        },
        {
          "degree": 17,
          "src": 288296346891329041
        },
        {
          "degree": 14,
          "src": 288296346893452077
        },
        {
          "degree": 10,
          "src": 288296346895579298
        },
        {
          "degree": 1,
          "src": 288296346897697702
        },
        {
          "degree": 13,
          "src": 288296346900778198
        },
        {
          "degree": 5,
          "src": 288300744916916774
        }
      ],
      "sampled_srcs": [
        288230376151711744,
        288230376175925653,
        288230376201082107,
        288234774211860227,
        288234774226590561,
        288234774241314112,
        288239172248983248,
        288239172260470489,
        288239172271002049,
        288239172281529171,
        288239172292017372,
        288243570296491594,
        288243570304879574,
        288243570313274300,
        288243570321659350,
        288243570329088957,
        288243570337474190,
        288247968339872867,
        288247968347194835,
        288247968353538883,
        288247968360836470,
        288247968367178054,
        288247968374460652,
        288247968380803578,
        288247968388091619,
        288252366388466781,
        288252366393768136,
        288252366400009379,
        288252366405303477,
        288252366411546311,
        288252366416836156,
        288252366423071917,
        288252366428365565,
        288252366434604492,
        288256764433942117,
        288256764439180489,
        288256764443441035,
        288256764448675052,
        288256764453906699,
        288256764459117733,
        288256764464346947,
        288256764468623604,
        288256764473835279,
        288256764479062691,
        288261162478361299,
        288261162482564586,
        288261162486795557,
        288261162491002909,
        288261162496182706,
        288261162500387061,
        288261162504616071,
        288261162508825792,
        288261162513997111,
        288261162518202772,
        288261162522426274,
        288261162526635750,
        288265560524931965,
        288265560529104838,
        288265560533273831,
        288265560537450255,
        288265560540661685,
        288265560544845546,
        288265560549022493,
        288265560553186200,
        288265560557360889,
        288265560560572803,
        288265560564744684,
        288265560568907966,
        288265560573086406,
        288269958570395152,
        288269958574525142,
        288269958577718927,
        288269958581857088,
        288269958585030250,
        288269958588223785,
        288269958592368202,
        288269958595561045,
        288269958599697044,
        288269958602884336,
        288269958607012018,
        288269958610195251,
        288269958613379113,
        288269958617517205,
        288269958620704200,
        288274356617963849,
        288274356622073537,
        288274356625234050,
        288274356628391034,
        288274356631544848,
        288274356634715296,
        288274356637871741,
        288274356641025883,
        288274356645138630,
        288274356648298483,
        288274356651452546,
        288274356654599744,
        288274356657766738,
        288274356660920731,
        288274356664076344,
        288274356667238106,
        288278754664475647,
        288278754667609104,
        288278754670748267,
        288278754673886058,
        288278754677022147,
        288278754680152105,
        288278754683291073,
        288278754686427331,
        288278754689560696,
        288278754691738753,
        288278754694876701,
        288278754698011316,
        288278754701137125,
        288278754704268643,
        288278754707400378,
        288278754710537971,
        288278754713671763,
        288283152709945781,
        288283152713057922,
        288283152716174005,
        288283152719288299,
        288283152721454035,
        288283152724563034,
        288283152727675777,
        288283152729848575,
        288283152732954838,
        288283152736074349,
        288283152738240209,
        288283152741345733,
        288283152744461391,
        288283152746621984,
        288283152749722959,
        288283152752844386,
        288283152755000364,
        288283152758108525,
        288283152760277141,
        288287550757484261,
        288287550760574203,
        288287550762723146,
        288287550765824486,
        288287550767974428,
        288287550771071526,
        288287550773220145,
        288287550776317917,
        288287550778466042,
        288287550781562134,
        288287550783708588,
        288287550786805312,
        288287550788955211,
        288287550792049588,
        288287550794188921,
        288287550797283845,
        288287550799432675,
        288287550802525451,
        288287550804684667,
        288287550807783721,
        288291948804015147,
        288291948807098936,
        288291948809236421,
        288291948812319949,
        288291948814449050,
        288291948816584260,
        288291948819665304,
        288291948821794252,
        288291948823929011,
        288291948827015562,
        288291948829147617,
        288291948831276674,
        288291948834360768,
        288291948836493279,
        288291948838617191,
        288291948841696256,
        288291948843831793,
        288291948846910754,
        288291948849038193,
        288291948851181898,
        288291948854267076,
        288296346850495844,
        288296346852614771,
        288296346855689684,
        288296346857811606,
        288296346859941741,
        288296346862059805,
        288296346865136231,
        288296346867255923,
        288296346869388028,
        288296346872459556,
        288296346874583746,
        288296346876706327,
        288296346878831706,
        288296346881902529,
        288296346884020704,
        288296346886140060,
        288296346888258789,
        288296346891329041,
        288296346893452077,
        288296346895579298,
        288296346897697702,
        288296346900778198,
        288300744916916774
      ],
      "sampled_vertices": 200,
      "semantic_degree_hint": true
    },
    {
      "auto_compaction": null,
      "candidate_edges_for_sampling": 179874360,
      "candidate_sources_for_sampling": 3796461,
      "edge_type": 12,
      "get_neighbors_elapsed_ms": 0,
      "levels_after_run": [
        3444,
        0,
        0,
        0,
        0
      ],
      "neighbor_edges": 0,
      "neighbor_metrics": {
        "csr": {
          "bloom_false_positive_probes": 0,
          "bloom_filtered_segments": 0,
          "body_bytes": 0,
          "body_reads": 0,
          "candidate_l0_segments": 0,
          "filter_passed_segments": 0,
          "full_scan_reads": 0,
          "get_neighbors_latency": {
            "avg_us": 0,
            "buckets": [
              {
                "count": 0,
                "upper_bound_us": 100
              },
              {
                "count": 0,
                "upper_bound_us": 250
              },
              {
                "count": 0,
                "upper_bound_us": 500
              },
              {
                "count": 0,
                "upper_bound_us": 1000
              },
              {
                "count": 0,
                "upper_bound_us": 2000
              },
              {
                "count": 0,
                "upper_bound_us": 5000
              },
              {
                "count": 0,
                "upper_bound_us": 10000
              },
              {
                "count": 0,
                "upper_bound_us": 20000
              },
              {
                "count": 0,
                "upper_bound_us": 50000
              },
              {
                "count": 0,
                "upper_bound_us": 100000
              },
              {
                "count": 0,
                "upper_bound_us": 250000
              },
              {
                "count": 0,
                "upper_bound_us": 500000
              },
              {
                "count": 0,
                "upper_bound_us": 1000000
              },
              {
                "count": 0,
                "upper_bound_us": 5000000
              },
              {
                "count": 0,
                "upper_bound_us": 30000000
              },
              {
                "count": 0,
                "upper_bound_us": 18446744073709551615
              }
            ],
            "count": 0,
            "max_us": 0,
            "min_us": 0,
            "p50_us": 0,
            "p90_us": 0,
            "p99_us": 0,
            "sum_us": 0
          },
          "header_bytes": 0,
          "header_reads": 0,
          "l0_partitions": [],
          "matched_l0_segments": 0,
          "offset_bytes": 0,
          "offset_cache_hits": 0,
          "offset_cache_misses": 0,
          "offset_reads": 0,
          "range_filtered_segments": 0,
          "read_all_edges_latency": {
            "avg_us": 0,
            "buckets": [
              {
                "count": 0,
                "upper_bound_us": 100
              },
              {
                "count": 0,
                "upper_bound_us": 250
              },
              {
                "count": 0,
                "upper_bound_us": 500
              },
              {
                "count": 0,
                "upper_bound_us": 1000
              },
              {
                "count": 0,
                "upper_bound_us": 2000
              },
              {
                "count": 0,
                "upper_bound_us": 5000
              },
              {
                "count": 0,
                "upper_bound_us": 10000
              },
              {
                "count": 0,
                "upper_bound_us": 20000
              },
              {
                "count": 0,
                "upper_bound_us": 50000
              },
              {
                "count": 0,
                "upper_bound_us": 100000
              },
              {
                "count": 0,
                "upper_bound_us": 250000
              },
              {
                "count": 0,
                "upper_bound_us": 500000
              },
              {
                "count": 0,
                "upper_bound_us": 1000000
              },
              {
                "count": 0,
                "upper_bound_us": 5000000
              },
              {
                "count": 0,
                "upper_bound_us": 30000000
              },
              {
                "count": 0,
                "upper_bound_us": 18446744073709551615
              }
            ],
            "count": 0,
            "max_us": 0,
            "min_us": 0,
            "p50_us": 0,
            "p90_us": 0,
            "p99_us": 0,
            "sum_us": 0
          },
          "read_offsets_latency": {
            "avg_us": 0,
            "buckets": [
              {
                "count": 0,
                "upper_bound_us": 100
              },
              {
                "count": 0,
                "upper_bound_us": 250
              },
              {
                "count": 0,
                "upper_bound_us": 500
              },
              {
                "count": 0,
                "upper_bound_us": 1000
              },
              {
                "count": 0,
                "upper_bound_us": 2000
              },
              {
                "count": 0,
                "upper_bound_us": 5000
              },
              {
                "count": 0,
                "upper_bound_us": 10000
              },
              {
                "count": 0,
                "upper_bound_us": 20000
              },
              {
                "count": 0,
                "upper_bound_us": 50000
              },
              {
                "count": 0,
                "upper_bound_us": 100000
              },
              {
                "count": 0,
                "upper_bound_us": 250000
              },
              {
                "count": 0,
                "upper_bound_us": 500000
              },
              {
                "count": 0,
                "upper_bound_us": 1000000
              },
              {
                "count": 0,
                "upper_bound_us": 5000000
              },
              {
                "count": 0,
                "upper_bound_us": 30000000
              },
              {
                "count": 0,
                "upper_bound_us": 18446744073709551615
              }
            ],
            "count": 0,
            "max_us": 0,
            "min_us": 0,
            "p50_us": 0,
            "p90_us": 0,
            "p99_us": 0,
            "sum_us": 0
          }
        },
        "http": {
          "endpoints": {},
          "handler_latency": {
            "avg_us": 0,
            "buckets": [
              {
                "count": 0,
                "upper_bound_us": 100
              },
              {
                "count": 0,
                "upper_bound_us": 250
              },
              {
                "count": 0,
                "upper_bound_us": 500
              },
              {
                "count": 0,
                "upper_bound_us": 1000
              },
              {
                "count": 0,
                "upper_bound_us": 2000
              },
              {
                "count": 0,
                "upper_bound_us": 5000
              },
              {
                "count": 0,
                "upper_bound_us": 10000
              },
              {
                "count": 0,
                "upper_bound_us": 20000
              },
              {
                "count": 0,
                "upper_bound_us": 50000
              },
              {
                "count": 0,
                "upper_bound_us": 100000
              },
              {
                "count": 0,
                "upper_bound_us": 250000
              },
              {
                "count": 0,
                "upper_bound_us": 500000
              },
              {
                "count": 0,
                "upper_bound_us": 1000000
              },
              {
                "count": 0,
                "upper_bound_us": 5000000
              },
              {
                "count": 0,
                "upper_bound_us": 30000000
              },
              {
                "count": 0,
                "upper_bound_us": 18446744073709551615
              }
            ],
            "count": 0,
            "max_us": 0,
            "min_us": 0,
            "p50_us": 0,
            "p90_us": 0,
            "p99_us": 0,
            "sum_us": 0
          },
          "json_parse_latency": {
            "avg_us": 0,
            "buckets": [
              {
                "count": 0,
                "upper_bound_us": 100
              },
              {
                "count": 0,
                "upper_bound_us": 250
              },
              {
                "count": 0,
                "upper_bound_us": 500
              },
              {
                "count": 0,
                "upper_bound_us": 1000
              },
              {
                "count": 0,
                "upper_bound_us": 2000
              },
              {
                "count": 0,
                "upper_bound_us": 5000
              },
              {
                "count": 0,
                "upper_bound_us": 10000
              },
              {
                "count": 0,
                "upper_bound_us": 20000
              },
              {
                "count": 0,
                "upper_bound_us": 50000
              },
              {
                "count": 0,
                "upper_bound_us": 100000
              },
              {
                "count": 0,
                "upper_bound_us": 250000
              },
              {
                "count": 0,
                "upper_bound_us": 500000
              },
              {
                "count": 0,
                "upper_bound_us": 1000000
              },
              {
                "count": 0,
                "upper_bound_us": 5000000
              },
              {
                "count": 0,
                "upper_bound_us": 30000000
              },
              {
                "count": 0,
                "upper_bound_us": 18446744073709551615
              }
            ],
            "count": 0,
            "max_us": 0,
            "min_us": 0,
            "p50_us": 0,
            "p90_us": 0,
            "p99_us": 0,
            "sum_us": 0
          },
          "request_read_latency": {
            "avg_us": 0,
            "buckets": [
              {
                "count": 0,
                "upper_bound_us": 100
              },
              {
                "count": 0,
                "upper_bound_us": 250
              },
              {
                "count": 0,
                "upper_bound_us": 500
              },
              {
                "count": 0,
                "upper_bound_us": 1000
              },
              {
                "count": 0,
                "upper_bound_us": 2000
              },
              {
                "count": 0,
                "upper_bound_us": 5000
              },
              {
                "count": 0,
                "upper_bound_us": 10000
              },
              {
                "count": 0,
                "upper_bound_us": 20000
              },
              {
                "count": 0,
                "upper_bound_us": 50000
              },
              {
                "count": 0,
                "upper_bound_us": 100000
              },
              {
                "count": 0,
                "upper_bound_us": 250000
              },
              {
                "count": 0,
                "upper_bound_us": 500000
              },
              {
                "count": 0,
                "upper_bound_us": 1000000
              },
              {
                "count": 0,
                "upper_bound_us": 5000000
              },
              {
                "count": 0,
                "upper_bound_us": 30000000
              },
              {
                "count": 0,
                "upper_bound_us": 18446744073709551615
              }
            ],
            "count": 0,
            "max_us": 0,
            "min_us": 0,
            "p50_us": 0,
            "p90_us": 0,
            "p99_us": 0,
            "sum_us": 0
          },
          "requests": 0,
          "response_write_latency": {
            "avg_us": 0,
            "buckets": [
              {
                "count": 0,
                "upper_bound_us": 100
              },
              {
                "count": 0,
                "upper_bound_us": 250
              },
              {
                "count": 0,
                "upper_bound_us": 500
              },
              {
                "count": 0,
                "upper_bound_us": 1000
              },
              {
                "count": 0,
                "upper_bound_us": 2000
              },
              {
                "count": 0,
                "upper_bound_us": 5000
              },
              {
                "count": 0,
                "upper_bound_us": 10000
              },
              {
                "count": 0,
                "upper_bound_us": 20000
              },
              {
                "count": 0,
                "upper_bound_us": 50000
              },
              {
                "count": 0,
                "upper_bound_us": 100000
              },
              {
                "count": 0,
                "upper_bound_us": 250000
              },
              {
                "count": 0,
                "upper_bound_us": 500000
              },
              {
                "count": 0,
                "upper_bound_us": 1000000
              },
              {
                "count": 0,
                "upper_bound_us": 5000000
              },
              {
                "count": 0,
                "upper_bound_us": 30000000
              },
              {
                "count": 0,
                "upper_bound_us": 18446744073709551615
              }
            ],
            "count": 0,
            "max_us": 0,
            "min_us": 0,
            "p50_us": 0,
            "p90_us": 0,
            "p99_us": 0,
            "sum_us": 0
          },
          "serialize_latency": {
            "avg_us": 0,
            "buckets": [
              {
                "count": 0,
                "upper_bound_us": 100
              },
              {
                "count": 0,
                "upper_bound_us": 250
              },
              {
                "count": 0,
                "upper_bound_us": 500
              },
              {
                "count": 0,
                "upper_bound_us": 1000
              },
              {
                "count": 0,
                "upper_bound_us": 2000
              },
              {
                "count": 0,
                "upper_bound_us": 5000
              },
              {
                "count": 0,
                "upper_bound_us": 10000
              },
              {
                "count": 0,
                "upper_bound_us": 20000
              },
              {
                "count": 0,
                "upper_bound_us": 50000
              },
              {
                "count": 0,
                "upper_bound_us": 100000
              },
              {
                "count": 0,
                "upper_bound_us": 250000
              },
              {
                "count": 0,
                "upper_bound_us": 500000
              },
              {
                "count": 0,
                "upper_bound_us": 1000000
              },
              {
                "count": 0,
                "upper_bound_us": 5000000
              },
              {
                "count": 0,
                "upper_bound_us": 30000000
              },
              {
                "count": 0,
                "upper_bound_us": 18446744073709551615
              }
            ],
            "count": 0,
            "max_us": 0,
            "min_us": 0,
            "p50_us": 0,
            "p90_us": 0,
            "p99_us": 0,
            "sum_us": 0
          },
          "status_2xx": 0,
          "status_4xx": 0,
          "status_5xx": 0
        },
        "io": {
          "create_blocking_latency": {
            "avg_us": 0,
            "buckets": [
              {
                "count": 0,
                "upper_bound_us": 100
              },
              {
                "count": 0,
                "upper_bound_us": 250
              },
              {
                "count": 0,
                "upper_bound_us": 500
              },
              {
                "count": 0,
                "upper_bound_us": 1000
              },
              {
                "count": 0,
                "upper_bound_us": 2000
              },
              {
                "count": 0,
                "upper_bound_us": 5000
              },
              {
                "count": 0,
                "upper_bound_us": 10000
              },
              {
                "count": 0,
                "upper_bound_us": 20000
              },
              {
                "count": 0,
                "upper_bound_us": 50000
              },
              {
                "count": 0,
                "upper_bound_us": 100000
              },
              {
                "count": 0,
                "upper_bound_us": 250000
              },
              {
                "count": 0,
                "upper_bound_us": 500000
              },
              {
                "count": 0,
                "upper_bound_us": 1000000
              },
              {
                "count": 0,
                "upper_bound_us": 5000000
              },
              {
                "count": 0,
                "upper_bound_us": 30000000
              },
              {
                "count": 0,
                "upper_bound_us": 18446744073709551615
              }
            ],
            "count": 0,
            "max_us": 0,
            "min_us": 0,
            "p50_us": 0,
            "p90_us": 0,
            "p99_us": 0,
            "sum_us": 0
          },
          "read_blocking_latency": {
            "avg_us": 0,
            "buckets": [
              {
                "count": 0,
                "upper_bound_us": 100
              },
              {
                "count": 0,
                "upper_bound_us": 250
              },
              {
                "count": 0,
                "upper_bound_us": 500
              },
              {
                "count": 0,
                "upper_bound_us": 1000
              },
              {
                "count": 0,
                "upper_bound_us": 2000
              },
              {
                "count": 0,
                "upper_bound_us": 5000
              },
              {
                "count": 0,
                "upper_bound_us": 10000
              },
              {
                "count": 0,
                "upper_bound_us": 20000
              },
              {
                "count": 0,
                "upper_bound_us": 50000
              },
              {
                "count": 0,
                "upper_bound_us": 100000
              },
              {
                "count": 0,
                "upper_bound_us": 250000
              },
              {
                "count": 0,
                "upper_bound_us": 500000
              },
              {
                "count": 0,
                "upper_bound_us": 1000000
              },
              {
                "count": 0,
                "upper_bound_us": 5000000
              },
              {
                "count": 0,
                "upper_bound_us": 30000000
              },
              {
                "count": 0,
                "upper_bound_us": 18446744073709551615
              }
            ],
            "count": 0,
            "max_us": 0,
            "min_us": 0,
            "p50_us": 0,
            "p90_us": 0,
            "p99_us": 0,
            "sum_us": 0
          },
          "read_bytes": 0,
          "read_syscalls": 0,
          "remove_blocking_latency": {
            "avg_us": 0,
            "buckets": [
              {
                "count": 0,
                "upper_bound_us": 100
              },
              {
                "count": 0,
                "upper_bound_us": 250
              },
              {
                "count": 0,
                "upper_bound_us": 500
              },
              {
                "count": 0,
                "upper_bound_us": 1000
              },
              {
                "count": 0,
                "upper_bound_us": 2000
              },
              {
                "count": 0,
                "upper_bound_us": 5000
              },
              {
                "count": 0,
                "upper_bound_us": 10000
              },
              {
                "count": 0,
                "upper_bound_us": 20000
              },
              {
                "count": 0,
                "upper_bound_us": 50000
              },
              {
                "count": 0,
                "upper_bound_us": 100000
              },
              {
                "count": 0,
                "upper_bound_us": 250000
              },
              {
                "count": 0,
                "upper_bound_us": 500000
              },
              {
                "count": 0,
                "upper_bound_us": 1000000
              },
              {
                "count": 0,
                "upper_bound_us": 5000000
              },
              {
                "count": 0,
                "upper_bound_us": 30000000
              },
              {
                "count": 0,
                "upper_bound_us": 18446744073709551615
              }
            ],
            "count": 0,
            "max_us": 0,
            "min_us": 0,
            "p50_us": 0,
            "p90_us": 0,
            "p99_us": 0,
            "sum_us": 0
          },
          "semaphore_wait_latency": {
            "avg_us": 0,
            "buckets": [
              {
                "count": 0,
                "upper_bound_us": 100
              },
              {
                "count": 0,
                "upper_bound_us": 250
              },
              {
                "count": 0,
                "upper_bound_us": 500
              },
              {
                "count": 0,
                "upper_bound_us": 1000
              },
              {
                "count": 0,
                "upper_bound_us": 2000
              },
              {
                "count": 0,
                "upper_bound_us": 5000
              },
              {
                "count": 0,
                "upper_bound_us": 10000
              },
              {
                "count": 0,
                "upper_bound_us": 20000
              },
              {
                "count": 0,
                "upper_bound_us": 50000
              },
              {
                "count": 0,
                "upper_bound_us": 100000
              },
              {
                "count": 0,
                "upper_bound_us": 250000
              },
              {
                "count": 0,
                "upper_bound_us": 500000
              },
              {
                "count": 0,
                "upper_bound_us": 1000000
              },
              {
                "count": 0,
                "upper_bound_us": 5000000
              },
              {
                "count": 0,
                "upper_bound_us": 30000000
              },
              {
                "count": 0,
                "upper_bound_us": 18446744073709551615
              }
            ],
            "count": 0,
            "max_us": 0,
            "min_us": 0,
            "p50_us": 0,
            "p90_us": 0,
            "p99_us": 0,
            "sum_us": 0
          },
          "sync_blocking_latency": {
            "avg_us": 0,
            "buckets": [
              {
                "count": 0,
                "upper_bound_us": 100
              },
              {
                "count": 0,
                "upper_bound_us": 250
              },
              {
                "count": 0,
                "upper_bound_us": 500
              },
              {
                "count": 0,
                "upper_bound_us": 1000
              },
              {
                "count": 0,
                "upper_bound_us": 2000
              },
              {
                "count": 0,
                "upper_bound_us": 5000
              },
              {
                "count": 0,
                "upper_bound_us": 10000
              },
              {
                "count": 0,
                "upper_bound_us": 20000
              },
              {
                "count": 0,
                "upper_bound_us": 50000
              },
              {
                "count": 0,
                "upper_bound_us": 100000
              },
              {
                "count": 0,
                "upper_bound_us": 250000
              },
              {
                "count": 0,
                "upper_bound_us": 500000
              },
              {
                "count": 0,
                "upper_bound_us": 1000000
              },
              {
                "count": 0,
                "upper_bound_us": 5000000
              },
              {
                "count": 0,
                "upper_bound_us": 30000000
              },
              {
                "count": 0,
                "upper_bound_us": 18446744073709551615
              }
            ],
            "count": 0,
            "max_us": 0,
            "min_us": 0,
            "p50_us": 0,
            "p90_us": 0,
            "p99_us": 0,
            "sum_us": 0
          },
          "write_blocking_latency": {
            "avg_us": 0,
            "buckets": [
              {
                "count": 0,
                "upper_bound_us": 100
              },
              {
                "count": 0,
                "upper_bound_us": 250
              },
              {
                "count": 0,
                "upper_bound_us": 500
              },
              {
                "count": 0,
                "upper_bound_us": 1000
              },
              {
                "count": 0,
                "upper_bound_us": 2000
              },
              {
                "count": 0,
                "upper_bound_us": 5000
              },
              {
                "count": 0,
                "upper_bound_us": 10000
              },
              {
                "count": 0,
                "upper_bound_us": 20000
              },
              {
                "count": 0,
                "upper_bound_us": 50000
              },
              {
                "count": 0,
                "upper_bound_us": 100000
              },
              {
                "count": 0,
                "upper_bound_us": 250000
              },
              {
                "count": 0,
                "upper_bound_us": 500000
              },
              {
                "count": 0,
                "upper_bound_us": 1000000
              },
              {
                "count": 0,
                "upper_bound_us": 5000000
              },
              {
                "count": 0,
                "upper_bound_us": 30000000
              },
              {
                "count": 0,
                "upper_bound_us": 18446744073709551615
              }
            ],
            "count": 0,
            "max_us": 0,
            "min_us": 0,
            "p50_us": 0,
            "p90_us": 0,
            "p99_us": 0,
            "sum_us": 0
          },
          "write_bytes": 0,
          "write_syscalls": 0
        },
        "snb": {
          "cache": {
            "adjacency_bytes": 0,
            "adjacency_cache_hits": 0,
            "adjacency_cache_misses": 0,
            "adjacency_cache_write_bytes": 0,
            "adjacency_cache_write_syscalls": 0,
            "adjacency_edges": 0,
            "adjacency_group_latency": {
              "avg_us": 0,
              "buckets": [
                {
                  "count": 0,
                  "upper_bound_us": 100
                },
                {
                  "count": 0,
                  "upper_bound_us": 250
                },
                {
                  "count": 0,
                  "upper_bound_us": 500
                },
                {
                  "count": 0,
                  "upper_bound_us": 1000
                },
                {
                  "count": 0,
                  "upper_bound_us": 2000
                },
                {
                  "count": 0,
                  "upper_bound_us": 5000
                },
                {
                  "count": 0,
                  "upper_bound_us": 10000
                },
                {
                  "count": 0,
                  "upper_bound_us": 20000
                },
                {
                  "count": 0,
                  "upper_bound_us": 50000
                },
                {
                  "count": 0,
                  "upper_bound_us": 100000
                },
                {
                  "count": 0,
                  "upper_bound_us": 250000
                },
                {
                  "count": 0,
                  "upper_bound_us": 500000
                },
                {
                  "count": 0,
                  "upper_bound_us": 1000000
                },
                {
                  "count": 0,
                  "upper_bound_us": 5000000
                },
                {
                  "count": 0,
                  "upper_bound_us": 30000000
                },
                {
                  "count": 0,
                  "upper_bound_us": 18446744073709551615
                }
              ],
              "count": 0,
              "max_us": 0,
              "min_us": 0,
              "p50_us": 0,
              "p90_us": 0,
              "p99_us": 0,
              "sum_us": 0
            },
            "adjacency_groups": 0,
            "adjacency_load_latency": {
              "avg_us": 0,
              "buckets": [
                {
                  "count": 0,
                  "upper_bound_us": 100
                },
                {
                  "count": 0,
                  "upper_bound_us": 250
                },
                {
                  "count": 0,
                  "upper_bound_us": 500
                },
                {
                  "count": 0,
                  "upper_bound_us": 1000
                },
                {
                  "count": 0,
                  "upper_bound_us": 2000
                },
                {
                  "count": 0,
                  "upper_bound_us": 5000
                },
                {
                  "count": 0,
                  "upper_bound_us": 10000
                },
                {
                  "count": 0,
                  "upper_bound_us": 20000
                },
                {
                  "count": 0,
                  "upper_bound_us": 50000
                },
                {
                  "count": 0,
                  "upper_bound_us": 100000
                },
                {
                  "count": 0,
                  "upper_bound_us": 250000
                },
                {
                  "count": 0,
                  "upper_bound_us": 500000
                },
                {
                  "count": 0,
                  "upper_bound_us": 1000000
                },
                {
                  "count": 0,
                  "upper_bound_us": 5000000
                },
                {
                  "count": 0,
                  "upper_bound_us": 30000000
                },
                {
                  "count": 0,
                  "upper_bound_us": 18446744073709551615
                }
              ],
              "count": 0,
              "max_us": 0,
              "min_us": 0,
              "p50_us": 0,
              "p90_us": 0,
              "p99_us": 0,
              "sum_us": 0
            },
            "adjacency_scan_latency": {
              "avg_us": 0,
              "buckets": [
                {
                  "count": 0,
                  "upper_bound_us": 100
                },
                {
                  "count": 0,
                  "upper_bound_us": 250
                },
                {
                  "count": 0,
                  "upper_bound_us": 500
                },
                {
                  "count": 0,
                  "upper_bound_us": 1000
                },
                {
                  "count": 0,
                  "upper_bound_us": 2000
                },
                {
                  "count": 0,
                  "upper_bound_us": 5000
                },
                {
                  "count": 0,
                  "upper_bound_us": 10000
                },
                {
                  "count": 0,
                  "upper_bound_us": 20000
                },
                {
                  "count": 0,
                  "upper_bound_us": 50000
                },
                {
                  "count": 0,
                  "upper_bound_us": 100000
                },
                {
                  "count": 0,
                  "upper_bound_us": 250000
                },
                {
                  "count": 0,
                  "upper_bound_us": 500000
                },
                {
                  "count": 0,
                  "upper_bound_us": 1000000
                },
                {
                  "count": 0,
                  "upper_bound_us": 5000000
                },
                {
                  "count": 0,
                  "upper_bound_us": 30000000
                },
                {
                  "count": 0,
                  "upper_bound_us": 18446744073709551615
                }
              ],
              "count": 0,
              "max_us": 0,
              "min_us": 0,
              "p50_us": 0,
              "p90_us": 0,
              "p99_us": 0,
              "sum_us": 0
            },
            "adjacency_write_latency": {
              "avg_us": 0,
              "buckets": [
                {
                  "count": 0,
                  "upper_bound_us": 100
                },
                {
                  "count": 0,
                  "upper_bound_us": 250
                },
                {
                  "count": 0,
                  "upper_bound_us": 500
                },
                {
                  "count": 0,
                  "upper_bound_us": 1000
                },
                {
                  "count": 0,
                  "upper_bound_us": 2000
                },
                {
                  "count": 0,
                  "upper_bound_us": 5000
                },
                {
                  "count": 0,
                  "upper_bound_us": 10000
                },
                {
                  "count": 0,
                  "upper_bound_us": 20000
                },
                {
                  "count": 0,
                  "upper_bound_us": 50000
                },
                {
                  "count": 0,
                  "upper_bound_us": 100000
                },
                {
                  "count": 0,
                  "upper_bound_us": 250000
                },
                {
                  "count": 0,
                  "upper_bound_us": 500000
                },
                {
                  "count": 0,
                  "upper_bound_us": 1000000
                },
                {
                  "count": 0,
                  "upper_bound_us": 5000000
                },
                {
                  "count": 0,
                  "upper_bound_us": 30000000
                },
                {
                  "count": 0,
                  "upper_bound_us": 18446744073709551615
                }
              ],
              "count": 0,
              "max_us": 0,
              "min_us": 0,
              "p50_us": 0,
              "p90_us": 0,
              "p99_us": 0,
              "sum_us": 0
            },
            "edge_props": 0,
            "edge_props_load_latency": {
              "avg_us": 0,
              "buckets": [
                {
                  "count": 0,
                  "upper_bound_us": 100
                },
                {
                  "count": 0,
                  "upper_bound_us": 250
                },
                {
                  "count": 0,
                  "upper_bound_us": 500
                },
                {
                  "count": 0,
                  "upper_bound_us": 1000
                },
                {
                  "count": 0,
                  "upper_bound_us": 2000
                },
                {
                  "count": 0,
                  "upper_bound_us": 5000
                },
                {
                  "count": 0,
                  "upper_bound_us": 10000
                },
                {
                  "count": 0,
                  "upper_bound_us": 20000
                },
                {
                  "count": 0,
                  "upper_bound_us": 50000
                },
                {
                  "count": 0,
                  "upper_bound_us": 100000
                },
                {
                  "count": 0,
                  "upper_bound_us": 250000
                },
                {
                  "count": 0,
                  "upper_bound_us": 500000
                },
                {
                  "count": 0,
                  "upper_bound_us": 1000000
                },
                {
                  "count": 0,
                  "upper_bound_us": 5000000
                },
                {
                  "count": 0,
                  "upper_bound_us": 30000000
                },
                {
                  "count": 0,
                  "upper_bound_us": 18446744073709551615
                }
              ],
              "count": 0,
              "max_us": 0,
              "min_us": 0,
              "p50_us": 0,
              "p90_us": 0,
              "p99_us": 0,
              "sum_us": 0
            },
            "vertices": 0,
            "vertices_load_latency": {
              "avg_us": 0,
              "buckets": [
                {
                  "count": 0,
                  "upper_bound_us": 100
                },
                {
                  "count": 0,
                  "upper_bound_us": 250
                },
                {
                  "count": 0,
                  "upper_bound_us": 500
                },
                {
                  "count": 0,
                  "upper_bound_us": 1000
                },
                {
                  "count": 0,
                  "upper_bound_us": 2000
                },
                {
                  "count": 0,
                  "upper_bound_us": 5000
                },
                {
                  "count": 0,
                  "upper_bound_us": 10000
                },
                {
                  "count": 0,
                  "upper_bound_us": 20000
                },
                {
                  "count": 0,
                  "upper_bound_us": 50000
                },
                {
                  "count": 0,
                  "upper_bound_us": 100000
                },
                {
                  "count": 0,
                  "upper_bound_us": 250000
                },
                {
                  "count": 0,
                  "upper_bound_us": 500000
                },
                {
                  "count": 0,
                  "upper_bound_us": 1000000
                },
                {
                  "count": 0,
                  "upper_bound_us": 5000000
                },
                {
                  "count": 0,
                  "upper_bound_us": 30000000
                },
                {
                  "count": 0,
                  "upper_bound_us": 18446744073709551615
                }
              ],
              "count": 0,
              "max_us": 0,
              "min_us": 0,
              "p50_us": 0,
              "p90_us": 0,
              "p99_us": 0,
              "sum_us": 0
            }
          },
          "helpers": {
            "adjacency_lookups": 0,
            "edge_prop_lookups": 0,
            "neighbor_clone_items": 0,
            "vertex_lookups": 0
          },
          "locks": {
            "read_hold_latency": {
              "avg_us": 0,
              "buckets": [
                {
                  "count": 0,
                  "upper_bound_us": 100
                },
                {
                  "count": 0,
                  "upper_bound_us": 250
                },
                {
                  "count": 0,
                  "upper_bound_us": 500
                },
                {
                  "count": 0,
                  "upper_bound_us": 1000
                },
                {
                  "count": 0,
                  "upper_bound_us": 2000
                },
                {
                  "count": 0,
                  "upper_bound_us": 5000
                },
                {
                  "count": 0,
                  "upper_bound_us": 10000
                },
                {
                  "count": 0,
                  "upper_bound_us": 20000
                },
                {
                  "count": 0,
                  "upper_bound_us": 50000
                },
                {
                  "count": 0,
                  "upper_bound_us": 100000
                },
                {
                  "count": 0,
                  "upper_bound_us": 250000
                },
                {
                  "count": 0,
                  "upper_bound_us": 500000
                },
                {
                  "count": 0,
                  "upper_bound_us": 1000000
                },
                {
                  "count": 0,
                  "upper_bound_us": 5000000
                },
                {
                  "count": 0,
                  "upper_bound_us": 30000000
                },
                {
                  "count": 0,
                  "upper_bound_us": 18446744073709551615
                }
              ],
              "count": 0,
              "max_us": 0,
              "min_us": 0,
              "p50_us": 0,
              "p90_us": 0,
              "p99_us": 0,
              "sum_us": 0
            },
            "read_wait_latency": {
              "avg_us": 0,
              "buckets": [
                {
                  "count": 0,
                  "upper_bound_us": 100
                },
                {
                  "count": 0,
                  "upper_bound_us": 250
                },
                {
                  "count": 0,
                  "upper_bound_us": 500
                },
                {
                  "count": 0,
                  "upper_bound_us": 1000
                },
                {
                  "count": 0,
                  "upper_bound_us": 2000
                },
                {
                  "count": 0,
                  "upper_bound_us": 5000
                },
                {
                  "count": 0,
                  "upper_bound_us": 10000
                },
                {
                  "count": 0,
                  "upper_bound_us": 20000
                },
                {
                  "count": 0,
                  "upper_bound_us": 50000
                },
                {
                  "count": 0,
                  "upper_bound_us": 100000
                },
                {
                  "count": 0,
                  "upper_bound_us": 250000
                },
                {
                  "count": 0,
                  "upper_bound_us": 500000
                },
                {
                  "count": 0,
                  "upper_bound_us": 1000000
                },
                {
                  "count": 0,
                  "upper_bound_us": 5000000
                },
                {
                  "count": 0,
                  "upper_bound_us": 30000000
                },
                {
                  "count": 0,
                  "upper_bound_us": 18446744073709551615
                }
              ],
              "count": 0,
              "max_us": 0,
              "min_us": 0,
              "p50_us": 0,
              "p90_us": 0,
              "p99_us": 0,
              "sum_us": 0
            },
            "write_hold_latency": {
              "avg_us": 0,
              "buckets": [
                {
                  "count": 0,
                  "upper_bound_us": 100
                },
                {
                  "count": 0,
                  "upper_bound_us": 250
                },
                {
                  "count": 0,
                  "upper_bound_us": 500
                },
                {
                  "count": 0,
                  "upper_bound_us": 1000
                },
                {
                  "count": 0,
                  "upper_bound_us": 2000
                },
                {
                  "count": 0,
                  "upper_bound_us": 5000
                },
                {
                  "count": 0,
                  "upper_bound_us": 10000
                },
                {
                  "count": 0,
                  "upper_bound_us": 20000
                },
                {
                  "count": 0,
                  "upper_bound_us": 50000
                },
                {
                  "count": 0,
                  "upper_bound_us": 100000
                },
                {
                  "count": 0,
                  "upper_bound_us": 250000
                },
                {
                  "count": 0,
                  "upper_bound_us": 500000
                },
                {
                  "count": 0,
                  "upper_bound_us": 1000000
                },
                {
                  "count": 0,
                  "upper_bound_us": 5000000
                },
                {
                  "count": 0,
                  "upper_bound_us": 30000000
                },
                {
                  "count": 0,
                  "upper_bound_us": 18446744073709551615
                }
              ],
              "count": 0,
              "max_us": 0,
              "min_us": 0,
              "p50_us": 0,
              "p90_us": 0,
              "p99_us": 0,
              "sum_us": 0
            },
            "write_wait_latency": {
              "avg_us": 0,
              "buckets": [
                {
                  "count": 0,
                  "upper_bound_us": 100
                },
                {
                  "count": 0,
                  "upper_bound_us": 250
                },
                {
                  "count": 0,
                  "upper_bound_us": 500
                },
                {
                  "count": 0,
                  "upper_bound_us": 1000
                },
                {
                  "count": 0,
                  "upper_bound_us": 2000
                },
                {
                  "count": 0,
                  "upper_bound_us": 5000
                },
                {
                  "count": 0,
                  "upper_bound_us": 10000
                },
                {
                  "count": 0,
                  "upper_bound_us": 20000
                },
                {
                  "count": 0,
                  "upper_bound_us": 50000
                },
                {
                  "count": 0,
                  "upper_bound_us": 100000
                },
                {
                  "count": 0,
                  "upper_bound_us": 250000
                },
                {
                  "count": 0,
                  "upper_bound_us": 500000
                },
                {
                  "count": 0,
                  "upper_bound_us": 1000000
                },
                {
                  "count": 0,
                  "upper_bound_us": 5000000
                },
                {
                  "count": 0,
                  "upper_bound_us": 30000000
                },
                {
                  "count": 0,
                  "upper_bound_us": 18446744073709551615
                }
              ],
              "count": 0,
              "max_us": 0,
              "min_us": 0,
              "p50_us": 0,
              "p90_us": 0,
              "p99_us": 0,
              "sum_us": 0
            }
          }
        },
        "storage": {
          "compaction_count": 0,
          "compaction_input_bytes": 0,
          "compaction_latency": {
            "avg_us": 0,
            "buckets": [
              {
                "count": 0,
                "upper_bound_us": 100
              },
              {
                "count": 0,
                "upper_bound_us": 250
              },
              {
                "count": 0,
                "upper_bound_us": 500
              },
              {
                "count": 0,
                "upper_bound_us": 1000
              },
              {
                "count": 0,
                "upper_bound_us": 2000
              },
              {
                "count": 0,
                "upper_bound_us": 5000
              },
              {
                "count": 0,
                "upper_bound_us": 10000
              },
              {
                "count": 0,
                "upper_bound_us": 20000
              },
              {
                "count": 0,
                "upper_bound_us": 50000
              },
              {
                "count": 0,
                "upper_bound_us": 100000
              },
              {
                "count": 0,
                "upper_bound_us": 250000
              },
              {
                "count": 0,
                "upper_bound_us": 500000
              },
              {
                "count": 0,
                "upper_bound_us": 1000000
              },
              {
                "count": 0,
                "upper_bound_us": 5000000
              },
              {
                "count": 0,
                "upper_bound_us": 30000000
              },
              {
                "count": 0,
                "upper_bound_us": 18446744073709551615
              }
            ],
            "count": 0,
            "max_us": 0,
            "min_us": 0,
            "p50_us": 0,
            "p90_us": 0,
            "p99_us": 0,
            "sum_us": 0
          },
          "compaction_output_bytes": 0,
          "delete_latency": {
            "avg_us": 0,
            "buckets": [
              {
                "count": 0,
                "upper_bound_us": 100
              },
              {
                "count": 0,
                "upper_bound_us": 250
              },
              {
                "count": 0,
                "upper_bound_us": 500
              },
              {
                "count": 0,
                "upper_bound_us": 1000
              },
              {
                "count": 0,
                "upper_bound_us": 2000
              },
              {
                "count": 0,
                "upper_bound_us": 5000
              },
              {
                "count": 0,
                "upper_bound_us": 10000
              },
              {
                "count": 0,
                "upper_bound_us": 20000
              },
              {
                "count": 0,
                "upper_bound_us": 50000
              },
              {
                "count": 0,
                "upper_bound_us": 100000
              },
              {
                "count": 0,
                "upper_bound_us": 250000
              },
              {
                "count": 0,
                "upper_bound_us": 500000
              },
              {
                "count": 0,
                "upper_bound_us": 1000000
              },
              {
                "count": 0,
                "upper_bound_us": 5000000
              },
              {
                "count": 0,
                "upper_bound_us": 30000000
              },
              {
                "count": 0,
                "upper_bound_us": 18446744073709551615
              }
            ],
            "count": 0,
            "max_us": 0,
            "min_us": 0,
            "p50_us": 0,
            "p90_us": 0,
            "p99_us": 0,
            "sum_us": 0
          },
          "delete_ops": 0,
          "flush_count": 0,
          "flush_latency": {
            "avg_us": 0,
            "buckets": [
              {
                "count": 0,
                "upper_bound_us": 100
              },
              {
                "count": 0,
                "upper_bound_us": 250
              },
              {
                "count": 0,
                "upper_bound_us": 500
              },
              {
                "count": 0,
                "upper_bound_us": 1000
              },
              {
                "count": 0,
                "upper_bound_us": 2000
              },
              {
                "count": 0,
                "upper_bound_us": 5000
              },
              {
                "count": 0,
                "upper_bound_us": 10000
              },
              {
                "count": 0,
                "upper_bound_us": 20000
              },
              {
                "count": 0,
                "upper_bound_us": 50000
              },
              {
                "count": 0,
                "upper_bound_us": 100000
              },
              {
                "count": 0,
                "upper_bound_us": 250000
              },
              {
                "count": 0,
                "upper_bound_us": 500000
              },
              {
                "count": 0,
                "upper_bound_us": 1000000
              },
              {
                "count": 0,
                "upper_bound_us": 5000000
              },
              {
                "count": 0,
                "upper_bound_us": 30000000
              },
              {
                "count": 0,
                "upper_bound_us": 18446744073709551615
              }
            ],
            "count": 0,
            "max_us": 0,
            "min_us": 0,
            "p50_us": 0,
            "p90_us": 0,
            "p99_us": 0,
            "sum_us": 0
          },
          "get_neighbors_latency": {
            "avg_us": 0,
            "buckets": [
              {
                "count": 200,
                "upper_bound_us": 100
              },
              {
                "count": 0,
                "upper_bound_us": 250
              },
              {
                "count": 0,
                "upper_bound_us": 500
              },
              {
                "count": 0,
                "upper_bound_us": 1000
              },
              {
                "count": 0,
                "upper_bound_us": 2000
              },
              {
                "count": 0,
                "upper_bound_us": 5000
              },
              {
                "count": 0,
                "upper_bound_us": 10000
              },
              {
                "count": 0,
                "upper_bound_us": 20000
              },
              {
                "count": 0,
                "upper_bound_us": 50000
              },
              {
                "count": 0,
                "upper_bound_us": 100000
              },
              {
                "count": 0,
                "upper_bound_us": 250000
              },
              {
                "count": 0,
                "upper_bound_us": 500000
              },
              {
                "count": 0,
                "upper_bound_us": 1000000
              },
              {
                "count": 0,
                "upper_bound_us": 5000000
              },
              {
                "count": 0,
                "upper_bound_us": 30000000
              },
              {
                "count": 0,
                "upper_bound_us": 18446744073709551615
              }
            ],
            "count": 200,
            "max_us": 0,
            "min_us": 0,
            "p50_us": 100,
            "p90_us": 100,
            "p99_us": 100,
            "sum_us": 0
          },
          "get_neighbors_ops": 200,
          "insert_latency": {
            "avg_us": 0,
            "buckets": [
              {
                "count": 0,
                "upper_bound_us": 100
              },
              {
                "count": 0,
                "upper_bound_us": 250
              },
              {
                "count": 0,
                "upper_bound_us": 500
              },
              {
                "count": 0,
                "upper_bound_us": 1000
              },
              {
                "count": 0,
                "upper_bound_us": 2000
              },
              {
                "count": 0,
                "upper_bound_us": 5000
              },
              {
                "count": 0,
                "upper_bound_us": 10000
              },
              {
                "count": 0,
                "upper_bound_us": 20000
              },
              {
                "count": 0,
                "upper_bound_us": 50000
              },
              {
                "count": 0,
                "upper_bound_us": 100000
              },
              {
                "count": 0,
                "upper_bound_us": 250000
              },
              {
                "count": 0,
                "upper_bound_us": 500000
              },
              {
                "count": 0,
                "upper_bound_us": 1000000
              },
              {
                "count": 0,
                "upper_bound_us": 5000000
              },
              {
                "count": 0,
                "upper_bound_us": 30000000
              },
              {
                "count": 0,
                "upper_bound_us": 18446744073709551615
              }
            ],
            "count": 0,
            "max_us": 0,
            "min_us": 0,
            "p50_us": 0,
            "p90_us": 0,
            "p99_us": 0,
            "sum_us": 0
          },
          "insert_ops": 0,
          "rebuild_index_latency": {
            "avg_us": 0,
            "buckets": [
              {
                "count": 0,
                "upper_bound_us": 100
              },
              {
                "count": 0,
                "upper_bound_us": 250
              },
              {
                "count": 0,
                "upper_bound_us": 500
              },
              {
                "count": 0,
                "upper_bound_us": 1000
              },
              {
                "count": 0,
                "upper_bound_us": 2000
              },
              {
                "count": 0,
                "upper_bound_us": 5000
              },
              {
                "count": 0,
                "upper_bound_us": 10000
              },
              {
                "count": 0,
                "upper_bound_us": 20000
              },
              {
                "count": 0,
                "upper_bound_us": 50000
              },
              {
                "count": 0,
                "upper_bound_us": 100000
              },
              {
                "count": 0,
                "upper_bound_us": 250000
              },
              {
                "count": 0,
                "upper_bound_us": 500000
              },
              {
                "count": 0,
                "upper_bound_us": 1000000
              },
              {
                "count": 0,
                "upper_bound_us": 5000000
              },
              {
                "count": 0,
                "upper_bound_us": 30000000
              },
              {
                "count": 0,
                "upper_bound_us": 18446744073709551615
              }
            ],
            "count": 0,
            "max_us": 0,
            "min_us": 0,
            "p50_us": 0,
            "p90_us": 0,
            "p99_us": 0,
            "sum_us": 0
          },
          "scan_edges_latency": {
            "avg_us": 0,
            "buckets": [
              {
                "count": 0,
                "upper_bound_us": 100
              },
              {
                "count": 0,
                "upper_bound_us": 250
              },
              {
                "count": 0,
                "upper_bound_us": 500
              },
              {
                "count": 0,
                "upper_bound_us": 1000
              },
              {
                "count": 0,
                "upper_bound_us": 2000
              },
              {
                "count": 0,
                "upper_bound_us": 5000
              },
              {
                "count": 0,
                "upper_bound_us": 10000
              },
              {
                "count": 0,
                "upper_bound_us": 20000
              },
              {
                "count": 0,
                "upper_bound_us": 50000
              },
              {
                "count": 0,
                "upper_bound_us": 100000
              },
              {
                "count": 0,
                "upper_bound_us": 250000
              },
              {
                "count": 0,
                "upper_bound_us": 500000
              },
              {
                "count": 0,
                "upper_bound_us": 1000000
              },
              {
                "count": 0,
                "upper_bound_us": 5000000
              },
              {
                "count": 0,
                "upper_bound_us": 30000000
              },
              {
                "count": 0,
                "upper_bound_us": 18446744073709551615
              }
            ],
            "count": 0,
            "max_us": 0,
            "min_us": 0,
            "p50_us": 0,
            "p90_us": 0,
            "p99_us": 0,
            "sum_us": 0
          },
          "scan_ops": 0
        }
      },
      "neighbor_summary": {
        "bloom_filtered_segments": 0,
        "body_bytes": 0,
        "body_reads": 0,
        "candidate_l0_segments": 0,
        "csr_get_neighbors_avg_us": 0,
        "csr_get_neighbors_p50_us": 0,
        "csr_get_neighbors_p90_us": 0,
        "csr_get_neighbors_p99_us": 0,
        "filter_passed_segments": 0,
        "get_neighbors_avg_us": 0,
        "get_neighbors_ops": 200,
        "get_neighbors_p50_us": 100,
        "get_neighbors_p90_us": 100,
        "get_neighbors_p99_us": 100,
        "header_reads": 0,
        "matched_l0_segments": 0,
        "offset_reads": 0,
        "range_filtered_segments": 0,
        "read_bytes": 0,
        "read_syscalls": 0
      },
      "post_auto_compaction_metrics": null,
      "sample_degrees": [
        {
          "degree": 16,
          "src": 288230376151711744
        },
        {
          "degree": 36,
          "src": 288230376175829997
        },
        {
          "degree": 114,
          "src": 288230376199986367
        },
        {
          "degree": 87,
          "src": 288234774210813394
        },
        {
          "degree": 7,
          "src": 288234774225537360
        },
        {
          "degree": 4,
          "src": 288234774240255777
        },
        {
          "degree": 33,
          "src": 288239172247934149
        },
        {
          "degree": 13,
          "src": 288239172259416164
        },
        {
          "degree": 11,
          "src": 288239172269910186
        },
        {
          "degree": 50,
          "src": 288239172280438042
        },
        {
          "degree": 69,
          "src": 288239172290919068
        },
        {
          "degree": 32,
          "src": 288243570294451076
        },
        {
          "degree": 22,
          "src": 288243570302837937
        },
        {
          "degree": 15,
          "src": 288243570311226519
        },
        {
          "degree": 3,
          "src": 288243570319613336
        },
        {
          "degree": 8,
          "src": 288243570327987430
        },
        {
          "degree": 450,
          "src": 288243570336337841
        },
        {
          "degree": 8,
          "src": 288247968337829824
        },
        {
          "degree": 39,
          "src": 288247968345117158
        },
        {
          "degree": 8,
          "src": 288247968352438082
        },
        {
          "degree": 33,
          "src": 288247968358780920
        },
        {
          "degree": 147,
          "src": 288247968366071362
        },
        {
          "degree": 32,
          "src": 288247968372404444
        },
        {
          "degree": 34,
          "src": 288247968378709594
        },
        {
          "degree": 423,
          "src": 288247968385998133
        },
        {
          "degree": 51,
          "src": 288252366386387865
        },
        {
          "degree": 8,
          "src": 288252366391682954
        },
        {
          "degree": 7,
          "src": 288252366397923973
        },
        {
          "degree": 52,
          "src": 288252366403213706
        },
        {
          "degree": 95,
          "src": 288252366409455691
        },
        {
          "degree": 131,
          "src": 288252366414744404
        },
        {
          "degree": 7,
          "src": 288252366420976996
        },
        {
          "degree": 6,
          "src": 288252366426263621
        },
        {
          "degree": 1,
          "src": 288252366432502456
        },
        {
          "degree": 143,
          "src": 288256764431854260
        },
        {
          "degree": 14,
          "src": 288256764437084756
        },
        {
          "degree": 36,
          "src": 288256764441344903
        },
        {
          "degree": 1,
          "src": 288256764446576316
        },
        {
          "degree": 69,
          "src": 288256764451804645
        },
        {
          "degree": 20,
          "src": 288256764457014067
        },
        {
          "degree": 16,
          "src": 288256764462241242
        },
        {
          "degree": 147,
          "src": 288256764466500006
        },
        {
          "degree": 76,
          "src": 288256764471722285
        },
        {
          "degree": 21,
          "src": 288256764476928324
        },
        {
          "degree": 14,
          "src": 288256764481202095
        },
        {
          "degree": 26,
          "src": 288261162480459476
        },
        {
          "degree": 5,
          "src": 288261162484686117
        },
        {
          "degree": 184,
          "src": 288261162488897673
        },
        {
          "degree": 53,
          "src": 288261162493099524
        },
        {
          "degree": 69,
          "src": 288261162498277257
        },
        {
          "degree": 19,
          "src": 288261162502483721
        },
        {
          "degree": 8,
          "src": 288261162506707900
        },
        {
          "degree": 2,
          "src": 288261162510915430
        },
        {
          "degree": 11,
          "src": 288261162515131908
        },
        {
          "degree": 28,
          "src": 288261162520289790
        },
        {
          "degree": 11,
          "src": 288261162524491367
        },
        {
          "degree": 97,
          "src": 288261162528709031
        },
        {
          "degree": 9,
          "src": 288265560526971216
        },
        {
          "degree": 130,
          "src": 288265560531150717
        },
        {
          "degree": 23,
          "src": 288265560534368844
        },
        {
          "degree": 56,
          "src": 288265560538540393
        },
        {
          "degree": 98,
          "src": 288265560542706058
        },
        {
          "degree": 41,
          "src": 288265560546884268
        },
        {
          "degree": 11,
          "src": 288265560550093835
        },
        {
          "degree": 16,
          "src": 288265560554265420
        },
        {
          "degree": 231,
          "src": 288265560558428344
        },
        {
          "degree": 6,
          "src": 288265560561648209
        },
        {
          "degree": 4,
          "src": 288265560565809614
        },
        {
          "degree": 55,
          "src": 288265560569983200
        },
        {
          "degree": 10,
          "src": 288265560574143429
        },
        {
          "degree": 11,
          "src": 288269958571441381
        },
        {
          "degree": 162,
          "src": 288269958575573498
        },
        {
          "degree": 2,
          "src": 288269958578763454
        },
        {
          "degree": 87,
          "src": 288269958582896415
        },
        {
          "degree": 7,
          "src": 288269958586073593
        },
        {
          "degree": 49,
          "src": 288269958589269112
        },
        {
          "degree": 110,
          "src": 288269958593408304
        },
        {
          "degree": 63,
          "src": 288269958596596535
        },
        {
          "degree": 31,
          "src": 288269958600726424
        },
        {
          "degree": 5,
          "src": 288269958603900115
        },
        {
          "degree": 28,
          "src": 288269958607083896
        },
        {
          "degree": 5,
          "src": 288269958611215609
        },
        {
          "degree": 59,
          "src": 288269958614402769
        },
        {
          "degree": 73,
          "src": 288269958617588003
        },
        {
          "degree": 225,
          "src": 288269958621709640
        },
        {
          "degree": 10,
          "src": 288274356618975492
        },
        {
          "degree": 4,
          "src": 288274356622127995
        },
        {
          "degree": 43,
          "src": 288274356625285549
        },
        {
          "degree": 16,
          "src": 288274356628442153
        },
        {
          "degree": 31,
          "src": 288274356631594998
        },
        {
          "degree": 4,
          "src": 288274356635713148
        },
        {
          "degree": 74,
          "src": 288274356638866688
        },
        {
          "degree": 99,
          "src": 288274356642020913
        },
        {
          "degree": 56,
          "src": 288274356645173602
        },
        {
          "degree": 8,
          "src": 288274356648334099
        },
        {
          "degree": 14,
          "src": 288274356651491794
        },
        {
          "degree": 12,
          "src": 288274356654639345
        },
        {
          "degree": 10,
          "src": 288274356657793184
        },
        {
          "degree": 88,
          "src": 288274356660940722
        },
        {
          "degree": 13,
          "src": 288274356664103663
        },
        {
          "degree": 11,
          "src": 288274356668207619
        },
        {
          "degree": 64,
          "src": 288278754665442302
        },
        {
          "degree": 43,
          "src": 288278754667617428
        },
        {
          "degree": 44,
          "src": 288278754670757856
        },
        {
          "degree": 197,
          "src": 288278754673895795
        },
        {
          "degree": 108,
          "src": 288278754677030330
        },
        {
          "degree": 4,
          "src": 288278754680154394
        },
        {
          "degree": 28,
          "src": 288278754683294262
        },
        {
          "degree": 31,
          "src": 288278754686429411
        },
        {
          "degree": 5,
          "src": 288278754689561455
        },
        {
          "degree": 55,
          "src": 288278754691737965
        },
        {
          "degree": 23,
          "src": 288278754694872031
        },
        {
          "degree": 42,
          "src": 288278754698001897
        },
        {
          "degree": 15,
          "src": 288278754701123099
        },
        {
          "degree": 84,
          "src": 288278754704252386
        },
        {
          "degree": 5,
          "src": 288278754707385438
        },
        {
          "degree": 190,
          "src": 288278754709567992
        },
        {
          "degree": 144,
          "src": 288278754712695498
        },
        {
          "degree": 23,
          "src": 288283152709925081
        },
        {
          "degree": 11,
          "src": 288283152713028631
        },
        {
          "degree": 53,
          "src": 288283152716147010
        },
        {
          "degree": 20,
          "src": 288283152718312503
        },
        {
          "degree": 5,
          "src": 288283152721420778
        },
        {
          "degree": 5,
          "src": 288283152724531636
        },
        {
          "degree": 12,
          "src": 288283152726697287
        },
        {
          "degree": 32,
          "src": 288283152729808762
        },
        {
          "degree": 48,
          "src": 288283152732926034
        },
        {
          "degree": 6,
          "src": 288283152735089084
        },
        {
          "degree": 84,
          "src": 288283152738198177
        },
        {
          "degree": 64,
          "src": 288283152741306557
        },
        {
          "degree": 10,
          "src": 288283152743470407
        },
        {
          "degree": 4,
          "src": 288283152746576251
        },
        {
          "degree": 96,
          "src": 288283152748733421
        },
        {
          "degree": 168,
          "src": 288283152751844741
        },
        {
          "degree": 111,
          "src": 288283152754951200
        },
        {
          "degree": 25,
          "src": 288283152757107818
        },
        {
          "degree": 16,
          "src": 288283152760218575
        },
        {
          "degree": 7,
          "src": 288287550757431391
        },
        {
          "degree": 7,
          "src": 288287550759571727
        },
        {
          "degree": 2,
          "src": 288287550762666851
        },
        {
          "degree": 1,
          "src": 288287550764815302
        },
        {
          "degree": 38,
          "src": 288287550767912908
        },
        {
          "degree": 22,
          "src": 288287550770062471
        },
        {
          "degree": 38,
          "src": 288287550773156780
        },
        {
          "degree": 5,
          "src": 288287550775306656
        },
        {
          "degree": 5,
          "src": 288287550778402893
        },
        {
          "degree": 548,
          "src": 288287550780547817
        },
        {
          "degree": 23,
          "src": 288287550783639628
        },
        {
          "degree": 14,
          "src": 288287550785786147
        },
        {
          "degree": 28,
          "src": 288287550788882768
        },
        {
          "degree": 15,
          "src": 288287550791030114
        },
        {
          "degree": 22,
          "src": 288287550794116506
        },
        {
          "degree": 2,
          "src": 288287550796258511
        },
        {
          "degree": 59,
          "src": 288287550799352699
        },
        {
          "degree": 13,
          "src": 288287550801493874
        },
        {
          "degree": 4,
          "src": 288287550804594378
        },
        {
          "degree": 159,
          "src": 288287550806740255
        },
        {
          "degree": 57,
          "src": 288291948803931334
        },
        {
          "degree": 17,
          "src": 288291948806056105
        },
        {
          "degree": 12,
          "src": 288291948808193866
        },
        {
          "degree": 56,
          "src": 288291948811276795
        },
        {
          "degree": 22,
          "src": 288291948813405123
        },
        {
          "degree": 14,
          "src": 288291948815541680
        },
        {
          "degree": 47,
          "src": 288291948818618546
        },
        {
          "degree": 16,
          "src": 288291948820745831
        },
        {
          "degree": 13,
          "src": 288291948822882703
        },
        {
          "degree": 155,
          "src": 288291948825967126
        },
        {
          "degree": 35,
          "src": 288291948828096753
        },
        {
          "degree": 129,
          "src": 288291948830224464
        },
        {
          "degree": 95,
          "src": 288291948833309164
        },
        {
          "degree": 49,
          "src": 288291948835435271
        },
        {
          "degree": 56,
          "src": 288291948837562280
        },
        {
          "degree": 2,
          "src": 288291948840640946
        },
        {
          "degree": 13,
          "src": 288291948842769935
        },
        {
          "degree": 6,
          "src": 288291948844893969
        },
        {
          "degree": 2,
          "src": 288291948847982734
        },
        {
          "degree": 107,
          "src": 288291948850116013
        },
        {
          "degree": 17,
          "src": 288291948852243824
        },
        {
          "degree": 6,
          "src": 288296346849425859
        },
        {
          "degree": 46,
          "src": 288296346851564050
        },
        {
          "degree": 23,
          "src": 288296346854644151
        },
        {
          "degree": 2,
          "src": 288296346856770226
        },
        {
          "degree": 13,
          "src": 288296346858908054
        },
        {
          "degree": 23,
          "src": 288296346861990535
        },
        {
          "degree": 17,
          "src": 288296346864115435
        },
        {
          "degree": 12,
          "src": 288296346866251324
        },
        {
          "degree": 2,
          "src": 288296346869336991
        },
        {
          "degree": 9,
          "src": 288296346871470668
        },
        {
          "degree": 17,
          "src": 288296346873592799
        },
        {
          "degree": 26,
          "src": 288296346876681269
        },
        {
          "degree": 50,
          "src": 288296346878814308
        },
        {
          "degree": 79,
          "src": 288296346880933549
        },
        {
          "degree": 8,
          "src": 288296346884018592
        },
        {
          "degree": 6,
          "src": 288296346886146135
        },
        {
          "degree": 1,
          "src": 288296346888266135
        },
        {
          "degree": 7,
          "src": 288296346891350682
        },
        {
          "degree": 81,
          "src": 288296346893485239
        },
        {
          "degree": 3,
          "src": 288296346895613343
        },
        {
          "degree": 37,
          "src": 288296346898694481
        },
        {
          "degree": 34,
          "src": 288296346900829924
        }
      ],
      "sampled_srcs": [
        288230376151711744,
        288230376175829997,
        288230376199986367,
        288234774210813394,
        288234774225537360,
        288234774240255777,
        288239172247934149,
        288239172259416164,
        288239172269910186,
        288239172280438042,
        288239172290919068,
        288243570294451076,
        288243570302837937,
        288243570311226519,
        288243570319613336,
        288243570327987430,
        288243570336337841,
        288247968337829824,
        288247968345117158,
        288247968352438082,
        288247968358780920,
        288247968366071362,
        288247968372404444,
        288247968378709594,
        288247968385998133,
        288252366386387865,
        288252366391682954,
        288252366397923973,
        288252366403213706,
        288252366409455691,
        288252366414744404,
        288252366420976996,
        288252366426263621,
        288252366432502456,
        288256764431854260,
        288256764437084756,
        288256764441344903,
        288256764446576316,
        288256764451804645,
        288256764457014067,
        288256764462241242,
        288256764466500006,
        288256764471722285,
        288256764476928324,
        288256764481202095,
        288261162480459476,
        288261162484686117,
        288261162488897673,
        288261162493099524,
        288261162498277257,
        288261162502483721,
        288261162506707900,
        288261162510915430,
        288261162515131908,
        288261162520289790,
        288261162524491367,
        288261162528709031,
        288265560526971216,
        288265560531150717,
        288265560534368844,
        288265560538540393,
        288265560542706058,
        288265560546884268,
        288265560550093835,
        288265560554265420,
        288265560558428344,
        288265560561648209,
        288265560565809614,
        288265560569983200,
        288265560574143429,
        288269958571441381,
        288269958575573498,
        288269958578763454,
        288269958582896415,
        288269958586073593,
        288269958589269112,
        288269958593408304,
        288269958596596535,
        288269958600726424,
        288269958603900115,
        288269958607083896,
        288269958611215609,
        288269958614402769,
        288269958617588003,
        288269958621709640,
        288274356618975492,
        288274356622127995,
        288274356625285549,
        288274356628442153,
        288274356631594998,
        288274356635713148,
        288274356638866688,
        288274356642020913,
        288274356645173602,
        288274356648334099,
        288274356651491794,
        288274356654639345,
        288274356657793184,
        288274356660940722,
        288274356664103663,
        288274356668207619,
        288278754665442302,
        288278754667617428,
        288278754670757856,
        288278754673895795,
        288278754677030330,
        288278754680154394,
        288278754683294262,
        288278754686429411,
        288278754689561455,
        288278754691737965,
        288278754694872031,
        288278754698001897,
        288278754701123099,
        288278754704252386,
        288278754707385438,
        288278754709567992,
        288278754712695498,
        288283152709925081,
        288283152713028631,
        288283152716147010,
        288283152718312503,
        288283152721420778,
        288283152724531636,
        288283152726697287,
        288283152729808762,
        288283152732926034,
        288283152735089084,
        288283152738198177,
        288283152741306557,
        288283152743470407,
        288283152746576251,
        288283152748733421,
        288283152751844741,
        288283152754951200,
        288283152757107818,
        288283152760218575,
        288287550757431391,
        288287550759571727,
        288287550762666851,
        288287550764815302,
        288287550767912908,
        288287550770062471,
        288287550773156780,
        288287550775306656,
        288287550778402893,
        288287550780547817,
        288287550783639628,
        288287550785786147,
        288287550788882768,
        288287550791030114,
        288287550794116506,
        288287550796258511,
        288287550799352699,
        288287550801493874,
        288287550804594378,
        288287550806740255,
        288291948803931334,
        288291948806056105,
        288291948808193866,
        288291948811276795,
        288291948813405123,
        288291948815541680,
        288291948818618546,
        288291948820745831,
        288291948822882703,
        288291948825967126,
        288291948828096753,
        288291948830224464,
        288291948833309164,
        288291948835435271,
        288291948837562280,
        288291948840640946,
        288291948842769935,
        288291948844893969,
        288291948847982734,
        288291948850116013,
        288291948852243824,
        288296346849425859,
        288296346851564050,
        288296346854644151,
        288296346856770226,
        288296346858908054,
        288296346861990535,
        288296346864115435,
        288296346866251324,
        288296346869336991,
        288296346871470668,
        288296346873592799,
        288296346876681269,
        288296346878814308,
        288296346880933549,
        288296346884018592,
        288296346886146135,
        288296346888266135,
        288296346891350682,
        288296346893485239,
        288296346895613343,
        288296346898694481,
        288296346900829924
      ],
      "sampled_vertices": 200,
      "semantic_degree_hint": true
    }
  ],
  "data_dir": "store/e11-sf100-schema_only-20260608",
  "edge_type": null,
  "edge_types": [
    1,
    2,
    3,
    7,
    8,
    9,
    10,
    11,
    12
  ],
  "levels": [
    3444,
    0,
    0,
    0,
    0
  ],
  "sample_plan_degree_hint": true,
  "sample_plan_in": null,
  "sample_plan_out": "remote-logs/e11-sf100-sample-plans-20260608/sf100-core-s200.plan.json",
  "sample_plan_version": 1,
  "scan_edges": 3570968680,
  "scan_elapsed_ms": 3259409,
  "scan_metrics": {
    "csr": {
      "bloom_false_positive_probes": 0,
      "bloom_filtered_segments": 0,
      "body_bytes": 114270997760,
      "body_reads": 3444,
      "candidate_l0_segments": 0,
      "filter_passed_segments": 0,
      "full_scan_reads": 3444,
      "get_neighbors_latency": {
        "avg_us": 0,
        "buckets": [
          {
            "count": 0,
            "upper_bound_us": 100
          },
          {
            "count": 0,
            "upper_bound_us": 250
          },
          {
            "count": 0,
            "upper_bound_us": 500
          },
          {
            "count": 0,
            "upper_bound_us": 1000
          },
          {
            "count": 0,
            "upper_bound_us": 2000
          },
          {
            "count": 0,
            "upper_bound_us": 5000
          },
          {
            "count": 0,
            "upper_bound_us": 10000
          },
          {
            "count": 0,
            "upper_bound_us": 20000
          },
          {
            "count": 0,
            "upper_bound_us": 50000
          },
          {
            "count": 0,
            "upper_bound_us": 100000
          },
          {
            "count": 0,
            "upper_bound_us": 250000
          },
          {
            "count": 0,
            "upper_bound_us": 500000
          },
          {
            "count": 0,
            "upper_bound_us": 1000000
          },
          {
            "count": 0,
            "upper_bound_us": 5000000
          },
          {
            "count": 0,
            "upper_bound_us": 30000000
          },
          {
            "count": 0,
            "upper_bound_us": 18446744073709551615
          }
        ],
        "count": 0,
        "max_us": 0,
        "min_us": 0,
        "p50_us": 0,
        "p90_us": 0,
        "p99_us": 0,
        "sum_us": 0
      },
      "header_bytes": 440832,
      "header_reads": 3444,
      "l0_partitions": [],
      "matched_l0_segments": 0,
      "offset_bytes": 26968639800,
      "offset_cache_hits": 0,
      "offset_cache_misses": 0,
      "offset_reads": 3444,
      "range_filtered_segments": 0,
      "read_all_edges_latency": {
        "avg_us": 81358,
        "buckets": [
          {
            "count": 0,
            "upper_bound_us": 100
          },
          {
            "count": 0,
            "upper_bound_us": 250
          },
          {
            "count": 0,
            "upper_bound_us": 500
          },
          {
            "count": 0,
            "upper_bound_us": 1000
          },
          {
            "count": 2,
            "upper_bound_us": 2000
          },
          {
            "count": 8,
            "upper_bound_us": 5000
          },
          {
            "count": 6,
            "upper_bound_us": 10000
          },
          {
            "count": 10,
            "upper_bound_us": 20000
          },
          {
            "count": 229,
            "upper_bound_us": 50000
          },
          {
            "count": 2352,
            "upper_bound_us": 100000
          },
          {
            "count": 837,
            "upper_bound_us": 250000
          },
          {
            "count": 0,
            "upper_bound_us": 500000
          },
          {
            "count": 0,
            "upper_bound_us": 1000000
          },
          {
            "count": 0,
            "upper_bound_us": 5000000
          },
          {
            "count": 0,
            "upper_bound_us": 30000000
          },
          {
            "count": 0,
            "upper_bound_us": 18446744073709551615
          }
        ],
        "count": 3444,
        "max_us": 159989,
        "min_us": 1735,
        "p50_us": 100000,
        "p90_us": 250000,
        "p99_us": 250000,
        "sum_us": 280198595
      },
      "read_offsets_latency": {
        "avg_us": 0,
        "buckets": [
          {
            "count": 0,
            "upper_bound_us": 100
          },
          {
            "count": 0,
            "upper_bound_us": 250
          },
          {
            "count": 0,
            "upper_bound_us": 500
          },
          {
            "count": 0,
            "upper_bound_us": 1000
          },
          {
            "count": 0,
            "upper_bound_us": 2000
          },
          {
            "count": 0,
            "upper_bound_us": 5000
          },
          {
            "count": 0,
            "upper_bound_us": 10000
          },
          {
            "count": 0,
            "upper_bound_us": 20000
          },
          {
            "count": 0,
            "upper_bound_us": 50000
          },
          {
            "count": 0,
            "upper_bound_us": 100000
          },
          {
            "count": 0,
            "upper_bound_us": 250000
          },
          {
            "count": 0,
            "upper_bound_us": 500000
          },
          {
            "count": 0,
            "upper_bound_us": 1000000
          },
          {
            "count": 0,
            "upper_bound_us": 5000000
          },
          {
            "count": 0,
            "upper_bound_us": 30000000
          },
          {
            "count": 0,
            "upper_bound_us": 18446744073709551615
          }
        ],
        "count": 0,
        "max_us": 0,
        "min_us": 0,
        "p50_us": 0,
        "p90_us": 0,
        "p99_us": 0,
        "sum_us": 0
      }
    },
    "http": {
      "endpoints": {},
      "handler_latency": {
        "avg_us": 0,
        "buckets": [
          {
            "count": 0,
            "upper_bound_us": 100
          },
          {
            "count": 0,
            "upper_bound_us": 250
          },
          {
            "count": 0,
            "upper_bound_us": 500
          },
          {
            "count": 0,
            "upper_bound_us": 1000
          },
          {
            "count": 0,
            "upper_bound_us": 2000
          },
          {
            "count": 0,
            "upper_bound_us": 5000
          },
          {
            "count": 0,
            "upper_bound_us": 10000
          },
          {
            "count": 0,
            "upper_bound_us": 20000
          },
          {
            "count": 0,
            "upper_bound_us": 50000
          },
          {
            "count": 0,
            "upper_bound_us": 100000
          },
          {
            "count": 0,
            "upper_bound_us": 250000
          },
          {
            "count": 0,
            "upper_bound_us": 500000
          },
          {
            "count": 0,
            "upper_bound_us": 1000000
          },
          {
            "count": 0,
            "upper_bound_us": 5000000
          },
          {
            "count": 0,
            "upper_bound_us": 30000000
          },
          {
            "count": 0,
            "upper_bound_us": 18446744073709551615
          }
        ],
        "count": 0,
        "max_us": 0,
        "min_us": 0,
        "p50_us": 0,
        "p90_us": 0,
        "p99_us": 0,
        "sum_us": 0
      },
      "json_parse_latency": {
        "avg_us": 0,
        "buckets": [
          {
            "count": 0,
            "upper_bound_us": 100
          },
          {
            "count": 0,
            "upper_bound_us": 250
          },
          {
            "count": 0,
            "upper_bound_us": 500
          },
          {
            "count": 0,
            "upper_bound_us": 1000
          },
          {
            "count": 0,
            "upper_bound_us": 2000
          },
          {
            "count": 0,
            "upper_bound_us": 5000
          },
          {
            "count": 0,
            "upper_bound_us": 10000
          },
          {
            "count": 0,
            "upper_bound_us": 20000
          },
          {
            "count": 0,
            "upper_bound_us": 50000
          },
          {
            "count": 0,
            "upper_bound_us": 100000
          },
          {
            "count": 0,
            "upper_bound_us": 250000
          },
          {
            "count": 0,
            "upper_bound_us": 500000
          },
          {
            "count": 0,
            "upper_bound_us": 1000000
          },
          {
            "count": 0,
            "upper_bound_us": 5000000
          },
          {
            "count": 0,
            "upper_bound_us": 30000000
          },
          {
            "count": 0,
            "upper_bound_us": 18446744073709551615
          }
        ],
        "count": 0,
        "max_us": 0,
        "min_us": 0,
        "p50_us": 0,
        "p90_us": 0,
        "p99_us": 0,
        "sum_us": 0
      },
      "request_read_latency": {
        "avg_us": 0,
        "buckets": [
          {
            "count": 0,
            "upper_bound_us": 100
          },
          {
            "count": 0,
            "upper_bound_us": 250
          },
          {
            "count": 0,
            "upper_bound_us": 500
          },
          {
            "count": 0,
            "upper_bound_us": 1000
          },
          {
            "count": 0,
            "upper_bound_us": 2000
          },
          {
            "count": 0,
            "upper_bound_us": 5000
          },
          {
            "count": 0,
            "upper_bound_us": 10000
          },
          {
            "count": 0,
            "upper_bound_us": 20000
          },
          {
            "count": 0,
            "upper_bound_us": 50000
          },
          {
            "count": 0,
            "upper_bound_us": 100000
          },
          {
            "count": 0,
            "upper_bound_us": 250000
          },
          {
            "count": 0,
            "upper_bound_us": 500000
          },
          {
            "count": 0,
            "upper_bound_us": 1000000
          },
          {
            "count": 0,
            "upper_bound_us": 5000000
          },
          {
            "count": 0,
            "upper_bound_us": 30000000
          },
          {
            "count": 0,
            "upper_bound_us": 18446744073709551615
          }
        ],
        "count": 0,
        "max_us": 0,
        "min_us": 0,
        "p50_us": 0,
        "p90_us": 0,
        "p99_us": 0,
        "sum_us": 0
      },
      "requests": 0,
      "response_write_latency": {
        "avg_us": 0,
        "buckets": [
          {
            "count": 0,
            "upper_bound_us": 100
          },
          {
            "count": 0,
            "upper_bound_us": 250
          },
          {
            "count": 0,
            "upper_bound_us": 500
          },
          {
            "count": 0,
            "upper_bound_us": 1000
          },
          {
            "count": 0,
            "upper_bound_us": 2000
          },
          {
            "count": 0,
            "upper_bound_us": 5000
          },
          {
            "count": 0,
            "upper_bound_us": 10000
          },
          {
            "count": 0,
            "upper_bound_us": 20000
          },
          {
            "count": 0,
            "upper_bound_us": 50000
          },
          {
            "count": 0,
            "upper_bound_us": 100000
          },
          {
            "count": 0,
            "upper_bound_us": 250000
          },
          {
            "count": 0,
            "upper_bound_us": 500000
          },
          {
            "count": 0,
            "upper_bound_us": 1000000
          },
          {
            "count": 0,
            "upper_bound_us": 5000000
          },
          {
            "count": 0,
            "upper_bound_us": 30000000
          },
          {
            "count": 0,
            "upper_bound_us": 18446744073709551615
          }
        ],
        "count": 0,
        "max_us": 0,
        "min_us": 0,
        "p50_us": 0,
        "p90_us": 0,
        "p99_us": 0,
        "sum_us": 0
      },
      "serialize_latency": {
        "avg_us": 0,
        "buckets": [
          {
            "count": 0,
            "upper_bound_us": 100
          },
          {
            "count": 0,
            "upper_bound_us": 250
          },
          {
            "count": 0,
            "upper_bound_us": 500
          },
          {
            "count": 0,
            "upper_bound_us": 1000
          },
          {
            "count": 0,
            "upper_bound_us": 2000
          },
          {
            "count": 0,
            "upper_bound_us": 5000
          },
          {
            "count": 0,
            "upper_bound_us": 10000
          },
          {
            "count": 0,
            "upper_bound_us": 20000
          },
          {
            "count": 0,
            "upper_bound_us": 50000
          },
          {
            "count": 0,
            "upper_bound_us": 100000
          },
          {
            "count": 0,
            "upper_bound_us": 250000
          },
          {
            "count": 0,
            "upper_bound_us": 500000
          },
          {
            "count": 0,
            "upper_bound_us": 1000000
          },
          {
            "count": 0,
            "upper_bound_us": 5000000
          },
          {
            "count": 0,
            "upper_bound_us": 30000000
          },
          {
            "count": 0,
            "upper_bound_us": 18446744073709551615
          }
        ],
        "count": 0,
        "max_us": 0,
        "min_us": 0,
        "p50_us": 0,
        "p90_us": 0,
        "p99_us": 0,
        "sum_us": 0
      },
      "status_2xx": 0,
      "status_4xx": 0,
      "status_5xx": 0
    },
    "io": {
      "create_blocking_latency": {
        "avg_us": 0,
        "buckets": [
          {
            "count": 0,
            "upper_bound_us": 100
          },
          {
            "count": 0,
            "upper_bound_us": 250
          },
          {
            "count": 0,
            "upper_bound_us": 500
          },
          {
            "count": 0,
            "upper_bound_us": 1000
          },
          {
            "count": 0,
            "upper_bound_us": 2000
          },
          {
            "count": 0,
            "upper_bound_us": 5000
          },
          {
            "count": 0,
            "upper_bound_us": 10000
          },
          {
            "count": 0,
            "upper_bound_us": 20000
          },
          {
            "count": 0,
            "upper_bound_us": 50000
          },
          {
            "count": 0,
            "upper_bound_us": 100000
          },
          {
            "count": 0,
            "upper_bound_us": 250000
          },
          {
            "count": 0,
            "upper_bound_us": 500000
          },
          {
            "count": 0,
            "upper_bound_us": 1000000
          },
          {
            "count": 0,
            "upper_bound_us": 5000000
          },
          {
            "count": 0,
            "upper_bound_us": 30000000
          },
          {
            "count": 0,
            "upper_bound_us": 18446744073709551615
          }
        ],
        "count": 0,
        "max_us": 0,
        "min_us": 0,
        "p50_us": 0,
        "p90_us": 0,
        "p99_us": 0,
        "sum_us": 0
      },
      "read_blocking_latency": {
        "avg_us": 0,
        "buckets": [
          {
            "count": 0,
            "upper_bound_us": 100
          },
          {
            "count": 0,
            "upper_bound_us": 250
          },
          {
            "count": 0,
            "upper_bound_us": 500
          },
          {
            "count": 0,
            "upper_bound_us": 1000
          },
          {
            "count": 0,
            "upper_bound_us": 2000
          },
          {
            "count": 0,
            "upper_bound_us": 5000
          },
          {
            "count": 0,
            "upper_bound_us": 10000
          },
          {
            "count": 0,
            "upper_bound_us": 20000
          },
          {
            "count": 0,
            "upper_bound_us": 50000
          },
          {
            "count": 0,
            "upper_bound_us": 100000
          },
          {
            "count": 0,
            "upper_bound_us": 250000
          },
          {
            "count": 0,
            "upper_bound_us": 500000
          },
          {
            "count": 0,
            "upper_bound_us": 1000000
          },
          {
            "count": 0,
            "upper_bound_us": 5000000
          },
          {
            "count": 0,
            "upper_bound_us": 30000000
          },
          {
            "count": 0,
            "upper_bound_us": 18446744073709551615
          }
        ],
        "count": 0,
        "max_us": 0,
        "min_us": 0,
        "p50_us": 0,
        "p90_us": 0,
        "p99_us": 0,
        "sum_us": 0
      },
      "read_bytes": 141240078392,
      "read_syscalls": 10332,
      "remove_blocking_latency": {
        "avg_us": 0,
        "buckets": [
          {
            "count": 0,
            "upper_bound_us": 100
          },
          {
            "count": 0,
            "upper_bound_us": 250
          },
          {
            "count": 0,
            "upper_bound_us": 500
          },
          {
            "count": 0,
            "upper_bound_us": 1000
          },
          {
            "count": 0,
            "upper_bound_us": 2000
          },
          {
            "count": 0,
            "upper_bound_us": 5000
          },
          {
            "count": 0,
            "upper_bound_us": 10000
          },
          {
            "count": 0,
            "upper_bound_us": 20000
          },
          {
            "count": 0,
            "upper_bound_us": 50000
          },
          {
            "count": 0,
            "upper_bound_us": 100000
          },
          {
            "count": 0,
            "upper_bound_us": 250000
          },
          {
            "count": 0,
            "upper_bound_us": 500000
          },
          {
            "count": 0,
            "upper_bound_us": 1000000
          },
          {
            "count": 0,
            "upper_bound_us": 5000000
          },
          {
            "count": 0,
            "upper_bound_us": 30000000
          },
          {
            "count": 0,
            "upper_bound_us": 18446744073709551615
          }
        ],
        "count": 0,
        "max_us": 0,
        "min_us": 0,
        "p50_us": 0,
        "p90_us": 0,
        "p99_us": 0,
        "sum_us": 0
      },
      "semaphore_wait_latency": {
        "avg_us": 0,
        "buckets": [
          {
            "count": 0,
            "upper_bound_us": 100
          },
          {
            "count": 0,
            "upper_bound_us": 250
          },
          {
            "count": 0,
            "upper_bound_us": 500
          },
          {
            "count": 0,
            "upper_bound_us": 1000
          },
          {
            "count": 0,
            "upper_bound_us": 2000
          },
          {
            "count": 0,
            "upper_bound_us": 5000
          },
          {
            "count": 0,
            "upper_bound_us": 10000
          },
          {
            "count": 0,
            "upper_bound_us": 20000
          },
          {
            "count": 0,
            "upper_bound_us": 50000
          },
          {
            "count": 0,
            "upper_bound_us": 100000
          },
          {
            "count": 0,
            "upper_bound_us": 250000
          },
          {
            "count": 0,
            "upper_bound_us": 500000
          },
          {
            "count": 0,
            "upper_bound_us": 1000000
          },
          {
            "count": 0,
            "upper_bound_us": 5000000
          },
          {
            "count": 0,
            "upper_bound_us": 30000000
          },
          {
            "count": 0,
            "upper_bound_us": 18446744073709551615
          }
        ],
        "count": 0,
        "max_us": 0,
        "min_us": 0,
        "p50_us": 0,
        "p90_us": 0,
        "p99_us": 0,
        "sum_us": 0
      },
      "sync_blocking_latency": {
        "avg_us": 0,
        "buckets": [
          {
            "count": 0,
            "upper_bound_us": 100
          },
          {
            "count": 0,
            "upper_bound_us": 250
          },
          {
            "count": 0,
            "upper_bound_us": 500
          },
          {
            "count": 0,
            "upper_bound_us": 1000
          },
          {
            "count": 0,
            "upper_bound_us": 2000
          },
          {
            "count": 0,
            "upper_bound_us": 5000
          },
          {
            "count": 0,
            "upper_bound_us": 10000
          },
          {
            "count": 0,
            "upper_bound_us": 20000
          },
          {
            "count": 0,
            "upper_bound_us": 50000
          },
          {
            "count": 0,
            "upper_bound_us": 100000
          },
          {
            "count": 0,
            "upper_bound_us": 250000
          },
          {
            "count": 0,
            "upper_bound_us": 500000
          },
          {
            "count": 0,
            "upper_bound_us": 1000000
          },
          {
            "count": 0,
            "upper_bound_us": 5000000
          },
          {
            "count": 0,
            "upper_bound_us": 30000000
          },
          {
            "count": 0,
            "upper_bound_us": 18446744073709551615
          }
        ],
        "count": 0,
        "max_us": 0,
        "min_us": 0,
        "p50_us": 0,
        "p90_us": 0,
        "p99_us": 0,
        "sum_us": 0
      },
      "write_blocking_latency": {
        "avg_us": 0,
        "buckets": [
          {
            "count": 0,
            "upper_bound_us": 100
          },
          {
            "count": 0,
            "upper_bound_us": 250
          },
          {
            "count": 0,
            "upper_bound_us": 500
          },
          {
            "count": 0,
            "upper_bound_us": 1000
          },
          {
            "count": 0,
            "upper_bound_us": 2000
          },
          {
            "count": 0,
            "upper_bound_us": 5000
          },
          {
            "count": 0,
            "upper_bound_us": 10000
          },
          {
            "count": 0,
            "upper_bound_us": 20000
          },
          {
            "count": 0,
            "upper_bound_us": 50000
          },
          {
            "count": 0,
            "upper_bound_us": 100000
          },
          {
            "count": 0,
            "upper_bound_us": 250000
          },
          {
            "count": 0,
            "upper_bound_us": 500000
          },
          {
            "count": 0,
            "upper_bound_us": 1000000
          },
          {
            "count": 0,
            "upper_bound_us": 5000000
          },
          {
            "count": 0,
            "upper_bound_us": 30000000
          },
          {
            "count": 0,
            "upper_bound_us": 18446744073709551615
          }
        ],
        "count": 0,
        "max_us": 0,
        "min_us": 0,
        "p50_us": 0,
        "p90_us": 0,
        "p99_us": 0,
        "sum_us": 0
      },
      "write_bytes": 0,
      "write_syscalls": 0
    },
    "snb": {
      "cache": {
        "adjacency_bytes": 0,
        "adjacency_cache_hits": 0,
        "adjacency_cache_misses": 0,
        "adjacency_cache_write_bytes": 0,
        "adjacency_cache_write_syscalls": 0,
        "adjacency_edges": 0,
        "adjacency_group_latency": {
          "avg_us": 0,
          "buckets": [
            {
              "count": 0,
              "upper_bound_us": 100
            },
            {
              "count": 0,
              "upper_bound_us": 250
            },
            {
              "count": 0,
              "upper_bound_us": 500
            },
            {
              "count": 0,
              "upper_bound_us": 1000
            },
            {
              "count": 0,
              "upper_bound_us": 2000
            },
            {
              "count": 0,
              "upper_bound_us": 5000
            },
            {
              "count": 0,
              "upper_bound_us": 10000
            },
            {
              "count": 0,
              "upper_bound_us": 20000
            },
            {
              "count": 0,
              "upper_bound_us": 50000
            },
            {
              "count": 0,
              "upper_bound_us": 100000
            },
            {
              "count": 0,
              "upper_bound_us": 250000
            },
            {
              "count": 0,
              "upper_bound_us": 500000
            },
            {
              "count": 0,
              "upper_bound_us": 1000000
            },
            {
              "count": 0,
              "upper_bound_us": 5000000
            },
            {
              "count": 0,
              "upper_bound_us": 30000000
            },
            {
              "count": 0,
              "upper_bound_us": 18446744073709551615
            }
          ],
          "count": 0,
          "max_us": 0,
          "min_us": 0,
          "p50_us": 0,
          "p90_us": 0,
          "p99_us": 0,
          "sum_us": 0
        },
        "adjacency_groups": 0,
        "adjacency_load_latency": {
          "avg_us": 0,
          "buckets": [
            {
              "count": 0,
              "upper_bound_us": 100
            },
            {
              "count": 0,
              "upper_bound_us": 250
            },
            {
              "count": 0,
              "upper_bound_us": 500
            },
            {
              "count": 0,
              "upper_bound_us": 1000
            },
            {
              "count": 0,
              "upper_bound_us": 2000
            },
            {
              "count": 0,
              "upper_bound_us": 5000
            },
            {
              "count": 0,
              "upper_bound_us": 10000
            },
            {
              "count": 0,
              "upper_bound_us": 20000
            },
            {
              "count": 0,
              "upper_bound_us": 50000
            },
            {
              "count": 0,
              "upper_bound_us": 100000
            },
            {
              "count": 0,
              "upper_bound_us": 250000
            },
            {
              "count": 0,
              "upper_bound_us": 500000
            },
            {
              "count": 0,
              "upper_bound_us": 1000000
            },
            {
              "count": 0,
              "upper_bound_us": 5000000
            },
            {
              "count": 0,
              "upper_bound_us": 30000000
            },
            {
              "count": 0,
              "upper_bound_us": 18446744073709551615
            }
          ],
          "count": 0,
          "max_us": 0,
          "min_us": 0,
          "p50_us": 0,
          "p90_us": 0,
          "p99_us": 0,
          "sum_us": 0
        },
        "adjacency_scan_latency": {
          "avg_us": 0,
          "buckets": [
            {
              "count": 0,
              "upper_bound_us": 100
            },
            {
              "count": 0,
              "upper_bound_us": 250
            },
            {
              "count": 0,
              "upper_bound_us": 500
            },
            {
              "count": 0,
              "upper_bound_us": 1000
            },
            {
              "count": 0,
              "upper_bound_us": 2000
            },
            {
              "count": 0,
              "upper_bound_us": 5000
            },
            {
              "count": 0,
              "upper_bound_us": 10000
            },
            {
              "count": 0,
              "upper_bound_us": 20000
            },
            {
              "count": 0,
              "upper_bound_us": 50000
            },
            {
              "count": 0,
              "upper_bound_us": 100000
            },
            {
              "count": 0,
              "upper_bound_us": 250000
            },
            {
              "count": 0,
              "upper_bound_us": 500000
            },
            {
              "count": 0,
              "upper_bound_us": 1000000
            },
            {
              "count": 0,
              "upper_bound_us": 5000000
            },
            {
              "count": 0,
              "upper_bound_us": 30000000
            },
            {
              "count": 0,
              "upper_bound_us": 18446744073709551615
            }
          ],
          "count": 0,
          "max_us": 0,
          "min_us": 0,
          "p50_us": 0,
          "p90_us": 0,
          "p99_us": 0,
          "sum_us": 0
        },
        "adjacency_write_latency": {
          "avg_us": 0,
          "buckets": [
            {
              "count": 0,
              "upper_bound_us": 100
            },
            {
              "count": 0,
              "upper_bound_us": 250
            },
            {
              "count": 0,
              "upper_bound_us": 500
            },
            {
              "count": 0,
              "upper_bound_us": 1000
            },
            {
              "count": 0,
              "upper_bound_us": 2000
            },
            {
              "count": 0,
              "upper_bound_us": 5000
            },
            {
              "count": 0,
              "upper_bound_us": 10000
            },
            {
              "count": 0,
              "upper_bound_us": 20000
            },
            {
              "count": 0,
              "upper_bound_us": 50000
            },
            {
              "count": 0,
              "upper_bound_us": 100000
            },
            {
              "count": 0,
              "upper_bound_us": 250000
            },
            {
              "count": 0,
              "upper_bound_us": 500000
            },
            {
              "count": 0,
              "upper_bound_us": 1000000
            },
            {
              "count": 0,
              "upper_bound_us": 5000000
            },
            {
              "count": 0,
              "upper_bound_us": 30000000
            },
            {
              "count": 0,
              "upper_bound_us": 18446744073709551615
            }
          ],
          "count": 0,
          "max_us": 0,
          "min_us": 0,
          "p50_us": 0,
          "p90_us": 0,
          "p99_us": 0,
          "sum_us": 0
        },
        "edge_props": 0,
        "edge_props_load_latency": {
          "avg_us": 0,
          "buckets": [
            {
              "count": 0,
              "upper_bound_us": 100
            },
            {
              "count": 0,
              "upper_bound_us": 250
            },
            {
              "count": 0,
              "upper_bound_us": 500
            },
            {
              "count": 0,
              "upper_bound_us": 1000
            },
            {
              "count": 0,
              "upper_bound_us": 2000
            },
            {
              "count": 0,
              "upper_bound_us": 5000
            },
            {
              "count": 0,
              "upper_bound_us": 10000
            },
            {
              "count": 0,
              "upper_bound_us": 20000
            },
            {
              "count": 0,
              "upper_bound_us": 50000
            },
            {
              "count": 0,
              "upper_bound_us": 100000
            },
            {
              "count": 0,
              "upper_bound_us": 250000
            },
            {
              "count": 0,
              "upper_bound_us": 500000
            },
            {
              "count": 0,
              "upper_bound_us": 1000000
            },
            {
              "count": 0,
              "upper_bound_us": 5000000
            },
            {
              "count": 0,
              "upper_bound_us": 30000000
            },
            {
              "count": 0,
              "upper_bound_us": 18446744073709551615
            }
          ],
          "count": 0,
          "max_us": 0,
          "min_us": 0,
          "p50_us": 0,
          "p90_us": 0,
          "p99_us": 0,
          "sum_us": 0
        },
        "vertices": 0,
        "vertices_load_latency": {
          "avg_us": 0,
          "buckets": [
            {
              "count": 0,
              "upper_bound_us": 100
            },
            {
              "count": 0,
              "upper_bound_us": 250
            },
            {
              "count": 0,
              "upper_bound_us": 500
            },
            {
              "count": 0,
              "upper_bound_us": 1000
            },
            {
              "count": 0,
              "upper_bound_us": 2000
            },
            {
              "count": 0,
              "upper_bound_us": 5000
            },
            {
              "count": 0,
              "upper_bound_us": 10000
            },
            {
              "count": 0,
              "upper_bound_us": 20000
            },
            {
              "count": 0,
              "upper_bound_us": 50000
            },
            {
              "count": 0,
              "upper_bound_us": 100000
            },
            {
              "count": 0,
              "upper_bound_us": 250000
            },
            {
              "count": 0,
              "upper_bound_us": 500000
            },
            {
              "count": 0,
              "upper_bound_us": 1000000
            },
            {
              "count": 0,
              "upper_bound_us": 5000000
            },
            {
              "count": 0,
              "upper_bound_us": 30000000
            },
            {
              "count": 0,
              "upper_bound_us": 18446744073709551615
            }
          ],
          "count": 0,
          "max_us": 0,
          "min_us": 0,
          "p50_us": 0,
          "p90_us": 0,
          "p99_us": 0,
          "sum_us": 0
        }
      },
      "helpers": {
        "adjacency_lookups": 0,
        "edge_prop_lookups": 0,
        "neighbor_clone_items": 0,
        "vertex_lookups": 0
      },
      "locks": {
        "read_hold_latency": {
          "avg_us": 0,
          "buckets": [
            {
              "count": 0,
              "upper_bound_us": 100
            },
            {
              "count": 0,
              "upper_bound_us": 250
            },
            {
              "count": 0,
              "upper_bound_us": 500
            },
            {
              "count": 0,
              "upper_bound_us": 1000
            },
            {
              "count": 0,
              "upper_bound_us": 2000
            },
            {
              "count": 0,
              "upper_bound_us": 5000
            },
            {
              "count": 0,
              "upper_bound_us": 10000
            },
            {
              "count": 0,
              "upper_bound_us": 20000
            },
            {
              "count": 0,
              "upper_bound_us": 50000
            },
            {
              "count": 0,
              "upper_bound_us": 100000
            },
            {
              "count": 0,
              "upper_bound_us": 250000
            },
            {
              "count": 0,
              "upper_bound_us": 500000
            },
            {
              "count": 0,
              "upper_bound_us": 1000000
            },
            {
              "count": 0,
              "upper_bound_us": 5000000
            },
            {
              "count": 0,
              "upper_bound_us": 30000000
            },
            {
              "count": 0,
              "upper_bound_us": 18446744073709551615
            }
          ],
          "count": 0,
          "max_us": 0,
          "min_us": 0,
          "p50_us": 0,
          "p90_us": 0,
          "p99_us": 0,
          "sum_us": 0
        },
        "read_wait_latency": {
          "avg_us": 0,
          "buckets": [
            {
              "count": 0,
              "upper_bound_us": 100
            },
            {
              "count": 0,
              "upper_bound_us": 250
            },
            {
              "count": 0,
              "upper_bound_us": 500
            },
            {
              "count": 0,
              "upper_bound_us": 1000
            },
            {
              "count": 0,
              "upper_bound_us": 2000
            },
            {
              "count": 0,
              "upper_bound_us": 5000
            },
            {
              "count": 0,
              "upper_bound_us": 10000
            },
            {
              "count": 0,
              "upper_bound_us": 20000
            },
            {
              "count": 0,
              "upper_bound_us": 50000
            },
            {
              "count": 0,
              "upper_bound_us": 100000
            },
            {
              "count": 0,
              "upper_bound_us": 250000
            },
            {
              "count": 0,
              "upper_bound_us": 500000
            },
            {
              "count": 0,
              "upper_bound_us": 1000000
            },
            {
              "count": 0,
              "upper_bound_us": 5000000
            },
            {
              "count": 0,
              "upper_bound_us": 30000000
            },
            {
              "count": 0,
              "upper_bound_us": 18446744073709551615
            }
          ],
          "count": 0,
          "max_us": 0,
          "min_us": 0,
          "p50_us": 0,
          "p90_us": 0,
          "p99_us": 0,
          "sum_us": 0
        },
        "write_hold_latency": {
          "avg_us": 0,
          "buckets": [
            {
              "count": 0,
              "upper_bound_us": 100
            },
            {
              "count": 0,
              "upper_bound_us": 250
            },
            {
              "count": 0,
              "upper_bound_us": 500
            },
            {
              "count": 0,
              "upper_bound_us": 1000
            },
            {
              "count": 0,
              "upper_bound_us": 2000
            },
            {
              "count": 0,
              "upper_bound_us": 5000
            },
            {
              "count": 0,
              "upper_bound_us": 10000
            },
            {
              "count": 0,
              "upper_bound_us": 20000
            },
            {
              "count": 0,
              "upper_bound_us": 50000
            },
            {
              "count": 0,
              "upper_bound_us": 100000
            },
            {
              "count": 0,
              "upper_bound_us": 250000
            },
            {
              "count": 0,
              "upper_bound_us": 500000
            },
            {
              "count": 0,
              "upper_bound_us": 1000000
            },
            {
              "count": 0,
              "upper_bound_us": 5000000
            },
            {
              "count": 0,
              "upper_bound_us": 30000000
            },
            {
              "count": 0,
              "upper_bound_us": 18446744073709551615
            }
          ],
          "count": 0,
          "max_us": 0,
          "min_us": 0,
          "p50_us": 0,
          "p90_us": 0,
          "p99_us": 0,
          "sum_us": 0
        },
        "write_wait_latency": {
          "avg_us": 0,
          "buckets": [
            {
              "count": 0,
              "upper_bound_us": 100
            },
            {
              "count": 0,
              "upper_bound_us": 250
            },
            {
              "count": 0,
              "upper_bound_us": 500
            },
            {
              "count": 0,
              "upper_bound_us": 1000
            },
            {
              "count": 0,
              "upper_bound_us": 2000
            },
            {
              "count": 0,
              "upper_bound_us": 5000
            },
            {
              "count": 0,
              "upper_bound_us": 10000
            },
            {
              "count": 0,
              "upper_bound_us": 20000
            },
            {
              "count": 0,
              "upper_bound_us": 50000
            },
            {
              "count": 0,
              "upper_bound_us": 100000
            },
            {
              "count": 0,
              "upper_bound_us": 250000
            },
            {
              "count": 0,
              "upper_bound_us": 500000
            },
            {
              "count": 0,
              "upper_bound_us": 1000000
            },
            {
              "count": 0,
              "upper_bound_us": 5000000
            },
            {
              "count": 0,
              "upper_bound_us": 30000000
            },
            {
              "count": 0,
              "upper_bound_us": 18446744073709551615
            }
          ],
          "count": 0,
          "max_us": 0,
          "min_us": 0,
          "p50_us": 0,
          "p90_us": 0,
          "p99_us": 0,
          "sum_us": 0
        }
      }
    },
    "storage": {
      "compaction_count": 0,
      "compaction_input_bytes": 0,
      "compaction_latency": {
        "avg_us": 0,
        "buckets": [
          {
            "count": 0,
            "upper_bound_us": 100
          },
          {
            "count": 0,
            "upper_bound_us": 250
          },
          {
            "count": 0,
            "upper_bound_us": 500
          },
          {
            "count": 0,
            "upper_bound_us": 1000
          },
          {
            "count": 0,
            "upper_bound_us": 2000
          },
          {
            "count": 0,
            "upper_bound_us": 5000
          },
          {
            "count": 0,
            "upper_bound_us": 10000
          },
          {
            "count": 0,
            "upper_bound_us": 20000
          },
          {
            "count": 0,
            "upper_bound_us": 50000
          },
          {
            "count": 0,
            "upper_bound_us": 100000
          },
          {
            "count": 0,
            "upper_bound_us": 250000
          },
          {
            "count": 0,
            "upper_bound_us": 500000
          },
          {
            "count": 0,
            "upper_bound_us": 1000000
          },
          {
            "count": 0,
            "upper_bound_us": 5000000
          },
          {
            "count": 0,
            "upper_bound_us": 30000000
          },
          {
            "count": 0,
            "upper_bound_us": 18446744073709551615
          }
        ],
        "count": 0,
        "max_us": 0,
        "min_us": 0,
        "p50_us": 0,
        "p90_us": 0,
        "p99_us": 0,
        "sum_us": 0
      },
      "compaction_output_bytes": 0,
      "delete_latency": {
        "avg_us": 0,
        "buckets": [
          {
            "count": 0,
            "upper_bound_us": 100
          },
          {
            "count": 0,
            "upper_bound_us": 250
          },
          {
            "count": 0,
            "upper_bound_us": 500
          },
          {
            "count": 0,
            "upper_bound_us": 1000
          },
          {
            "count": 0,
            "upper_bound_us": 2000
          },
          {
            "count": 0,
            "upper_bound_us": 5000
          },
          {
            "count": 0,
            "upper_bound_us": 10000
          },
          {
            "count": 0,
            "upper_bound_us": 20000
          },
          {
            "count": 0,
            "upper_bound_us": 50000
          },
          {
            "count": 0,
            "upper_bound_us": 100000
          },
          {
            "count": 0,
            "upper_bound_us": 250000
          },
          {
            "count": 0,
            "upper_bound_us": 500000
          },
          {
            "count": 0,
            "upper_bound_us": 1000000
          },
          {
            "count": 0,
            "upper_bound_us": 5000000
          },
          {
            "count": 0,
            "upper_bound_us": 30000000
          },
          {
            "count": 0,
            "upper_bound_us": 18446744073709551615
          }
        ],
        "count": 0,
        "max_us": 0,
        "min_us": 0,
        "p50_us": 0,
        "p90_us": 0,
        "p99_us": 0,
        "sum_us": 0
      },
      "delete_ops": 0,
      "flush_count": 0,
      "flush_latency": {
        "avg_us": 0,
        "buckets": [
          {
            "count": 0,
            "upper_bound_us": 100
          },
          {
            "count": 0,
            "upper_bound_us": 250
          },
          {
            "count": 0,
            "upper_bound_us": 500
          },
          {
            "count": 0,
            "upper_bound_us": 1000
          },
          {
            "count": 0,
            "upper_bound_us": 2000
          },
          {
            "count": 0,
            "upper_bound_us": 5000
          },
          {
            "count": 0,
            "upper_bound_us": 10000
          },
          {
            "count": 0,
            "upper_bound_us": 20000
          },
          {
            "count": 0,
            "upper_bound_us": 50000
          },
          {
            "count": 0,
            "upper_bound_us": 100000
          },
          {
            "count": 0,
            "upper_bound_us": 250000
          },
          {
            "count": 0,
            "upper_bound_us": 500000
          },
          {
            "count": 0,
            "upper_bound_us": 1000000
          },
          {
            "count": 0,
            "upper_bound_us": 5000000
          },
          {
            "count": 0,
            "upper_bound_us": 30000000
          },
          {
            "count": 0,
            "upper_bound_us": 18446744073709551615
          }
        ],
        "count": 0,
        "max_us": 0,
        "min_us": 0,
        "p50_us": 0,
        "p90_us": 0,
        "p99_us": 0,
        "sum_us": 0
      },
      "get_neighbors_latency": {
        "avg_us": 0,
        "buckets": [
          {
            "count": 0,
            "upper_bound_us": 100
          },
          {
            "count": 0,
            "upper_bound_us": 250
          },
          {
            "count": 0,
            "upper_bound_us": 500
          },
          {
            "count": 0,
            "upper_bound_us": 1000
          },
          {
            "count": 0,
            "upper_bound_us": 2000
          },
          {
            "count": 0,
            "upper_bound_us": 5000
          },
          {
            "count": 0,
            "upper_bound_us": 10000
          },
          {
            "count": 0,
            "upper_bound_us": 20000
          },
          {
            "count": 0,
            "upper_bound_us": 50000
          },
          {
            "count": 0,
            "upper_bound_us": 100000
          },
          {
            "count": 0,
            "upper_bound_us": 250000
          },
          {
            "count": 0,
            "upper_bound_us": 500000
          },
          {
            "count": 0,
            "upper_bound_us": 1000000
          },
          {
            "count": 0,
            "upper_bound_us": 5000000
          },
          {
            "count": 0,
            "upper_bound_us": 30000000
          },
          {
            "count": 0,
            "upper_bound_us": 18446744073709551615
          }
        ],
        "count": 0,
        "max_us": 0,
        "min_us": 0,
        "p50_us": 0,
        "p90_us": 0,
        "p99_us": 0,
        "sum_us": 0
      },
      "get_neighbors_ops": 0,
      "insert_latency": {
        "avg_us": 0,
        "buckets": [
          {
            "count": 0,
            "upper_bound_us": 100
          },
          {
            "count": 0,
            "upper_bound_us": 250
          },
          {
            "count": 0,
            "upper_bound_us": 500
          },
          {
            "count": 0,
            "upper_bound_us": 1000
          },
          {
            "count": 0,
            "upper_bound_us": 2000
          },
          {
            "count": 0,
            "upper_bound_us": 5000
          },
          {
            "count": 0,
            "upper_bound_us": 10000
          },
          {
            "count": 0,
            "upper_bound_us": 20000
          },
          {
            "count": 0,
            "upper_bound_us": 50000
          },
          {
            "count": 0,
            "upper_bound_us": 100000
          },
          {
            "count": 0,
            "upper_bound_us": 250000
          },
          {
            "count": 0,
            "upper_bound_us": 500000
          },
          {
            "count": 0,
            "upper_bound_us": 1000000
          },
          {
            "count": 0,
            "upper_bound_us": 5000000
          },
          {
            "count": 0,
            "upper_bound_us": 30000000
          },
          {
            "count": 0,
            "upper_bound_us": 18446744073709551615
          }
        ],
        "count": 0,
        "max_us": 0,
        "min_us": 0,
        "p50_us": 0,
        "p90_us": 0,
        "p99_us": 0,
        "sum_us": 0
      },
      "insert_ops": 0,
      "rebuild_index_latency": {
        "avg_us": 8,
        "buckets": [
          {
            "count": 1,
            "upper_bound_us": 100
          },
          {
            "count": 0,
            "upper_bound_us": 250
          },
          {
            "count": 0,
            "upper_bound_us": 500
          },
          {
            "count": 0,
            "upper_bound_us": 1000
          },
          {
            "count": 0,
            "upper_bound_us": 2000
          },
          {
            "count": 0,
            "upper_bound_us": 5000
          },
          {
            "count": 0,
            "upper_bound_us": 10000
          },
          {
            "count": 0,
            "upper_bound_us": 20000
          },
          {
            "count": 0,
            "upper_bound_us": 50000
          },
          {
            "count": 0,
            "upper_bound_us": 100000
          },
          {
            "count": 0,
            "upper_bound_us": 250000
          },
          {
            "count": 0,
            "upper_bound_us": 500000
          },
          {
            "count": 0,
            "upper_bound_us": 1000000
          },
          {
            "count": 0,
            "upper_bound_us": 5000000
          },
          {
            "count": 0,
            "upper_bound_us": 30000000
          },
          {
            "count": 0,
            "upper_bound_us": 18446744073709551615
          }
        ],
        "count": 1,
        "max_us": 8,
        "min_us": 8,
        "p50_us": 100,
        "p90_us": 100,
        "p99_us": 100,
        "sum_us": 8
      },
      "scan_edges_latency": {
        "avg_us": 3259409624,
        "buckets": [
          {
            "count": 0,
            "upper_bound_us": 100
          },
          {
            "count": 0,
            "upper_bound_us": 250
          },
          {
            "count": 0,
            "upper_bound_us": 500
          },
          {
            "count": 0,
            "upper_bound_us": 1000
          },
          {
            "count": 0,
            "upper_bound_us": 2000
          },
          {
            "count": 0,
            "upper_bound_us": 5000
          },
          {
            "count": 0,
            "upper_bound_us": 10000
          },
          {
            "count": 0,
            "upper_bound_us": 20000
          },
          {
            "count": 0,
            "upper_bound_us": 50000
          },
          {
            "count": 0,
            "upper_bound_us": 100000
          },
          {
            "count": 0,
            "upper_bound_us": 250000
          },
          {
            "count": 0,
            "upper_bound_us": 500000
          },
          {
            "count": 0,
            "upper_bound_us": 1000000
          },
          {
            "count": 0,
            "upper_bound_us": 5000000
          },
          {
            "count": 0,
            "upper_bound_us": 30000000
          },
          {
            "count": 1,
            "upper_bound_us": 18446744073709551615
          }
        ],
        "count": 1,
        "max_us": 3259409624,
        "min_us": 3259409624,
        "p50_us": 18446744073709551615,
        "p90_us": 18446744073709551615,
        "p99_us": 18446744073709551615,
        "sum_us": 3259409624
      },
      "scan_ops": 1
    }
  },
  "scan_requested": true,
  "scan_summary": {
    "bloom_filtered_segments": 0,
    "body_bytes": 114270997760,
    "body_reads": 3444,
    "candidate_l0_segments": 0,
    "csr_get_neighbors_avg_us": 0,
    "csr_get_neighbors_p50_us": 0,
    "csr_get_neighbors_p90_us": 0,
    "csr_get_neighbors_p99_us": 0,
    "filter_passed_segments": 0,
    "get_neighbors_avg_us": 0,
    "get_neighbors_ops": 0,
    "get_neighbors_p50_us": 0,
    "get_neighbors_p90_us": 0,
    "get_neighbors_p99_us": 0,
    "header_reads": 3444,
    "matched_l0_segments": 0,
    "offset_reads": 3444,
    "range_filtered_segments": 0,
    "read_bytes": 141240078392,
    "read_syscalls": 10332
  },
  "semantic_degree_hint": true,
  "snapshot": 3570968680
}
